ISO-10303-21;
HEADER;
FILE_DESCRIPTION (( 'STEP AP214' ),
'1' );
FILE_NAME ('SSSS811101.STEP',
'2025-08-28T23:53:18',
( '' ),
( '' ),
'SwSTEP 2.0',
'SolidWorks 2023',
'' );
FILE_SCHEMA (( 'AUTOMOTIVE_DESIGN' ));
ENDSEC;
DATA;
#1=PRESENTATION_LAYER_ASSIGNMENT (  '', '', ( #4553 ) );
#2=LINE ( 'NONE', #1730, #4472 );
#3=LINE ( 'NONE', #1731, #343 );
#4=FACE_OUTER_BOUND ( 'NONE', #993, .T. );
#5=VECTOR ( 'NONE', #187, 1000.000000000000000 );
#6=LINE ( 'NONE', #226, #2683 );
#7=VECTOR ( 'NONE', #3156, 1000.000000000000000 );
#8=FILL_AREA_STYLE ('',( #69 ) );
#9=ORIENTED_EDGE ( 'NONE', *, *, #2334, .T. );
#10=CARTESIAN_POINT ( 'NONE',  ( -1.430000000436231877, 1.200000000000003730, -1.099999999999995426 ) );
#11=VECTOR ( 'NONE', #148, 1000.000000000000000 );
#12=DIRECTION ( 'NONE',  ( 0.7071067811865489050, 0.000000000000000000, 0.7071067811865462405 ) );
#13=VERTEX_POINT ( 'NONE', #4703 );
#14=MECHANICAL_DESIGN_GEOMETRIC_PRESENTATION_REPRESENTATION (  '', ( #600 ), #2065 );
#15=EDGE_CURVE ( 'NONE', #3547, #1619, #2838, .T. );
#16=( NAMED_UNIT ( * ) PLANE_ANGLE_UNIT ( ) SI_UNIT ( $, .RADIAN. ) );
#17=VECTOR ( 'NONE', #90, 1000.000000000000227 );
#18=CARTESIAN_POINT ( 'NONE',  ( -3.399999999999999911, 0.2500000000333288397, 1.299900000000000055 ) );
#19=ORIENTED_EDGE ( 'NONE', *, *, #20, .F. );
#20=EDGE_CURVE ( 'NONE', #3683, #322, #961, .T. );
#21=CARTESIAN_POINT ( 'NONE',  ( -3.350000000000000089, 1.399999999999997691, 0.7500000000000045519 ) );
#22=CARTESIAN_POINT ( 'NONE',  ( -3.349999999999999645, 1.400000000000004574, -1.299999999999995159 ) );
#23=VECTOR ( 'NONE', #27, 1000.000000000000000 );
#24=SURFACE_STYLE_FILL_AREA ( #8 );
#25=EDGE_LOOP ( 'NONE', ( #4968, #1083, #3396, #2366, #3480, #665, #3296, #3484 ) );
#26=ORIENTED_EDGE ( 'NONE', *, *, #3219, .F. );
#27=DIRECTION ( 'NONE',  ( -1.000000000000000000, 0.000000000000000000, 0.000000000000000000 ) );
#28=CARTESIAN_POINT ( 'NONE',  ( 1.430000000000000604, 1.199999999972995557, 1.100000000000004530 ) );
#29=STYLED_ITEM ( 'NONE', ( #193 ), #3566 );
#30=CARTESIAN_POINT ( 'NONE',  ( 3.150000000054375526, 1.200000000000004396, -1.299999999999995604 ) );
#31=( GEOMETRIC_REPRESENTATION_CONTEXT ( 3 ) GLOBAL_UNCERTAINTY_ASSIGNED_CONTEXT ( ( #73 ) ) GLOBAL_UNIT_ASSIGNED_CONTEXT ( ( #54, #16, #61 ) ) REPRESENTATION_CONTEXT ( 'NONE', 'WORKASPACE' ) );
#32=EDGE_CURVE ( 'NONE', #2826, #719, #905, .T. );
#33=ORIENTED_EDGE ( 'NONE', *, *, #1376, .T. );
#34=DIRECTION ( 'NONE',  ( -0.000000000000000000, -0.000000000000000000, 1.000000000000000000 ) );
#35=DIRECTION ( 'NONE',  ( 0.000000000000000000, 1.000000000000000000, 3.491483361109382066E-15 ) );
#36=ORIENTED_EDGE ( 'NONE', *, *, #761, .F. );
#37=FACE_OUTER_BOUND ( 'NONE', #2945, .T. );
#38=PLANE ( 'NONE',  #1146 );
#39=COLOUR_RGB ( '',0.000000000000000000, 0.000000000000000000, 1.000000000000000000 );
#40=PRESENTATION_STYLE_ASSIGNMENT (( #143 ) );
#41=EDGE_CURVE ( 'NONE', #4804, #2026, #2080, .T. );
#42=STYLED_ITEM ( 'NONE', ( #108 ), #1829 );
#43=CARTESIAN_POINT ( 'NONE',  ( 0.4000000000000006328, 0.1500000000000008826, -0.2599999999999973443 ) );
#44=VECTOR ( 'NONE', #2422, 999.9999999999998863 );
#45=DIRECTION ( 'NONE',  ( 0.000000000000000000, 1.000000000000000000, 3.491483361109382461E-15 ) );
#46=SURFACE_STYLE_FILL_AREA ( #189 );
#47=FILL_AREA_STYLE_COLOUR ( '', #862 );
#48=AXIS2_PLACEMENT_3D ( 'NONE', #1221, #214, #45 );
#49=FACE_OUTER_BOUND ( 'NONE', #2984, .T. );
#50=SURFACE_SIDE_STYLE ('',( #24 ) );
#51=VERTEX_POINT ( 'NONE', #3648 );
#52=DIRECTION ( 'NONE',  ( 0.000000000000000000, -1.000000000000000000, -3.491483361109382461E-15 ) );
#53=CARTESIAN_POINT ( 'NONE',  ( -3.849999999999999645, 0.2000000000460853689, 0.9000000000000006883 ) );
#54=( LENGTH_UNIT ( ) NAMED_UNIT ( * ) SI_UNIT ( .MILLI., .METRE. ) );
#55=ORIENTED_EDGE ( 'NONE', *, *, #4157, .F. );
#56=PRESENTATION_LAYER_ASSIGNMENT (  '', '', ( #2083 ) );
#57=DIRECTION ( 'NONE',  ( 1.000000000000000000, -2.168404345164132273E-15, 0.000000000000000000 ) );
#58=CARTESIAN_POINT ( 'NONE',  ( 0.7999999999999999334, 0.1499999999999973299, 0.7600000000000005640 ) );
#59=ORIENTED_EDGE ( 'NONE', *, *, #2868, .T. );
#60=SURFACE_STYLE_FILL_AREA ( #484 );
#61=( NAMED_UNIT ( * ) SI_UNIT ( $, .STERADIAN. ) SOLID_ANGLE_UNIT ( ) );
#62=CARTESIAN_POINT ( 'NONE',  ( -1.702399999999999247, -0.4999999999999991673, -0.2024000000000016619 ) );
#63=EDGE_LOOP ( 'NONE', ( #2987, #3120, #440, #2177 ) );
#64=ORIENTED_EDGE ( 'NONE', *, *, #3868, .F. );
#65=VECTOR ( 'NONE', #34, 1000.000000000000000 );
#66=ORIENTED_EDGE ( 'NONE', *, *, #4247, .T. );
#67=LINE ( 'NONE', #1179, #65 );
#68=EDGE_CURVE ( 'NONE', #379, #528, #4323, .T. );
#69=FILL_AREA_STYLE_COLOUR ( '', #83 );
#70=ORIENTED_EDGE ( 'NONE', *, *, #3556, .T. );
#71=APPLICATION_CONTEXT ( 'automotive_design' );
#72=EDGE_CURVE ( 'NONE', #3849, #563, #3623, .T. );
#73=UNCERTAINTY_MEASURE_WITH_UNIT (LENGTH_MEASURE( 1.000000000000000082E-05 ), #54, 'distance_accuracy_value', 'NONE');
#74=CARTESIAN_POINT ( 'NONE',  ( 2.449999999999999734, 0.1500000000000076827, -2.199999999999999734 ) );
#75=VERTEX_POINT ( 'NONE', #94 );
#76=FACE_OUTER_BOUND ( 'NONE', #430, .T. );
#77=PRESENTATION_LAYER_ASSIGNMENT (  '', '', ( #3777 ) );
#78=SURFACE_SIDE_STYLE ('',( #60 ) );
#79=EDGE_LOOP ( 'NONE', ( #4460, #128, #3821, #3855, #3830 ) );
#80=FILL_AREA_STYLE_COLOUR ( '', #39 );
#81=CARTESIAN_POINT ( 'NONE',  ( 2.750000000000000000, 1.400000000000002798, -0.8000000000257764254 ) );
#82=CARTESIAN_POINT ( 'NONE',  ( -3.150000000000000355, 1.303599999999995651, 1.250000000000004219 ) );
#83=COLOUR_RGB ( '',1.000000000000000000, 0.5019607843137254832, 0.000000000000000000 );
#84=CARTESIAN_POINT ( 'NONE',  ( 3.149999999996874855, 0.7000000000117224674, -1.249999999999216405 ) );
#85=CARTESIAN_POINT ( 'NONE',  ( 2.720000000000000195, 0.6499999999999973577, 0.7500000000000019984 ) );
#86=PLANE ( 'NONE',  #3629 );
#87=SURFACE_STYLE_USAGE ( .BOTH. , #78 );
#88=EDGE_CURVE ( 'NONE', #3585, #1209, #2913, .T. );
#89=VECTOR ( 'NONE', #387, 1000.000000000000000 );
#90=DIRECTION ( 'NONE',  ( -0.4472135954774853484, -0.8944271910111520896, -3.151654686658554208E-15 ) );
#91=ORIENTED_EDGE ( 'NONE', *, *, #2094, .F. );
#92=DIRECTION ( 'NONE',  ( -0.000000000000000000, -0.000000000000000000, -1.000000000000000000 ) );
#93=CIRCLE ( 'NONE', #4263, 0.2000000000634848674 );
#94=CARTESIAN_POINT ( 'NONE',  ( -2.049999999971875653, 0.0001000000000076812790, -2.199999999999999734 ) );
#95=DIRECTION ( 'NONE',  ( 0.000000000000000000, -1.000000000000000000, -3.469446951953612611E-15 ) );
#96=PLANE ( 'NONE',  #2494 );
#97=SURFACE_SIDE_STYLE ('',( #46 ) );
#98=VERTEX_POINT ( 'NONE', #2529 );
#99=ADVANCED_FACE ( 'NONE', ( #514 ), #3535, .F. );
#100=( GEOMETRIC_REPRESENTATION_CONTEXT ( 3 ) GLOBAL_UNCERTAINTY_ASSIGNED_CONTEXT ( ( #73 ) ) GLOBAL_UNIT_ASSIGNED_CONTEXT ( ( #54, #16, #61 ) ) REPRESENTATION_CONTEXT ( 'NONE', 'WORKASPACE' ) );
#101=ORIENTED_EDGE ( 'NONE', *, *, #3056, .T. );
#102=MECHANICAL_DESIGN_GEOMETRIC_PRESENTATION_REPRESENTATION (  '', ( #1793 ), #1198 );
#103=PRESENTATION_LAYER_ASSIGNMENT (  '', '', ( #3088 ) );
#104=ORIENTED_EDGE ( 'NONE', *, *, #3241, .F. );
#105=DIRECTION ( 'NONE',  ( 0.000000000000000000, 1.000000000000000000, -0.000000000000000000 ) );
#106=AXIS2_PLACEMENT_3D ( 'NONE', #58, #4381, #949 );
#107=EDGE_LOOP ( 'NONE', ( #1947, #2412, #810, #3558 ) );
#108=PRESENTATION_STYLE_ASSIGNMENT (( #129 ) );
#109=MECHANICAL_DESIGN_GEOMETRIC_PRESENTATION_REPRESENTATION (  '', ( #933 ), #848 );
#110=EDGE_CURVE ( 'NONE', #4585, #1876, #2685, .T. );
#111=COLOUR_RGB ( '',1.000000000000000000, 1.000000000000000000, 1.000000000000000000 );
#112=EDGE_LOOP ( 'NONE', ( #501, #540, #4141, #444 ) );
#113=FACE_OUTER_BOUND ( 'NONE', #2355, .T. );
#114=EDGE_CURVE ( 'NONE', #5032, #2703, #1486, .T. );
#115=DIRECTION ( 'NONE',  ( 0.000000000000000000, 0.7071067811865473507, 0.7071067811865477948 ) );
#116=VECTOR ( 'NONE', #4930, 1000.000000000000114 );
#117=VERTEX_POINT ( 'NONE', #1536 );
#118=STYLED_ITEM ( 'NONE', ( #193 ), #3186 );
#119=DIRECTION ( 'NONE',  ( -0.000000000000000000, -1.000000000000000000, -3.491483361109382461E-15 ) );
#120=CARTESIAN_POINT ( 'NONE',  ( 0.9300000002125001775, 1.200000000000004396, -1.299999999999995826 ) );
#121=DIRECTION ( 'NONE',  ( -0.000000000000000000, -3.491483361109382066E-15, 1.000000000000000000 ) );
#122=DIRECTION ( 'NONE',  ( 0.000000000000000000, 0.000000000000000000, 1.000000000000000000 ) );
#123=CARTESIAN_POINT ( 'NONE',  ( 1.400000000000000133, 1.199999999999990852, 2.600000000000004086 ) );
#124=DIRECTION ( 'NONE',  ( -0.000000000000000000, -1.000000000000000000, -3.491483361109382066E-15 ) );
#125=ADVANCED_FACE ( 'NONE', ( #4835 ), #4809, .F. );
#126=LINE ( 'NONE', #4405, #401 );
#127=PRESENTATION_LAYER_ASSIGNMENT (  '', '', ( #2457 ) );
#128=ORIENTED_EDGE ( 'NONE', *, *, #2500, .T. );
#129=SURFACE_STYLE_USAGE ( .BOTH. , #97 );
#130=FACE_OUTER_BOUND ( 'NONE', #3858, .T. );
#131=LINE ( 'NONE', #808, #330 );
#132=LINE ( 'NONE', #987, #1776 );
#133=CARTESIAN_POINT ( 'NONE',  ( 3.149999999999999911, 0.7000000000156207935, 1.300000000000005151 ) );
#134=PLANE ( 'NONE',  #4480 );
#135=ORIENTED_EDGE ( 'NONE', *, *, #2808, .F. );
#136=VECTOR ( 'NONE', #295, 1000.000000000000000 );
#137=ORIENTED_EDGE ( 'NONE', *, *, #3469, .F. );
#138=MECHANICAL_DESIGN_GEOMETRIC_PRESENTATION_REPRESENTATION (  '', ( #1580 ), #1047 );
#139=LINE ( 'NONE', #43, #974 );
#140=CARTESIAN_POINT ( 'NONE',  ( -2.015766736198257192, 1.399999999999996136, 1.118366903938529333 ) );
#141=ORIENTED_EDGE ( 'NONE', *, *, #895, .F. );
#142=ORIENTED_EDGE ( 'NONE', *, *, #718, .F. );
#143=SURFACE_STYLE_USAGE ( .BOTH. , #50 );
#144=PLANE ( 'NONE',  #2440 );
#145=ORIENTED_EDGE ( 'NONE', *, *, #2238, .T. );
#146=CARTESIAN_POINT ( 'NONE',  ( -2.449999999999999289, 0.1500000000000076827, -2.200000000000000178 ) );
#147=VECTOR ( 'NONE', #45, 1000.000000000000000 );
#148=DIRECTION ( 'NONE',  ( 1.000000000000000000, 0.000000000000000000, 0.000000000000000000 ) );
#149=ORIENTED_EDGE ( 'NONE', *, *, #5015, .T. );
#150=CARTESIAN_POINT ( 'NONE',  ( 2.449999999978125231, 0.0001000000000076812790, -2.199999999999999734 ) );
#151=ORIENTED_EDGE ( 'NONE', *, *, #1814, .T. );
#152=LINE ( 'NONE', #3750, #5007 );
#153=CARTESIAN_POINT ( 'NONE',  ( -1.500000000000000000, 0.1499999999999999944, 7.038057745108187377E-16 ) );
#154=DIRECTION ( 'NONE',  ( 1.000000000000000000, -0.000000000000000000, -0.000000000000000000 ) );
#155=STYLED_ITEM ( 'NONE', ( #108 ), #725 );
#156=ORIENTED_EDGE ( 'NONE', *, *, #5045, .F. );
#157=FACE_OUTER_BOUND ( 'NONE', #3222, .T. );
#158=VECTOR ( 'NONE', #968, 1000.000000000000000 );
#159=PRESENTATION_LAYER_ASSIGNMENT (  '', '', ( #255 ) );
#160=EDGE_CURVE ( 'NONE', #2866, #3264, #1103, .T. );
#161=CARTESIAN_POINT ( 'NONE',  ( -3.350000000000000089, 0.2500000000333291728, 0.8999999999015637631 ) );
#162=VERTEX_POINT ( 'NONE', #2232 );
#163=CARTESIAN_POINT ( 'NONE',  ( 2.075000000000000622, 1.199999999999995293, 1.309394180000004626 ) );
#164=ADVANCED_FACE ( 'NONE', ( #3033 ), #2631, .F. );
#165=PLANE ( 'NONE',  #5013 );
#166=LINE ( 'NONE', #1849, #4747 );
#167=CARTESIAN_POINT ( 'NONE',  ( -3.350000000000000089, 0.6500000000000025757, -0.7499999999999976685 ) );
#168=DIRECTION ( 'NONE',  ( 0.9551363832577576263, -1.060723539119164777E-15, 0.2961663204641777902 ) );
#169=ORIENTED_EDGE ( 'NONE', *, *, #3572, .F. );
#170=ORIENTED_EDGE ( 'NONE', *, *, #3786, .T. );
#171=CARTESIAN_POINT ( 'NONE',  ( -1.500000000000000000, -0.3000000000000001554, -8.673617379884035472E-16 ) );
#172=EDGE_CURVE ( 'NONE', #4814, #3328, #4117, .T. );
#173=CARTESIAN_POINT ( 'NONE',  ( 2.015766736222265987, 1.199999999999995959, 1.118366903931084400 ) );
#174=ORIENTED_EDGE ( 'NONE', *, *, #588, .F. );
#175=CARTESIAN_POINT ( 'NONE',  ( -3.400000000000002132, 3.332876897371977056E-11, 0.8999999999906252990 ) );
#176=ORIENTED_EDGE ( 'NONE', *, *, #1024, .T. );
#177=ADVANCED_FACE ( 'NONE', ( #222 ), #2624, .T. );
#178=AXIS2_PLACEMENT_3D ( 'NONE', #2488, #124, #2163 );
#179=CARTESIAN_POINT ( 'NONE',  ( 0.09999999999999982514, 0.7999999999999953815, 0.9500000000000000666 ) );
#180=ORIENTED_EDGE ( 'NONE', *, *, #4074, .F. );
#181=STYLED_ITEM ( 'NONE', ( #108 ), #3831 );
#182=EDGE_CURVE ( 'NONE', #555, #1870, #3845, .T. );
#183=PRESENTATION_LAYER_ASSIGNMENT (  '', '', ( #4134 ) );
#184=LINE ( 'NONE', #4474, #503 );
#185=ORIENTED_EDGE ( 'NONE', *, *, #3028, .T. );
#186=CARTESIAN_POINT ( 'NONE',  ( -2.134233264000001462, 1.400000000000003908, -1.118366903999995055 ) );
#187=DIRECTION ( 'NONE',  ( 1.000000000000000000, -0.000000000000000000, 0.000000000000000000 ) );
#188=ORIENTED_EDGE ( 'NONE', *, *, #2305, .F. );
#189=FILL_AREA_STYLE ('',( #80 ) );
#190=EDGE_CURVE ( 'NONE', #3474, #2937, #2758, .T. );
#191=DIRECTION ( 'NONE',  ( 0.000000000000000000, -3.252606517456511724E-15, 1.000000000000000000 ) );
#192=PLANE ( 'NONE',  #2626 );
#193=PRESENTATION_STYLE_ASSIGNMENT (( #87 ) );
#194=EDGE_CURVE ( 'NONE', #1194, #1923, #3470, .T. );
#195=ORIENTED_EDGE ( 'NONE', *, *, #194, .F. );
#196=VERTEX_POINT ( 'NONE', #3113 );
#197=CARTESIAN_POINT ( 'NONE',  ( 1.649999999999999911, 0.1499999999999986899, 0.3708099243547841595 ) );
#198=EDGE_LOOP ( 'NONE', ( #3589, #91, #714, #1519 ) );
#199=CARTESIAN_POINT ( 'NONE',  ( 1.430000000000000604, 1.400000000000004574, -1.299999999999995159 ) );
#200=ADVANCED_FACE ( 'NONE', ( #787 ), #4539, .T. );
#201=STYLED_ITEM ( 'NONE', ( #40 ), #4511 );
#202=ORIENTED_EDGE ( 'NONE', *, *, #4343, .T. );
#203=CIRCLE ( 'NONE', #4527, 0.4000000000000001887 );
#204=( GEOMETRIC_REPRESENTATION_CONTEXT ( 3 ) GLOBAL_UNCERTAINTY_ASSIGNED_CONTEXT ( ( #73 ) ) GLOBAL_UNIT_ASSIGNED_CONTEXT ( ( #54, #16, #61 ) ) REPRESENTATION_CONTEXT ( 'NONE', 'WORKASPACE' ) );
#205=EDGE_CURVE ( 'NONE', #2834, #3471, #3513, .T. );
#206=ORIENTED_EDGE ( 'NONE', *, *, #1723, .T. );
#207=CARTESIAN_POINT ( 'NONE',  ( -3.050000000000000266, 1.400000000000004574, -1.299999999999995159 ) );
#208=PRESENTATION_LAYER_ASSIGNMENT (  '', '', ( #3552 ) );
#209=ORIENTED_EDGE ( 'NONE', *, *, #4239, .F. );
#210=STYLED_ITEM ( 'NONE', ( #683 ), #4786 );
#211=DIRECTION ( 'NONE',  ( 0.000000000000000000, -3.491483361109382066E-15, 1.000000000000000000 ) );
#212=CARTESIAN_POINT ( 'NONE',  ( 2.750000000000000000, 1.400000000000004574, -1.299999999999995159 ) );
#213=EDGE_CURVE ( 'NONE', #1551, #2100, #2354, .T. );
#214=DIRECTION ( 'NONE',  ( 0.000000000000000000, 3.491483361109382461E-15, -1.000000000000000000 ) );
#215=PLANE ( 'NONE',  #1472 );
#216=STYLED_ITEM ( 'NONE', ( #40 ), #1877 );
#217=EDGE_LOOP ( 'NONE', ( #2540, #4755, #1607, #4073, #3675 ) );
#218=DIRECTION ( 'NONE',  ( -1.000000000000000000, -8.230455765225997566E-11, 0.000000000000000000 ) );
#219=AXIS2_PLACEMENT_3D ( 'NONE', #4072, #52, #214 );
#220=DIRECTION ( 'NONE',  ( -1.000000000000000000, -0.000000000000000000, -0.000000000000000000 ) );
#221=DIRECTION ( 'NONE',  ( -0.000000000000000000, -1.000000000000000000, 0.000000000000000000 ) );
#222=FACE_OUTER_BOUND ( 'NONE', #4515, .T. );
#223=( GEOMETRIC_REPRESENTATION_CONTEXT ( 3 ) GLOBAL_UNCERTAINTY_ASSIGNED_CONTEXT ( ( #73 ) ) GLOBAL_UNIT_ASSIGNED_CONTEXT ( ( #54, #16, #61 ) ) REPRESENTATION_CONTEXT ( 'NONE', 'WORKASPACE' ) );
#224=EDGE_CURVE ( 'NONE', #2671, #4255, #311, .T. );
#225=ORIENTED_EDGE ( 'NONE', *, *, #4483, .F. );
#226=CARTESIAN_POINT ( 'NONE',  ( -0.7999999999999999334, -2.653527354443129313E-15, 0.7599999999999995648 ) );
#227=EDGE_CURVE ( 'NONE', #4017, #4362, #617, .T. );
#228=ORIENTED_EDGE ( 'NONE', *, *, #3179, .F. );
#229=ORIENTED_EDGE ( 'NONE', *, *, #4442, .T. );
#230=DIRECTION ( 'NONE',  ( -1.215414851895496770E-10, -3.491483361109382855E-15, 1.000000000000000000 ) );
#231=FILL_AREA_STYLE ('',( #47 ) );
#232=PRESENTATION_LAYER_ASSIGNMENT (  '', '', ( #2544 ) );
#233=VERTEX_POINT ( 'NONE', #342 );
#234=CARTESIAN_POINT ( 'NONE',  ( 1.430100000000000593, 1.199999999972995557, 1.299968992179244553 ) );
#235=EDGE_CURVE ( 'NONE', #3679, #966, #1641, .T. );
#236=LINE ( 'NONE', #2642, #1301 );
#237=PRESENTATION_LAYER_ASSIGNMENT (  '', '', ( #4398 ) );
#238=VERTEX_POINT ( 'NONE', #1918 );
#239=CARTESIAN_POINT ( 'NONE',  ( -2.720000000000000639, 1.199999999999997291, 0.7500000000000041078 ) );
#240=ORIENTED_EDGE ( 'NONE', *, *, #3439, .T. );
#241=DIRECTION ( 'NONE',  ( -0.000000000000000000, 1.000000000000000000, 3.491483361109382461E-15 ) );
#242=CARTESIAN_POINT ( 'NONE',  ( -3.350000000000000089, 1.400000000000002354, -0.7499999999999950040 ) );
#243=ADVANCED_FACE ( 'NONE', ( #2313 ), #3826, .F. );
#244=MECHANICAL_DESIGN_GEOMETRIC_PRESENTATION_REPRESENTATION (  '', ( #4036 ), #3196 );
#245=CARTESIAN_POINT ( 'NONE',  ( -3.050000000000000266, 1.099999999999997202, 0.7500000000000036637 ) );
#246=LINE ( 'NONE', #2652, #65 );
#247=DIRECTION ( 'NONE',  ( 0.9551363833707158246, 1.060723538990748280E-15, -0.2961663200998870815 ) );
#248=LINE ( 'NONE', #3885, #351 );
#249=CARTESIAN_POINT ( 'NONE',  ( -1.125300120096095924, 0.1500000000000004663, -0.1399999999999992084 ) );
#250=MECHANICAL_DESIGN_GEOMETRIC_PRESENTATION_REPRESENTATION (  '', ( #789 ), #2802 );
#251=ORIENTED_EDGE ( 'NONE', *, *, #3045, .T. );
#252=ADVANCED_FACE ( 'NONE', ( #1131 ), #3420, .F. );
#253=CARTESIAN_POINT ( 'NONE',  ( 1.422260000000000302, 1.199999999999995959, 1.108250545000004639 ) );
#254=MECHANICAL_DESIGN_GEOMETRIC_PRESENTATION_REPRESENTATION (  '', ( #3042 ), #1251 );
#255=STYLED_ITEM ( 'NONE', ( #193 ), #1022 );
#256=DIRECTION ( 'NONE',  ( 0.000000000000000000, -3.252606517456533024E-15, 1.000000000000000000 ) );
#257=FACE_OUTER_BOUND ( 'NONE', #2669, .T. );
#258=ORIENTED_EDGE ( 'NONE', *, *, #4685, .F. );
#259=DIRECTION ( 'NONE',  ( -0.000000000000000000, 3.491483361109382461E-15, -1.000000000000000000 ) );
#260=VECTOR ( 'NONE', #214, 1000.000000000000000 );
#261=LINE ( 'NONE', #4185, #4938 );
#262=ORIENTED_EDGE ( 'NONE', *, *, #3114, .F. );
#263=ORIENTED_EDGE ( 'NONE', *, *, #3769, .F. );
#264=DIRECTION ( 'NONE',  ( -0.2961663197507515277, 3.334842790507029954E-15, -0.9551363834789750040 ) );
#265=ORIENTED_EDGE ( 'NONE', *, *, #4507, .F. );
#266=VECTOR ( 'NONE', #220, 1000.000000000000000 );
#267=ORIENTED_EDGE ( 'NONE', *, *, #2958, .F. );
#268=PLANE ( 'NONE',  #1110 );
#269=ORIENTED_EDGE ( 'NONE', *, *, #1503, .F. );
#270=EDGE_CURVE ( 'NONE', #688, #4836, #777, .T. );
#271=DIRECTION ( 'NONE',  ( -0.9551363834789753371, -0.000000000000000000, -0.2961663197507504730 ) );
#272=AXIS2_PLACEMENT_3D ( 'NONE', #153, #241, #3424 );
#273=FILL_AREA_STYLE_COLOUR ( '', #111 );
#274=LINE ( 'NONE', #334, #4388 );
#275=CARTESIAN_POINT ( 'NONE',  ( -1.430000000688122608, 1.399999999999995914, 1.099999999922226968 ) );
#276=STYLED_ITEM ( 'NONE', ( #40 ), #3840 );
#277=DIRECTION ( 'NONE',  ( -3.021129354260258541E-11, 1.000000000000000000, 0.000000000000000000 ) );
#278=LINE ( 'NONE', #1169, #351 );
#279=ORIENTED_EDGE ( 'NONE', *, *, #3825, .F. );
#280=CARTESIAN_POINT ( 'NONE',  ( -3.350000000000000089, 0.6499999999999973577, 0.7500000000000019984 ) );
#281=MECHANICAL_DESIGN_GEOMETRIC_PRESENTATION_REPRESENTATION (  '', ( #1929 ), #5062 );
#282=LINE ( 'NONE', #1941, #147 );
#283=PLANE ( 'NONE',  #2858 );
#284=EDGE_CURVE ( 'NONE', #2324, #324, #327, .T. );
#285=ORIENTED_EDGE ( 'NONE', *, *, #4590, .T. );
#286=LINE ( 'NONE', #712, #3810 );
#287=STYLED_ITEM ( 'NONE', ( #193 ), #4062 );
#288=ORIENTED_EDGE ( 'NONE', *, *, #3301, .T. );
#289=ORIENTED_EDGE ( 'NONE', *, *, #414, .T. );
#290=ORIENTED_EDGE ( 'NONE', *, *, #4338, .F. );
#291=PRESENTATION_LAYER_ASSIGNMENT (  '', '', ( #1943 ) );
#292=PLANE ( 'NONE',  #4465 );
#293=ORIENTED_EDGE ( 'NONE', *, *, #4120, .T. );
#294=LINE ( 'NONE', #1559, #503 );
#295=DIRECTION ( 'NONE',  ( 0.000000000000000000, 0.000000000000000000, -1.000000000000000000 ) );
#296=ORIENTED_EDGE ( 'NONE', *, *, #4840, .T. );
#297=EDGE_CURVE ( 'NONE', #4566, #2409, #2274, .T. );
#298=AXIS2_PLACEMENT_3D ( 'NONE', #654, #124, #4464 );
#299=CIRCLE ( 'NONE', #2512, 0.2500000000000002220 );
#300=FACE_OUTER_BOUND ( 'NONE', #4733, .T. );
#301=ADVANCED_FACE ( 'NONE', ( #1036 ), #1064, .F. );
#302=DIRECTION ( 'NONE',  ( 0.000000000000000000, -3.491483361109382461E-15, 1.000000000000000000 ) );
#303=ORIENTED_EDGE ( 'NONE', *, *, #3307, .T. );
#304=ORIENTED_EDGE ( 'NONE', *, *, #3203, .F. );
#305=CARTESIAN_POINT ( 'NONE',  ( 0.9299999995000000075, 1.199999999999995959, 1.100000000000004086 ) );
#306=VECTOR ( 'NONE', #1137, 1000.000000000000000 );
#307=CARTESIAN_POINT ( 'NONE',  ( -3.150000000000000355, 1.400000000000002798, -0.8000000000153075774 ) );
#308=FACE_OUTER_BOUND ( 'NONE', #4575, .T. );
#309=EDGE_CURVE ( 'NONE', #2615, #1015, #3054, .T. );
#310=STYLED_ITEM ( 'NONE', ( #40 ), #3144 );
#311=LINE ( 'NONE', #4607, #512 );
#312=PRESENTATION_LAYER_ASSIGNMENT (  '', '', ( #4454 ) );
#313=PRESENTATION_LAYER_ASSIGNMENT (  '', '', ( #2047 ) );
#314=VERTEX_POINT ( 'NONE', #2676 );
#315=STYLED_ITEM ( 'NONE', ( #40 ), #3213 );
#316=CARTESIAN_POINT ( 'NONE',  ( 2.049999999690624630, 0.1500000000000076827, -2.199999999999999734 ) );
#317=MECHANICAL_DESIGN_GEOMETRIC_PRESENTATION_REPRESENTATION (  '', ( #1890 ), #3181 );
#318=LINE ( 'NONE', #1549, #5 );
#319=EDGE_CURVE ( 'NONE', #2991, #3789, #667, .T. );
#320=ORIENTED_EDGE ( 'NONE', *, *, #1414, .F. );
#321=MECHANICAL_DESIGN_GEOMETRIC_PRESENTATION_REPRESENTATION (  '', ( #3102 ), #4936 );
#322=VERTEX_POINT ( 'NONE', #4061 );
#323=CARTESIAN_POINT ( 'NONE',  ( -3.350000000000000089, 0.6999999999999955147, 1.250000000000002442 ) );
#324=VERTEX_POINT ( 'NONE', #558 );
#325=PRESENTATION_LAYER_ASSIGNMENT (  '', '', ( #4941 ) );
#326=LINE ( 'NONE', #1980, #11 );
#327=CIRCLE ( 'NONE', #3265, 0.2500000000000002220 );
#328=CARTESIAN_POINT ( 'NONE',  ( 3.350000000000000089, 0.6500000000000025757, 1.300000000000004263 ) );
#329=EDGE_LOOP ( 'NONE', ( #2430, #3388, #33, #686 ) );
#330=VECTOR ( 'NONE', #1626, 1000.000000000000000 );
#331=ORIENTED_EDGE ( 'NONE', *, *, #4350, .F. );
#332=AXIS2_PLACEMENT_3D ( 'NONE', #1817, #3744, #612 );
#333=CARTESIAN_POINT ( 'NONE',  ( 3.149999999999999911, 1.399999999999995470, 0.8000000000031278757 ) );
#334=CARTESIAN_POINT ( 'NONE',  ( 3.349999999993055422, 0.6499999999593705224, 1.299900000000000055 ) );
#335=DIRECTION ( 'NONE',  ( 0.000000000000000000, -3.252606516424056882E-15, 1.000000000000000000 ) );
#336=MECHANICAL_DESIGN_GEOMETRIC_PRESENTATION_REPRESENTATION (  '', ( #1822 ), #1981 );
#337=DIRECTION ( 'NONE',  ( -0.7071067811865482389, 2.299940124881316699E-15, -0.7071067811865469066 ) );
#338=ORIENTED_EDGE ( 'NONE', *, *, #1466, .F. );
#339=EDGE_LOOP ( 'NONE', ( #1465, #1917, #4304, #3687 ) );
#340=DIRECTION ( 'NONE',  ( -0.000000000000000000, 1.000000000000000000, 2.981555974659857586E-15 ) );
#341=VECTOR ( 'NONE', #772, 1000.000000000000000 );
#342=CARTESIAN_POINT ( 'NONE',  ( -1.300000000000000044, 0.1500000000000012157, -0.3464101615137748502 ) );
#343=VECTOR ( 'NONE', #105, 1000.000000000000000 );
#344=CARTESIAN_POINT ( 'NONE',  ( -3.850000000000000533, 4.582605454178992776E-15, -1.300000000062500050 ) );
#345=FACE_OUTER_BOUND ( 'NONE', #1827, .T. );
#346=ADVANCED_FACE ( 'NONE', ( #2196 ), #1611, .T. );
#347=VECTOR ( 'NONE', #4803, 1000.000000000000000 );
#348=ORIENTED_EDGE ( 'NONE', *, *, #309, .F. );
#349=CARTESIAN_POINT ( 'NONE',  ( 3.350000000000000089, 1.099999999999995204, 1.300000000000004263 ) );
#350=EDGE_CURVE ( 'NONE', #465, #911, #3820, .T. );
#351=VECTOR ( 'NONE', #92, 1000.000000000000000 );
#352=LINE ( 'NONE', #2000, #11 );
#353=ORIENTED_EDGE ( 'NONE', *, *, #3834, .T. );
#354=ORIENTED_EDGE ( 'NONE', *, *, #2596, .T. );
#355=CARTESIAN_POINT ( 'NONE',  ( 3.149999999974999909, 1.300000000075128170, -0.7999999999999954925 ) );
#356=PRESENTATION_LAYER_ASSIGNMENT (  '', '', ( #710 ) );
#357=ORIENTED_EDGE ( 'NONE', *, *, #2591, .T. );
#358=ORIENTED_EDGE ( 'NONE', *, *, #3443, .T. );
#359=EDGE_CURVE ( 'NONE', #1118, #1928, #1931, .T. );
#360=CARTESIAN_POINT ( 'NONE',  ( 2.720000000000000195, 1.199999999999997291, 0.7499999994000042802 ) );
#361=ORIENTED_EDGE ( 'NONE', *, *, #895, .T. );
#362=CARTESIAN_POINT ( 'NONE',  ( -3.150000000000000355, 1.400000000000004574, -0.8000000000093724362 ) );
#363=ORIENTED_EDGE ( 'NONE', *, *, #2140, .T. );
#364=PLANE ( 'NONE',  #1025 );
#365=CARTESIAN_POINT ( 'NONE',  ( -3.150000000000000355, 1.400000000000004574, -1.299999999999995159 ) );
#366=ADVANCED_FACE ( 'NONE', ( #300 ), #3174, .F. );
#367=ORIENTED_EDGE ( 'NONE', *, *, #2909, .T. );
#368=CARTESIAN_POINT ( 'NONE',  ( 1.399999999999998357, 0.09999999999998963884, 2.600000000000002309 ) );
#369=CARTESIAN_POINT ( 'NONE',  ( -3.150000000000000355, 1.199999999999997069, 0.8000000000072963191 ) );
#370=CARTESIAN_POINT ( 'NONE',  ( 0.000000000000000000, 0.000000000000000000, 0.9500000000000000666 ) );
#371=STYLED_ITEM ( 'NONE', ( #40 ), #3773 );
#372=FACE_OUTER_BOUND ( 'NONE', #888, .T. );
#373=FACE_OUTER_BOUND ( 'NONE', #2765, .T. );
#374=DIRECTION ( 'NONE',  ( 1.000000000000000000, 2.274550012207352473E-16, 0.000000000000000000 ) );
#375=ORIENTED_EDGE ( 'NONE', *, *, #1783, .T. );
#376=FACE_OUTER_BOUND ( 'NONE', #1369, .T. );
#377=ORIENTED_EDGE ( 'NONE', *, *, #1067, .T. );
#378=EDGE_CURVE ( 'NONE', #2693, #1209, #1986, .T. );
#379=VERTEX_POINT ( 'NONE', #3841 );
#380=CARTESIAN_POINT ( 'NONE',  ( -3.350000000000000089, 0.7000000000000041744, -1.249999999999997558 ) );
#381=VERTEX_POINT ( 'NONE', #3200 );
#382=FACE_OUTER_BOUND ( 'NONE', #3192, .T. );
#383=ADVANCED_FACE ( 'NONE', ( #1562 ), #2749, .F. );
#384=VERTEX_POINT ( 'NONE', #3248 );
#385=AXIS2_PLACEMENT_3D ( 'NONE', #85, #214, #45 );
#386=ORIENTED_EDGE ( 'NONE', *, *, #4746, .F. );
#387=DIRECTION ( 'NONE',  ( 0.000000000000000000, 1.000000000000000000, 0.000000000000000000 ) );
#388=ADVANCED_FACE ( 'NONE', ( #2875, #4332, #890 ), #1786, .T. );
#389=MECHANICAL_DESIGN_GEOMETRIC_PRESENTATION_REPRESENTATION (  '', ( #2988 ), #4364 );
#390=CARTESIAN_POINT ( 'NONE',  ( 2.719999999572222382, 1.399999999999995692, 1.299999999813096885 ) );
#391=ORIENTED_EDGE ( 'NONE', *, *, #2292, .T. );
#392=STYLED_ITEM ( 'NONE', ( #40 ), #4901 );
#393=CARTESIAN_POINT ( 'NONE',  ( -3.150000000000000355, 1.399999999999997691, 0.8000000000000051514 ) );
#394=LINE ( 'NONE', #3567, #5 );
#395=PRESENTATION_LAYER_ASSIGNMENT (  '', '', ( #4294 ) );
#396=EDGE_CURVE ( 'NONE', #4273, #405, #3236, .T. );
#397=LINE ( 'NONE', #868, #343 );
#398=MECHANICAL_DESIGN_GEOMETRIC_PRESENTATION_REPRESENTATION (  '', ( #4759 ), #4297 );
#399=( GEOMETRIC_REPRESENTATION_CONTEXT ( 3 ) GLOBAL_UNCERTAINTY_ASSIGNED_CONTEXT ( ( #73 ) ) GLOBAL_UNIT_ASSIGNED_CONTEXT ( ( #54, #16, #61 ) ) REPRESENTATION_CONTEXT ( 'NONE', 'WORKASPACE' ) );
#400=APPLICATION_PROTOCOL_DEFINITION ( 'draft international standard', 'automotive_design', 1998, #71 );
#401=VECTOR ( 'NONE', #119, 1000.000000000000000 );
#402=ORIENTED_EDGE ( 'NONE', *, *, #929, .T. );
#403=AXIS2_PLACEMENT_3D ( 'NONE', #2835, #27, #122 );
#404=EDGE_LOOP ( 'NONE', ( #546, #3908, #4726, #3510 ) );
#405=VERTEX_POINT ( 'NONE', #4672 );
#406=ADVANCED_FACE ( 'NONE', ( #2454 ), #1173, .T. );
#407=MECHANICAL_DESIGN_GEOMETRIC_PRESENTATION_REPRESENTATION (  '', ( #118 ), #2126 );
#408=VERTEX_POINT ( 'NONE', #1634 );
#409=DIRECTION ( 'NONE',  ( -1.000000000000000000, 1.562890985166239817E-11, 0.000000000000000000 ) );
#410=ADVANCED_FACE ( 'NONE', ( #3907 ), #4576, .T. );
#411=AXIS2_PLACEMENT_3D ( 'NONE', #4022, #2122, #918 );
#412=ORIENTED_EDGE ( 'NONE', *, *, #545, .F. );
#413=CARTESIAN_POINT ( 'NONE',  ( -2.720000000000000195, 1.199999999016987617, -1.299999999999996048 ) );
#414=EDGE_CURVE ( 'NONE', #4230, #3693, #2774, .T. );
#415=CARTESIAN_POINT ( 'NONE',  ( 2.749999999952187579, 1.399999999999996803, 1.300000000000004929 ) );
#416=ORIENTED_EDGE ( 'NONE', *, *, #4077, .F. );
#417=EDGE_CURVE ( 'NONE', #3238, #2721, #807, .T. );
#418=ORIENTED_EDGE ( 'NONE', *, *, #4197, .F. );
#419=CARTESIAN_POINT ( 'NONE',  ( -3.850000000000000533, 3.171291354520100469E-15, -0.9000000000000002442 ) );
#420=ORIENTED_EDGE ( 'NONE', *, *, #1942, .T. );
#421=EDGE_CURVE ( 'NONE', #13, #2991, #1987, .T. );
#422=AXIS2_PLACEMENT_3D ( 'NONE', #1524, #214, #45 );
#423=STYLED_ITEM ( 'NONE', ( #193 ), #2912 );
#424=CARTESIAN_POINT ( 'NONE',  ( 1.430000000000000382, 1.199999999760414937, -1.299999999999996048 ) );
#425=ORIENTED_EDGE ( 'NONE', *, *, #4268, .F. );
#426=EDGE_CURVE ( 'NONE', #830, #1928, #1612, .T. );
#427=MECHANICAL_DESIGN_GEOMETRIC_PRESENTATION_REPRESENTATION (  '', ( #2146 ), #1316 );
#428=EDGE_LOOP ( 'NONE', ( #4444, #2381, #3059, #4555 ) );
#429=CARTESIAN_POINT ( 'NONE',  ( 3.850000000000000089, 0.2000000000000046740, -1.299999999999999600 ) );
#430=EDGE_LOOP ( 'NONE', ( #1288, #4546, #5078, #4276 ) );
#431=EDGE_LOOP ( 'NONE', ( #4976, #1712, #2070, #3656 ) );
#432=PLANE ( 'NONE',  #2015 );
#433=CARTESIAN_POINT ( 'NONE',  ( -3.399999999999999911, 0.2500000000333288397, -2.200000000000000622 ) );
#434=LINE ( 'NONE', #1624, #11 );
#435=ORIENTED_EDGE ( 'NONE', *, *, #1965, .T. );
#436=STYLED_ITEM ( 'NONE', ( #40 ), #3613 );
#437=( GEOMETRIC_REPRESENTATION_CONTEXT ( 3 ) GLOBAL_UNCERTAINTY_ASSIGNED_CONTEXT ( ( #73 ) ) GLOBAL_UNIT_ASSIGNED_CONTEXT ( ( #54, #16, #61 ) ) REPRESENTATION_CONTEXT ( 'NONE', 'WORKASPACE' ) );
#438=CARTESIAN_POINT ( 'NONE',  ( 1.649999999999999911, 0.1499999999999973299, 0.7600000000000005640 ) );
#439=LINE ( 'NONE', #380, #11 );
#440=ORIENTED_EDGE ( 'NONE', *, *, #2985, .F. );
#441=CARTESIAN_POINT ( 'NONE',  ( -2.449999999715624988, 0.0001000000000076812790, -2.200000000000000178 ) );
#442=AXIS2_PLACEMENT_3D ( 'NONE', #2570, #1816, #2219 );
#443=CARTESIAN_POINT ( 'NONE',  ( -3.850000000000000089, -3.092146628807732766E-15, 0.9000000000000002442 ) );
#444=ORIENTED_EDGE ( 'NONE', *, *, #4724, .F. );
#445=VECTOR ( 'NONE', #271, 1000.000000000000114 );
#446=EDGE_CURVE ( 'NONE', #3328, #3876, #2038, .T. );
#447=CARTESIAN_POINT ( 'NONE',  ( 3.149999999999999911, 0.6999999999999970690, 0.8000000000000029310 ) );
#448=ORIENTED_EDGE ( 'NONE', *, *, #527, .F. );
#449=CARTESIAN_POINT ( 'NONE',  ( 3.149999999989062438, 1.399999999999995914, 1.300000000000004263 ) );
#450=EDGE_CURVE ( 'NONE', #5032, #695, #3201, .T. );
#451=AXIS2_PLACEMENT_3D ( 'NONE', #2007, #302, #52 );
#452=CARTESIAN_POINT ( 'NONE',  ( 3.150000000040781512, 0.6499999999666636885, 0.7500000000000025535 ) );
#453=EDGE_LOOP ( 'NONE', ( #3835, #2330, #5064, #4418 ) );
#454=CARTESIAN_POINT ( 'NONE',  ( 3.849999999999999645, 0.2000000000703658076, 1.299900000000000055 ) );
#455=DIRECTION ( 'NONE',  ( 0.4472135954999579277, -0.8944271909999158554, 0.000000000000000000 ) );
#456=LINE ( 'NONE', #58, #3483 );
#457=ORIENTED_EDGE ( 'NONE', *, *, #4408, .F. );
#458=ORIENTED_EDGE ( 'NONE', *, *, #2103, .F. );
#459=CARTESIAN_POINT ( 'NONE',  ( -2.749999999999999556, 1.199999999962504393, -1.299999999999995159 ) );
#460=EDGE_CURVE ( 'NONE', #2445, #4290, #5042, .T. );
#461=ORIENTED_EDGE ( 'NONE', *, *, #3978, .F. );
#462=CARTESIAN_POINT ( 'NONE',  ( -3.850000000000000089, 1.400000000000004574, -1.299999999999995159 ) );
#463=LINE ( 'NONE', #1711, #65 );
#464=PRESENTATION_LAYER_ASSIGNMENT (  '', '', ( #181 ) );
#465=VERTEX_POINT ( 'NONE', #1334 );
#466=CARTESIAN_POINT ( 'NONE',  ( 2.749999999933125050, 1.399999999999997469, 0.9000000000668798572 ) );
#467=PLANE ( 'NONE',  #4697 );
#468=ORIENTED_EDGE ( 'NONE', *, *, #4870, .T. );
#469=ORIENTED_EDGE ( 'NONE', *, *, #4940, .T. );
#470=VECTOR ( 'NONE', #35, 1000.000000000000000 );
#471=LINE ( 'NONE', #883, #330 );
#472=STYLED_ITEM ( 'NONE', ( #40 ), #4128 );
#473=ADVANCED_FACE ( 'NONE', ( #3633 ), #3724, .T. );
#474=ORIENTED_EDGE ( 'NONE', *, *, #4961, .F. );
#475=DIRECTION ( 'NONE',  ( 0.000000000000000000, -2.981555974659856797E-15, 1.000000000000000000 ) );
#476=AXIS2_PLACEMENT_3D ( 'NONE', #3658, #27, #122 );
#477=EDGE_CURVE ( 'NONE', #1899, #75, #1777, .T. );
#478=LINE ( 'NONE', #3184, #260 );
#479=( GEOMETRIC_REPRESENTATION_CONTEXT ( 3 ) GLOBAL_UNCERTAINTY_ASSIGNED_CONTEXT ( ( #73 ) ) GLOBAL_UNIT_ASSIGNED_CONTEXT ( ( #54, #16, #61 ) ) REPRESENTATION_CONTEXT ( 'NONE', 'WORKASPACE' ) );
#480=ORIENTED_EDGE ( 'NONE', *, *, #3338, .F. );
#481=LINE ( 'NONE', #2497, #1020 );
#482=CARTESIAN_POINT ( 'NONE',  ( 3.850000000000000089, -3.847870779600735214E-15, 1.299900000000000055 ) );
#483=ORIENTED_EDGE ( 'NONE', *, *, #2414, .T. );
#484=FILL_AREA_STYLE ('',( #273 ) );
#485=AXIS2_PLACEMENT_3D ( 'NONE', #1111, #52, #214 );
#486=PLANE ( 'NONE',  #1835 );
#487=ADVANCED_FACE ( 'NONE', ( #525 ), #38, .T. );
#488=MECHANICAL_DESIGN_GEOMETRIC_PRESENTATION_REPRESENTATION (  '', ( #4678 ), #204 );
#489=ORIENTED_EDGE ( 'NONE', *, *, #4357, .F. );
#490=ORIENTED_EDGE ( 'NONE', *, *, #4954, .T. );
#491=CARTESIAN_POINT ( 'NONE',  ( -3.849999999997043787, 1.199999999929323602, 1.300000000000004485 ) );
#492=STYLED_ITEM ( 'NONE', ( #108 ), #5049 );
#493=ORIENTED_EDGE ( 'NONE', *, *, #4027, .F. );
#494=ORIENTED_EDGE ( 'NONE', *, *, #1471, .T. );
#495=FACE_OUTER_BOUND ( 'NONE', #4647, .T. );
#496=MECHANICAL_DESIGN_GEOMETRIC_PRESENTATION_REPRESENTATION (  '', ( #4529 ), #1116 );
#497=EDGE_CURVE ( 'NONE', #2833, #4592, #3295, .T. );
#498=AXIS2_PLACEMENT_3D ( 'NONE', #940, #27, #122 );
#499=VECTOR ( 'NONE', #4277, 1000.000000000000227 );
#500=AXIS2_PLACEMENT_3D ( 'NONE', #1696, #35, #191 );
#501=ORIENTED_EDGE ( 'NONE', *, *, #4897, .F. );
#502=EDGE_CURVE ( 'NONE', #2615, #4389, #1357, .T. );
#503=VECTOR ( 'NONE', #122, 1000.000000000000000 );
#504=MECHANICAL_DESIGN_GEOMETRIC_PRESENTATION_REPRESENTATION (  '', ( #2457 ), #1043 );
#505=EDGE_LOOP ( 'NONE', ( #209, #2509, #580, #1487, #4020, #4710 ) );
#506=LINE ( 'NONE', #3742, #2886 );
#507=CIRCLE ( 'NONE', #951, 0.4000000000000002442 );
#508=ORIENTED_EDGE ( 'NONE', *, *, #3018, .T. );
#509=LINE ( 'NONE', #2058, #260 );
#510=ORIENTED_EDGE ( 'NONE', *, *, #2518, .T. );
#511=ADVANCED_FACE ( 'NONE', ( #1275 ), #3974, .F. );
#512=VECTOR ( 'NONE', #221, 1000.000000000000000 );
#513=EDGE_LOOP ( 'NONE', ( #4740, #1411, #3995, #2862, #55, #141 ) );
#514=FACE_OUTER_BOUND ( 'NONE', #641, .T. );
#515=LINE ( 'NONE', #22, #744 );
#516=EDGE_CURVE ( 'NONE', #2550, #3881, #3532, .T. );
#517=ORIENTED_EDGE ( 'NONE', *, *, #3889, .F. );
#518=ORIENTED_EDGE ( 'NONE', *, *, #4331, .T. );
#519=PRESENTATION_LAYER_ASSIGNMENT (  '', '', ( #1315 ) );
#520=LINE ( 'NONE', #30, #658 );
#521=ORIENTED_EDGE ( 'NONE', *, *, #4622, .T. );
#522=CARTESIAN_POINT ( 'NONE',  ( 2.849999999989844213, 1.199999999984371790, 0.8000000000085980556 ) );
#523=( GEOMETRIC_REPRESENTATION_CONTEXT ( 3 ) GLOBAL_UNCERTAINTY_ASSIGNED_CONTEXT ( ( #73 ) ) GLOBAL_UNIT_ASSIGNED_CONTEXT ( ( #54, #16, #61 ) ) REPRESENTATION_CONTEXT ( 'NONE', 'WORKASPACE' ) );
#524=ORIENTED_EDGE ( 'NONE', *, *, #2903, .F. );
#525=FACE_OUTER_BOUND ( 'NONE', #3397, .T. );
#526=LINE ( 'NONE', #74, #401 );
#527=EDGE_CURVE ( 'NONE', #1677, #4566, #3888, .T. );
#528=VERTEX_POINT ( 'NONE', #2400 );
#529=CARTESIAN_POINT ( 'NONE',  ( -1.649999999999999911, 0.1499999999999986899, 0.3708099243547838819 ) );
#530=ORIENTED_EDGE ( 'NONE', *, *, #1113, .F. );
#531=STYLED_ITEM ( 'NONE', ( #40 ), #1240 );
#532=CARTESIAN_POINT ( 'NONE',  ( -3.850000000000000533, 1.199999999987496180, 1.300000000000004485 ) );
#533=CARTESIAN_POINT ( 'NONE',  ( 1.430000000000000604, 1.399999999999996136, 1.100000000000004530 ) );
#534=ORIENTED_EDGE ( 'NONE', *, *, #1041, .T. );
#535=( GEOMETRIC_REPRESENTATION_CONTEXT ( 3 ) GLOBAL_UNCERTAINTY_ASSIGNED_CONTEXT ( ( #73 ) ) GLOBAL_UNIT_ASSIGNED_CONTEXT ( ( #54, #16, #61 ) ) REPRESENTATION_CONTEXT ( 'NONE', 'WORKASPACE' ) );
#536=DIRECTION ( 'NONE',  ( 0.2961663197507509726, -3.334842790507032715E-15, 0.9551363834789752261 ) );
#537=ORIENTED_EDGE ( 'NONE', *, *, #3993, .F. );
#538=PRESENTATION_LAYER_ASSIGNMENT (  '', '', ( #3506 ) );
#539=CARTESIAN_POINT ( 'NONE',  ( -2.050000000000000266, 0.1499999999750044333, -2.199999999999999734 ) );
#540=ORIENTED_EDGE ( 'NONE', *, *, #4202, .T. );
#541=LINE ( 'NONE', #988, #2399 );
#542=ORIENTED_EDGE ( 'NONE', *, *, #3657, .F. );
#543=EDGE_CURVE ( 'NONE', #233, #2225, #1991, .T. );
#544=ORIENTED_EDGE ( 'NONE', *, *, #5002, .F. );
#545=EDGE_CURVE ( 'NONE', #196, #2713, #3182, .T. );
#546=ORIENTED_EDGE ( 'NONE', *, *, #3064, .T. );
#547=CARTESIAN_POINT ( 'NONE',  ( -1.500000000000000000, 5.421010862427522170E-17, 1.800832703444117038E-16 ) );
#548=LINE ( 'NONE', #646, #2683 );
#549=VERTEX_POINT ( 'NONE', #3487 );
#550=( GEOMETRIC_REPRESENTATION_CONTEXT ( 3 ) GLOBAL_UNCERTAINTY_ASSIGNED_CONTEXT ( ( #73 ) ) GLOBAL_UNIT_ASSIGNED_CONTEXT ( ( #54, #16, #61 ) ) REPRESENTATION_CONTEXT ( 'NONE', 'WORKASPACE' ) );
#551=ADVANCED_FACE ( 'NONE', ( #3109 ), #1939, .T. );
#552=ORIENTED_EDGE ( 'NONE', *, *, #4982, .T. );
#553=AXIS2_PLACEMENT_3D ( 'NONE', #1711, #187, #295 );
#554=LINE ( 'NONE', #2170, #266 );
#555=VERTEX_POINT ( 'NONE', #2042 );
#556=DIRECTION ( 'NONE',  ( -0.000000000000000000, 0.7071067811865506814, -0.7071067811865443531 ) );
#557=LINE ( 'NONE', #2273, #11 );
#558=CARTESIAN_POINT ( 'NONE',  ( 3.400000000000002132, 3.332871476361114629E-11, 1.299900000000000055 ) );
#559=LINE ( 'NONE', #1039, #3016 );
#560=ORIENTED_EDGE ( 'NONE', *, *, #1211, .F. );
#561=CARTESIAN_POINT ( 'NONE',  ( -3.850000000000000533, 1.963860456602967177E-15, -0.9000000000000002442 ) );
#562=MECHANICAL_DESIGN_GEOMETRIC_PRESENTATION_REPRESENTATION (  '', ( #4915 ), #1010 );
#563=VERTEX_POINT ( 'NONE', #781 );
#564=LINE ( 'NONE', #1459, #4109 );
#565=CARTESIAN_POINT ( 'NONE',  ( -3.400000000000002132, 3.332876897371977056E-11, 1.299900000000000055 ) );
#566=FACE_OUTER_BOUND ( 'NONE', #2523, .T. );
#567=VECTOR ( 'NONE', #4495, 1000.000000000000000 );
#568=CARTESIAN_POINT ( 'NONE',  ( -2.719999999919501033, 1.399999999999995470, 1.299999999975044007 ) );
#569=CARTESIAN_POINT ( 'NONE',  ( 2.750000000000000000, 1.399999999999997025, 0.9000000000000050182 ) );
#570=SURFACE_STYLE_USAGE ( .BOTH. , #1013 );
#571=CARTESIAN_POINT ( 'NONE',  ( -3.850000000000000533, 0.1999999999999970690, 0.9000000000000010214 ) );
#572=EDGE_LOOP ( 'NONE', ( #296, #3311, #4715, #2090 ) );
#573=STYLED_ITEM ( 'NONE', ( #108 ), #5033 );
#574=EDGE_LOOP ( 'NONE', ( #4519, #3596, #2752, #4334 ) );
#575=AXIS2_PLACEMENT_3D ( 'NONE', #2510, #302, #1197 );
#576=CARTESIAN_POINT ( 'NONE',  ( 2.850000000000000089, 0.7000000000000027311, -0.7999999999999974909 ) );
#577=STYLED_ITEM ( 'NONE', ( #108 ), #3367 );
#578=EDGE_CURVE ( 'NONE', #2124, #3310, #1176, .T. );
#579=STYLED_ITEM ( 'NONE', ( #108 ), #4603 );
#580=ORIENTED_EDGE ( 'NONE', *, *, #2690, .F. );
#581=DIRECTION ( 'NONE',  ( -8.020840935599185195E-11, -1.000000000000000000, -3.758567531154320743E-15 ) );
#582=PRESENTATION_LAYER_ASSIGNMENT (  '', '', ( #843 ) );
#583=ORIENTED_EDGE ( 'NONE', *, *, #2665, .T. );
#584=EDGE_CURVE ( 'NONE', #4585, #4414, #2420, .T. );
#585=ORIENTED_EDGE ( 'NONE', *, *, #3678, .T. );
#586=PLANE ( 'NONE',  #4369 );
#587=ORIENTED_EDGE ( 'NONE', *, *, #4978, .T. );
#588=EDGE_CURVE ( 'NONE', #966, #2761, #394, .T. );
#589=CARTESIAN_POINT ( 'NONE',  ( -1.430000000175955410, 1.199999999248076987, -1.299999999999996048 ) );
#590=DIRECTION ( 'NONE',  ( 5.963111948670264526E-16, 3.491483361109382855E-15, -1.000000000000000000 ) );
#591=CARTESIAN_POINT ( 'NONE',  ( 3.149999999999999911, 0.2000000001024629381, 0.9000000000000006883 ) );
#592=AXIS2_PLACEMENT_3D ( 'NONE', #1252, #92, #148 );
#593=EDGE_CURVE ( 'NONE', #803, #688, #777, .T. );
#594=EDGE_LOOP ( 'NONE', ( #3151, #1456, #860, #4216 ) );
#595=LINE ( 'NONE', #1048, #266 );
#596=LINE ( 'NONE', #1493, #1090 );
#597=ORIENTED_EDGE ( 'NONE', *, *, #3464, .F. );
#598=ORIENTED_EDGE ( 'NONE', *, *, #945, .T. );
#599=FACE_OUTER_BOUND ( 'NONE', #3125, .T. );
#600=STYLED_ITEM ( 'NONE', ( #193 ), #406 );
#601=EDGE_LOOP ( 'NONE', ( #3455, #3972, #3358, #1495 ) );
#602=DIRECTION ( 'NONE',  ( -0.000000000000000000, 1.000000000000000000, 0.000000000000000000 ) );
#603=VERTEX_POINT ( 'NONE', #1255 );
#604=MECHANICAL_DESIGN_GEOMETRIC_PRESENTATION_REPRESENTATION (  '', ( #29 ), #1587 );
#605=( GEOMETRIC_REPRESENTATION_CONTEXT ( 3 ) GLOBAL_UNCERTAINTY_ASSIGNED_CONTEXT ( ( #73 ) ) GLOBAL_UNIT_ASSIGNED_CONTEXT ( ( #54, #16, #61 ) ) REPRESENTATION_CONTEXT ( 'NONE', 'WORKASPACE' ) );
#606=ORIENTED_EDGE ( 'NONE', *, *, #919, .T. );
#607=FACE_OUTER_BOUND ( 'NONE', #1782, .T. );
#608=VECTOR ( 'NONE', #4775, 1000.000000000000000 );
#609=ORIENTED_EDGE ( 'NONE', *, *, #1164, .F. );
#610=CARTESIAN_POINT ( 'NONE',  ( -3.149999999905208625, 0.2500000000515581466, -1.299999999999999156 ) );
#611=CARTESIAN_POINT ( 'NONE',  ( -2.049999999929688066, 0.0001000000000045392882, -1.300100000000000255 ) );
#612=DIRECTION ( 'NONE',  ( 0.7071067811865521247, 0.000000000000000000, 0.7071067811865430208 ) );
#613=( GEOMETRIC_REPRESENTATION_CONTEXT ( 3 ) GLOBAL_UNCERTAINTY_ASSIGNED_CONTEXT ( ( #73 ) ) GLOBAL_UNIT_ASSIGNED_CONTEXT ( ( #54, #16, #61 ) ) REPRESENTATION_CONTEXT ( 'NONE', 'WORKASPACE' ) );
#614=FACE_OUTER_BOUND ( 'NONE', #63, .T. );
#615=ADVANCED_FACE ( 'NONE', ( #2830 ), #838, .T. );
#616=ORIENTED_EDGE ( 'NONE', *, *, #160, .T. );
#617=CIRCLE ( 'NONE', #779, 0.1999999999999987899 );
#618=CARTESIAN_POINT ( 'NONE',  ( -0.9299999998999999296, 1.400000000000004130, -1.099999999999994982 ) );
#619=ORIENTED_EDGE ( 'NONE', *, *, #1718, .T. );
#620=LINE ( 'NONE', #3772, #351 );
#621=CARTESIAN_POINT ( 'NONE',  ( -3.349999999992840483, 0.9000000000572832004, -0.7999999999999969358 ) );
#622=FACE_OUTER_BOUND ( 'NONE', #5073, .T. );
#623=EDGE_CURVE ( 'NONE', #98, #1289, #1785, .T. );
#624=CARTESIAN_POINT ( 'NONE',  ( 3.149999999999999911, 1.200000000000004396, -1.299999999999995604 ) );
#625=ORIENTED_EDGE ( 'NONE', *, *, #284, .F. );
#626=ORIENTED_EDGE ( 'NONE', *, *, #1000, .T. );
#627=EDGE_CURVE ( 'NONE', #3442, #1666, #2145, .T. );
#628=VERTEX_POINT ( 'NONE', #454 );
#629=ORIENTED_EDGE ( 'NONE', *, *, #3500, .T. );
#630=CARTESIAN_POINT ( 'NONE',  ( 2.720000000000000195, 1.400000000000004574, -1.299999999999995159 ) );
#631=ORIENTED_EDGE ( 'NONE', *, *, #3516, .F. );
#632=ADVANCED_FACE ( 'NONE', ( #4 ), #4743, .F. );
#633=PRESENTATION_LAYER_ASSIGNMENT (  '', '', ( #1761 ) );
#634=ORIENTED_EDGE ( 'NONE', *, *, #3443, .F. );
#635=CARTESIAN_POINT ( 'NONE',  ( 2.015766736212015520, 1.399999999999995914, 1.118366903934263634 ) );
#636=CARTESIAN_POINT ( 'NONE',  ( 3.850000000000000089, -1.517883041479706208E-15, 0.9000000000000005773 ) );
#637=ORIENTED_EDGE ( 'NONE', *, *, #4677, .F. );
#638=PRESENTATION_LAYER_ASSIGNMENT (  '', '', ( #3608 ) );
#639=EDGE_CURVE ( 'NONE', #4913, #4888, #1732, .T. );
#640=CARTESIAN_POINT ( 'NONE',  ( 1.430100000000000593, 1.199999999972995557, 1.300000000000000266 ) );
#641=EDGE_LOOP ( 'NONE', ( #3991, #1831, #2485, #3270, #583 ) );
#642=CARTESIAN_POINT ( 'NONE',  ( 1.500000000000000000, -0.3000000001520663484, -9.486769009248163798E-16 ) );
#643=ADVANCED_FACE ( 'NONE', ( #2880 ), #3800, .F. );
#644=LINE ( 'NONE', #3060, #3215 );
#645=PLANE ( 'NONE',  #1058 );
#646=CARTESIAN_POINT ( 'NONE',  ( -0.7999999999999999334, 0.1499999999999973299, 0.7600000000000001199 ) );
#647=ORIENTED_EDGE ( 'NONE', *, *, #110, .T. );
#648=EDGE_CURVE ( 'NONE', #2861, #555, #708, .T. );
#649=STYLED_ITEM ( 'NONE', ( #108 ), #4296 );
#650=ORIENTED_EDGE ( 'NONE', *, *, #3615, .T. );
#651=ORIENTED_EDGE ( 'NONE', *, *, #3906, .F. );
#652=PLANE ( 'NONE',  #1530 );
#653=STYLED_ITEM ( 'NONE', ( #40 ), #4435 );
#654=CARTESIAN_POINT ( 'NONE',  ( -2.075000000000000178, 1.199999999999995293, 1.309394180000004626 ) );
#655=ORIENTED_EDGE ( 'NONE', *, *, #1744, .F. );
#656=EDGE_CURVE ( 'NONE', #5090, #4088, #3402, .T. );
#657=CARTESIAN_POINT ( 'NONE',  ( -2.015766736154212424, 1.399999999999996136, 1.118366903952186631 ) );
#658=VECTOR ( 'NONE', #259, 1000.000000000000000 );
#659=CARTESIAN_POINT ( 'NONE',  ( 3.149999999974999909, 1.300000000095308694, 1.249999999996780797 ) );
#660=ORIENTED_EDGE ( 'NONE', *, *, #2353, .T. );
#661=AXIS2_PLACEMENT_3D ( 'NONE', #4508, #52, #214 );
#662=LINE ( 'NONE', #723, #3387 );
#663=ADVANCED_FACE ( 'NONE', ( #3453 ), #4883, .F. );
#664=CARTESIAN_POINT ( 'NONE',  ( -2.075000000000000178, 1.400000000000003908, -1.109394179999996233 ) );
#665=ORIENTED_EDGE ( 'NONE', *, *, #4816, .T. );
#666=PRESENTATION_LAYER_ASSIGNMENT (  '', '', ( #3798 ) );
#667=LINE ( 'NONE', #242, #266 );
#668=( GEOMETRIC_REPRESENTATION_CONTEXT ( 3 ) GLOBAL_UNCERTAINTY_ASSIGNED_CONTEXT ( ( #73 ) ) GLOBAL_UNIT_ASSIGNED_CONTEXT ( ( #54, #16, #61 ) ) REPRESENTATION_CONTEXT ( 'NONE', 'WORKASPACE' ) );
#669=CARTESIAN_POINT ( 'NONE',  ( -3.350000000000000089, 0.6499999999999964695, 1.299900000000000055 ) );
#670=( GEOMETRIC_REPRESENTATION_CONTEXT ( 3 ) GLOBAL_UNCERTAINTY_ASSIGNED_CONTEXT ( ( #73 ) ) GLOBAL_UNIT_ASSIGNED_CONTEXT ( ( #54, #16, #61 ) ) REPRESENTATION_CONTEXT ( 'NONE', 'WORKASPACE' ) );
#671=VERTEX_POINT ( 'NONE', #3433 );
#672=CARTESIAN_POINT ( 'NONE',  ( -3.850000000000000533, 0.2000000000477367701, -0.8999999999999995781 ) );
#673=LINE ( 'NONE', #1790, #401 );
#674=ORIENTED_EDGE ( 'NONE', *, *, #2500, .F. );
#675=( GEOMETRIC_REPRESENTATION_CONTEXT ( 3 ) GLOBAL_UNCERTAINTY_ASSIGNED_CONTEXT ( ( #73 ) ) GLOBAL_UNIT_ASSIGNED_CONTEXT ( ( #54, #16, #61 ) ) REPRESENTATION_CONTEXT ( 'NONE', 'WORKASPACE' ) );
#676=LINE ( 'NONE', #1767, #948 );
#677=CARTESIAN_POINT ( 'NONE',  ( -3.349999999992840483, 0.9000000000680234979, -1.249999999999996891 ) );
#678=PRESENTATION_LAYER_ASSIGNMENT (  '', '', ( #1648 ) );
#679=ORIENTED_EDGE ( 'NONE', *, *, #1960, .T. );
#680=LINE ( 'NONE', #2316, #658 );
#681=PRESENTATION_LAYER_ASSIGNMENT (  '', '', ( #3185 ) );
#682=ADVANCED_FACE ( 'NONE', ( #257 ), #645, .F. );
#683=PRESENTATION_STYLE_ASSIGNMENT (( #570 ) );
#684=PRESENTATION_LAYER_ASSIGNMENT (  '', '', ( #2619 ) );
#685=CARTESIAN_POINT ( 'NONE',  ( 3.400000000000000355, 0.2000000000333287675, -0.8999999999999991340 ) );
#686=ORIENTED_EDGE ( 'NONE', *, *, #1778, .T. );
#687=ADVANCED_FACE ( 'NONE', ( #788 ), #3130, .F. );
#688=VERTEX_POINT ( 'NONE', #4226 );
#689=ORIENTED_EDGE ( 'NONE', *, *, #3361, .F. );
#690=CARTESIAN_POINT ( 'NONE',  ( 3.350000000000000089, 0.6499999999999973577, 0.7500000000000019984 ) );
#691=STYLED_ITEM ( 'NONE', ( #40 ), #2879 );
#692=ORIENTED_EDGE ( 'NONE', *, *, #1848, .F. );
#693=LINE ( 'NONE', #2328, #1390 );
#694=VECTOR ( 'NONE', #4011, 1000.000000000000000 );
#695=VERTEX_POINT ( 'NONE', #3536 );
#696=CARTESIAN_POINT ( 'NONE',  ( 3.399999999999999911, 0.2500000000333288397, -0.8999999999999993561 ) );
#697=ADVANCED_FACE ( 'NONE', ( #4998 ), #2380, .T. );
#698=DIRECTION ( 'NONE',  ( 1.000000000000000000, -7.407236140975750857E-11, 0.000000000000000000 ) );
#699=LINE ( 'NONE', #4579, #136 );
#700=SURFACE_STYLE_FILL_AREA ( #231 );
#701=VERTEX_POINT ( 'NONE', #1243 );
#702=LINE ( 'NONE', #4177, #266 );
#703=EDGE_CURVE ( 'NONE', #3530, #5016, #3262, .T. );
#704=LINE ( 'NONE', #3111, #1413 );
#705=CARTESIAN_POINT ( 'NONE',  ( -2.015766736045731644, 1.199999999999995959, 1.118366903730697359 ) );
#706=AXIS2_PLACEMENT_3D ( 'NONE', #438, #302, #52 );
#707=MECHANICAL_DESIGN_GEOMETRIC_PRESENTATION_REPRESENTATION (  '', ( #255 ), #1239 );
#708=LINE ( 'NONE', #1544, #158 );
#709=VERTEX_POINT ( 'NONE', #853 );
#710=STYLED_ITEM ( 'NONE', ( #108 ), #1771 );
#711=MECHANICAL_DESIGN_GEOMETRIC_PRESENTATION_REPRESENTATION (  '', ( #3760 ), #4264 );
#712=CARTESIAN_POINT ( 'NONE',  ( 0.5499999991750000872, 0.1499999999937562667, -1.300099999999999811 ) );
#713=EDGE_LOOP ( 'NONE', ( #3631, #4650, #4874, #4475 ) );
#714=ORIENTED_EDGE ( 'NONE', *, *, #1757, .F. );
#715=FACE_OUTER_BOUND ( 'NONE', #1260, .T. );
#716=LINE ( 'NONE', #2340, #11 );
#717=AXIS2_PLACEMENT_3D ( 'NONE', #171, #35, #1310 );
#718=EDGE_CURVE ( 'NONE', #2112, #1550, #2023, .T. );
#719=VERTEX_POINT ( 'NONE', #1669 );
#720=CARTESIAN_POINT ( 'NONE',  ( -3.350000000000000089, 0.6499999999999974687, 0.7500000000000019984 ) );
#721=ADVANCED_FACE ( 'NONE', ( #3216 ), #2236, .F. );
#722=ORIENTED_EDGE ( 'NONE', *, *, #2347, .F. );
#723=CARTESIAN_POINT ( 'NONE',  ( 2.719999999869510354, 1.400000000000004574, -1.299999999959533081 ) );
#724=ORIENTED_EDGE ( 'NONE', *, *, #1688, .T. );
#725=ADVANCED_FACE ( 'NONE', ( #5006 ), #3624, .F. );
#726=PRESENTATION_LAYER_ASSIGNMENT (  '', '', ( #5054 ) );
#727=ORIENTED_EDGE ( 'NONE', *, *, #2107, .F. );
#728=AXIS2_PLACEMENT_3D ( 'NONE', #123, #27, #122 );
#729=LINE ( 'NONE', #4538, #3549 );
#730=DIRECTION ( 'NONE',  ( -9.876681162117937679E-16, -1.000000000000000000, -3.185229682395820612E-15 ) );
#731=EDGE_CURVE ( 'NONE', #1923, #1922, #3470, .T. );
#732=ORIENTED_EDGE ( 'NONE', *, *, #205, .T. );
#733=ORIENTED_EDGE ( 'NONE', *, *, #593, .T. );
#734=ORIENTED_EDGE ( 'NONE', *, *, #3604, .F. );
#735=LINE ( 'NONE', #2797, #11 );
#736=ORIENTED_EDGE ( 'NONE', *, *, #2167, .T. );
#737=VECTOR ( 'NONE', #947, 1000.000000000000000 );
#738=CARTESIAN_POINT ( 'NONE',  ( -2.849999999969375253, 1.400000000000002798, -0.8000000000267919464 ) );
#739=AXIS2_PLACEMENT_3D ( 'NONE', #2058, #52, #214 );
#740=VERTEX_POINT ( 'NONE', #2170 );
#741=CARTESIAN_POINT ( 'NONE',  ( 3.050000000000000266, 1.100000000000002531, -0.7499999999999961142 ) );
#742=CYLINDRICAL_SURFACE ( 'NONE', #500, 0.2000000000000000944 );
#743=ORIENTED_EDGE ( 'NONE', *, *, #2682, .F. );
#744=VECTOR ( 'NONE', #52, 1000.000000000000000 );
#745=EDGE_CURVE ( 'NONE', #695, #2398, #541, .T. );
#746=ORIENTED_EDGE ( 'NONE', *, *, #3405, .T. );
#747=EDGE_CURVE ( 'NONE', #4336, #3316, #3697, .T. );
#748=LINE ( 'NONE', #4144, #89 );
#749=PRESENTATION_LAYER_ASSIGNMENT (  '', '', ( #1475 ) );
#750=CARTESIAN_POINT ( 'NONE',  ( 0.9299999997041669131, 1.199999999999995293, 1.300000000012504042 ) );
#751=ORIENTED_EDGE ( 'NONE', *, *, #3245, .T. );
#752=CARTESIAN_POINT ( 'NONE',  ( -1.649999999999999911, 0.1499999999999973299, 0.7600000000000001199 ) );
#753=VECTOR ( 'NONE', #3710, 1000.000000000000000 );
#754=FACE_OUTER_BOUND ( 'NONE', #4320, .T. );
#755=LINE ( 'NONE', #3866, #116 );
#756=CARTESIAN_POINT ( 'NONE',  ( 1.125300120096095924, 0.1500000000000004663, -0.1399999999999992084 ) );
#757=VERTEX_POINT ( 'NONE', #4000 );
#758=PLANE ( 'NONE',  #1597 );
#759=PRESENTATION_LAYER_ASSIGNMENT (  '', '', ( #1890 ) );
#760=CARTESIAN_POINT ( 'NONE',  ( 0.9499999999546879792, 0.0001000000000076812790, -2.199999999999999734 ) );
#761=EDGE_CURVE ( 'NONE', #1697, #5016, #932, .T. );
#762=VERTEX_POINT ( 'NONE', #4390 );
#763=AXIS2_PLACEMENT_3D ( 'NONE', #370, #3208, #148 );
#764=ORIENTED_EDGE ( 'NONE', *, *, #1333, .F. );
#765=ORIENTED_EDGE ( 'NONE', *, *, #2347, .T. );
#766=PRESENTATION_LAYER_ASSIGNMENT (  '', '', ( #1574 ) );
#767=ADVANCED_FACE ( 'NONE', ( #962 ), #134, .T. );
#768=ORIENTED_EDGE ( 'NONE', *, *, #2679, .F. );
#769=STYLED_ITEM ( 'NONE', ( #108 ), #2753 );
#770=CARTESIAN_POINT ( 'NONE',  ( 0.9299999999354170432, 1.399999999999995692, 1.300000000031255043 ) );
#771=VERTEX_POINT ( 'NONE', #3327 );
#772=DIRECTION ( 'NONE',  ( -0.000000000000000000, -3.491483361109382461E-15, 1.000000000000000000 ) );
#773=PRESENTATION_LAYER_ASSIGNMENT (  '', '', ( #691 ) );
#774=CARTESIAN_POINT ( 'NONE',  ( -2.720000000000000639, 1.400000000000004574, -1.299999999999995604 ) );
#775=CARTESIAN_POINT ( 'NONE',  ( 2.750000000000000000, 1.400000000000003242, -0.8999999999999952482 ) );
#776=LINE ( 'NONE', #3529, #266 );
#777=CIRCLE ( 'NONE', #1789, 0.4000000000000001887 );
#778=EDGE_CURVE ( 'NONE', #864, #1740, #1850, .T. );
#779=AXIS2_PLACEMENT_3D ( 'NONE', #1034, #35, #256 );
#780=VERTEX_POINT ( 'NONE', #4782 );
#781=CARTESIAN_POINT ( 'NONE',  ( -2.719999999591667272, 1.399999999999997691, 0.7500000000000042188 ) );
#782=MECHANICAL_DESIGN_GEOMETRIC_PRESENTATION_REPRESENTATION (  '', ( #4878 ), #2472 );
#783=LINE ( 'NONE', #1706, #351 );
#784=LINE ( 'NONE', #1232, #1413 );
#785=EDGE_CURVE ( 'NONE', #405, #2100, #1409, .T. );
#786=PLANE ( 'NONE',  #763 );
#787=FACE_OUTER_BOUND ( 'NONE', #2484, .T. );
#788=FACE_OUTER_BOUND ( 'NONE', #1147, .T. );
#789=STYLED_ITEM ( 'NONE', ( #108 ), #834 );
#790=CIRCLE ( 'NONE', #1059, 0.3000000000000000444 );
#791=ORIENTED_EDGE ( 'NONE', *, *, #4400, .F. );
#792=CARTESIAN_POINT ( 'NONE',  ( -3.350000000000000089, 0.7000000000195347738, -1.249999999999997558 ) );
#793=EDGE_CURVE ( 'NONE', #1934, #2833, #4811, .T. );
#794=VERTEX_POINT ( 'NONE', #1790 );
#795=STYLED_ITEM ( 'NONE', ( #40 ), #1854 );
#796=ORIENTED_EDGE ( 'NONE', *, *, #114, .T. );
#797=EDGE_CURVE ( 'NONE', #4434, #3828, #515, .T. );
#798=DIRECTION ( 'NONE',  ( -0.7071067811644551337, 1.533293415945469013E-15, -0.7071067812086400117 ) );
#799=CARTESIAN_POINT ( 'NONE',  ( -2.449999999715624988, 0.1499999999968814612, -1.300099999999999811 ) );
#800=ORIENTED_EDGE ( 'NONE', *, *, #3598, .F. );
#801=DIRECTION ( 'NONE',  ( 1.745741680554692808E-15, -1.000000000000000000, -1.745741680554693794E-15 ) );
#802=LINE ( 'NONE', #2438, #503 );
#803=VERTEX_POINT ( 'NONE', #2156 );
#804=EDGE_CURVE ( 'NONE', #2643, #1447, #1766, .T. );
#805=VECTOR ( 'NONE', #409, 1000.000000000000000 );
#806=LINE ( 'NONE', #3173, #351 );
#807=LINE ( 'NONE', #1318, #2946 );
#808=CARTESIAN_POINT ( 'NONE',  ( -1.430100000000000815, 1.199999999972995557, 1.300000000000000266 ) );
#809=ORIENTED_EDGE ( 'NONE', *, *, #2471, .F. );
#810=ORIENTED_EDGE ( 'NONE', *, *, #3645, .T. );
#811=EDGE_CURVE ( 'NONE', #4290, #1609, #282, .T. );
#812=PRESENTATION_LAYER_ASSIGNMENT (  '', '', ( #3063 ) );
#813=ORIENTED_EDGE ( 'NONE', *, *, #2459, .T. );
#814=EDGE_CURVE ( 'NONE', #3044, #1162, #4995, .T. );
#815=EDGE_LOOP ( 'NONE', ( #2206, #4966, #4939, #3610 ) );
#816=( GEOMETRIC_REPRESENTATION_CONTEXT ( 3 ) GLOBAL_UNCERTAINTY_ASSIGNED_CONTEXT ( ( #73 ) ) GLOBAL_UNIT_ASSIGNED_CONTEXT ( ( #54, #16, #61 ) ) REPRESENTATION_CONTEXT ( 'NONE', 'WORKASPACE' ) );
#817=EDGE_CURVE ( 'NONE', #3749, #4093, #1966, .T. );
#818=ORIENTED_EDGE ( 'NONE', *, *, #793, .T. );
#819=VERTEX_POINT ( 'NONE', #1178 );
#820=( GEOMETRIC_REPRESENTATION_CONTEXT ( 3 ) GLOBAL_UNCERTAINTY_ASSIGNED_CONTEXT ( ( #73 ) ) GLOBAL_UNIT_ASSIGNED_CONTEXT ( ( #54, #16, #61 ) ) REPRESENTATION_CONTEXT ( 'NONE', 'WORKASPACE' ) );
#821=ORIENTED_EDGE ( 'NONE', *, *, #4753, .T. );
#822=EDGE_CURVE ( 'NONE', #4040, #3592, #1993, .T. );
#823=VERTEX_POINT ( 'NONE', #3533 );
#824=CARTESIAN_POINT ( 'NONE',  ( 3.850000000000000089, 0.1999999999999970690, 0.9000000000000005773 ) );
#825=LINE ( 'NONE', #438, #266 );
#826=PRESENTATION_LAYER_ASSIGNMENT (  '', '', ( #1180 ) );
#827=LINE ( 'NONE', #2508, #5089 );
#828=ORIENTED_EDGE ( 'NONE', *, *, #3409, .F. );
#829=EDGE_CURVE ( 'NONE', #628, #4818, #2017, .T. );
#830=VERTEX_POINT ( 'NONE', #3488 );
#831=CARTESIAN_POINT ( 'NONE',  ( -2.134233264133714059, 1.200000000000003730, -1.118366903361121212 ) );
#832=AXIS2_PLACEMENT_3D ( 'NONE', #207, #52, #214 );
#833=DIRECTION ( 'NONE',  ( 0.7071067811865473507, 2.468851561040446781E-15, -0.7071067811865477948 ) );
#834=ADVANCED_FACE ( 'NONE', ( #754 ), #2352, .F. );
#835=ORIENTED_EDGE ( 'NONE', *, *, #761, .T. );
#836=LINE ( 'NONE', #419, #147 );
#837=MECHANICAL_DESIGN_GEOMETRIC_PRESENTATION_REPRESENTATION (  '', ( #3937 ), #3159 );
#838=PLANE ( 'NONE',  #1149 );
#839=PRESENTATION_LAYER_ASSIGNMENT (  '', '', ( #3087 ) );
#840=FACE_OUTER_BOUND ( 'NONE', #2874, .T. );
#841=VERTEX_POINT ( 'NONE', #369 );
#842=CARTESIAN_POINT ( 'NONE',  ( -2.719999999688889059, 1.199999999999997291, 0.7500000000000035527 ) );
#843=STYLED_ITEM ( 'NONE', ( #108 ), #3518 );
#844=PRODUCT_CONTEXT ( 'NONE', #71, 'mechanical' );
#845=AXIS2_PLACEMENT_3D ( 'NONE', #624, #241, #302 );
#846=VERTEX_POINT ( 'NONE', #1233 );
#847=CARTESIAN_POINT ( 'NONE',  ( -3.400000000000000355, 0.2000000000333287675, -0.8999999999999995781 ) );
#848=( GEOMETRIC_REPRESENTATION_CONTEXT ( 3 ) GLOBAL_UNCERTAINTY_ASSIGNED_CONTEXT ( ( #73 ) ) GLOBAL_UNIT_ASSIGNED_CONTEXT ( ( #54, #16, #61 ) ) REPRESENTATION_CONTEXT ( 'NONE', 'WORKASPACE' ) );
#849=CARTESIAN_POINT ( 'NONE',  ( 3.350000000000000089, 1.303600000000004311, -1.249999999999996003 ) );
#850=MECHANICAL_DESIGN_GEOMETRIC_PRESENTATION_REPRESENTATION (  '', ( #1121 ), #675 );
#851=ORIENTED_EDGE ( 'NONE', *, *, #1639, .F. );
#852=( GEOMETRIC_REPRESENTATION_CONTEXT ( 3 ) GLOBAL_UNCERTAINTY_ASSIGNED_CONTEXT ( ( #73 ) ) GLOBAL_UNIT_ASSIGNED_CONTEXT ( ( #54, #16, #61 ) ) REPRESENTATION_CONTEXT ( 'NONE', 'WORKASPACE' ) );
#853=CARTESIAN_POINT ( 'NONE',  ( 2.134233263771841305, 1.400000000000003908, -1.118366903929248091 ) );
#854=ADVANCED_FACE ( 'NONE', ( #2809 ), #2341, .F. );
#855=ORIENTED_EDGE ( 'NONE', *, *, #4379, .F. );
#856=PRESENTATION_LAYER_ASSIGNMENT (  '', '', ( #3101 ) );
#857=CARTESIAN_POINT ( 'NONE',  ( -2.049999999971875653, 0.1499999999906299064, -1.300099999999999811 ) );
#858=EDGE_CURVE ( 'NONE', #3435, #1250, #704, .T. );
#859=CARTESIAN_POINT ( 'NONE',  ( -1.874699879903904076, 0.1500000000000004663, -0.1399999999999992917 ) );
#860=ORIENTED_EDGE ( 'NONE', *, *, #1128, .T. );
#861=CARTESIAN_POINT ( 'NONE',  ( -2.720000000000000639, 1.399999999999995470, 1.300000000000005151 ) );
#862=COLOUR_RGB ( '',1.000000000000000000, 0.000000000000000000, 1.000000000000000000 );
#863=ORIENTED_EDGE ( 'NONE', *, *, #417, .T. );
#864=VERTEX_POINT ( 'NONE', #906 );
#865=LINE ( 'NONE', #2091, #470 );
#866=ADVANCED_FACE ( 'NONE', ( #840 ), #5046, .F. );
#867=LINE ( 'NONE', #2473, #260 );
#868=CARTESIAN_POINT ( 'NONE',  ( 3.149999999999999911, 1.400000000000002576, -1.249999999996872502 ) );
#869=AXIS2_PLACEMENT_3D ( 'NONE', #1679, #52, #214 );
#870=LINE ( 'NONE', #1735, #512 );
#871=PRODUCT_DEFINITION_CONTEXT ( 'detailed design', #71, 'design' );
#872=ORIENTED_EDGE ( 'NONE', *, *, #190, .T. );
#873=AXIS2_PLACEMENT_3D ( 'NONE', #2584, #214, #45 );
#874=LINE ( 'NONE', #4722, #1880 );
#875=PRESENTATION_LAYER_ASSIGNMENT (  '', '', ( #2792 ) );
#876=EDGE_LOOP ( 'NONE', ( #1527, #4124, #1581, #1332, #1675 ) );
#877=EDGE_CURVE ( 'NONE', #2736, #1027, #783, .T. );
#878=DIRECTION ( 'NONE',  ( 1.208333202140695335E-09, 1.000000000000000000, 2.891205793595867688E-15 ) );
#879=EDGE_LOOP ( 'NONE', ( #5010, #195, #26, #458, #2350, #3873 ) );
#880=ORIENTED_EDGE ( 'NONE', *, *, #2941, .F. );
#881=ORIENTED_EDGE ( 'NONE', *, *, #1000, .F. );
#882=AXIS2_PLACEMENT_3D ( 'NONE', #380, #214, #45 );
#883=CARTESIAN_POINT ( 'NONE',  ( 1.430100000000000593, 1.199999999972995557, 0.9500000000000000666 ) );
#884=EDGE_CURVE ( 'NONE', #1162, #1694, #2853, .T. );
#885=CARTESIAN_POINT ( 'NONE',  ( 2.720000000050037503, 1.199999999991504307, -1.299999999999996048 ) );
#886=ORIENTED_EDGE ( 'NONE', *, *, #1895, .F. );
#887=CARTESIAN_POINT ( 'NONE',  ( 2.075000000000000622, 1.399999999999995470, 1.309394180000005292 ) );
#888=EDGE_LOOP ( 'NONE', ( #2599, #4640, #3135, #4066, #2149 ) );
#889=EDGE_CURVE ( 'NONE', #983, #688, #3863, .T. );
#890=FACE_OUTER_BOUND ( 'NONE', #2071, .T. );
#891=AXIS2_PLACEMENT_3D ( 'NONE', #696, #772, #1657 );
#892=CARTESIAN_POINT ( 'NONE',  ( -3.850000000000000533, 1.399999999999996358, 1.300000000000005151 ) );
#893=EDGE_LOOP ( 'NONE', ( #4325, #4863, #743, #4349, #1422, #1314, #4299, #3733 ) );
#894=ORIENTED_EDGE ( 'NONE', *, *, #2638, .F. );
#895=EDGE_CURVE ( 'NONE', #4121, #965, #836, .T. );
#896=CARTESIAN_POINT ( 'NONE',  ( 2.134233263858289931, 1.200000000000003730, -1.118366903830943837 ) );
#897=CARTESIAN_POINT ( 'NONE',  ( 3.449999999999999734, 0.1999999999999970690, 0.9000000000000010214 ) );
#898=VERTEX_POINT ( 'NONE', #3591 );
#899=EDGE_CURVE ( 'NONE', #3474, #4776, #507, .T. );
#900=ORIENTED_EDGE ( 'NONE', *, *, #1361, .T. );
#901=CARTESIAN_POINT ( 'NONE',  ( 3.349999999992839594, 0.9000000000179035897, -0.8000000000015594637 ) );
#902=( GEOMETRIC_REPRESENTATION_CONTEXT ( 3 ) GLOBAL_UNCERTAINTY_ASSIGNED_CONTEXT ( ( #73 ) ) GLOBAL_UNIT_ASSIGNED_CONTEXT ( ( #54, #16, #61 ) ) REPRESENTATION_CONTEXT ( 'NONE', 'WORKASPACE' ) );
#903=LINE ( 'NONE', #2499, #503 );
#904=VERTEX_POINT ( 'NONE', #452 );
#905=LINE ( 'NONE', #2503, #158 );
#906=CARTESIAN_POINT ( 'NONE',  ( -3.850000000000000533, -4.174178364069192071E-15, 1.299900000000000055 ) );
#907=ORIENTED_EDGE ( 'NONE', *, *, #3154, .T. );
#908=VERTEX_POINT ( 'NONE', #2091 );
#909=MECHANICAL_DESIGN_GEOMETRIC_PRESENTATION_REPRESENTATION (  '', ( #3777 ), #2186 );
#910=ORIENTED_EDGE ( 'NONE', *, *, #648, .T. );
#911=VERTEX_POINT ( 'NONE', #2811 );
#912=( GEOMETRIC_REPRESENTATION_CONTEXT ( 3 ) GLOBAL_UNCERTAINTY_ASSIGNED_CONTEXT ( ( #73 ) ) GLOBAL_UNIT_ASSIGNED_CONTEXT ( ( #54, #16, #61 ) ) REPRESENTATION_CONTEXT ( 'NONE', 'WORKASPACE' ) );
#913=ORIENTED_EDGE ( 'NONE', *, *, #1333, .T. );
#914=CYLINDRICAL_SURFACE ( 'NONE', #1105, 0.1999999999999987899 );
#915=FACE_OUTER_BOUND ( 'NONE', #3357, .T. );
#916=EDGE_CURVE ( 'NONE', #4391, #3369, #924, .T. );
#917=LINE ( 'NONE', #1243, #3481 );
#918=DIRECTION ( 'NONE',  ( 0.7071067811865483499, 0.000000000000000000, -0.7071067811865467956 ) );
#919=EDGE_CURVE ( 'NONE', #2837, #3369, #4749, .T. );
#920=PRESENTATION_LAYER_ASSIGNMENT (  '', '', ( #3937 ) );
#921=ORIENTED_EDGE ( 'NONE', *, *, #4054, .F. );
#922=PLANE ( 'NONE',  #553 );
#923=PLANE ( 'NONE',  #2522 );
#924=LINE ( 'NONE', #1686, #266 );
#925=ORIENTED_EDGE ( 'NONE', *, *, #1060, .F. );
#926=MECHANICAL_DESIGN_GEOMETRIC_PRESENTATION_REPRESENTATION (  '', ( #1204 ), #3544 );
#927=CARTESIAN_POINT ( 'NONE',  ( 1.649999999999999911, -1.240466572394679620E-15, 0.3708099243547834933 ) );
#928=VECTOR ( 'NONE', #337, 1000.000000000000000 );
#929=EDGE_CURVE ( 'NONE', #794, #1511, #956, .T. );
#930=ORIENTED_EDGE ( 'NONE', *, *, #1564, .T. );
#931=ORIENTED_EDGE ( 'NONE', *, *, #627, .F. );
#932=LINE ( 'NONE', #491, #3279 );
#933=STYLED_ITEM ( 'NONE', ( #683 ), #4690 );
#934=ORIENTED_EDGE ( 'NONE', *, *, #4992, .T. );
#935=VERTEX_POINT ( 'NONE', #4849 );
#936=EDGE_CURVE ( 'NONE', #4187, #4145, #1483, .T. );
#937=LINE ( 'NONE', #1421, #65 );
#938=VECTOR ( 'NONE', #556, 1000.000000000000000 );
#939=ORIENTED_EDGE ( 'NONE', *, *, #2526, .T. );
#940=CARTESIAN_POINT ( 'NONE',  ( -1.430000000000000604, 1.399999999999995470, 1.300000000000005151 ) );
#941=PRESENTATION_LAYER_ASSIGNMENT (  '', '', ( #5012 ) );
#942=ORIENTED_EDGE ( 'NONE', *, *, #3451, .F. );
#943=MECHANICAL_DESIGN_GEOMETRIC_PRESENTATION_REPRESENTATION (  '', ( #5091 ), #2531 );
#944=DIRECTION ( 'NONE',  ( -2.517641780175528628E-10, -3.491483361109382855E-15, 1.000000000000000000 ) );
#945=EDGE_CURVE ( 'NONE', #3057, #2309, #3497, .T. );
#946=ORIENTED_EDGE ( 'NONE', *, *, #2587, .F. );
#947=DIRECTION ( 'NONE',  ( 0.9551363834789750040, -0.000000000000000000, 0.2961663197507516943 ) );
#948=VECTOR ( 'NONE', #1100, 1000.000000000000000 );
#949=DIRECTION ( 'NONE',  ( 1.204669080539449344E-16, 0.000000000000000000, 1.000000000000000000 ) );
#950=DIRECTION ( 'NONE',  ( -0.2961663197507506395, -3.334842790507033110E-15, 0.9551363834789753371 ) );
#951=AXIS2_PLACEMENT_3D ( 'NONE', #1679, #241, #4313 );
#952=EDGE_CURVE ( 'NONE', #2063, #1694, #3140, .T. );
#953=CARTESIAN_POINT ( 'NONE',  ( -3.149999999999999467, 0.2500000000333307826, -2.200000000000000622 ) );
#954=CARTESIAN_POINT ( 'NONE',  ( -3.849999999999999645, 0.3017999999999967375, 0.9000000000000010214 ) );
#955=AXIS2_PLACEMENT_3D ( 'NONE', #1157, #35, #211 );
#956=LINE ( 'NONE', #1790, #11 );
#957=VERTEX_POINT ( 'NONE', #53 );
#958=ADVANCED_FACE ( 'NONE', ( #2975 ), #1691, .F. );
#959=CARTESIAN_POINT ( 'NONE',  ( 3.399999999999999911, 1.666819893914039952E-11, -2.200000000000001510 ) );
#960=CARTESIAN_POINT ( 'NONE',  ( 1.430000000000000604, 1.400000000000004574, -1.299999999925572247 ) );
#961=LINE ( 'NONE', #462, #744 );
#962=FACE_OUTER_BOUND ( 'NONE', #5051, .T. );
#963=PRESENTATION_LAYER_ASSIGNMENT (  '', '', ( #3194 ) );
#964=DIRECTION ( 'NONE',  ( 0.2961663197507515832, 3.334842790507030349E-15, -0.9551363834789750040 ) );
#965=VERTEX_POINT ( 'NONE', #4482 );
#966=VERTEX_POINT ( 'NONE', #3376 );
#967=EDGE_CURVE ( 'NONE', #4814, #4804, #1049, .T. );
#968=DIRECTION ( 'NONE',  ( -0.000000000000000000, -1.000000000000000000, -0.000000000000000000 ) );
#969=AXIS2_PLACEMENT_3D ( 'NONE', #212, #52, #214 );
#970=DIRECTION ( 'NONE',  ( 0.000000000000000000, 1.000000000000000000, 3.614007241618349165E-15 ) );
#971=EDGE_LOOP ( 'NONE', ( #3287, #151, #4469, #3771 ) );
#972=EDGE_CURVE ( 'NONE', #3291, #528, #2659, .T. );
#973=EDGE_LOOP ( 'NONE', ( #1558, #2022, #1218, #598 ) );
#974=VECTOR ( 'NONE', #590, 1000.000000000000000 );
#975=EDGE_CURVE ( 'NONE', #2890, #4378, #4340, .T. );
#976=ORIENTED_EDGE ( 'NONE', *, *, #4526, .F. );
#977=FACE_OUTER_BOUND ( 'NONE', #4524, .T. );
#978=LINE ( 'NONE', #533, #65 );
#979=ORIENTED_EDGE ( 'NONE', *, *, #3868, .T. );
#980=PRESENTATION_LAYER_ASSIGNMENT (  '', '', ( #4969 ) );
#981=LINE ( 'NONE', #4084, #347 );
#982=DIRECTION ( 'NONE',  ( -0.2961663197507504730, -3.334842790507032715E-15, 0.9551363834789753371 ) );
#983=VERTEX_POINT ( 'NONE', #3570 );
#984=LINE ( 'NONE', #1795, #341 );
#985=EDGE_CURVE ( 'NONE', #3039, #2818, #5050, .T. );
#986=LINE ( 'NONE', #4806, #351 );
#987=CARTESIAN_POINT ( 'NONE',  ( -2.719999999932805057, 1.199999999999995293, 1.299999999932138328 ) );
#988=CARTESIAN_POINT ( 'NONE',  ( 3.350000000000000089, 0.2500000000333291728, -0.8999999999999991340 ) );
#989=ORIENTED_EDGE ( 'NONE', *, *, #4419, .T. );
#990=ORIENTED_EDGE ( 'NONE', *, *, #1700, .F. );
#991=VECTOR ( 'NONE', #4504, 1000.000000000000000 );
#992=EDGE_CURVE ( 'NONE', #2418, #1261, #3932, .T. );
#993=EDGE_LOOP ( 'NONE', ( #3527, #4406, #2449, #3195 ) );
#994=PRESENTATION_LAYER_ASSIGNMENT (  '', '', ( #3225 ) );
#995=EDGE_CURVE ( 'NONE', #2165, #51, #2832, .T. );
#996=ORIENTED_EDGE ( 'NONE', *, *, #1298, .F. );
#997=ORIENTED_EDGE ( 'NONE', *, *, #2479, .F. );
#998=CARTESIAN_POINT ( 'NONE',  ( -3.350000000000000089, 0.6999999999999965139, 0.8000000000000025979 ) );
#999=MECHANICAL_DESIGN_GEOMETRIC_PRESENTATION_REPRESENTATION (  '', ( #1534 ), #1267 );
#1000=EDGE_CURVE ( 'NONE', #2693, #2618, #2824, .T. );
#1001=MECHANICAL_DESIGN_GEOMETRIC_PRESENTATION_REPRESENTATION (  '', ( #1539 ), #3928 );
#1002=EDGE_LOOP ( 'NONE', ( #4885, #4925, #925, #1738 ) );
#1003=EDGE_CURVE ( 'NONE', #1614, #2671, #802, .T. );
#1004=LINE ( 'NONE', #4082, #974 );
#1005=LINE ( 'NONE', #1547, #65 );
#1006=EDGE_LOOP ( 'NONE', ( #544, #2315, #4151, #1031, #1021 ) );
#1007=LINE ( 'NONE', #3692, #65 );
#1008=EDGE_LOOP ( 'NONE', ( #1514, #4895, #2187, #1214 ) );
#1009=LINE ( 'NONE', #640, #136 );
#1010=( GEOMETRIC_REPRESENTATION_CONTEXT ( 3 ) GLOBAL_UNCERTAINTY_ASSIGNED_CONTEXT ( ( #73 ) ) GLOBAL_UNIT_ASSIGNED_CONTEXT ( ( #54, #16, #61 ) ) REPRESENTATION_CONTEXT ( 'NONE', 'WORKASPACE' ) );
#1011=ORIENTED_EDGE ( 'NONE', *, *, #2720, .F. );
#1012=( GEOMETRIC_REPRESENTATION_CONTEXT ( 3 ) GLOBAL_UNCERTAINTY_ASSIGNED_CONTEXT ( ( #73 ) ) GLOBAL_UNIT_ASSIGNED_CONTEXT ( ( #54, #16, #61 ) ) REPRESENTATION_CONTEXT ( 'NONE', 'WORKASPACE' ) );
#1013=SURFACE_SIDE_STYLE ('',( #700 ) );
#1014=ORIENTED_EDGE ( 'NONE', *, *, #936, .F. );
#1015=VERTEX_POINT ( 'NONE', #415 );
#1016=STYLED_ITEM ( 'NONE', ( #40 ), #4502 );
#1017=LINE ( 'NONE', #2610, #266 );
#1018=CONICAL_SURFACE ( 'NONE', #2382, 0.3999999999564362030, 0.7853981633974456145 );
#1019=EDGE_LOOP ( 'NONE', ( #1568, #1927, #4125, #1833 ) );
#1020=VECTOR ( 'NONE', #1736, 1000.000000000000000 );
#1021=ORIENTED_EDGE ( 'NONE', *, *, #1658, .F. );
#1022=ADVANCED_FACE ( 'NONE', ( #4985 ), #4149, .F. );
#1023=ORIENTED_EDGE ( 'NONE', *, *, #3627, .F. );
#1024=EDGE_CURVE ( 'NONE', #4293, #4017, #617, .T. );
#1025=AXIS2_PLACEMENT_3D ( 'NONE', #1435, #1853, #2259 );
#1026=PRESENTATION_LAYER_ASSIGNMENT (  '', '', ( #1385 ) );
#1027=VERTEX_POINT ( 'NONE', #4423 );
#1028=CARTESIAN_POINT ( 'NONE',  ( 0.5499999991750000872, 0.1500000000000076827, -2.199999999999999734 ) );
#1029=AXIS2_PLACEMENT_3D ( 'NONE', #571, #52, #214 );
#1030=MECHANICAL_DESIGN_GEOMETRIC_PRESENTATION_REPRESENTATION (  '', ( #1807 ), #1565 );
#1031=ORIENTED_EDGE ( 'NONE', *, *, #1533, .F. );
#1032=CARTESIAN_POINT ( 'NONE',  ( 3.149999999999999911, 0.2500000000333291728, -0.8999999999999991340 ) );
#1033=LINE ( 'NONE', #4445, #3869 );
#1034=CARTESIAN_POINT ( 'NONE',  ( -2.075000000000000178, 1.200000000000004396, -1.309394179999995744 ) );
#1035=EDGE_CURVE ( 'NONE', #803, #1876, #1120, .T. );
#1036=FACE_OUTER_BOUND ( 'NONE', #4617, .T. );
#1037=MECHANICAL_DESIGN_GEOMETRIC_PRESENTATION_REPRESENTATION (  '', ( #1968 ), #1963 );
#1038=FACE_OUTER_BOUND ( 'NONE', #3600, .T. );
#1039=CARTESIAN_POINT ( 'NONE',  ( 2.749999999931250105, 1.399999999999997247, 0.9000000000687546908 ) );
#1040=CARTESIAN_POINT ( 'NONE',  ( 3.350000000000000089, 1.100000000030763037, 1.300000000000004263 ) );
#1041=EDGE_CURVE ( 'NONE', #4227, #3592, #3370, .T. );
#1042=PLANE ( 'NONE',  #1143 );
#1043=( GEOMETRIC_REPRESENTATION_CONTEXT ( 3 ) GLOBAL_UNCERTAINTY_ASSIGNED_CONTEXT ( ( #73 ) ) GLOBAL_UNIT_ASSIGNED_CONTEXT ( ( #54, #16, #61 ) ) REPRESENTATION_CONTEXT ( 'NONE', 'WORKASPACE' ) );
#1044=ORIENTED_EDGE ( 'NONE', *, *, #2773, .F. );
#1045=CARTESIAN_POINT ( 'NONE',  ( 0.7999999999999998224, 4.888076705553132842E-16, -0.1399999999999999023 ) );
#1046=FACE_OUTER_BOUND ( 'NONE', #1006, .T. );
#1047=( GEOMETRIC_REPRESENTATION_CONTEXT ( 3 ) GLOBAL_UNCERTAINTY_ASSIGNED_CONTEXT ( ( #73 ) ) GLOBAL_UNIT_ASSIGNED_CONTEXT ( ( #54, #16, #61 ) ) REPRESENTATION_CONTEXT ( 'NONE', 'WORKASPACE' ) );
#1048=CARTESIAN_POINT ( 'NONE',  ( 3.149999999999999911, 0.6499999999999973577, 0.7500000000000019984 ) );
#1049=LINE ( 'NONE', #2260, #136 );
#1050=LINE ( 'NONE', #133, #351 );
#1051=CARTESIAN_POINT ( 'NONE',  ( -3.149999999999999911, 1.299999999999996936, 1.250000000000002887 ) );
#1052=EDGE_LOOP ( 'NONE', ( #3250, #1787, #4443, #4704 ) );
#1053=( GEOMETRIC_REPRESENTATION_CONTEXT ( 3 ) GLOBAL_UNCERTAINTY_ASSIGNED_CONTEXT ( ( #73 ) ) GLOBAL_UNIT_ASSIGNED_CONTEXT ( ( #54, #16, #61 ) ) REPRESENTATION_CONTEXT ( 'NONE', 'WORKASPACE' ) );
#1054=EDGE_LOOP ( 'NONE', ( #3787, #1905, #3542, #4477, #4723, #2750, #3035, #3160 ) );
#1055=ORIENTED_EDGE ( 'NONE', *, *, #3313, .T. );
#1056=EDGE_CURVE ( 'NONE', #1546, #2833, #2249, .T. );
#1057=VERTEX_POINT ( 'NONE', #1908 );
#1058=AXIS2_PLACEMENT_3D ( 'NONE', #1322, #4269, #374 );
#1059=AXIS2_PLACEMENT_3D ( 'NONE', #741, #211, #1832 );
#1060=EDGE_CURVE ( 'NONE', #1511, #4250, #4499, .T. );
#1061=EDGE_LOOP ( 'NONE', ( #2775, #3618, #2935, #1902 ) );
#1062=LINE ( 'NONE', #2362, #401 );
#1063=DIRECTION ( 'NONE',  ( 1.000000000000000000, -3.740779687824892007E-30, 1.086901548913761497E-15 ) );
#1064=PLANE ( 'NONE',  #4871 );
#1065=FACE_OUTER_BOUND ( 'NONE', #4750, .T. );
#1066=CARTESIAN_POINT ( 'NONE',  ( 1.350000000000000089, -1.294676681018955630E-15, 0.3708099243547835488 ) );
#1067=EDGE_CURVE ( 'NONE', #2861, #1521, #557, .T. );
#1068=DIRECTION ( 'NONE',  ( -9.876681162117925846E-16, -1.000000000000000000, -3.185229682395821006E-15 ) );
#1069=( GEOMETRIC_REPRESENTATION_CONTEXT ( 3 ) GLOBAL_UNCERTAINTY_ASSIGNED_CONTEXT ( ( #73 ) ) GLOBAL_UNIT_ASSIGNED_CONTEXT ( ( #54, #16, #61 ) ) REPRESENTATION_CONTEXT ( 'NONE', 'WORKASPACE' ) );
#1070=FACE_OUTER_BOUND ( 'NONE', #2501, .T. );
#1071=CARTESIAN_POINT ( 'NONE',  ( 1.199999999968749842, 1.199999999999990630, 2.800000000006253931 ) );
#1072=VERTEX_POINT ( 'NONE', #4900 );
#1073=DIRECTION ( 'NONE',  ( 2.168404344971007685E-15, -3.252606517456511724E-15, 1.000000000000000000 ) );
#1074=CARTESIAN_POINT ( 'NONE',  ( 1.500000000000000000, -0.3000000000000015432, 0.3999999999999993006 ) );
#1075=AXIS2_PLACEMENT_3D ( 'NONE', #18, #92, #148 );
#1076=EDGE_CURVE ( 'NONE', #3092, #4766, #4446, .T. );
#1077=PLANE ( 'NONE',  #3379 );
#1078=ORIENTED_EDGE ( 'NONE', *, *, #2314, .F. );
#1079=MECHANICAL_DESIGN_GEOMETRIC_PRESENTATION_REPRESENTATION (  '', ( #3290 ), #3838 );
#1080=ORIENTED_EDGE ( 'NONE', *, *, #2216, .T. );
#1081=LINE ( 'NONE', #1520, #1413 );
#1082=ORIENTED_EDGE ( 'NONE', *, *, #1632, .T. );
#1083=ORIENTED_EDGE ( 'NONE', *, *, #2431, .T. );
#1084=ORIENTED_EDGE ( 'NONE', *, *, #3504, .T. );
#1085=MECHANICAL_DESIGN_GEOMETRIC_PRESENTATION_REPRESENTATION (  '', ( #5054 ), #3605 );
#1086=CARTESIAN_POINT ( 'NONE',  ( -2.849999999987501198, 1.399999999999997691, 0.8000000000000051514 ) );
#1087=VERTEX_POINT ( 'NONE', #3075 );
#1088=LINE ( 'NONE', #1887, #2930 );
#1089=ORIENTED_EDGE ( 'NONE', *, *, #2819, .F. );
#1090=VECTOR ( 'NONE', #2205, 1000.000000000000114 );
#1091=FACE_OUTER_BOUND ( 'NONE', #1054, .T. );
#1092=PLANE ( 'NONE',  #2057 );
#1093=PRESENTATION_LAYER_ASSIGNMENT (  '', '', ( #3612 ) );
#1094=ORIENTED_EDGE ( 'NONE', *, *, #4282, .T. );
#1095=DIRECTION ( 'NONE',  ( 1.000000000000000000, -1.626303258453812731E-15, 0.000000000000000000 ) );
#1096=EDGE_CURVE ( 'NONE', #2271, #2092, #4521, .T. );
#1097=ORIENTED_EDGE ( 'NONE', *, *, #4146, .T. );
#1098=PRESENTATION_LAYER_ASSIGNMENT (  '', '', ( #1692 ) );
#1099=ADVANCED_FACE ( 'NONE', ( #3766 ), #4126, .F. );
#1100=DIRECTION ( 'NONE',  ( 0.9551363834789750040, -0.000000000000000000, 0.2961663197507515832 ) );
#1101=LINE ( 'NONE', #677, #2317 );
#1102=MECHANICAL_DESIGN_GEOMETRIC_PRESENTATION_REPRESENTATION (  '', ( #472 ), #4212 );
#1103=LINE ( 'NONE', #2222, #65 );
#1104=ORIENTED_EDGE ( 'NONE', *, *, #1220, .T. );
#1105=AXIS2_PLACEMENT_3D ( 'NONE', #654, #35, #256 );
#1106=EDGE_LOOP ( 'NONE', ( #4745, #3637, #855, #4237 ) );
#1107=ORIENTED_EDGE ( 'NONE', *, *, #4632, .F. );
#1108=PLANE ( 'NONE',  #4760 );
#1109=MECHANICAL_DESIGN_GEOMETRIC_PRESENTATION_REPRESENTATION (  '', ( #392 ), #4851 );
#1110=AXIS2_PLACEMENT_3D ( 'NONE', #2797, #52, #214 );
#1111=CARTESIAN_POINT ( 'NONE',  ( 0.09999999999999982514, 1.199999999999995959, 1.100000000000004086 ) );
#1112=ORIENTED_EDGE ( 'NONE', *, *, #3746, .T. );
#1113=EDGE_CURVE ( 'NONE', #2725, #2159, #3343, .T. );
#1114=MECHANICAL_DESIGN_GEOMETRIC_PRESENTATION_REPRESENTATION (  '', ( #2116 ), #3319 );
#1115=ORIENTED_EDGE ( 'NONE', *, *, #4489, .T. );
#1116=( GEOMETRIC_REPRESENTATION_CONTEXT ( 3 ) GLOBAL_UNCERTAINTY_ASSIGNED_CONTEXT ( ( #73 ) ) GLOBAL_UNIT_ASSIGNED_CONTEXT ( ( #54, #16, #61 ) ) REPRESENTATION_CONTEXT ( 'NONE', 'WORKASPACE' ) );
#1117=LINE ( 'NONE', #1028, #147 );
#1118=VERTEX_POINT ( 'NONE', #3053 );
#1119=ADVANCED_FACE ( 'NONE', ( #1091 ), #3743, .F. );
#1120=LINE ( 'NONE', #2516, #341 );
#1121=STYLED_ITEM ( 'NONE', ( #193 ), #3170 );
#1122=CARTESIAN_POINT ( 'NONE',  ( -3.399999999999999911, 0.2500000000333288397, 0.9000000000000010214 ) );
#1123=PLANE ( 'NONE',  #4009 );
#1124=MECHANICAL_DESIGN_GEOMETRIC_PRESENTATION_REPRESENTATION (  '', ( #1391 ), #2934 );
#1125=LINE ( 'NONE', #3326, #2228 );
#1126=ORIENTED_EDGE ( 'NONE', *, *, #3666, .T. );
#1127=PLANE ( 'NONE',  #2563 );
#1128=EDGE_CURVE ( 'NONE', #1949, #5072, #3559, .T. );
#1129=MECHANICAL_DESIGN_GEOMETRIC_PRESENTATION_REPRESENTATION (  '', ( #4315 ), #3412 );
#1130=DIRECTION ( 'NONE',  ( -0.7071067810009351584, -3.066586830923034094E-15, 0.7071067813721599871 ) );
#1131=FACE_OUTER_BOUND ( 'NONE', #4728, .T. );
#1132=EDGE_CURVE ( 'NONE', #3587, #51, #2801, .T. );
#1133=EDGE_LOOP ( 'NONE', ( #353, #3406, #2569, #2896, #4983, #4918, #2368, #2787 ) );
#1134=AXIS2_PLACEMENT_3D ( 'NONE', #2204, #1626, #2543 );
#1135=ORIENTED_EDGE ( 'NONE', *, *, #1942, .F. );
#1136=ORIENTED_EDGE ( 'NONE', *, *, #4456, .F. );
#1137=DIRECTION ( 'NONE',  ( 0.000000000000000000, 1.000000000000000000, 3.469446951953587762E-15 ) );
#1138=EDGE_CURVE ( 'NONE', #2398, #2104, #4339, .T. );
#1139=MECHANICAL_DESIGN_GEOMETRIC_PRESENTATION_REPRESENTATION (  '', ( #4245 ), #1725 );
#1140=ORIENTED_EDGE ( 'NONE', *, *, #1723, .F. );
#1141=CARTESIAN_POINT ( 'NONE',  ( -2.749999999862187128, 1.199999999980629450, -1.300099999999996037 ) );
#1142=PRESENTATION_LAYER_ASSIGNMENT (  '', '', ( #3337 ) );
#1143=AXIS2_PLACEMENT_3D ( 'NONE', #342, #4065, #2254 );
#1144=EDGE_LOOP ( 'NONE', ( #4636, #2734, #4123, #3074, #4049 ) );
#1145=LINE ( 'NONE', #4873, #351 );
#1146=AXIS2_PLACEMENT_3D ( 'NONE', #1815, #1303, #3227 );
#1147=EDGE_LOOP ( 'NONE', ( #1438, #835, #2992, #3491, #1812 ) );
#1148=STYLED_ITEM ( 'NONE', ( #108 ), #3317 );
#1149=AXIS2_PLACEMENT_3D ( 'NONE', #82, #302, #52 );
#1150=EDGE_CURVE ( 'NONE', #1857, #2949, #1591, .T. );
#1151=LINE ( 'NONE', #3425, #260 );
#1152=VERTEX_POINT ( 'NONE', #4620 );
#1153=FACE_OUTER_BOUND ( 'NONE', #2184, .T. );
#1154=CARTESIAN_POINT ( 'NONE',  ( 3.849999999999999645, 7.724940478959219092E-15, -2.200000000000000178 ) );
#1155=ORIENTED_EDGE ( 'NONE', *, *, #1843, .T. );
#1156=CIRCLE ( 'NONE', #1075, 0.05000000000000012768 );
#1157=CARTESIAN_POINT ( 'NONE',  ( 1.500000000000000000, 5.421010862427522170E-17, 1.800832703444117038E-16 ) );
#1158=ORIENTED_EDGE ( 'NONE', *, *, #1290, .F. );
#1159=ORIENTED_EDGE ( 'NONE', *, *, #4644, .T. );
#1160=PLANE ( 'NONE',  #3987 );
#1161=ADVANCED_FACE ( 'NONE', ( #4945 ), #3839, .F. );
#1162=VERTEX_POINT ( 'NONE', #2645 );
#1163=LINE ( 'NONE', #1141, #2816 );
#1164=EDGE_CURVE ( 'NONE', #3918, #3092, #806, .T. );
#1165=ORIENTED_EDGE ( 'NONE', *, *, #3657, .T. );
#1166=CARTESIAN_POINT ( 'NONE',  ( 3.050000000000000266, 1.400000000000004574, -1.299999999999995159 ) );
#1167=FACE_OUTER_BOUND ( 'NONE', #3280, .T. );
#1168=ORIENTED_EDGE ( 'NONE', *, *, #747, .T. );
#1169=CARTESIAN_POINT ( 'NONE',  ( -1.430000000000000604, 1.400000000000003908, -1.099999999999994982 ) );
#1170=EDGE_CURVE ( 'NONE', #740, #2603, #3463, .T. );
#1171=CARTESIAN_POINT ( 'NONE',  ( -3.850000000000000533, 1.399999999999995470, 1.300000000000005151 ) );
#1172=CARTESIAN_POINT ( 'NONE',  ( -3.149999999999999467, 3.332887774308531571E-11, -1.300100000000000255 ) );
#1173=PLANE ( 'NONE',  #869 );
#1174=VERTEX_POINT ( 'NONE', #5021 );
#1175=EDGE_CURVE ( 'NONE', #757, #13, #3199, .T. );
#1176=LINE ( 'NONE', #2754, #89 );
#1177=PRESENTATION_LAYER_ASSIGNMENT (  '', '', ( #1534 ) );
#1178=CARTESIAN_POINT ( 'NONE',  ( 3.050000000000000266, 1.399999999999997469, 0.7499999997000045271 ) );
#1179=CARTESIAN_POINT ( 'NONE',  ( -3.349999999999999645, 0.2500000000333291728, -2.200000000000000622 ) );
#1180=STYLED_ITEM ( 'NONE', ( #108 ), #4015 );
#1181=ORIENTED_EDGE ( 'NONE', *, *, #4182, .F. );
#1182=EDGE_CURVE ( 'NONE', #2245, #1644, #1930, .T. );
#1183=LINE ( 'NONE', #4251, #89 );
#1184=( GEOMETRIC_REPRESENTATION_CONTEXT ( 3 ) GLOBAL_UNCERTAINTY_ASSIGNED_CONTEXT ( ( #73 ) ) GLOBAL_UNIT_ASSIGNED_CONTEXT ( ( #54, #16, #61 ) ) REPRESENTATION_CONTEXT ( 'NONE', 'WORKASPACE' ) );
#1185=ORIENTED_EDGE ( 'NONE', *, *, #2776, .T. );
#1186=ORIENTED_EDGE ( 'NONE', *, *, #5015, .F. );
#1187=DIRECTION ( 'NONE',  ( 5.642372882994768304E-30, 3.469446951953587762E-15, -1.000000000000000000 ) );
#1188=CARTESIAN_POINT ( 'NONE',  ( 3.149999999885155333, 1.400000000000003686, -1.299999999999995159 ) );
#1189=ORIENTED_EDGE ( 'NONE', *, *, #3712, .T. );
#1190=PRESENTATION_LAYER_ASSIGNMENT (  '', '', ( #2988 ) );
#1191=CARTESIAN_POINT ( 'NONE',  ( -1.299999999999999822, 0.1500000000000043798, -1.259999999999999343 ) );
#1192=EDGE_CURVE ( 'NONE', #4470, #1571, #5040, .T. );
#1193=ORIENTED_EDGE ( 'NONE', *, *, #2154, .F. );
#1194=VERTEX_POINT ( 'NONE', #3312 );
#1195=EDGE_CURVE ( 'NONE', #757, #4293, #4284, .T. );
#1196=VECTOR ( 'NONE', #247, 1000.000000000000114 );
#1197=DIRECTION ( 'NONE',  ( 0.000000000000000000, -1.000000000000000000, -4.336808689942013003E-15 ) );
#1198=( GEOMETRIC_REPRESENTATION_CONTEXT ( 3 ) GLOBAL_UNCERTAINTY_ASSIGNED_CONTEXT ( ( #73 ) ) GLOBAL_UNIT_ASSIGNED_CONTEXT ( ( #54, #16, #61 ) ) REPRESENTATION_CONTEXT ( 'NONE', 'WORKASPACE' ) );
#1199=EDGE_LOOP ( 'NONE', ( #3614, #2902, #2153, #900, #1347, #2592, #1412, #101 ) );
#1200=PRESENTATION_LAYER_ASSIGNMENT (  '', '', ( #4999 ) );
#1201=PRESENTATION_LAYER_ASSIGNMENT (  '', '', ( #1561 ) );
#1202=MECHANICAL_DESIGN_GEOMETRIC_PRESENTATION_REPRESENTATION (  '', ( #3634 ), #5003 );
#1203=DIRECTION ( 'NONE',  ( -1.406210217691721450E-11, 1.000000000000000000, 4.336808689874237229E-15 ) );
#1204=STYLED_ITEM ( 'NONE', ( #108 ), #4902 );
#1205=EDGE_CURVE ( 'NONE', #3938, #2937, #1305, .T. );
#1206=ORIENTED_EDGE ( 'NONE', *, *, #4303, .F. );
#1207=PLANE ( 'NONE',  #5014 );
#1208=PRESENTATION_LAYER_ASSIGNMENT (  '', '', ( #4315 ) );
#1209=VERTEX_POINT ( 'NONE', #2900 );
#1210=VECTOR ( 'NONE', #3321, 1000.000000000000000 );
#1211=EDGE_CURVE ( 'NONE', #2100, #3363, #2490, .T. );
#1212=ORIENTED_EDGE ( 'NONE', *, *, #2819, .T. );
#1213=CARTESIAN_POINT ( 'NONE',  ( -3.149999999811329943, 1.400000001148427264, -1.299999999999995159 ) );
#1214=ORIENTED_EDGE ( 'NONE', *, *, #3207, .T. );
#1215=MECHANICAL_DESIGN_GEOMETRIC_PRESENTATION_REPRESENTATION (  '', ( #4624 ), #5023 );
#1216=VERTEX_POINT ( 'NONE', #4306 );
#1217=AXIS2_PLACEMENT_3D ( 'NONE', #433, #34, #148 );
#1218=ORIENTED_EDGE ( 'NONE', *, *, #2808, .T. );
#1219=VECTOR ( 'NONE', #4221, 1000.000000000000000 );
#1220=EDGE_CURVE ( 'NONE', #4434, #3702, #4008, .T. );
#1221=CARTESIAN_POINT ( 'NONE',  ( -3.350000000000000089, 0.7000000000000027311, -0.7999999999999974909 ) );
#1222=DIRECTION ( 'NONE',  ( 1.204669080539450083E-16, 0.000000000000000000, -1.000000000000000000 ) );
#1223=CARTESIAN_POINT ( 'NONE',  ( -2.200000000000000178, -2.653527354443129313E-15, 0.7599999999999995648 ) );
#1224=EDGE_CURVE ( 'NONE', #1606, #3010, #4355, .T. );
#1225=AXIS2_PLACEMENT_3D ( 'NONE', #280, #214, #45 );
#1226=CARTESIAN_POINT ( 'NONE',  ( -3.350000000000000089, 1.400000000000002576, -0.7499999999999950040 ) );
#1227=ORIENTED_EDGE ( 'NONE', *, *, #1680, .T. );
#1228=CYLINDRICAL_SURFACE ( 'NONE', #717, 0.4000000000000001887 );
#1229=LINE ( 'NONE', #2351, #503 );
#1230=CARTESIAN_POINT ( 'NONE',  ( 2.720000000000000195, 1.399999999999995470, 1.300000000000005151 ) );
#1231=PRESENTATION_LAYER_ASSIGNMENT (  '', '', ( #4036 ) );
#1232=CARTESIAN_POINT ( 'NONE',  ( -2.720000000000000639, 1.400000000000002576, -0.7499999999999950040 ) );
#1233=CARTESIAN_POINT ( 'NONE',  ( -1.300000000000000044, 1.209485315044560497E-15, -0.3464101615137754053 ) );
#1234=ADVANCED_FACE ( 'NONE', ( #4764 ), #2136, .F. );
#1235=DIRECTION ( 'NONE',  ( -0.4472135954999573726, -0.8944271909999161885, 0.000000000000000000 ) );
#1236=VECTOR ( 'NONE', #4433, 1000.000000000000000 );
#1237=ORIENTED_EDGE ( 'NONE', *, *, #4741, .F. );
#1238=LINE ( 'NONE', #2051, #658 );
#1239=( GEOMETRIC_REPRESENTATION_CONTEXT ( 3 ) GLOBAL_UNCERTAINTY_ASSIGNED_CONTEXT ( ( #73 ) ) GLOBAL_UNIT_ASSIGNED_CONTEXT ( ( #54, #16, #61 ) ) REPRESENTATION_CONTEXT ( 'NONE', 'WORKASPACE' ) );
#1240=ADVANCED_FACE ( 'NONE', ( #37 ), #2920, .F. );
#1241=EDGE_LOOP ( 'NONE', ( #2089, #3096, #2741, #2239, #634, #1389, #674, #4161, #2299, #2134, #3284, #348, #5053, #3139 ) );
#1242=ORIENTED_EDGE ( 'NONE', *, *, #1748, .T. );
#1243=CARTESIAN_POINT ( 'NONE',  ( 2.449999999956250285, 0.1499999999843796561, -1.300099999999999811 ) );
#1244=CARTESIAN_POINT ( 'NONE',  ( -3.850000000000000533, 1.199999999939995510, 1.300000000000004485 ) );
#1245=STYLED_ITEM ( 'NONE', ( #108 ), #1775 );
#1246=ORIENTED_EDGE ( 'NONE', *, *, #1680, .F. );
#1247=CARTESIAN_POINT ( 'NONE',  ( -2.727740000000000720, 1.199999999999995959, 1.108250545000004639 ) );
#1248=EDGE_CURVE ( 'NONE', #2242, #2016, #4492, .T. );
#1249=EDGE_LOOP ( 'NONE', ( #2101, #3622, #3348, #3949 ) );
#1250=VERTEX_POINT ( 'NONE', #4794 );
#1251=( GEOMETRIC_REPRESENTATION_CONTEXT ( 3 ) GLOBAL_UNCERTAINTY_ASSIGNED_CONTEXT ( ( #73 ) ) GLOBAL_UNIT_ASSIGNED_CONTEXT ( ( #54, #16, #61 ) ) REPRESENTATION_CONTEXT ( 'NONE', 'WORKASPACE' ) );
#1252=CARTESIAN_POINT ( 'NONE',  ( 3.399999999999999911, 0.2500000000333288397, 1.299900000000000055 ) );
#1253=CARTESIAN_POINT ( 'NONE',  ( -3.149999999978124965, 1.399999999999996803, 1.300000000000005151 ) );
#1254=EDGE_LOOP ( 'NONE', ( #3261, #4942, #3211, #357 ) );
#1255=CARTESIAN_POINT ( 'NONE',  ( 3.149999999945312545, 1.400000000000003464, -1.300099999999995148 ) );
#1256=CARTESIAN_POINT ( 'NONE',  ( -3.350000000000000089, 0.7000000000312531778, -0.7999999999999974909 ) );
#1257=STYLED_ITEM ( 'NONE', ( #108 ), #3806 );
#1258=DIRECTION ( 'NONE',  ( 1.084202172575852871E-15, -1.000000000000000000, 0.000000000000000000 ) );
#1259=EDGE_CURVE ( 'NONE', #695, #4609, #937, .T. );
#1260=EDGE_LOOP ( 'NONE', ( #2783, #5086, #3138, #145 ) );
#1261=VERTEX_POINT ( 'NONE', #2964 );
#1262=LINE ( 'NONE', #429, #512 );
#1263=EDGE_CURVE ( 'NONE', #1152, #4470, #3414, .T. );
#1264=CARTESIAN_POINT ( 'NONE',  ( -3.150000000000000355, 0.7000000000156221258, 0.7500000000000045519 ) );
#1265=ORIENTED_EDGE ( 'NONE', *, *, #72, .F. );
#1266=EDGE_LOOP ( 'NONE', ( #2960, #1346, #3027, #609 ) );
#1267=( GEOMETRIC_REPRESENTATION_CONTEXT ( 3 ) GLOBAL_UNCERTAINTY_ASSIGNED_CONTEXT ( ( #73 ) ) GLOBAL_UNIT_ASSIGNED_CONTEXT ( ( #54, #16, #61 ) ) REPRESENTATION_CONTEXT ( 'NONE', 'WORKASPACE' ) );
#1268=ORIENTED_EDGE ( 'NONE', *, *, #656, .F. );
#1269=ORIENTED_EDGE ( 'NONE', *, *, #2323, .F. );
#1270=LINE ( 'NONE', #342, #401 );
#1271=ORIENTED_EDGE ( 'NONE', *, *, #3269, .T. );
#1272=LINE ( 'NONE', #1111, #11 );
#1273=EDGE_CURVE ( 'NONE', #1261, #2289, #1156, .T. );
#1274=ORIENTED_EDGE ( 'NONE', *, *, #1971, .T. );
#1275=FACE_OUTER_BOUND ( 'NONE', #4910, .T. );
#1276=LINE ( 'NONE', #892, #5 );
#1277=VERTEX_POINT ( 'NONE', #998 );
#1278=PRESENTATION_LAYER_ASSIGNMENT (  '', '', ( #573 ) );
#1279=ORIENTED_EDGE ( 'NONE', *, *, #4665, .T. );
#1280=PRESENTATION_LAYER_ASSIGNMENT (  '', '', ( #577 ) );
#1281=DIRECTION ( 'NONE',  ( -1.204669080539450083E-16, -3.491483361109382066E-15, 1.000000000000000000 ) );
#1282=PRODUCT_RELATED_PRODUCT_CATEGORY ( 'part', '', ( #2181 ) );
#1283=FACE_OUTER_BOUND ( 'NONE', #2158, .T. );
#1284=ORIENTED_EDGE ( 'NONE', *, *, #3756, .T. );
#1285=ADVANCED_FACE ( 'NONE', ( #2294 ), #3812, .F. );
#1286=CARTESIAN_POINT ( 'NONE',  ( 3.149999999981250465, 1.300000000114058807, 0.8000000000039110271 ) );
#1287=PRESENTATION_LAYER_ASSIGNMENT (  '', '', ( #5009 ) );
#1288=ORIENTED_EDGE ( 'NONE', *, *, #3756, .F. );
#1289=VERTEX_POINT ( 'NONE', #234 );
#1290=EDGE_CURVE ( 'NONE', #4761, #1162, #4844, .T. );
#1291=CARTESIAN_POINT ( 'NONE',  ( -2.749999999999999556, 1.400000000000004574, -0.9000000002012455980 ) );
#1292=STYLED_ITEM ( 'NONE', ( #40 ), #3209 );
#1293=EDGE_LOOP ( 'NONE', ( #791, #3968, #3440, #939 ) );
#1294=STYLED_ITEM ( 'NONE', ( #108 ), #1936 );
#1295=PRESENTATION_LAYER_ASSIGNMENT (  '', '', ( #2616 ) );
#1296=DIRECTION ( 'NONE',  ( -1.000000000000000000, 2.500040105641926933E-10, 0.000000000000000000 ) );
#1297=LINE ( 'NONE', #328, #351 );
#1298=EDGE_CURVE ( 'NONE', #4592, #1727, #3737, .T. );
#1299=ORIENTED_EDGE ( 'NONE', *, *, #745, .T. );
#1300=PLANE ( 'NONE',  #3626 );
#1301=VECTOR ( 'NONE', #302, 1000.000000000000000 );
#1302=ORIENTED_EDGE ( 'NONE', *, *, #3684, .T. );
#1303=DIRECTION ( 'NONE',  ( 1.086901548913761694E-15, 3.491483361109382855E-15, -1.000000000000000000 ) );
#1304=CARTESIAN_POINT ( 'NONE',  ( 0.9499999997281253217, 0.0001000000000045392882, -1.300100000000000255 ) );
#1305=CIRCLE ( 'NONE', #955, 0.4000000000000001887 );
#1306=ADVANCED_FACE ( 'NONE', ( #3384 ), #1903, .F. );
#1307=ORIENTED_EDGE ( 'NONE', *, *, #2272, .T. );
#1308=MECHANICAL_DESIGN_GEOMETRIC_PRESENTATION_REPRESENTATION (  '', ( #4392 ), #4627 );
#1309=ORIENTED_EDGE ( 'NONE', *, *, #194, .T. );
#1310=DIRECTION ( 'NONE',  ( 0.000000000000000000, -3.523657060577887833E-15, 1.000000000000000000 ) );
#1311=EDGE_CURVE ( 'NONE', #2225, #4044, #4554, .T. );
#1312=CARTESIAN_POINT ( 'NONE',  ( -3.149999999934375516, 0.6499999999937537964, -1.299999999999998046 ) );
#1313=MECHANICAL_DESIGN_GEOMETRIC_PRESENTATION_REPRESENTATION (  '', ( #2141 ), #3963 );
#1314=ORIENTED_EDGE ( 'NONE', *, *, #952, .T. );
#1315=STYLED_ITEM ( 'NONE', ( #40 ), #3588 );
#1316=( GEOMETRIC_REPRESENTATION_CONTEXT ( 3 ) GLOBAL_UNCERTAINTY_ASSIGNED_CONTEXT ( ( #73 ) ) GLOBAL_UNIT_ASSIGNED_CONTEXT ( ( #54, #16, #61 ) ) REPRESENTATION_CONTEXT ( 'NONE', 'WORKASPACE' ) );
#1317=ORIENTED_EDGE ( 'NONE', *, *, #2431, .F. );
#1318=CARTESIAN_POINT ( 'NONE',  ( -1.430100000000000815, 1.199999999972995557, 0.9500000000000000666 ) );
#1319=STYLED_ITEM ( 'NONE', ( #108 ), #3299 );
#1320=CARTESIAN_POINT ( 'NONE',  ( 1.400000000000000133, 0.7999999999999951594, 1.410000000000002807 ) );
#1321=ORIENTED_EDGE ( 'NONE', *, *, #1978, .F. );
#1322=CARTESIAN_POINT ( 'NONE',  ( -1.429999999999996607, 0.7899999999729954148, 0.9500000000000000666 ) );
#1323=DIRECTION ( 'NONE',  ( -0.9551363834789750040, 0.000000000000000000, -0.2961663197507515832 ) );
#1324=ORIENTED_EDGE ( 'NONE', *, *, #2167, .F. );
#1325=ORIENTED_EDGE ( 'NONE', *, *, #1420, .T. );
#1326=CARTESIAN_POINT ( 'NONE',  ( -2.050000000000000266, 0.1500000000000076827, -2.199999999999999734 ) );
#1327=CARTESIAN_POINT ( 'NONE',  ( 3.350000000000000533, 0.8999999999999962474, 0.8000000000000047073 ) );
#1328=ORIENTED_EDGE ( 'NONE', *, *, #3649, .T. );
#1329=MECHANICAL_DESIGN_GEOMETRIC_PRESENTATION_REPRESENTATION (  '', ( #795 ), #4308 );
#1330=PRESENTATION_LAYER_ASSIGNMENT (  '', '', ( #4190 ) );
#1331=EDGE_CURVE ( 'NONE', #4548, #719, #326, .T. );
#1332=ORIENTED_EDGE ( 'NONE', *, *, #2555, .T. );
#1333=EDGE_CURVE ( 'NONE', #2155, #2112, #4572, .T. );
#1334=CARTESIAN_POINT ( 'NONE',  ( 3.400000000000000355, 0.2000000000333287675, -1.299999999999999378 ) );
#1335=CARTESIAN_POINT ( 'NONE',  ( 0.9300000000000002709, 1.400000000000004574, -1.299999999999995159 ) );
#1336=ORIENTED_EDGE ( 'NONE', *, *, #2899, .T. );
#1337=CARTESIAN_POINT ( 'NONE',  ( 2.749999999983749888, 1.199999999996878453, -1.300099999999996037 ) );
#1338=EDGE_LOOP ( 'NONE', ( #480, #1693, #1309, #1343, #4658, #1881, #508, #3837 ) );
#1339=CARTESIAN_POINT ( 'NONE',  ( -2.720000000000000639, 1.400000000000003020, -0.7499999998666616596 ) );
#1340=CARTESIAN_POINT ( 'NONE',  ( 2.719999999973340188, 0.6499999999999973577, 0.7500000000000019984 ) );
#1341=LINE ( 'NONE', #1684, #3941 );
#1342=EDGE_CURVE ( 'NONE', #1697, #898, #1556, .T. );
#1343=ORIENTED_EDGE ( 'NONE', *, *, #731, .T. );
#1344=LINE ( 'NONE', #2102, #1413 );
#1345=CARTESIAN_POINT ( 'NONE',  ( -3.150000000000000355, 1.399999999999997691, 0.8000000000257861954 ) );
#1346=ORIENTED_EDGE ( 'NONE', *, *, #3292, .T. );
#1347=ORIENTED_EDGE ( 'NONE', *, *, #1834, .T. );
#1348=ORIENTED_EDGE ( 'NONE', *, *, #3097, .T. );
#1349=EDGE_CURVE ( 'NONE', #3257, #1194, #4208, .T. );
#1350=EDGE_LOOP ( 'NONE', ( #1590, #4025, #517, #3019, #4674 ) );
#1351=LINE ( 'NONE', #482, #3912 );
#1352=ORIENTED_EDGE ( 'NONE', *, *, #68, .F. );
#1353=CARTESIAN_POINT ( 'NONE',  ( 3.349999999999999645, 0.8999999999999958034, 1.249999999998830713 ) );
#1354=FACE_OUTER_BOUND ( 'NONE', #1293, .T. );
#1355=VERTEX_POINT ( 'NONE', #859 );
#1356=CARTESIAN_POINT ( 'NONE',  ( 0.9300000000000002709, 1.400000000000003908, -1.099999999999994982 ) );
#1357=LINE ( 'NONE', #2921, #136 );
#1358=PLANE ( 'NONE',  #1134 );
#1359=VECTOR ( 'NONE', #3934, 1000.000000000000000 );
#1360=ORIENTED_EDGE ( 'NONE', *, *, #1904, .F. );
#1361=EDGE_CURVE ( 'NONE', #2745, #4288, #1163, .T. );
#1362=CARTESIAN_POINT ( 'NONE',  ( 1.350000000000000089, 0.1499999999999986899, 0.3708099243547841040 ) );
#1363=ORIENTED_EDGE ( 'NONE', *, *, #3980, .F. );
#1364=DIRECTION ( 'NONE',  ( -1.000000000000000000, 2.344146736563622820E-11, 0.000000000000000000 ) );
#1365=MECHANICAL_DESIGN_GEOMETRIC_PRESENTATION_REPRESENTATION (  '', ( #1869 ), #1012 );
#1366=CARTESIAN_POINT ( 'NONE',  ( 2.015766736000000225, 1.400000000000003908, -1.118366903999995055 ) );
#1367=ADVANCED_FACE ( 'NONE', ( #382 ), #1823, .F. );
#1368=AXIS2_PLACEMENT_3D ( 'NONE', #2169, #35, #1310 );
#1369=EDGE_LOOP ( 'NONE', ( #1227, #4494, #3976, #4899 ) );
#1370=FACE_OUTER_BOUND ( 'NONE', #3336, .T. );
#1371=CARTESIAN_POINT ( 'NONE',  ( 2.720000000000000195, 1.399999999999997469, 0.7500000000000045519 ) );
#1372=ORIENTED_EDGE ( 'NONE', *, *, #227, .T. );
#1373=VECTOR ( 'NONE', #4635, 1000.000000000000000 );
#1374=LINE ( 'NONE', #1045, #11 );
#1375=PRESENTATION_LAYER_ASSIGNMENT (  '', '', ( #4373 ) );
#1376=EDGE_CURVE ( 'NONE', #4846, #2919, #4193, .T. );
#1377=ORIENTED_EDGE ( 'NONE', *, *, #1205, .T. );
#1378=AXIS2_PLACEMENT_3D ( 'NONE', #3184, #52, #214 );
#1379=CARTESIAN_POINT ( 'NONE',  ( -3.050000000000000266, 1.399999999999997691, 0.7500000000000045519 ) );
#1380=DIRECTION ( 'NONE',  ( 1.000000000000000000, 1.478490362622864009E-11, 5.162124500658306714E-26 ) );
#1381=CARTESIAN_POINT ( 'NONE',  ( 3.149999999999999467, 0.2500000000333307826, 0.8999999999015637631 ) );
#1382=ORIENTED_EDGE ( 'NONE', *, *, #1273, .T. );
#1383=ORIENTED_EDGE ( 'NONE', *, *, #1932, .F. );
#1384=FACE_OUTER_BOUND ( 'NONE', #5069, .T. );
#1385=STYLED_ITEM ( 'NONE', ( #193 ), #3142 );
#1386=EDGE_CURVE ( 'NONE', #1870, #4434, #3833, .T. );
#1387=EDGE_LOOP ( 'NONE', ( #4520, #262, #619, #3103 ) );
#1388=CARTESIAN_POINT ( 'NONE',  ( 1.430000000888889344, 1.400000000000003908, -1.099999999896291270 ) );
#1389=ORIENTED_EDGE ( 'NONE', *, *, #5060, .F. );
#1390=VECTOR ( 'NONE', #3002, 1000.000000000000000 );
#1391=STYLED_ITEM ( 'NONE', ( #108 ), #3230 );
#1392=FACE_OUTER_BOUND ( 'NONE', #4847, .T. );
#1393=CARTESIAN_POINT ( 'NONE',  ( -1.500000000000000000, -0.3000000001520675141, 0.3999999999564352038 ) );
#1394=ADVANCED_FACE ( 'NONE', ( #1925 ), #2028, .F. );
#1395=VERTEX_POINT ( 'NONE', #1172 );
#1396=( GEOMETRIC_REPRESENTATION_CONTEXT ( 3 ) GLOBAL_UNCERTAINTY_ASSIGNED_CONTEXT ( ( #73 ) ) GLOBAL_UNIT_ASSIGNED_CONTEXT ( ( #54, #16, #61 ) ) REPRESENTATION_CONTEXT ( 'NONE', 'WORKASPACE' ) );
#1397=PLANE ( 'NONE',  #2210 );
#1398=EDGE_CURVE ( 'NONE', #3146, #2159, #4167, .T. );
#1399=VERTEX_POINT ( 'NONE', #883 );
#1400=CARTESIAN_POINT ( 'NONE',  ( 2.134233263842308936, 1.399999999999996136, 1.118366903951107716 ) );
#1401=EDGE_CURVE ( 'NONE', #3021, #3824, #2108, .T. );
#1402=VECTOR ( 'NONE', #2365, 1000.000000000000114 );
#1403=ORIENTED_EDGE ( 'NONE', *, *, #4210, .T. );
#1404=CARTESIAN_POINT ( 'NONE',  ( 3.350000000000000089, 1.100000000015382673, -0.7499999999999962252 ) );
#1405=CARTESIAN_POINT ( 'NONE',  ( -1.500000000000000000, 1.450803453068028758E-15, -0.4000000000000000222 ) );
#1406=EDGE_CURVE ( 'NONE', #4250, #4761, #825, .T. );
#1407=CARTESIAN_POINT ( 'NONE',  ( -1.429999999999996607, 0.7899999999729954148, 1.300000000000000266 ) );
#1408=LINE ( 'NONE', #2583, #266 );
#1409=LINE ( 'NONE', #3356, #401 );
#1410=MECHANICAL_DESIGN_GEOMETRIC_PRESENTATION_REPRESENTATION (  '', ( #4473 ), #1589 );
#1411=ORIENTED_EDGE ( 'NONE', *, *, #2029, .T. );
#1412=ORIENTED_EDGE ( 'NONE', *, *, #4884, .T. );
#1413=VECTOR ( 'NONE', #241, 1000.000000000000000 );
#1414=EDGE_CURVE ( 'NONE', #4121, #322, #509, .T. );
#1415=AXIS2_PLACEMENT_3D ( 'NONE', #1169, #302, #52 );
#1416=ORIENTED_EDGE ( 'NONE', *, *, #4146, .F. );
#1417=ORIENTED_EDGE ( 'NONE', *, *, #1586, .T. );
#1418=PRESENTATION_LAYER_ASSIGNMENT (  '', '', ( #3664 ) );
#1419=ORIENTED_EDGE ( 'NONE', *, *, #2491, .T. );
#1420=EDGE_CURVE ( 'NONE', #709, #2982, #2085, .T. );
#1421=CARTESIAN_POINT ( 'NONE',  ( 3.349999999999999645, 0.2500000000333291728, -2.200000000000000622 ) );
#1422=ORIENTED_EDGE ( 'NONE', *, *, #2459, .F. );
#1423=LINE ( 'NONE', #179, #753 );
#1424=EDGE_LOOP ( 'NONE', ( #2815, #2208, #5004, #3957 ) );
#1425=PRESENTATION_LAYER_ASSIGNMENT (  '', '', ( #1245 ) );
#1426=LINE ( 'NONE', #2573, #4534 );
#1427=LINE ( 'NONE', #1866, #2288 );
#1428=CARTESIAN_POINT ( 'NONE',  ( 2.200000000000000178, 0.1499999999999973299, 0.7600000000000005640 ) );
#1429=ORIENTED_EDGE ( 'NONE', *, *, #396, .T. );
#1430=AXIS2_PLACEMENT_3D ( 'NONE', #2362, #214, #45 );
#1431=FACE_OUTER_BOUND ( 'NONE', #1970, .T. );
#1432=EDGE_LOOP ( 'NONE', ( #3132, #2443, #764, #1577 ) );
#1433=EDGE_LOOP ( 'NONE', ( #4319, #2211, #457, #285 ) );
#1434=ADVANCED_FACE ( 'NONE', ( #3583 ), #3220, .F. );
#1435=CARTESIAN_POINT ( 'NONE',  ( 0.000000000000000000, 0.0001000000000000000048, 3.491483361109382420E-19 ) );
#1436=EDGE_CURVE ( 'NONE', #4187, #2168, #5036, .T. );
#1437=ORIENTED_EDGE ( 'NONE', *, *, #1862, .F. );
#1438=ORIENTED_EDGE ( 'NONE', *, *, #1342, .F. );
#1439=FACE_OUTER_BOUND ( 'NONE', #3123, .T. );
#1440=LINE ( 'NONE', #1856, #158 );
#1441=VERTEX_POINT ( 'NONE', #466 );
#1442=( GEOMETRIC_REPRESENTATION_CONTEXT ( 3 ) GLOBAL_UNCERTAINTY_ASSIGNED_CONTEXT ( ( #73 ) ) GLOBAL_UNIT_ASSIGNED_CONTEXT ( ( #54, #16, #61 ) ) REPRESENTATION_CONTEXT ( 'NONE', 'WORKASPACE' ) );
#1443=ORIENTED_EDGE ( 'NONE', *, *, #4736, .T. );
#1444=FACE_OUTER_BOUND ( 'NONE', #2175, .T. );
#1445=PLANE ( 'NONE',  #2923 );
#1446=EDGE_CURVE ( 'NONE', #3654, #3721, #3268, .T. );
#1447=VERTEX_POINT ( 'NONE', #2892 );
#1448=EDGE_CURVE ( 'NONE', #3333, #98, #4352, .T. );
#1449=ORIENTED_EDGE ( 'NONE', *, *, #2936, .F. );
#1450=AXIS2_PLACEMENT_3D ( 'NONE', #2805, #187, #295 );
#1451=CARTESIAN_POINT ( 'NONE',  ( -3.850000000000000533, -4.495251284923622873E-15, 1.300000000000000711 ) );
#1452=ORIENTED_EDGE ( 'NONE', *, *, #1056, .T. );
#1453=CARTESIAN_POINT ( 'NONE',  ( 1.430000000000000382, 1.200000000000004396, -1.299999999999995604 ) );
#1454=LINE ( 'NONE', #2907, #260 );
#1455=CARTESIAN_POINT ( 'NONE',  ( 0.9299999996666669100, 1.199999999972995557, 1.100000000000004086 ) );
#1456=ORIENTED_EDGE ( 'NONE', *, *, #2060, .T. );
#1457=PLANE ( 'NONE',  #2502 );
#1458=ORIENTED_EDGE ( 'NONE', *, *, #2941, .T. );
#1459=CARTESIAN_POINT ( 'NONE',  ( 2.049999999634374515, 0.0001000000000076812790, -2.200000000000000178 ) );
#1460=CARTESIAN_POINT ( 'NONE',  ( 3.400000000000000355, 0.2000000000333287675, -2.200000000000000622 ) );
#1461=LINE ( 'NONE', #959, #65 );
#1462=( GEOMETRIC_REPRESENTATION_CONTEXT ( 3 ) GLOBAL_UNCERTAINTY_ASSIGNED_CONTEXT ( ( #73 ) ) GLOBAL_UNIT_ASSIGNED_CONTEXT ( ( #54, #16, #61 ) ) REPRESENTATION_CONTEXT ( 'NONE', 'WORKASPACE' ) );
#1463=DIRECTION ( 'NONE',  ( 0.9551363832392328890, -1.060723539162445039E-15, 0.2961663205239197239 ) );
#1464=FACE_OUTER_BOUND ( 'NONE', #329, .T. );
#1465=ORIENTED_EDGE ( 'NONE', *, *, #4239, .T. );
#1466=EDGE_CURVE ( 'NONE', #4436, #13, #2434, .T. );
#1467=ORIENTED_EDGE ( 'NONE', *, *, #1342, .T. );
#1468=MECHANICAL_DESIGN_GEOMETRIC_PRESENTATION_REPRESENTATION (  '', ( #4298 ), #399 );
#1469=CARTESIAN_POINT ( 'NONE',  ( -2.720000000000000639, 1.199999999969338482, -0.7499999999499955550 ) );
#1470=MECHANICAL_DESIGN_GEOMETRIC_PRESENTATION_REPRESENTATION (  '', ( #577 ), #2517 );
#1471=EDGE_CURVE ( 'NONE', #162, #3133, #2129, .T. );
#1472=AXIS2_PLACEMENT_3D ( 'NONE', #1226, #302, #52 );
#1473=ORIENTED_EDGE ( 'NONE', *, *, #2098, .T. );
#1474=LINE ( 'NONE', #3759, #3247 );
#1475=STYLED_ITEM ( 'NONE', ( #40 ), #3528 );
#1476=EDGE_LOOP ( 'NONE', ( #3650, #2537, #518, #1429 ) );
#1477=CARTESIAN_POINT ( 'NONE',  ( -3.050000000000000266, 1.400000000000003908, -1.099999999911106308 ) );
#1478=EDGE_CURVE ( 'NONE', #3951, #628, #1351, .T. );
#1479=CARTESIAN_POINT ( 'NONE',  ( 0.4000000000000011879, 0.1500000000000043798, -1.259999999999999121 ) );
#1480=ORIENTED_EDGE ( 'NONE', *, *, #2657, .T. );
#1481=CARTESIAN_POINT ( 'NONE',  ( -2.015766736131286763, 1.200000000000003730, -1.118366903834176362 ) );
#1482=ORIENTED_EDGE ( 'NONE', *, *, #1195, .T. );
#1483=LINE ( 'NONE', #1497, #401 );
#1484=AXIS2_PLACEMENT_3D ( 'NONE', #3780, #121, #970 );
#1485=EDGE_CURVE ( 'NONE', #911, #2398, #937, .T. );
#1486=CIRCLE ( 'NONE', #4241, 0.2500000000000001110 );
#1487=ORIENTED_EDGE ( 'NONE', *, *, #2926, .F. );
#1488=EDGE_CURVE ( 'NONE', #3999, #1934, #2821, .T. );
#1489=CARTESIAN_POINT ( 'NONE',  ( 1.400000000000000133, 0.3000000000062451599, 1.410000000000001030 ) );
#1490=CARTESIAN_POINT ( 'NONE',  ( -1.500000000000000000, -0.5000000000450186555, -1.544988095537619587E-15 ) );
#1491=CARTESIAN_POINT ( 'NONE',  ( 3.149999999999999911, 1.399999999999995470, 0.7500000000000041078 ) );
#1492=MECHANICAL_DESIGN_GEOMETRIC_PRESENTATION_REPRESENTATION (  '', ( #769 ), #3341 );
#1493=CARTESIAN_POINT ( 'NONE',  ( 2.134233263818272608, 1.400000000000003908, -1.118366903943645463 ) );
#1494=CARTESIAN_POINT ( 'NONE',  ( -2.134233263818273052, 1.399999999999995470, 1.118366903943655011 ) );
#1495=ORIENTED_EDGE ( 'NONE', *, *, #2025, .F. );
#1496=ORIENTED_EDGE ( 'NONE', *, *, #1814, .F. );
#1497=CARTESIAN_POINT ( 'NONE',  ( 1.350000000000000089, 0.1499999999999973299, 0.7600000000000005640 ) );
#1498=ORIENTED_EDGE ( 'NONE', *, *, #426, .F. );
#1499=CARTESIAN_POINT ( 'NONE',  ( -3.350000000000000089, 0.6499999999999973577, -1.299999999999999822 ) );
#1500=EDGE_LOOP ( 'NONE', ( #1901, #3765, #3685, #818 ) );
#1501=( GEOMETRIC_REPRESENTATION_CONTEXT ( 3 ) GLOBAL_UNCERTAINTY_ASSIGNED_CONTEXT ( ( #73 ) ) GLOBAL_UNIT_ASSIGNED_CONTEXT ( ( #54, #16, #61 ) ) REPRESENTATION_CONTEXT ( 'NONE', 'WORKASPACE' ) );
#1502=PRESENTATION_LAYER_ASSIGNMENT (  '', '', ( #1319 ) );
#1503=EDGE_CURVE ( 'NONE', #233, #846, #1270, .T. );
#1504=LINE ( 'NONE', #3099, #1402 );
#1505=ORIENTED_EDGE ( 'NONE', *, *, #421, .F. );
#1506=AXIS2_PLACEMENT_3D ( 'NONE', #1191, #2376, #45 );
#1507=ORIENTED_EDGE ( 'NONE', *, *, #3045, .F. );
#1508=EDGE_CURVE ( 'NONE', #4060, #3394, #1440, .T. );
#1509=LINE ( 'NONE', #1979, #330 );
#1510=CARTESIAN_POINT ( 'NONE',  ( 3.349999999986111643, 0.6499999999999973577, 0.7500000000000019984 ) );
#1511=VERTEX_POINT ( 'NONE', #3407 );
#1512=LINE ( 'NONE', #3055, #991 );
#1513=VECTOR ( 'NONE', #124, 1000.000000000000000 );
#1514=ORIENTED_EDGE ( 'NONE', *, *, #1003, .T. );
#1515=( GEOMETRIC_REPRESENTATION_CONTEXT ( 3 ) GLOBAL_UNCERTAINTY_ASSIGNED_CONTEXT ( ( #73 ) ) GLOBAL_UNIT_ASSIGNED_CONTEXT ( ( #54, #16, #61 ) ) REPRESENTATION_CONTEXT ( 'NONE', 'WORKASPACE' ) );
#1516=LINE ( 'NONE', #960, #89 );
#1517=ADVANCED_FACE ( 'NONE', ( #4839 ), #1228, .T. );
#1518=AXIS2_PLACEMENT_3D ( 'NONE', #533, #187, #295 );
#1519=ORIENTED_EDGE ( 'NONE', *, *, #1862, .T. );
#1520=CARTESIAN_POINT ( 'NONE',  ( 3.350000000000000089, 1.400000000000004574, -1.299999999999995159 ) );
#1521=VERTEX_POINT ( 'NONE', #1469 );
#1522=ADVANCED_FACE ( 'NONE', ( #4461 ), #2160, .F. );
#1523=CARTESIAN_POINT ( 'NONE',  ( -3.050000000000000266, 1.400000000000002354, -0.7499999996999949792 ) );
#1524=CARTESIAN_POINT ( 'NONE',  ( 0.5500000000000001554, 0.1500000000000076827, -2.199999999999999734 ) );
#1525=ORIENTED_EDGE ( 'NONE', *, *, #1658, .T. );
#1526=CIRCLE ( 'NONE', #2416, 0.3000000000000000444 );
#1527=ORIENTED_EDGE ( 'NONE', *, *, #446, .T. );
#1528=DIRECTION ( 'NONE',  ( 9.876681162117923874E-16, 1.000000000000000000, 3.185229682395821006E-15 ) );
#1529=ORIENTED_EDGE ( 'NONE', *, *, #3307, .F. );
#1530=AXIS2_PLACEMENT_3D ( 'NONE', #4960, #241, #302 );
#1531=EDGE_CURVE ( 'NONE', #5072, #3849, #2331, .T. );
#1532=DIRECTION ( 'NONE',  ( 0.000000000000000000, 3.491483361109382066E-15, -1.000000000000000000 ) );
#1533=EDGE_CURVE ( 'NONE', #3728, #4055, #139, .T. );
#1534=STYLED_ITEM ( 'NONE', ( #108 ), #3923 );
#1535=PLANE ( 'NONE',  #3373 );
#1536=CARTESIAN_POINT ( 'NONE',  ( -3.149999999989063326, 1.400000000000004352, -1.300099999999995148 ) );
#1537=CARTESIAN_POINT ( 'NONE',  ( -3.150000000000000355, 1.199999999999997069, 0.8000000000062547079 ) );
#1538=ORIENTED_EDGE ( 'NONE', *, *, #1263, .F. );
#1539=STYLED_ITEM ( 'NONE', ( #683 ), #4037 );
#1540=FACE_OUTER_BOUND ( 'NONE', #4305, .T. );
#1541=EDGE_CURVE ( 'NONE', #823, #2559, #1017, .T. );
#1542=CARTESIAN_POINT ( 'NONE',  ( -1.430000000092609636, 1.400000000000004352, -1.299999999863375999 ) );
#1543=CARTESIAN_POINT ( 'NONE',  ( 0.09999999999999988065, 1.199999999993741628, 2.600000000000004086 ) );
#1544=CARTESIAN_POINT ( 'NONE',  ( -3.150000000000000355, 1.400000000000004574, -0.7499999999999956701 ) );
#1545=CARTESIAN_POINT ( 'NONE',  ( -3.350000000000000089, 1.099999999985574073, 0.7500000000000034417 ) );
#1546=VERTEX_POINT ( 'NONE', #611 );
#1547=CARTESIAN_POINT ( 'NONE',  ( 3.149999999999999467, 0.2500000000333307826, -2.200000000000000622 ) );
#1548=PRESENTATION_LAYER_ASSIGNMENT (  '', '', ( #649 ) );
#1549=CARTESIAN_POINT ( 'NONE',  ( -3.850000000000000533, 1.199999999949995733, 1.300000000000004485 ) );
#1550=VERTEX_POINT ( 'NONE', #4486 );
#1551=VERTEX_POINT ( 'NONE', #1617 );
#1552=DIRECTION ( 'NONE',  ( 0.9551363835107592459, 1.060723538808430889E-15, -0.2961663196482473004 ) );
#1553=STYLED_ITEM ( 'NONE', ( #193 ), #4868 );
#1554=ORIENTED_EDGE ( 'NONE', *, *, #858, .T. );
#1555=EDGE_CURVE ( 'NONE', #4154, #4145, #4974, .T. );
#1556=LINE ( 'NONE', #4893, #147 );
#1557=VECTOR ( 'NONE', #1552, 1000.000000000000000 );
#1558=ORIENTED_EDGE ( 'NONE', *, *, #2200, .F. );
#1559=CARTESIAN_POINT ( 'NONE',  ( 1.430100000000000593, 0.7899999999729960809, 0.9500000000000000666 ) );
#1560=EDGE_LOOP ( 'NONE', ( #4625, #5043, #4097, #1649 ) );
#1561=STYLED_ITEM ( 'NONE', ( #40 ), #4708 );
#1562=FACE_OUTER_BOUND ( 'NONE', #513, .T. );
#1563=VECTOR ( 'NONE', #2867, 1000.000000000000000 );
#1564=EDGE_CURVE ( 'NONE', #3676, #2339, #1005, .T. );
#1565=( GEOMETRIC_REPRESENTATION_CONTEXT ( 3 ) GLOBAL_UNCERTAINTY_ASSIGNED_CONTEXT ( ( #73 ) ) GLOBAL_UNIT_ASSIGNED_CONTEXT ( ( #54, #16, #61 ) ) REPRESENTATION_CONTEXT ( 'NONE', 'WORKASPACE' ) );
#1566=STYLED_ITEM ( 'NONE', ( #108 ), #3235 );
#1567=CARTESIAN_POINT ( 'NONE',  ( 3.149999999999999911, 0.6999999999999955147, 1.249999999987112087 ) );
#1568=ORIENTED_EDGE ( 'NONE', *, *, #1138, .T. );
#1569=CIRCLE ( 'NONE', #592, 0.05000000000000012768 );
#1570=EDGE_CURVE ( 'NONE', #5072, #2155, #4544, .T. );
#1571=VERTEX_POINT ( 'NONE', #3090 );
#1572=PLANE ( 'NONE',  #2049 );
#1573=EDGE_CURVE ( 'NONE', #4154, #3778, #1305, .T. );
#1574=STYLED_ITEM ( 'NONE', ( #108 ), #2467 );
#1575=DIRECTION ( 'NONE',  ( -6.874998256161818309E-10, -1.000000000000000000, -2.891205793415121905E-15 ) );
#1576=ORIENTED_EDGE ( 'NONE', *, *, #899, .F. );
#1577=ORIENTED_EDGE ( 'NONE', *, *, #3788, .T. );
#1578=CARTESIAN_POINT ( 'NONE',  ( -1.350000000000000089, -2.653527354443129313E-15, 0.7599999999999995648 ) );
#1579=MECHANICAL_DESIGN_GEOMETRIC_PRESENTATION_REPRESENTATION (  '', ( #3738 ), #2137 );
#1580=STYLED_ITEM ( 'NONE', ( #108 ), #2742 );
#1581=ORIENTED_EDGE ( 'NONE', *, *, #2103, .T. );
#1582=ADVANCED_FACE ( 'NONE', ( #4587 ), #2287, .F. );
#1583=LINE ( 'NONE', #2673, #260 );
#1584=PRESENTATION_LAYER_ASSIGNMENT (  '', '', ( #2067 ) );
#1585=VERTEX_POINT ( 'NONE', #3136 );
#1586=EDGE_CURVE ( 'NONE', #2302, #1763, #2691, .T. );
#1587=( GEOMETRIC_REPRESENTATION_CONTEXT ( 3 ) GLOBAL_UNCERTAINTY_ASSIGNED_CONTEXT ( ( #73 ) ) GLOBAL_UNIT_ASSIGNED_CONTEXT ( ( #54, #16, #61 ) ) REPRESENTATION_CONTEXT ( 'NONE', 'WORKASPACE' ) );
#1588=CARTESIAN_POINT ( 'NONE',  ( -1.350000000000000089, -1.240466572394679620E-15, 0.3708099243547834933 ) );
#1589=( GEOMETRIC_REPRESENTATION_CONTEXT ( 3 ) GLOBAL_UNCERTAINTY_ASSIGNED_CONTEXT ( ( #73 ) ) GLOBAL_UNIT_ASSIGNED_CONTEXT ( ( #54, #16, #61 ) ) REPRESENTATION_CONTEXT ( 'NONE', 'WORKASPACE' ) );
#1590=ORIENTED_EDGE ( 'NONE', *, *, #3154, .F. );
#1591=LINE ( 'NONE', #4215, #3509 );
#1592=STYLED_ITEM ( 'NONE', ( #40 ), #687 );
#1593=CARTESIAN_POINT ( 'NONE',  ( -1.874699879903904076, 5.430177791795887031E-16, -0.1399999999999997913 ) );
#1594=LINE ( 'NONE', #4152, #266 );
#1595=ORIENTED_EDGE ( 'NONE', *, *, #378, .F. );
#1596=CARTESIAN_POINT ( 'NONE',  ( -2.449999999650000593, 0.1500000000000076827, -2.199999999999999734 ) );
#1597=AXIS2_PLACEMENT_3D ( 'NONE', #1320, #302, #52 );
#1598=LINE ( 'NONE', #1994, #4923 );
#1599=CARTESIAN_POINT ( 'NONE',  ( 1.500000000000000000, -0.3000000000000001554, -8.673617379884035472E-16 ) );
#1600=ORIENTED_EDGE ( 'NONE', *, *, #3973, .F. );
#1601=STYLED_ITEM ( 'NONE', ( #40 ), #1161 );
#1602=DIRECTION ( 'NONE',  ( 1.396593344443751959E-15, -6.982966722218748947E-16, 1.000000000000000000 ) );
#1603=PLANE ( 'NONE',  #5017 );
#1604=ORIENTED_EDGE ( 'NONE', *, *, #2298, .F. );
#1605=EDGE_CURVE ( 'NONE', #2671, #3721, #2760, .T. );
#1606=VERTEX_POINT ( 'NONE', #226 );
#1607=ORIENTED_EDGE ( 'NONE', *, *, #2140, .F. );
#1608=CARTESIAN_POINT ( 'NONE',  ( 3.850000000000000533, 0.2000000000437587855, -0.8999999999999994671 ) );
#1609=VERTEX_POINT ( 'NONE', #316 );
#1610=ORIENTED_EDGE ( 'NONE', *, *, #3680, .T. );
#1611=PLANE ( 'NONE',  #422 );
#1612=LINE ( 'NONE', #362, #89 );
#1613=ADVANCED_FACE ( 'NONE', ( #4229 ), #758, .F. );
#1614=VERTEX_POINT ( 'NONE', #1286 );
#1615=CARTESIAN_POINT ( 'NONE',  ( -3.150000000000000355, 1.299999999999997158, 0.8000000000000047073 ) );
#1616=ORIENTED_EDGE ( 'NONE', *, *, #4360, .T. );
#1617=CARTESIAN_POINT ( 'NONE',  ( 0.5499999993296875722, 0.0001000000000076812790, -2.200000000000000178 ) );
#1618=MECHANICAL_DESIGN_GEOMETRIC_PRESENTATION_REPRESENTATION (  '', ( #3072 ), #1863 );
#1619=VERTEX_POINT ( 'NONE', #4291 );
#1620=PLANE ( 'NONE',  #411 );
#1621=EDGE_LOOP ( 'NONE', ( #2712, #4531, #1437, #1724, #3445, #137 ) );
#1622=ORIENTED_EDGE ( 'NONE', *, *, #1667, .F. );
#1623=EDGE_CURVE ( 'NONE', #2667, #2245, #2860, .T. );
#1624=CARTESIAN_POINT ( 'NONE',  ( 3.149999999999999911, 0.7000000000312539550, -1.249999999999998002 ) );
#1625=VERTEX_POINT ( 'NONE', #792 );
#1626=DIRECTION ( 'NONE',  ( 0.000000000000000000, -1.000000000000000000, 0.000000000000000000 ) );
#1627=EDGE_CURVE ( 'NONE', #4563, #1087, #2885, .T. );
#1628=LINE ( 'NONE', #1808, #65 );
#1629=STYLED_ITEM ( 'NONE', ( #193 ), #4805 );
#1630=ORIENTED_EDGE ( 'NONE', *, *, #2813, .F. );
#1631=ORIENTED_EDGE ( 'NONE', *, *, #648, .F. );
#1632=EDGE_CURVE ( 'NONE', #1087, #2532, #318, .T. );
#1633=AXIS2_PLACEMENT_3D ( 'NONE', #323, #52, #214 );
#1634=CARTESIAN_POINT ( 'NONE',  ( 1.500000000000000000, -0.4999999999881780677, 0.2000000000634811759 ) );
#1635=CIRCLE ( 'NONE', #2295, 0.2000000000634827302 );
#1636=LINE ( 'NONE', #2849, #4432 );
#1637=AXIS2_PLACEMENT_3D ( 'NONE', #571, #27, #122 );
#1638=CARTESIAN_POINT ( 'NONE',  ( -3.850000000000000533, 0.3017999999999967375, 0.9000000000000010214 ) );
#1639=EDGE_CURVE ( 'NONE', #4783, #3824, #3997, .T. );
#1640=AXIS2_PLACEMENT_3D ( 'NONE', #163, #35, #191 );
#1641=LINE ( 'NONE', #3187, #147 );
#1642=EDGE_CURVE ( 'NONE', #3363, #4081, #3916, .T. );
#1643=STYLED_ITEM ( 'NONE', ( #108 ), #2188 );
#1644=VERTEX_POINT ( 'NONE', #901 );
#1645=LINE ( 'NONE', #1815, #2886 );
#1646=MECHANICAL_DESIGN_GEOMETRIC_PRESENTATION_REPRESENTATION (  '', ( #4458 ), #3104 );
#1647=ORIENTED_EDGE ( 'NONE', *, *, #3551, .F. );
#1648=STYLED_ITEM ( 'NONE', ( #683 ), #2282 );
#1649=ORIENTED_EDGE ( 'NONE', *, *, #829, .F. );
#1650=LINE ( 'NONE', #2024, #266 );
#1651=CLOSED_SHELL ( 'NONE', ( #4142, #1517, #3923, #3375, #4173, #4838, #1771, #3080, #4194, #4010, #3142, #2128, #4868, #346, #3170, #3726, #4805, #388, #3213, #2230, #3840, #4471, #2332, #3694, #3528, #3705, #1946, #3084, #5039, #1878, #3209, #3773, #4908, #1613, #2267, #4876, #2369, #4690, #767, #3967, #4786, #4037, #2282, #854, #4944, #1367, #3954, #473, #164, #2004, #1753, #4018, #2879, #3701, #687, #177, #2967, #3317, #2705, #4708, #383, #2050, #958, #2786, #3518, #2684, #3367, #4128, #4438, #4015, #2742, #5055, #1916, #663, #1285, #1022, #3258, #4384, #3150, #551, #5033, #1661, #3853, #2467, #3299, #1829, #4116, #2151, #4191, #4511, #5024, #3144, #1394, #3351, #3886, #4901, #3960, #2378, #1877, #1099, #4286, #1936, #252, #4821, #511, #4214, #615, #4608, #4543, #3613, #125, #1119, #5049, #697, #200, #4705, #301, #866, #3994, #2947, #4593, #3588, #643, #1161, #2617, #4317, #4502, #1234, #3779, #1854, #632, #2464, #1522, #2996, #243, #2064, #4557, #3806, #2404, #2174, #3524, #4435, #3859, #3230, #2649, #721, #1240, #3946, #2568, #682, #3479, #2188, #3332, #1306, #2912, #3493, #1582, #4902, #4603, #406, #3919, #3235, #725, #3803, #99, #366, #3560, #1434, #1775, #3566, #487, #5020, #834, #2831, #2753, #410, #2161, #3831, #4062, #3186, #4718, #3846, #4296 ) );
#1652=ORIENTED_EDGE ( 'NONE', *, *, #1909, .T. );
#1653=ORIENTED_EDGE ( 'NONE', *, *, #1843, .F. );
#1654=FACE_OUTER_BOUND ( 'NONE', #3939, .T. );
#1655=EDGE_LOOP ( 'NONE', ( #4645, #2119, #1759, #3785, #1348 ) );
#1656=( GEOMETRIC_REPRESENTATION_CONTEXT ( 3 ) GLOBAL_UNCERTAINTY_ASSIGNED_CONTEXT ( ( #73 ) ) GLOBAL_UNIT_ASSIGNED_CONTEXT ( ( #54, #16, #61 ) ) REPRESENTATION_CONTEXT ( 'NONE', 'WORKASPACE' ) );
#1657=DIRECTION ( 'NONE',  ( 0.000000000000000000, 1.000000000000000000, 4.336808689942015369E-15 ) );
#1658=EDGE_CURVE ( 'NONE', #3442, #3728, #1645, .T. );
#1659=CARTESIAN_POINT ( 'NONE',  ( 3.149999999999999467, 0.6499999999416713470, -1.299999999999998046 ) );
#1660=CARTESIAN_POINT ( 'NONE',  ( -3.150000000012084023, 0.6499999999499956882, 1.299900000000000055 ) );
#1661=ADVANCED_FACE ( 'NONE', ( #3936 ), #486, .F. );
#1662=ORIENTED_EDGE ( 'NONE', *, *, #4956, .F. );
#1663=CARTESIAN_POINT ( 'NONE',  ( 1.500000000000000000, -0.3000000000128148492, -0.4000000000956874247 ) );
#1664=STYLED_ITEM ( 'NONE', ( #108 ), #682 );
#1665=ORIENTED_EDGE ( 'NONE', *, *, #319, .F. );
#1666=VERTEX_POINT ( 'NONE', #4272 );
#1667=EDGE_CURVE ( 'NONE', #3702, #1949, #2121, .T. );
#1668=VERTEX_POINT ( 'NONE', #3024 );
#1669=CARTESIAN_POINT ( 'NONE',  ( -0.9299999999999998268, 1.200000000000003508, -1.099999999989578869 ) );
#1670=ORIENTED_EDGE ( 'NONE', *, *, #1406, .F. );
#1671=CARTESIAN_POINT ( 'NONE',  ( -2.720000000000000639, 1.200000000000004396, -1.300000000029755576 ) );
#1672=DIRECTION ( 'NONE',  ( 2.385244779468124270E-14, -3.252606517456533024E-15, 1.000000000000000000 ) );
#1673=STYLED_ITEM ( 'NONE', ( #108 ), #1517 );
#1674=ORIENTED_EDGE ( 'NONE', *, *, #2132, .T. );
#1675=ORIENTED_EDGE ( 'NONE', *, *, #4363, .T. );
#1676=CARTESIAN_POINT ( 'NONE',  ( 3.150000000025312552, 0.6499999999937460249, 1.299900000000000055 ) );
#1677=VERTEX_POINT ( 'NONE', #1713 );
#1678=PLANE ( 'NONE',  #2695 );
#1679=CARTESIAN_POINT ( 'NONE',  ( 1.500000000000000000, 0.1499999999999999944, 7.038057745108188363E-16 ) );
#1680=EDGE_CURVE ( 'NONE', #2932, #2667, #1238, .T. );
#1681=LINE ( 'NONE', #2470, #470 );
#1682=EDGE_CURVE ( 'NONE', #4368, #4391, #4648, .T. );
#1683=ORIENTED_EDGE ( 'NONE', *, *, #2843, .F. );
#1684=CARTESIAN_POINT ( 'NONE',  ( 2.849999999951250640, 1.400000000000002798, -0.8000000000062449379 ) );
#1685=FACE_OUTER_BOUND ( 'NONE', #1859, .T. );
#1686=CARTESIAN_POINT ( 'NONE',  ( -1.349305689560750032, 0.2500000000333291728, -0.8999999999999991340 ) );
#1687=ORIENTED_EDGE ( 'NONE', *, *, #1797, .T. );
#1688=EDGE_CURVE ( 'NONE', #3592, #3606, #3282, .T. );
#1689=ORIENTED_EDGE ( 'NONE', *, *, #270, .F. );
#1690=ORIENTED_EDGE ( 'NONE', *, *, #2013, .F. );
#1691=PLANE ( 'NONE',  #4337 );
#1692=STYLED_ITEM ( 'NONE', ( #40 ), #4018 );
#1693=ORIENTED_EDGE ( 'NONE', *, *, #1349, .T. );
#1694=VERTEX_POINT ( 'NONE', #927 );
#1695=CARTESIAN_POINT ( 'NONE',  ( 2.134233263818273052, 1.400000000000004574, -1.118366903943645463 ) );
#1696=CARTESIAN_POINT ( 'NONE',  ( 2.075000000000000622, 1.200000000000004396, -1.309394179999995744 ) );
#1697=VERTEX_POINT ( 'NONE', #2178 );
#1698=FACE_OUTER_BOUND ( 'NONE', #3984, .T. );
#1699=ORIENTED_EDGE ( 'NONE', *, *, #4058, .F. );
#1700=EDGE_CURVE ( 'NONE', #379, #1174, #3398, .T. );
#1701=STYLED_ITEM ( 'NONE', ( #193 ), #4384 );
#1702=CARTESIAN_POINT ( 'NONE',  ( 0.9300000004250000840, 1.200000000000004396, -1.299999999999995604 ) );
#1703=CARTESIAN_POINT ( 'NONE',  ( 3.149999999999999911, 0.7000000000039020565, 1.249999999993947730 ) );
#1704=PRESENTATION_LAYER_ASSIGNMENT (  '', '', ( #1016 ) );
#1705=DIRECTION ( 'NONE',  ( 0.9551363834789753371, 0.000000000000000000, 0.2961663197507506395 ) );
#1706=CARTESIAN_POINT ( 'NONE',  ( 3.850000000000000089, 0.2000000000596699745, -1.299999999999999822 ) );
#1707=FACE_OUTER_BOUND ( 'NONE', #107, .T. );
#1708=AXIS2_PLACEMENT_3D ( 'NONE', #1221, #52, #214 );
#1709=CARTESIAN_POINT ( 'NONE',  ( -2.749999999869999545, 1.400000000000004574, -1.299999999999995159 ) );
#1710=( GEOMETRIC_REPRESENTATION_CONTEXT ( 3 ) GLOBAL_UNCERTAINTY_ASSIGNED_CONTEXT ( ( #73 ) ) GLOBAL_UNIT_ASSIGNED_CONTEXT ( ( #54, #16, #61 ) ) REPRESENTATION_CONTEXT ( 'NONE', 'WORKASPACE' ) );
#1711=CARTESIAN_POINT ( 'NONE',  ( -0.9299999999999998268, 1.399999999999996136, 1.100000000000004530 ) );
#1712=ORIENTED_EDGE ( 'NONE', *, *, #1024, .F. );
#1713=CARTESIAN_POINT ( 'NONE',  ( -2.200000000000000178, 0.1500000000000004663, -0.1399999999999992917 ) );
#1714=MECHANICAL_DESIGN_GEOMETRIC_PRESENTATION_REPRESENTATION (  '', ( #2446 ), #4765 );
#1715=EDGE_CURVE ( 'NONE', #3128, #603, #3774, .T. );
#1716=VERTEX_POINT ( 'NONE', #1405 );
#1717=VERTEX_POINT ( 'NONE', #2554 );
#1718=EDGE_CURVE ( 'NONE', #3062, #957, #986, .T. );
#1719=ORIENTED_EDGE ( 'NONE', *, *, #3490, .F. );
#1720=STYLED_ITEM ( 'NONE', ( #108 ), #2151 );
#1721=ORIENTED_EDGE ( 'NONE', *, *, #1792, .F. );
#1722=MECHANICAL_DESIGN_GEOMETRIC_PRESENTATION_REPRESENTATION (  '', ( #3185 ), #3569 );
#1723=EDGE_CURVE ( 'NONE', #3999, #1899, #2227, .T. );
#1724=ORIENTED_EDGE ( 'NONE', *, *, #3645, .F. );
#1725=( GEOMETRIC_REPRESENTATION_CONTEXT ( 3 ) GLOBAL_UNCERTAINTY_ASSIGNED_CONTEXT ( ( #73 ) ) GLOBAL_UNIT_ASSIGNED_CONTEXT ( ( #54, #16, #61 ) ) REPRESENTATION_CONTEXT ( 'NONE', 'WORKASPACE' ) );
#1726=EDGE_CURVE ( 'NONE', #2823, #4585, #4067, .T. );
#1727=VERTEX_POINT ( 'NONE', #3350 );
#1728=AXIS2_PLACEMENT_3D ( 'NONE', #2525, #259, #1197 );
#1729=ORIENTED_EDGE ( 'NONE', *, *, #3313, .F. );
#1730=CARTESIAN_POINT ( 'NONE',  ( 0.3000000000374983822, 1.199999999999990186, 2.800000000037501824 ) );
#1731=CARTESIAN_POINT ( 'NONE',  ( 2.720000000000000195, 1.399999999999995470, 1.299999999918609372 ) );
#1732=LINE ( 'NONE', #2548, #512 );
#1733=CARTESIAN_POINT ( 'NONE',  ( 3.149999999999999467, 0.2500000000333307271, 1.299900000000000055 ) );
#1734=EDGE_CURVE ( 'NONE', #2339, #2398, #4019, .T. );
#1735=CARTESIAN_POINT ( 'NONE',  ( 3.149999999999999911, 1.399999999999995470, 0.8000000000031300962 ) );
#1736=DIRECTION ( 'NONE',  ( -1.000000000000000000, 7.770232149571657091E-12, 2.712963626218662988E-26 ) );
#1737=VECTOR ( 'NONE', #2870, 1000.000000000000000 );
#1738=ORIENTED_EDGE ( 'NONE', *, *, #2958, .T. );
#1739=CARTESIAN_POINT ( 'NONE',  ( 3.350000000000000089, 0.9000000000000027978, -0.7999999999999970468 ) );
#1740=VERTEX_POINT ( 'NONE', #565 );
#1741=STYLED_ITEM ( 'NONE', ( #108 ), #697 );
#1742=ORIENTED_EDGE ( 'NONE', *, *, #2648, .F. );
#1743=ORIENTED_EDGE ( 'NONE', *, *, #2648, .T. );
#1744=EDGE_CURVE ( 'NONE', #3676, #3749, #4639, .T. );
#1745=ORIENTED_EDGE ( 'NONE', *, *, #4954, .F. );
#1746=PRESENTATION_LAYER_ASSIGNMENT (  '', '', ( #3904 ) );
#1747=CARTESIAN_POINT ( 'NONE',  ( 2.849999999940625361, 1.199999999909377779, -0.8000000000139018130 ) );
#1748=EDGE_CURVE ( 'NONE', #2828, #3761, #3722, .T. );
#1749=ORIENTED_EDGE ( 'NONE', *, *, #4746, .T. );
#1750=FACE_OUTER_BOUND ( 'NONE', #3989, .T. );
#1751=CARTESIAN_POINT ( 'NONE',  ( 1.400000000000000133, 0.09999999999999424627, 1.610000000000000320 ) );
#1752=VERTEX_POINT ( 'NONE', #3304 );
#1753=ADVANCED_FACE ( 'NONE', ( #130 ), #1823, .F. );
#1754=ORIENTED_EDGE ( 'NONE', *, *, #4802, .T. );
#1755=LINE ( 'NONE', #2194, #470 );
#1756=DIRECTION ( 'NONE',  ( -1.000000000000000000, -4.760441427967764048E-11, 0.000000000000000000 ) );
#1757=EDGE_CURVE ( 'NONE', #762, #2020, #3672, .T. );
#1758=ORIENTED_EDGE ( 'NONE', *, *, #88, .F. );
#1759=ORIENTED_EDGE ( 'NONE', *, *, #1248, .F. );
#1760=EDGE_CURVE ( 'NONE', #2603, #2937, #1374, .T. );
#1761=STYLED_ITEM ( 'NONE', ( #108 ), #3701 );
#1762=CARTESIAN_POINT ( 'NONE',  ( 2.075000000000000622, 1.400000000000004574, -1.309394179999995078 ) );
#1763=VERTEX_POINT ( 'NONE', #621 );
#1764=EDGE_LOOP ( 'NONE', ( #3525, #180, #2123, #1699, #1082 ) );
#1765=DIRECTION ( 'NONE',  ( 1.000000000000000000, 0.000000000000000000, -0.000000000000000000 ) );
#1766=LINE ( 'NONE', #307, #266 );
#1767=CARTESIAN_POINT ( 'NONE',  ( 2.134233264000001462, 1.399999999999996136, 1.118366904000004602 ) );
#1768=MECHANICAL_DESIGN_GEOMETRIC_PRESENTATION_REPRESENTATION (  '', ( #4356 ), #4652 );
#1769=ORIENTED_EDGE ( 'NONE', *, *, #1995, .F. );
#1770=EDGE_LOOP ( 'NONE', ( #4370, #3698, #3601, #934, #2193, #2911, #4430 ) );
#1771=ADVANCED_FACE ( 'NONE', ( #2257 ), #1871, .F. );
#1772=ORIENTED_EDGE ( 'NONE', *, *, #4507, .T. );
#1773=CARTESIAN_POINT ( 'NONE',  ( -1.430000000000000604, 1.199999999999995959, 1.099999999972226528 ) );
#1774=ORIENTED_EDGE ( 'NONE', *, *, #4268, .T. );
#1775=ADVANCED_FACE ( 'NONE', ( #1540 ), #1127, .F. );
#1776=VECTOR ( 'NONE', #4132, 1000.000000000000227 );
#1777=LINE ( 'NONE', #1326, #512 );
#1778=EDGE_CURVE ( 'NONE', #2919, #3679, #3843, .T. );
#1779=LINE ( 'NONE', #4035, #11 );
#1780=STYLED_ITEM ( 'NONE', ( #108 ), #4142 );
#1781=EDGE_LOOP ( 'NONE', ( #2240, #170, #4831, #2791 ) );
#1782=EDGE_LOOP ( 'NONE', ( #4256, #2053, #206, #279 ) );
#1783=EDGE_CURVE ( 'NONE', #603, #1216, #1940, .T. );
#1784=DIRECTION ( 'NONE',  ( -2.812507171777007861E-10, 1.000000000000000000, 2.891205793475408628E-15 ) );
#1785=LINE ( 'NONE', #2639, #1557 );
#1786=PLANE ( 'NONE',  #739 );
#1787=ORIENTED_EDGE ( 'NONE', *, *, #1311, .F. );
#1788=MECHANICAL_DESIGN_GEOMETRIC_PRESENTATION_REPRESENTATION (  '', ( #1629 ), #670 );
#1789=AXIS2_PLACEMENT_3D ( 'NONE', #547, #35, #211 );
#1790=CARTESIAN_POINT ( 'NONE',  ( 1.874699879903904076, 0.1500000000000004663, -0.1399999999999994027 ) );
#1791=DIRECTION ( 'NONE',  ( -9.876681162117937679E-16, 1.000000000000000000, 3.185229682395817851E-15 ) );
#1792=EDGE_CURVE ( 'NONE', #5038, #4509, #644, .T. );
#1793=STYLED_ITEM ( 'NONE', ( #108 ), #3332 );
#1794=EDGE_LOOP ( 'NONE', ( #1647, #2891, #4485, #1749, #768, #881, #2595, #2415 ) );
#1795=CARTESIAN_POINT ( 'NONE',  ( -0.9299999999999998268, 1.199999999999995959, 1.100000000000004086 ) );
#1796=VECTOR ( 'NONE', #3141, 1000.000000000000227 );
#1797=EDGE_CURVE ( 'NONE', #1934, #1727, #4953, .T. );
#1798=PRESENTATION_LAYER_ASSIGNMENT (  '', '', ( #2851 ) );
#1799=ORIENTED_EDGE ( 'NONE', *, *, #2738, .F. );
#1800=ORIENTED_EDGE ( 'NONE', *, *, #1205, .F. );
#1801=CYLINDRICAL_SURFACE ( 'NONE', #1640, 0.2000000000000000944 );
#1802=MECHANICAL_DESIGN_GEOMETRIC_PRESENTATION_REPRESENTATION (  '', ( #4231 ), #852 );
#1803=VERTEX_POINT ( 'NONE', #4178 );
#1804=MECHANICAL_DESIGN_GEOMETRIC_PRESENTATION_REPRESENTATION (  '', ( #1292 ), #4162 );
#1805=MECHANICAL_DESIGN_GEOMETRIC_PRESENTATION_REPRESENTATION (  '', ( #1294 ), #4545 );
#1806=ORIENTED_EDGE ( 'NONE', *, *, #2953, .F. );
#1807=STYLED_ITEM ( 'NONE', ( #108 ), #2174 );
#1808=CARTESIAN_POINT ( 'NONE',  ( 2.049999999999999822, 0.1500000000000076827, -2.199999999999999734 ) );
#1809=PLANE ( 'NONE',  #832 );
#1810=PRESENTATION_LAYER_ASSIGNMENT (  '', '', ( #4311 ) );
#1811=FACE_OUTER_BOUND ( 'NONE', #5034, .T. );
#1812=ORIENTED_EDGE ( 'NONE', *, *, #3129, .T. );
#1813=LINE ( 'NONE', #1032, #136 );
#1814=EDGE_CURVE ( 'NONE', #2696, #3335, #93, .T. );
#1815=CARTESIAN_POINT ( 'NONE',  ( -1.196026316928586519, 0.1500000000000008826, -0.2599999999999990652 ) );
#1816=DIRECTION ( 'NONE',  ( 0.2961663197507516943, 3.334842790507029165E-15, -0.9551363834789750040 ) );
#1817=CARTESIAN_POINT ( 'NONE',  ( -2.749999999999999556, 1.399999999999997025, 0.9000000000000050182 ) );
#1818=EDGE_CURVE ( 'NONE', #238, #3778, #4479, .T. );
#1819=AXIS2_PLACEMENT_3D ( 'NONE', #167, #52, #214 );
#1820=PLANE ( 'NONE',  #4833 );
#1821=ORIENTED_EDGE ( 'NONE', *, *, #1760, .F. );
#1822=STYLED_ITEM ( 'NONE', ( #40 ), #383 );
#1823=PLANE ( 'NONE',  #451 );
#1824=CARTESIAN_POINT ( 'NONE',  ( -2.749999999999999556, 1.400000000000004574, -1.299999999999995159 ) );
#1825=DIRECTION ( 'NONE',  ( 9.876681162117933735E-16, 1.000000000000000000, 3.185229682395817851E-15 ) );
#1826=AXIS2_PLACEMENT_3D ( 'NONE', #2377, #34, #148 );
#1827=EDGE_LOOP ( 'NONE', ( #3289, #4441, #386, #1112, #493, #4857, #4253, #2650 ) );
#1828=ORIENTED_EDGE ( 'NONE', *, *, #4131, .T. );
#1829=ADVANCED_FACE ( 'NONE', ( #4130 ), #5025, .F. );
#1830=ORIENTED_EDGE ( 'NONE', *, *, #2895, .T. );
#1831=ORIENTED_EDGE ( 'NONE', *, *, #1726, .T. );
#1832=DIRECTION ( 'NONE',  ( 0.000000000000000000, -1.000000000000000000, -3.614007241618347587E-15 ) );
#1833=ORIENTED_EDGE ( 'NONE', *, *, #1485, .T. );
#1834=EDGE_CURVE ( 'NONE', #4288, #3128, #3595, .T. );
#1835=AXIS2_PLACEMENT_3D ( 'NONE', #2835, #52, #214 );
#1836=AXIS2_PLACEMENT_3D ( 'NONE', #2316, #187, #295 );
#1837=ORIENTED_EDGE ( 'NONE', *, *, #1541, .F. );
#1838=ORIENTED_EDGE ( 'NONE', *, *, #4442, .F. );
#1839=( GEOMETRIC_REPRESENTATION_CONTEXT ( 3 ) GLOBAL_UNCERTAINTY_ASSIGNED_CONTEXT ( ( #73 ) ) GLOBAL_UNIT_ASSIGNED_CONTEXT ( ( #54, #16, #61 ) ) REPRESENTATION_CONTEXT ( 'NONE', 'WORKASPACE' ) );
#1840=CARTESIAN_POINT ( 'NONE',  ( 3.850000000000000089, 3.728449128903907975E-15, -0.9000000000703125558 ) );
#1841=VECTOR ( 'NONE', #2166, 1000.000000000000000 );
#1842=FACE_OUTER_BOUND ( 'NONE', #2189, .T. );
#1843=EDGE_CURVE ( 'NONE', #3502, #2445, #3183, .T. );
#1844=CARTESIAN_POINT ( 'NONE',  ( 3.149999999999999911, 0.6500000000000047962, -1.299999999999997824 ) );
#1845=LINE ( 'NONE', #4086, #17 );
#1846=EDGE_LOOP ( 'NONE', ( #265, #4118, #4201, #2644 ) );
#1847=CARTESIAN_POINT ( 'NONE',  ( -2.749999999866249212, 1.199999999999997291, 0.7500000000000041078 ) );
#1848=EDGE_CURVE ( 'NONE', #1521, #2991, #784, .T. );
#1849=CARTESIAN_POINT ( 'NONE',  ( 2.134233263986649032, 1.199999999999995959, 1.118366903485611408 ) );
#1850=LINE ( 'NONE', #906, #4881 );
#1851=ORIENTED_EDGE ( 'NONE', *, *, #227, .F. );
#1852=VERTEX_POINT ( 'NONE', #4694 );
#1853=DIRECTION ( 'NONE',  ( 0.000000000000000000, -1.000000000000000000, -3.491483361109382855E-15 ) );
#1854=ADVANCED_FACE ( 'NONE', ( #2096 ), #742, .F. );
#1855=AXIS2_PLACEMENT_3D ( 'NONE', #1048, #241, #302 );
#1856=CARTESIAN_POINT ( 'NONE',  ( 2.750000000000000000, 1.400000000000004574, -0.9000000000037450265 ) );
#1857=VERTEX_POINT ( 'NONE', #2401 );
#1858=PLANE ( 'NONE',  #485 );
#1859=EDGE_LOOP ( 'NONE', ( #2413, #1721, #1403, #1662 ) );
#1860=EDGE_CURVE ( 'NONE', #3811, #1668, #867, .T. );
#1861=ORIENTED_EDGE ( 'NONE', *, *, #884, .F. );
#1862=EDGE_CURVE ( 'NONE', #762, #695, #4771, .T. );
#1863=( GEOMETRIC_REPRESENTATION_CONTEXT ( 3 ) GLOBAL_UNCERTAINTY_ASSIGNED_CONTEXT ( ( #73 ) ) GLOBAL_UNIT_ASSIGNED_CONTEXT ( ( #54, #16, #61 ) ) REPRESENTATION_CONTEXT ( 'NONE', 'WORKASPACE' ) );
#1864=ORIENTED_EDGE ( 'NONE', *, *, #3097, .F. );
#1865=LINE ( 'NONE', #43, #401 );
#1866=CARTESIAN_POINT ( 'NONE',  ( -2.049999999929688066, 6.448658170875751256E-15, -1.300100000000000255 ) );
#1867=CARTESIAN_POINT ( 'NONE',  ( -3.850000000000000533, 0.2000000000434411507, -1.299999999999999378 ) );
#1868=EDGE_LOOP ( 'NONE', ( #3943, #4484, #3466, #4588, #2384, #2320, #3537, #4396 ) );
#1869=STYLED_ITEM ( 'NONE', ( #40 ), #4317 );
#1870=VERTEX_POINT ( 'NONE', #1312 );
#1871=PLANE ( 'NONE',  #1914 );
#1872=CIRCLE ( 'NONE', #1368, 0.4000000000000001887 );
#1873=PLANE ( 'NONE',  #845 );
#1874=ORIENTED_EDGE ( 'NONE', *, *, #3861, .T. );
#1875=MECHANICAL_DESIGN_GEOMETRIC_PRESENTATION_REPRESENTATION (  '', ( #3940 ), #4922 );
#1876=VERTEX_POINT ( 'NONE', #2516 );
#1877=ADVANCED_FACE ( 'NONE', ( #1038 ), #1397, .F. );
#1878=ADVANCED_FACE ( 'NONE', ( #1842 ), #1786, .T. );
#1879=ORIENTED_EDGE ( 'NONE', *, *, #3203, .T. );
#1880=VECTOR ( 'NONE', #12, 1000.000000000000000 );
#1881=ORIENTED_EDGE ( 'NONE', *, *, #3678, .F. );
#1882=( GEOMETRIC_REPRESENTATION_CONTEXT ( 3 ) GLOBAL_UNCERTAINTY_ASSIGNED_CONTEXT ( ( #73 ) ) GLOBAL_UNIT_ASSIGNED_CONTEXT ( ( #54, #16, #61 ) ) REPRESENTATION_CONTEXT ( 'NONE', 'WORKASPACE' ) );
#1883=EDGE_CURVE ( 'NONE', #2761, #2890, #978, .T. );
#1884=ORIENTED_EDGE ( 'NONE', *, *, #477, .F. );
#1885=CARTESIAN_POINT ( 'NONE',  ( 2.849999999990625810, 1.399999999999997469, 0.8000000000078173468 ) );
#1886=AXIS2_PLACEMENT_3D ( 'NONE', #3354, #259, #1197 );
#1887=CARTESIAN_POINT ( 'NONE',  ( 1.500000000000000000, -0.3000000001520675141, 0.3999999999564352038 ) );
#1888=ORIENTED_EDGE ( 'NONE', *, *, #297, .F. );
#1889=PLANE ( 'NONE',  #106 );
#1890=STYLED_ITEM ( 'NONE', ( #40 ), #2004 );
#1891=EDGE_CURVE ( 'NONE', #3636, #3587, #4772, .T. );
#1892=LINE ( 'NONE', #3878, #2704 );
#1893=CARTESIAN_POINT ( 'NONE',  ( 2.049999999240625481, 0.0001000000000045392882, -1.300100000000000255 ) );
#1894=ORIENTED_EDGE ( 'NONE', *, *, #3028, .F. );
#1895=EDGE_CURVE ( 'NONE', #701, #3015, #917, .T. );
#1896=VECTOR ( 'NONE', #374, 1000.000000000000000 );
#1897=DIRECTION ( 'NONE',  ( 9.876681162117937679E-16, 1.000000000000000000, 3.185229682395820612E-15 ) );
#1898=PRESENTATION_LAYER_ASSIGNMENT (  '', '', ( #4030 ) );
#1899=VERTEX_POINT ( 'NONE', #4424 );
#1900=ORIENTED_EDGE ( 'NONE', *, *, #4197, .T. );
#1901=ORIENTED_EDGE ( 'NONE', *, *, #1056, .F. );
#1902=ORIENTED_EDGE ( 'NONE', *, *, #2926, .T. );
#1903=PLANE ( 'NONE',  #1430 );
#1904=EDGE_CURVE ( 'NONE', #4427, #1072, #1004, .T. );
#1905=ORIENTED_EDGE ( 'NONE', *, *, #4552, .F. );
#1906=MECHANICAL_DESIGN_GEOMETRIC_PRESENTATION_REPRESENTATION (  '', ( #3664 ), #523 );
#1907=EDGE_LOOP ( 'NONE', ( #3001, #3699, #1687, #996 ) );
#1908=CARTESIAN_POINT ( 'NONE',  ( 2.134233263949489867, 1.199999999999995959, 1.118366903729215434 ) );
#1909=EDGE_CURVE ( 'NONE', #3606, #3092, #2221, .T. );
#1910=STYLED_ITEM ( 'NONE', ( #108 ), #958 );
#1911=LINE ( 'NONE', #1933, #11 );
#1912=ORIENTED_EDGE ( 'NONE', *, *, #2903, .T. );
#1913=CARTESIAN_POINT ( 'NONE',  ( 0.3000000000124998234, 1.199999999999990186, 2.800000000012504042 ) );
#1914=AXIS2_PLACEMENT_3D ( 'NONE', #253, #52, #214 );
#1915=FACE_OUTER_BOUND ( 'NONE', #1794, .T. );
#1916=ADVANCED_FACE ( 'NONE', ( #614 ), #4105, .F. );
#1917=ORIENTED_EDGE ( 'NONE', *, *, #1564, .F. );
#1918=CARTESIAN_POINT ( 'NONE',  ( 1.500000000000000000, -0.3000000000128176803, 0.4000000000956850377 ) );
#1919=CARTESIAN_POINT ( 'NONE',  ( -2.749999999931249217, 1.399999999999995470, 1.300000000000005151 ) );
#1920=ORIENTED_EDGE ( 'NONE', *, *, #4649, .F. );
#1921=LINE ( 'NONE', #3359, #2303 );
#1922=VERTEX_POINT ( 'NONE', #3767 );
#1923=VERTEX_POINT ( 'NONE', #4259 );
#1924=EDGE_LOOP ( 'NONE', ( #3582, #4958, #303, #1212 ) );
#1925=FACE_OUTER_BOUND ( 'NONE', #3329, .T. );
#1926=EDGE_CURVE ( 'NONE', #4344, #3753, #4278, .T. );
#1927=ORIENTED_EDGE ( 'NONE', *, *, #2670, .F. );
#1928=VERTEX_POINT ( 'NONE', #3901 );
#1929=STYLED_ITEM ( 'NONE', ( #683 ), #3967 );
#1930=LINE ( 'NONE', #4919, #1841 );
#1931=LINE ( 'NONE', #2348, #266 );
#1932=EDGE_CURVE ( 'NONE', #2001, #3044, #1892, .T. );
#1933=CARTESIAN_POINT ( 'NONE',  ( -3.150000000000000355, 1.199999999999997291, 0.7500000000000033307 ) );
#1934=VERTEX_POINT ( 'NONE', #799 );
#1935=CYLINDRICAL_SURFACE ( 'NONE', #779, 0.1999999999999987899 );
#1936=ADVANCED_FACE ( 'NONE', ( #2363 ), #4616, .F. );
#1937=CARTESIAN_POINT ( 'NONE',  ( 1.430000000074470590, 1.399999999999995692, 1.299999999821874752 ) );
#1938=ORIENTED_EDGE ( 'NONE', *, *, #3913, .T. );
#1939=PLANE ( 'NONE',  #2390 );
#1940=LINE ( 'NONE', #2755, #341 );
#1941=CARTESIAN_POINT ( 'NONE',  ( 2.049999999549999785, 0.1500000000000076827, -2.199999999999999734 ) );
#1942=EDGE_CURVE ( 'NONE', #1668, #4836, #3393, .T. );
#1943=STYLED_ITEM ( 'NONE', ( #40 ), #4173 );
#1944=ORIENTED_EDGE ( 'NONE', *, *, #359, .T. );
#1945=MECHANICAL_DESIGN_GEOMETRIC_PRESENTATION_REPRESENTATION (  '', ( #1701 ), #1462 );
#1946=ADVANCED_FACE ( 'NONE', ( #1065 ), #4501, .F. );
#1947=ORIENTED_EDGE ( 'NONE', *, *, #3294, .F. );
#1948=MECHANICAL_DESIGN_GEOMETRIC_PRESENTATION_REPRESENTATION (  '', ( #2031 ), #2601 );
#1949=VERTEX_POINT ( 'NONE', #4656 );
#1950=AXIS2_PLACEMENT_3D ( 'NONE', #2905, #214, #45 );
#1951=MECHANICAL_DESIGN_GEOMETRIC_PRESENTATION_REPRESENTATION (  '', ( #3552 ), #4533 );
#1952=ORIENTED_EDGE ( 'NONE', *, *, #2010, .F. );
#1953=CARTESIAN_POINT ( 'NONE',  ( -3.150000000000000355, 0.6499999998999953510, 0.7500000000000045519 ) );
#1954=LINE ( 'NONE', #3482, #11 );
#1955=EDGE_LOOP ( 'NONE', ( #692, #4792, #910, #3189, #4505, #3917, #1665 ) );
#1956=CIRCLE ( 'NONE', #3475, 0.4000000000000001887 );
#1957=MECHANICAL_DESIGN_GEOMETRIC_PRESENTATION_REPRESENTATION (  '', ( #1385 ), #2931 );
#1958=( GEOMETRIC_REPRESENTATION_CONTEXT ( 3 ) GLOBAL_UNCERTAINTY_ASSIGNED_CONTEXT ( ( #73 ) ) GLOBAL_UNIT_ASSIGNED_CONTEXT ( ( #54, #16, #61 ) ) REPRESENTATION_CONTEXT ( 'NONE', 'WORKASPACE' ) );
#1959=PLANE ( 'NONE',  #3781 );
#1960=EDGE_CURVE ( 'NONE', #1174, #4913, #520, .T. );
#1961=ORIENTED_EDGE ( 'NONE', *, *, #2728, .T. );
#1962=CARTESIAN_POINT ( 'NONE',  ( 1.125300120096095924, 5.430177791795889003E-16, -0.1399999999999998468 ) );
#1963=( GEOMETRIC_REPRESENTATION_CONTEXT ( 3 ) GLOBAL_UNCERTAINTY_ASSIGNED_CONTEXT ( ( #73 ) ) GLOBAL_UNIT_ASSIGNED_CONTEXT ( ( #54, #16, #61 ) ) REPRESENTATION_CONTEXT ( 'NONE', 'WORKASPACE' ) );
#1964=VERTEX_POINT ( 'NONE', #2461 );
#1965=EDGE_CURVE ( 'NONE', #2696, #2855, #827, .T. );
#1966=LINE ( 'NONE', #344, #11 );
#1967=DIRECTION ( 'NONE',  ( -2.062496585642751853E-09, -1.000000000000000000, -2.891205793415121511E-15 ) );
#1968=STYLED_ITEM ( 'NONE', ( #193 ), #2128 );
#1969=( GEOMETRIC_REPRESENTATION_CONTEXT ( 3 ) GLOBAL_UNCERTAINTY_ASSIGNED_CONTEXT ( ( #73 ) ) GLOBAL_UNIT_ASSIGNED_CONTEXT ( ( #54, #16, #61 ) ) REPRESENTATION_CONTEXT ( 'NONE', 'WORKASPACE' ) );
#1970=EDGE_LOOP ( 'NONE', ( #736, #4168, #4183, #4135 ) );
#1971=EDGE_CURVE ( 'NONE', #3333, #2761, #3966, .T. );
#1972=FACE_OUTER_BOUND ( 'NONE', #4136, .T. );
#1973=ORIENTED_EDGE ( 'NONE', *, *, #4363, .F. );
#1974=ORIENTED_EDGE ( 'NONE', *, *, #3430, .F. );
#1975=FACE_BOUND ( 'NONE', #3874, .T. );
#1976=PRESENTATION_LAYER_ASSIGNMENT (  '', '', ( #2790 ) );
#1977=ORIENTED_EDGE ( 'NONE', *, *, #3978, .T. );
#1978=EDGE_CURVE ( 'NONE', #3879, #3811, #2435, .T. );
#1979=CARTESIAN_POINT ( 'NONE',  ( -3.850000000000000533, 0.2000000000666620481, 1.299900000000000055 ) );
#1980=CARTESIAN_POINT ( 'NONE',  ( -0.9299999999999998268, 1.200000000000003730, -1.099999999999995426 ) );
#1981=( GEOMETRIC_REPRESENTATION_CONTEXT ( 3 ) GLOBAL_UNCERTAINTY_ASSIGNED_CONTEXT ( ( #73 ) ) GLOBAL_UNIT_ASSIGNED_CONTEXT ( ( #54, #16, #61 ) ) REPRESENTATION_CONTEXT ( 'NONE', 'WORKASPACE' ) );
#1982=ORIENTED_EDGE ( 'NONE', *, *, #2621, .T. );
#1983=CIRCLE ( 'NONE', #2630, 0.05000000000000002359 );
#1984=ORIENTED_EDGE ( 'NONE', *, *, #1586, .F. );
#1985=AXIS2_PLACEMENT_3D ( 'NONE', #1524, #52, #214 );
#1986=LINE ( 'NONE', #3489, #1219 );
#1987=LINE ( 'NONE', #774, #65 );
#1988=( GEOMETRIC_REPRESENTATION_CONTEXT ( 3 ) GLOBAL_UNCERTAINTY_ASSIGNED_CONTEXT ( ( #73 ) ) GLOBAL_UNIT_ASSIGNED_CONTEXT ( ( #54, #16, #61 ) ) REPRESENTATION_CONTEXT ( 'NONE', 'WORKASPACE' ) );
#1989=CARTESIAN_POINT ( 'NONE',  ( 0.5499999994328125252, 0.1500000000000076827, -2.199999999999999734 ) );
#1990=AXIS2_PLACEMENT_3D ( 'NONE', #752, #302, #52 );
#1991=LINE ( 'NONE', #342, #1737 );
#1992=EDGE_CURVE ( 'NONE', #4218, #2418, #4730, .T. );
#1993=LINE ( 'NONE', #2756, #89 );
#1994=CARTESIAN_POINT ( 'NONE',  ( -2.749999999931249217, 1.400000000000003242, -0.9000000001212455913 ) );
#1995=EDGE_CURVE ( 'NONE', #51, #908, #3330, .T. );
#1996=CARTESIAN_POINT ( 'NONE',  ( 0.000000000000000000, 0.000000000000000000, 0.000000000000000000 ) );
#1997=ORIENTED_EDGE ( 'NONE', *, *, #3056, .F. );
#1998=LINE ( 'NONE', #2131, #266 );
#1999=VECTOR ( 'NONE', #2747, 1000.000000000000000 );
#2000=CARTESIAN_POINT ( 'NONE',  ( 2.750000000000000000, 1.399999999999997691, 0.8000000000062550409 ) );
#2001=VERTEX_POINT ( 'NONE', #3603 );
#2002=VERTEX_POINT ( 'NONE', #1747 );
#2003=CARTESIAN_POINT ( 'NONE',  ( -3.850000000000000533, 3.186012110008010774E-15, -0.9000000001406248673 ) );
#2004=ADVANCED_FACE ( 'NONE', ( #5061 ), #2893, .F. );
#2005=LINE ( 'NONE', #1188, #2115 );
#2006=ORIENTED_EDGE ( 'NONE', *, *, #41, .F. );
#2007=CARTESIAN_POINT ( 'NONE',  ( 3.850000000000000089, 1.400000000000004574, -1.299999999999995159 ) );
#2008=LINE ( 'NONE', #2462, #401 );
#2009=ORIENTED_EDGE ( 'NONE', *, *, #1992, .T. );
#2010=EDGE_CURVE ( 'NONE', #4628, #4812, #4016, .T. );
#2011=VERTEX_POINT ( 'NONE', #4462 );
#2012=AXIS2_PLACEMENT_3D ( 'NONE', #1171, #214, #45 );
#2013=EDGE_CURVE ( 'NONE', #4776, #4187, #4094, .T. );
#2014=ORIENTED_EDGE ( 'NONE', *, *, #3769, .T. );
#2015=AXIS2_PLACEMENT_3D ( 'NONE', #4022, #302, #52 );
#2016=VERTEX_POINT ( 'NONE', #140 );
#2017=LINE ( 'NONE', #3134, #351 );
#2018=DIRECTION ( 'NONE',  ( -1.204669080539449344E-16, 3.491483361109382066E-15, -1.000000000000000000 ) );
#2019=CARTESIAN_POINT ( 'NONE',  ( 1.400000000173125203, 1.199999999999995959, 1.100000000000004086 ) );
#2020=VERTEX_POINT ( 'NONE', #3008 );
#2021=ORIENTED_EDGE ( 'NONE', *, *, #972, .T. );
#2022=ORIENTED_EDGE ( 'NONE', *, *, #817, .T. );
#2023=LINE ( 'NONE', #2817, #89 );
#2024=CARTESIAN_POINT ( 'NONE',  ( 0.09999999999999982514, 0.7999999999999949374, 1.410000000062503034 ) );
#2025=EDGE_CURVE ( 'NONE', #3460, #2637, #3729, .T. );
#2026=VERTEX_POINT ( 'NONE', #1559 );
#2027=LINE ( 'NONE', #824, #512 );
#2028=PLANE ( 'NONE',  #1518 );
#2029=EDGE_CURVE ( 'NONE', #2391, #4391, #3565, .T. );
#2030=AXIS2_PLACEMENT_3D ( 'NONE', #239, #187, #295 );
#2031=STYLED_ITEM ( 'NONE', ( #40 ), #4471 );
#2032=ORIENTED_EDGE ( 'NONE', *, *, #2953, .T. );
#2033=LINE ( 'NONE', #861, #2281 );
#2034=CARTESIAN_POINT ( 'NONE',  ( 2.015766735948107069, 1.200000000000003730, -1.118366903335748841 ) );
#2035=PRESENTATION_LAYER_ASSIGNMENT (  '', '', ( #4148 ) );
#2036=VERTEX_POINT ( 'NONE', #173 );
#2037=MECHANICAL_DESIGN_GEOMETRIC_PRESENTATION_REPRESENTATION (  '', ( #3088 ), #3163 );
#2038=LINE ( 'NONE', #3561, #89 );
#2039=VECTOR ( 'NONE', #168, 999.9999999999998863 );
#2040=PRESENTATION_LAYER_ASSIGNMENT (  '', '', ( #310 ) );
#2041=EDGE_CURVE ( 'NONE', #2713, #1922, #4437, .T. );
#2042=CARTESIAN_POINT ( 'NONE',  ( -3.149999999974375520, 0.6500000000000025757, -0.7499999999999965583 ) );
#2043=AXIS2_PLACEMENT_3D ( 'NONE', #1751, #241, #302 );
#2044=AXIS2_PLACEMENT_3D ( 'NONE', #3022, #302, #52 );
#2045=( GEOMETRIC_REPRESENTATION_CONTEXT ( 3 ) GLOBAL_UNCERTAINTY_ASSIGNED_CONTEXT ( ( #73 ) ) GLOBAL_UNIT_ASSIGNED_CONTEXT ( ( #54, #16, #61 ) ) REPRESENTATION_CONTEXT ( 'NONE', 'WORKASPACE' ) );
#2046=CARTESIAN_POINT ( 'NONE',  ( 1.430000000000000604, 1.399999999999995470, 1.300000000000005151 ) );
#2047=STYLED_ITEM ( 'NONE', ( #40 ), #2230 );
#2048=ORIENTED_EDGE ( 'NONE', *, *, #2334, .F. );
#2049=AXIS2_PLACEMENT_3D ( 'NONE', #1739, #27, #122 );
#2050=ADVANCED_FACE ( 'NONE', ( #3037 ), #2590, .F. );
#2051=CARTESIAN_POINT ( 'NONE',  ( 3.350000000000000089, 0.7000000000000041744, -1.249999999999997558 ) );
#2052=ORIENTED_EDGE ( 'NONE', *, *, #4537, .F. );
#2053=ORIENTED_EDGE ( 'NONE', *, *, #1488, .F. );
#2054=ORIENTED_EDGE ( 'NONE', *, *, #2491, .F. );
#2055=ORIENTED_EDGE ( 'NONE', *, *, #3469, .T. );
#2056=PLANE ( 'NONE',  #4535 );
#2057=AXIS2_PLACEMENT_3D ( 'NONE', #775, #833, #3176 );
#2058=CARTESIAN_POINT ( 'NONE',  ( -3.850000000000000533, 7.724940478959219092E-15, -2.200000000000000178 ) );
#2059=AXIS2_PLACEMENT_3D ( 'NONE', #3890, #2804, #1235 );
#2060=EDGE_CURVE ( 'NONE', #3789, #1949, #4164, .T. );
#2061=EDGE_LOOP ( 'NONE', ( #629, #1600, #2338, #4351 ) );
#2062=CARTESIAN_POINT ( 'NONE',  ( -3.150000000000000355, 0.2500000000333291728, -0.8999999999999991340 ) );
#2063=VERTEX_POINT ( 'NONE', #197 );
#2064=ADVANCED_FACE ( 'NONE', ( #2237 ), #3731, .F. );
#2065=( GEOMETRIC_REPRESENTATION_CONTEXT ( 3 ) GLOBAL_UNCERTAINTY_ASSIGNED_CONTEXT ( ( #73 ) ) GLOBAL_UNIT_ASSIGNED_CONTEXT ( ( #54, #16, #61 ) ) REPRESENTATION_CONTEXT ( 'NONE', 'WORKASPACE' ) );
#2066=CARTESIAN_POINT ( 'NONE',  ( 1.430000001333333826, 1.400000000000004574, -1.299999999999995159 ) );
#2067=STYLED_ITEM ( 'NONE', ( #108 ), #2786 );
#2068=CARTESIAN_POINT ( 'NONE',  ( -2.449999999606249812, 0.0001000000000045392882, -1.300100000000000255 ) );
#2069=LINE ( 'NONE', #2417, #503 );
#2070=ORIENTED_EDGE ( 'NONE', *, *, #1195, .F. );
#2071=EDGE_LOOP ( 'NONE', ( #1097, #1997, #3865, #821 ) );
#2072=EDGE_CURVE ( 'NONE', #3876, #1717, #318, .T. );
#2073=CARTESIAN_POINT ( 'NONE',  ( -3.349999999992840483, 0.9000000000617585094, -1.249999999992965627 ) );
#2074=ORIENTED_EDGE ( 'NONE', *, *, #1132, .T. );
#2075=ORIENTED_EDGE ( 'NONE', *, *, #3198, .F. );
#2076=VECTOR ( 'NONE', #878, 1000.000000000000000 );
#2077=MECHANICAL_DESIGN_GEOMETRIC_PRESENTATION_REPRESENTATION (  '', ( #4190 ), #2727 );
#2078=ORIENTED_EDGE ( 'NONE', *, *, #975, .T. );
#2079=EDGE_CURVE ( 'NONE', #3700, #3310, #2318, .T. );
#2080=LINE ( 'NONE', #1322, #1896 );
#2081=PLANE ( 'NONE',  #2906 );
#2082=( GEOMETRIC_REPRESENTATION_CONTEXT ( 3 ) GLOBAL_UNCERTAINTY_ASSIGNED_CONTEXT ( ( #73 ) ) GLOBAL_UNIT_ASSIGNED_CONTEXT ( ( #54, #16, #61 ) ) REPRESENTATION_CONTEXT ( 'NONE', 'WORKASPACE' ) );
#2083=STYLED_ITEM ( 'NONE', ( #108 ), #1306 );
#2084=VERTEX_POINT ( 'NONE', #1676 );
#2085=LINE ( 'NONE', #1695, #2086 );
#2086=VECTOR ( 'NONE', #5083, 1000.000000000000000 );
#2087=ORIENTED_EDGE ( 'NONE', *, *, #718, .T. );
#2088=DIRECTION ( 'NONE',  ( 1.000000000000000000, -3.851859891242074925E-30, 1.084202173180072992E-15 ) );
#2089=ORIENTED_EDGE ( 'NONE', *, *, #446, .F. );
#2090=ORIENTED_EDGE ( 'NONE', *, *, #5071, .F. );
#2091=CARTESIAN_POINT ( 'NONE',  ( 2.075000000000000622, 1.200000000000003730, -1.109394179999995789 ) );
#2092=VERTEX_POINT ( 'NONE', #4934 );
#2093=PRESENTATION_LAYER_ASSIGNMENT (  '', '', ( #4972 ) );
#2094=EDGE_CURVE ( 'NONE', #2020, #4609, #1569, .T. );
#2095=CARTESIAN_POINT ( 'NONE',  ( -1.500000000000000000, -0.3000000001520663484, -9.486769009248163798E-16 ) );
#2096=FACE_OUTER_BOUND ( 'NONE', #2361, .T. );
#2097=CARTESIAN_POINT ( 'NONE',  ( -2.749999999921562299, 1.400000000000003686, -1.300099999999995148 ) );
#2098=EDGE_CURVE ( 'NONE', #4403, #3257, #261, .T. );
#2099=( GEOMETRIC_REPRESENTATION_CONTEXT ( 3 ) GLOBAL_UNCERTAINTY_ASSIGNED_CONTEXT ( ( #73 ) ) GLOBAL_UNIT_ASSIGNED_CONTEXT ( ( #54, #16, #61 ) ) REPRESENTATION_CONTEXT ( 'NONE', 'WORKASPACE' ) );
#2100=VERTEX_POINT ( 'NONE', #760 );
#2101=ORIENTED_EDGE ( 'NONE', *, *, #4577, .F. );
#2102=CARTESIAN_POINT ( 'NONE',  ( 3.350000000000000089, 1.399999999999997691, 0.8000000000000051514 ) );
#2103=EDGE_CURVE ( 'NONE', #1289, #1399, #1009, .T. );
#2104=VERTEX_POINT ( 'NONE', #685 );
#2105=( GEOMETRIC_REPRESENTATION_CONTEXT ( 3 ) GLOBAL_UNCERTAINTY_ASSIGNED_CONTEXT ( ( #73 ) ) GLOBAL_UNIT_ASSIGNED_CONTEXT ( ( #54, #16, #61 ) ) REPRESENTATION_CONTEXT ( 'NONE', 'WORKASPACE' ) );
#2106=ORIENTED_EDGE ( 'NONE', *, *, #4155, .F. );
#2107=EDGE_CURVE ( 'NONE', #4238, #3004, #286, .T. );
#2108=LINE ( 'NONE', #2535, #11 );
#2109=CIRCLE ( 'NONE', #4664, 0.1999999999999987899 );
#2110=ORIENTED_EDGE ( 'NONE', *, *, #1290, .T. );
#2111=LINE ( 'NONE', #2897, #136 );
#2112=VERTEX_POINT ( 'NONE', #4512 );
#2113=CARTESIAN_POINT ( 'NONE',  ( -4.950694310439250678, 0.2500000000333291728, 0.8999999999015637631 ) );
#2114=CIRCLE ( 'NONE', #2995, 0.2000000000000000944 );
#2115=VECTOR ( 'NONE', #4275, 1000.000000000000000 );
#2116=STYLED_ITEM ( 'NONE', ( #108 ), #4557 );
#2117=FACE_OUTER_BOUND ( 'NONE', #3522, .T. );
#2118=CARTESIAN_POINT ( 'NONE',  ( -2.200000000000000178, 4.888076705553128898E-16, -0.1399999999999997913 ) );
#2119=ORIENTED_EDGE ( 'NONE', *, *, #4282, .F. );
#2120=EDGE_CURVE ( 'NONE', #3039, #4548, #2356, .T. );
#2121=LINE ( 'NONE', #5075, #89 );
#2122=DIRECTION ( 'NONE',  ( 0.7071067811865467956, -2.468851561040446386E-15, 0.7071067811865483499 ) );
#2123=ORIENTED_EDGE ( 'NONE', *, *, #4928, .F. );
#2124=VERTEX_POINT ( 'NONE', #3848 );
#2125=ORIENTED_EDGE ( 'NONE', *, *, #4731, .F. );
#2126=( GEOMETRIC_REPRESENTATION_CONTEXT ( 3 ) GLOBAL_UNCERTAINTY_ASSIGNED_CONTEXT ( ( #73 ) ) GLOBAL_UNIT_ASSIGNED_CONTEXT ( ( #54, #16, #61 ) ) REPRESENTATION_CONTEXT ( 'NONE', 'WORKASPACE' ) );
#2127=ORIENTED_EDGE ( 'NONE', *, *, #2773, .T. );
#2128=ADVANCED_FACE ( 'NONE', ( #1972 ), #1603, .F. );
#2129=LINE ( 'NONE', #4655, #744 );
#2130=ORIENTED_EDGE ( 'NONE', *, *, #15, .T. );
#2131=CARTESIAN_POINT ( 'NONE',  ( -1.429999999999996607, 1.199999999972995557, 0.9500000000000000666 ) );
#2132=EDGE_CURVE ( 'NONE', #4389, #1441, #1183, .T. );
#2133=CIRCLE ( 'NONE', #2782, 0.05000000000000005135 );
#2134=ORIENTED_EDGE ( 'NONE', *, *, #3415, .F. );
#2135=PRODUCT_DEFINITION_SHAPE ( 'NONE', 'NONE',  #4737 );
#2136=PLANE ( 'NONE',  #4719 );
#2137=( GEOMETRIC_REPRESENTATION_CONTEXT ( 3 ) GLOBAL_UNCERTAINTY_ASSIGNED_CONTEXT ( ( #73 ) ) GLOBAL_UNIT_ASSIGNED_CONTEXT ( ( #54, #16, #61 ) ) REPRESENTATION_CONTEXT ( 'NONE', 'WORKASPACE' ) );
#2138=PRESENTATION_LAYER_ASSIGNMENT (  '', '', ( #1580 ) );
#2139=EDGE_LOOP ( 'NONE', ( #169, #468, #2127, #416, #4399, #3318, #3050 ) );
#2140=EDGE_CURVE ( 'NONE', #4344, #4102, #352, .T. );
#2141=STYLED_ITEM ( 'NONE', ( #193 ), #346 );
#2142=ORIENTED_EDGE ( 'NONE', *, *, #3719, .F. );
#2143=PRESENTATION_LAYER_ASSIGNMENT (  '', '', ( #423 ) );
#2144=CARTESIAN_POINT ( 'NONE',  ( 2.749999999998125055, 1.199999999978127896, -0.9000000000112453602 ) );
#2145=LINE ( 'NONE', #1815, #401 );
#2146=STYLED_ITEM ( 'NONE', ( #40 ), #473 );
#2147=PRESENTATION_LAYER_ASSIGNMENT (  '', '', ( #4706 ) );
#2148=MECHANICAL_DESIGN_GEOMETRIC_PRESENTATION_REPRESENTATION (  '', ( #2723 ), #3659 );
#2149=ORIENTED_EDGE ( 'NONE', *, *, #4379, .T. );
#2150=FACE_OUTER_BOUND ( 'NONE', #4416, .T. );
#2151=ADVANCED_FACE ( 'NONE', ( #4975 ), #1620, .F. );
#2152=MECHANICAL_DESIGN_GEOMETRIC_PRESENTATION_REPRESENTATION (  '', ( #2235 ), #3748 );
#2153=ORIENTED_EDGE ( 'NONE', *, *, #2793, .T. );
#2154=EDGE_CURVE ( 'NONE', #2745, #3547, #3646, .T. );
#2155=VERTEX_POINT ( 'NONE', #2428 );
#2156=CARTESIAN_POINT ( 'NONE',  ( -1.649999999999999911, -1.294676681018954841E-15, 0.3708099243547833823 ) );
#2157=PLANE ( 'NONE',  #4301 );
#2158=EDGE_LOOP ( 'NONE', ( #2217, #2959, #358, #5000, #4051, #722, #3477 ) );
#2159=VERTEX_POINT ( 'NONE', #2482 );
#2160=PLANE ( 'NONE',  #4963 );
#2161=ADVANCED_FACE ( 'NONE', ( #3961 ), #3283, .T. );
#2162=ORIENTED_EDGE ( 'NONE', *, *, #5088, .F. );
#2163=DIRECTION ( 'NONE',  ( -4.336808689942043768E-15, -3.252606517456533024E-15, 1.000000000000000000 ) );
#2164=CARTESIAN_POINT ( 'NONE',  ( 3.149999999999999911, 0.7000000000039093839, -0.8000000000101532560 ) );
#2165=VERTEX_POINT ( 'NONE', #4346 );
#2166=DIRECTION ( 'NONE',  ( -1.396593344443753142E-15, -6.982966722218765711E-16, 1.000000000000000000 ) );
#2167=EDGE_CURVE ( 'NONE', #904, #2084, #903, .T. );
#2168=VERTEX_POINT ( 'NONE', #58 );
#2169=CARTESIAN_POINT ( 'NONE',  ( 1.500000000000000000, -0.3000000000128162925, -8.673617380331509918E-16 ) );
#2170=CARTESIAN_POINT ( 'NONE',  ( 0.7999999999999999334, -2.653527354443130891E-15, 0.7600000000000000089 ) );
#2171=ORIENTED_EDGE ( 'NONE', *, *, #235, .F. );
#2172=CARTESIAN_POINT ( 'NONE',  ( 1.400000000000000133, 0.2999999999999950484, 1.410000000000001030 ) );
#2173=LINE ( 'NONE', #81, #266 );
#2174=ADVANCED_FACE ( 'NONE', ( #4725 ), #3998, .F. );
#2175=EDGE_LOOP ( 'NONE', ( #3191, #2708, #4714, #3887 ) );
#2176=DIRECTION ( 'NONE',  ( 0.9551363834789752261, 0.000000000000000000, -0.2961663197507509726 ) );
#2177=ORIENTED_EDGE ( 'NONE', *, *, #1508, .F. );
#2178=CARTESIAN_POINT ( 'NONE',  ( -0.9300000001992185794, 1.199999999972995557, 1.300000000000000266 ) );
#2179=LINE ( 'NONE', #94, #1359 );
#2180=FACE_OUTER_BOUND ( 'NONE', #3456, .T. );
#2181=PRODUCT ( 'SSSS811101', 'SSSS811101', '', ( #844 ) );
#2182=STYLED_ITEM ( 'NONE', ( #108 ), #3846 );
#2183=ORIENTED_EDGE ( 'NONE', *, *, #4770, .F. );
#2184=EDGE_LOOP ( 'NONE', ( #1274, #174, #2171, #3983, #4204 ) );
#2185=CARTESIAN_POINT ( 'NONE',  ( 2.015766736181727747, 1.399999999999995470, 1.118366903943655233 ) );
#2186=( GEOMETRIC_REPRESENTATION_CONTEXT ( 3 ) GLOBAL_UNCERTAINTY_ASSIGNED_CONTEXT ( ( #73 ) ) GLOBAL_UNIT_ASSIGNED_CONTEXT ( ( #54, #16, #61 ) ) REPRESENTATION_CONTEXT ( 'NONE', 'WORKASPACE' ) );
#2187=ORIENTED_EDGE ( 'NONE', *, *, #1446, .F. );
#2188=ADVANCED_FACE ( 'NONE', ( #622 ), #165, .F. );
#2189=EDGE_LOOP ( 'NONE', ( #1185, #1317, #3486, #2055 ) );
#2190=PRESENTATION_LAYER_ASSIGNMENT (  '', '', ( #4068 ) );
#2191=EDGE_CURVE ( 'NONE', #4846, #966, #2979, .T. );
#2192=AXIS2_PLACEMENT_3D ( 'NONE', #1230, #27, #122 );
#2193=ORIENTED_EDGE ( 'NONE', *, *, #502, .T. );
#2194=CARTESIAN_POINT ( 'NONE',  ( -2.075000000000000178, 1.200000000000003730, -1.109394179999996899 ) );
#2195=ORIENTED_EDGE ( 'NONE', *, *, #1573, .F. );
#2196=FACE_OUTER_BOUND ( 'NONE', #1476, .T. );
#2197=FACE_OUTER_BOUND ( 'NONE', #594, .T. );
#2198=AXIS2_PLACEMENT_3D ( 'NONE', #43, #2387, #3546 );
#2199=LINE ( 'NONE', #954, #744 );
#2200=EDGE_CURVE ( 'NONE', #3749, #2309, #1461, .T. );
#2201=MECHANICAL_DESIGN_GEOMETRIC_PRESENTATION_REPRESENTATION (  '', ( #4294 ), #2602 );
#2202=EDGE_LOOP ( 'NONE', ( #1894, #942 ) );
#2203=STYLED_ITEM ( 'NONE', ( #683 ), #4908 );
#2204=CARTESIAN_POINT ( 'NONE',  ( -4.950694310439250678, 0.2500000000333291728, -0.8999999999999991340 ) );
#2205=DIRECTION ( 'NONE',  ( 0.9551363835290339610, 1.060723539916100463E-15, -0.2961663195893112221 ) );
#2206=ORIENTED_EDGE ( 'NONE', *, *, #985, .T. );
#2207=ORIENTED_EDGE ( 'NONE', *, *, #4824, .F. );
#2208=ORIENTED_EDGE ( 'NONE', *, *, #1792, .T. );
#2209=CARTESIAN_POINT ( 'NONE',  ( -1.430000000000000604, 1.399999999999995470, 1.299999999906981563 ) );
#2210=AXIS2_PLACEMENT_3D ( 'NONE', #861, #4383, #4829 );
#2211=ORIENTED_EDGE ( 'NONE', *, *, #3543, .F. );
#2212=EDGE_CURVE ( 'NONE', #2225, #4055, #2954, .T. );
#2213=LINE ( 'NONE', #4739, #136 );
#2214=EDGE_LOOP ( 'NONE', ( #863, #4283, #2609, #3082, #3076 ) );
#2215=VECTOR ( 'NONE', #1532, 1000.000000000000000 );
#2216=EDGE_CURVE ( 'NONE', #3228, #709, #2372, .T. );
#2217=ORIENTED_EDGE ( 'NONE', *, *, #3127, .F. );
#2218=DIRECTION ( 'NONE',  ( 6.672013369205721302E-16, -1.000000000000000000, -3.491483361109382855E-15 ) );
#2219=DIRECTION ( 'NONE',  ( -0.9551363834789750040, 0.000000000000000000, -0.2961663197507516943 ) );
#2220=( GEOMETRIC_REPRESENTATION_CONTEXT ( 3 ) GLOBAL_UNCERTAINTY_ASSIGNED_CONTEXT ( ( #73 ) ) GLOBAL_UNIT_ASSIGNED_CONTEXT ( ( #54, #16, #61 ) ) REPRESENTATION_CONTEXT ( 'NONE', 'WORKASPACE' ) );
#2221=LINE ( 'NONE', #3745, #4087 );
#2222=CARTESIAN_POINT ( 'NONE',  ( -3.400000000000000355, 0.2000000000333287675, -2.200000000000000622 ) );
#2223=EDGE_CURVE ( 'NONE', #2721, #2532, #4409, .T. );
#2224=FACE_OUTER_BOUND ( 'NONE', #2871, .T. );
#2225=VERTEX_POINT ( 'NONE', #1191 );
#2226=LINE ( 'NONE', #1847, #260 );
#2227=LINE ( 'NONE', #539, #351 );
#2228=VECTOR ( 'NONE', #154, 1000.000000000000000 );
#2229=FACE_OUTER_BOUND ( 'NONE', #2956, .T. );
#2230=ADVANCED_FACE ( 'NONE', ( #566 ), #3724, .T. );
#2231=( GEOMETRIC_REPRESENTATION_CONTEXT ( 3 ) GLOBAL_UNCERTAINTY_ASSIGNED_CONTEXT ( ( #73 ) ) GLOBAL_UNIT_ASSIGNED_CONTEXT ( ( #54, #16, #61 ) ) REPRESENTATION_CONTEXT ( 'NONE', 'WORKASPACE' ) );
#2232=CARTESIAN_POINT ( 'NONE',  ( -0.9299999998999998185, 1.400000000000004574, -1.299999999999995159 ) );
#2233=ORIENTED_EDGE ( 'NONE', *, *, #889, .F. );
#2234=ORIENTED_EDGE ( 'NONE', *, *, #4468, .F. );
#2235=STYLED_ITEM ( 'NONE', ( #193 ), #3258 );
#2236=CYLINDRICAL_SURFACE ( 'NONE', #1217, 0.05000000000000012768 );
#2237=FACE_OUTER_BOUND ( 'NONE', #3783, .T. );
#2238=EDGE_CURVE ( 'NONE', #4368, #3517, #2549, .T. );
#2239=ORIENTED_EDGE ( 'NONE', *, *, #1632, .F. );
#2240=ORIENTED_EDGE ( 'NONE', *, *, #4428, .T. );
#2241=DIRECTION ( 'NONE',  ( 0.000000000000000000, -0.000000000000000000, 1.000000000000000000 ) );
#2242=VERTEX_POINT ( 'NONE', #705 );
#2243=STYLED_ITEM ( 'NONE', ( #108 ), #1582 );
#2244=VECTOR ( 'NONE', #1258, 1000.000000000000000 );
#2245=VERTEX_POINT ( 'NONE', #3467 );
#2246=ORIENTED_EDGE ( 'NONE', *, *, #936, .T. );
#2247=CARTESIAN_POINT ( 'NONE',  ( 0.5499999990718751341, 0.0001000000000045392882, -1.300100000000000255 ) );
#2248=MECHANICAL_DESIGN_GEOMETRIC_PRESENTATION_REPRESENTATION (  '', ( #1601 ), #1515 );
#2249=LINE ( 'NONE', #611, #23 );
#2250=CARTESIAN_POINT ( 'NONE',  ( 2.850000000000000089, 0.7000000000000036193, -0.7999999999999974909 ) );
#2251=CARTESIAN_POINT ( 'NONE',  ( 1.350000000000000089, -2.653527354443130891E-15, 0.7600000000000000089 ) );
#2252=LINE ( 'NONE', #591, #266 );
#2253=EDGE_CURVE ( 'NONE', #3015, #2445, #3085, .T. );
#2254=DIRECTION ( 'NONE',  ( -2.373498755813608300E-16, 0.000000000000000000, 1.000000000000000000 ) );
#2255=ORIENTED_EDGE ( 'NONE', *, *, #1401, .F. );
#2256=LINE ( 'NONE', #380, #147 );
#2257=FACE_OUTER_BOUND ( 'NONE', #3239, .T. );
#2258=EDGE_CURVE ( 'NONE', #1571, #2165, #755, .T. );
#2259=DIRECTION ( 'NONE',  ( 0.000000000000000000, 3.491483361109382855E-15, -1.000000000000000000 ) );
#2260=CARTESIAN_POINT ( 'NONE',  ( -1.430100000000000815, 0.7899999999729954148, 1.300000000000000266 ) );
#2261=CARTESIAN_POINT ( 'NONE',  ( 0.9300000000000002709, 1.399999999999996136, 1.100000000000004530 ) );
#2262=ORIENTED_EDGE ( 'NONE', *, *, #205, .F. );
#2263=AXIS2_PLACEMENT_3D ( 'NONE', #630, #2322, #3437 );
#2264=EDGE_CURVE ( 'NONE', #3828, #3369, #67, .T. );
#2265=ORIENTED_EDGE ( 'NONE', *, *, #4537, .T. );
#2266=ORIENTED_EDGE ( 'NONE', *, *, #4781, .T. );
#2267=ADVANCED_FACE ( 'NONE', ( #308 ), #283, .F. );
#2268=MECHANICAL_DESIGN_GEOMETRIC_PRESENTATION_REPRESENTATION (  '', ( #4134 ), #820 );
#2269=LINE ( 'NONE', #859, #2228 );
#2270=ORIENTED_EDGE ( 'NONE', *, *, #4456, .T. );
#2271=VERTEX_POINT ( 'NONE', #3449 );
#2272=EDGE_CURVE ( 'NONE', #1803, #2550, #676, .T. );
#2273=CARTESIAN_POINT ( 'NONE',  ( -2.720000000000000639, 1.200000000000002398, -0.7499999999999956701 ) );
#2274=LINE ( 'NONE', #4828, #2228 );
#2275=AXIS2_PLACEMENT_3D ( 'NONE', #3716, #27, #122 );
#2276=CARTESIAN_POINT ( 'NONE',  ( 3.150000000022656454, 1.199999999972653386, 0.8000000000031289860 ) );
#2277=LINE ( 'NONE', #4199, #1196 );
#2278=LINE ( 'NONE', #1040, #351 );
#2279=ORIENTED_EDGE ( 'NONE', *, *, #2025, .T. );
#2280=CARTESIAN_POINT ( 'NONE',  ( 0.9300000000000002709, 1.399999999999995470, 1.100000000000004530 ) );
#2281=VECTOR ( 'NONE', #2392, 1000.000000000000000 );
#2282=ADVANCED_FACE ( 'NONE', ( #345 ), #786, .T. );
#2283=ORIENTED_EDGE ( 'NONE', *, *, #213, .T. );
#2284=VECTOR ( 'NONE', #3920, 1000.000000000000114 );
#2285=EDGE_LOOP ( 'NONE', ( #4174, #3764, #1299, #2940, #3197, #4699, #4129, #4542, #2408, #530 ) );
#2286=VECTOR ( 'NONE', #1095, 1000.000000000000000 );
#2287=PLANE ( 'NONE',  #706 );
#2288=VECTOR ( 'NONE', #1784, 1000.000000000000000 );
#2289=VERTEX_POINT ( 'NONE', #4695 );
#2290=( GEOMETRIC_REPRESENTATION_CONTEXT ( 3 ) GLOBAL_UNCERTAINTY_ASSIGNED_CONTEXT ( ( #73 ) ) GLOBAL_UNIT_ASSIGNED_CONTEXT ( ( #54, #16, #61 ) ) REPRESENTATION_CONTEXT ( 'NONE', 'WORKASPACE' ) );
#2291=ORIENTED_EDGE ( 'NONE', *, *, #3889, .T. );
#2292=EDGE_CURVE ( 'NONE', #2388, #2011, #397, .T. );
#2293=ORIENTED_EDGE ( 'NONE', *, *, #417, .F. );
#2294=FACE_OUTER_BOUND ( 'NONE', #2504, .T. );
#2295=AXIS2_PLACEMENT_3D ( 'NONE', #2646, #340, #2546 );
#2296=PRESENTATION_LAYER_ASSIGNMENT (  '', '', ( #2446 ) );
#2297=CARTESIAN_POINT ( 'NONE',  ( 3.350000000000000089, 0.7000000000117229115, -1.249999999999216183 ) );
#2298=EDGE_CURVE ( 'NONE', #117, #1447, #4318, .T. );
#2299=ORIENTED_EDGE ( 'NONE', *, *, #4753, .F. );
#2300=LINE ( 'NONE', #2584, #2228 );
#2301=FACE_OUTER_BOUND ( 'NONE', #3324, .T. );
#2302=VERTEX_POINT ( 'NONE', #2073 );
#2303=VECTOR ( 'NONE', #4815, 1000.000000000000114 );
#2304=PRESENTATION_LAYER_ASSIGNMENT (  '', '', ( #1968 ) );
#2305=EDGE_CURVE ( 'NONE', #2168, #4633, #456, .T. );
#2306=FACE_OUTER_BOUND ( 'NONE', #2914, .T. );
#2307=EDGE_LOOP ( 'NONE', ( #1683, #2840, #4076, #1104 ) );
#2308=CARTESIAN_POINT ( 'NONE',  ( -3.149999999999999467, 0.2500000000333288397, 1.299900000000000055 ) );
#2309=VERTEX_POINT ( 'NONE', #3568 );
#2310=STYLED_ITEM ( 'NONE', ( #108 ), #177 );
#2311=DIRECTION ( 'NONE',  ( 0.4472135955115403294, 0.8944271909941247101, 3.394089662427914638E-15 ) );
#2312=LINE ( 'NONE', #3112, #158 );
#2313=FACE_OUTER_BOUND ( 'NONE', #2943, .T. );
#2314=EDGE_CURVE ( 'NONE', #4633, #3474, #2402, .T. );
#2315=ORIENTED_EDGE ( 'NONE', *, *, #543, .T. );
#2316=CARTESIAN_POINT ( 'NONE',  ( -2.720000000000000639, 1.200000000000004396, -1.299999999999995604 ) );
#2317=VECTOR ( 'NONE', #2311, 1000.000000000000114 );
#2318=LINE ( 'NONE', #2718, #5 );
#2319=EDGE_CURVE ( 'NONE', #830, #3458, #3640, .T. );
#2320=ORIENTED_EDGE ( 'NONE', *, *, #3490, .T. );
#2321=VERTEX_POINT ( 'NONE', #2097 );
#2322=DIRECTION ( 'NONE',  ( 0.2961663197507509171, -3.334842790507032715E-15, 0.9551363834789752261 ) );
#2323=EDGE_CURVE ( 'NONE', #3842, #671, #3534, .T. );
#2324=VERTEX_POINT ( 'NONE', #1733 );
#2325=EDGE_CURVE ( 'NONE', #3316, #1606, #6, .T. );
#2326=CYLINDRICAL_SURFACE ( 'NONE', #1217, 0.2500000000000002220 );
#2327=ORIENTED_EDGE ( 'NONE', *, *, #3430, .T. );
#2328=CARTESIAN_POINT ( 'NONE',  ( -1.299999999999999822, 4.399269034997821530E-15, -1.259999999999999787 ) );
#2329=PRESENTATION_LAYER_ASSIGNMENT (  '', '', ( #4404 ) );
#2330=ORIENTED_EDGE ( 'NONE', *, *, #1541, .T. );
#2331=CIRCLE ( 'NONE', #2560, 0.2999999999999999334 );
#2332=ADVANCED_FACE ( 'NONE', ( #1707 ), #2474, .F. );
#2333=ORIENTED_EDGE ( 'NONE', *, *, #4468, .T. );
#2334=EDGE_CURVE ( 'NONE', #3811, #3010, #5048, .T. );
#2335=MECHANICAL_DESIGN_GEOMETRIC_PRESENTATION_REPRESENTATION (  '', ( #3225 ), #4478 );
#2336=LINE ( 'NONE', #1919, #401 );
#2337=ORIENTED_EDGE ( 'NONE', *, *, #2515, .T. );
#2338=ORIENTED_EDGE ( 'NONE', *, *, #545, .T. );
#2339=VERTEX_POINT ( 'NONE', #1032 );
#2340=CARTESIAN_POINT ( 'NONE',  ( 0.3000000000000004885, 0.09999999999999029110, 2.799999999999999822 ) );
#2341=PLANE ( 'NONE',  #4257 );
#2342=PRESENTATION_LAYER_ASSIGNMENT (  '', '', ( #371 ) );
#2343=ORIENTED_EDGE ( 'NONE', *, *, #3914, .F. );
#2344=DIRECTION ( 'NONE',  ( 2.722664758198287811E-10, 1.000000000000000000, 0.000000000000000000 ) );
#2345=ORIENTED_EDGE ( 'NONE', *, *, #3973, .T. );
#2346=ORIENTED_EDGE ( 'NONE', *, *, #578, .T. );
#2347=EDGE_CURVE ( 'NONE', #841, #1550, #478, .T. );
#2348=CARTESIAN_POINT ( 'NONE',  ( -2.720000000000000639, 1.200000000000002620, -0.8000000000399956068 ) );
#2349=PRESENTATION_LAYER_ASSIGNMENT (  '', '', ( #3072 ) );
#2350=ORIENTED_EDGE ( 'NONE', *, *, #623, .F. );
#2351=CARTESIAN_POINT ( 'NONE',  ( 1.400000000000000133, 0.7999999998499953691, 2.600000000000004086 ) );
#2352=PLANE ( 'NONE',  #1506 );
#2353=EDGE_CURVE ( 'NONE', #5032, #2324, #1005, .T. );
#2354=LINE ( 'NONE', #1617, #7 );
#2355=EDGE_LOOP ( 'NONE', ( #2933, #989, #1284, #1094, #4412, #4659, #4001, #3448, #4353, #3732, #3381, #2078, #229, #1307, #3711, #59, #3807, #880, #2884, #64, #3577, #2796, #3499, #3100, #1538, #3224, #4322, #4295, #2534, #1830, #650, #3915, #1828, #4916, #3619, #3065, #4514, #3390 ) );
#2356=LINE ( 'NONE', #3872, #1301 );
#2357=ORIENTED_EDGE ( 'NONE', *, *, #3207, .F. );
#2358=ORIENTED_EDGE ( 'NONE', *, *, #4110, .T. );
#2359=FACE_BOUND ( 'NONE', #2842, .T. );
#2360=MECHANICAL_DESIGN_GEOMETRIC_PRESENTATION_REPRESENTATION (  '', ( #1016 ), #4757 );
#2361=EDGE_LOOP ( 'NONE', ( #4634, #1769, #4497, #4006 ) );
#2362=CARTESIAN_POINT ( 'NONE',  ( 0.7999999999999998224, 0.1500000000000004663, -0.1399999999999994027 ) );
#2363=FACE_OUTER_BOUND ( 'NONE', #2553, .T. );
#2364=AXIS2_PLACEMENT_3D ( 'NONE', #186, #982, #2999 );
#2365=DIRECTION ( 'NONE',  ( -0.7071067811865489050, -1.533293416875027994E-15, 0.7071067811865460184 ) );
#2366=ORIENTED_EDGE ( 'NONE', *, *, #3294, .T. );
#2367=CARTESIAN_POINT ( 'NONE',  ( 2.749999999965624387, 1.199999999981246290, 0.9000000000343797435 ) );
#2368=ORIENTED_EDGE ( 'NONE', *, *, #4053, .F. );
#2369=ADVANCED_FACE ( 'NONE', ( #3665 ), #4425, .T. );
#2370=LINE ( 'NONE', #3883, #11 );
#2371=EDGE_CURVE ( 'NONE', #2165, #3228, #2372, .T. );
#2372=CIRCLE ( 'NONE', #2452, 0.2000000000000000944 );
#2373=MECHANICAL_DESIGN_GEOMETRIC_PRESENTATION_REPRESENTATION (  '', ( #1720 ), #4385 );
#2374=ORIENTED_EDGE ( 'NONE', *, *, #2072, .T. );
#2375=AXIS2_PLACEMENT_3D ( 'NONE', #123, #2122, #918 );
#2376=DIRECTION ( 'NONE',  ( 1.275531967630004259E-16, 3.491483361109382461E-15, -1.000000000000000000 ) );
#2377=CARTESIAN_POINT ( 'NONE',  ( 3.399999999999999911, 0.2500000000333288397, -2.200000000000000622 ) );
#2378=ADVANCED_FACE ( 'NONE', ( #2600 ), #4449, .F. );
#2379=CARTESIAN_POINT ( 'NONE',  ( 1.500000000000000000, 1.450803453068028758E-15, -0.4000000000000000222 ) );
#2380=PLANE ( 'NONE',  #882 );
#2381=ORIENTED_EDGE ( 'NONE', *, *, #1192, .T. );
#2382=AXIS2_PLACEMENT_3D ( 'NONE', #2095, #340, #475 );
#2383=EDGE_CURVE ( 'NONE', #1441, #4344, #559, .T. );
#2384=ORIENTED_EDGE ( 'NONE', *, *, #3198, .T. );
#2385=ORIENTED_EDGE ( 'NONE', *, *, #4224, .T. );
#2386=AXIS2_PLACEMENT_3D ( 'NONE', #419, #214, #45 );
#2387=DIRECTION ( 'NONE',  ( -1.000000000000000000, 2.082010614921477508E-30, -5.963111948670263540E-16 ) );
#2388=VERTEX_POINT ( 'NONE', #84 );
#2389=EDGE_CURVE ( 'NONE', #2932, #4888, #4108, .T. );
#2390=AXIS2_PLACEMENT_3D ( 'NONE', #4926, #52, #214 );
#2391=VERTEX_POINT ( 'NONE', #3025 );
#2392=DIRECTION ( 'NONE',  ( 0.9551363834789751150, -0.000000000000000000, -0.2961663197507513612 ) );
#2393=PRESENTATION_LAYER_ASSIGNMENT (  '', '', ( #29 ) );
#2394=LINE ( 'NONE', #360, #11 );
#2395=ORIENTED_EDGE ( 'NONE', *, *, #20, .T. );
#2396=MECHANICAL_DESIGN_GEOMETRIC_PRESENTATION_REPRESENTATION (  '', ( #1319 ), #31 );
#2397=( GEOMETRIC_REPRESENTATION_CONTEXT ( 3 ) GLOBAL_UNCERTAINTY_ASSIGNED_CONTEXT ( ( #73 ) ) GLOBAL_UNIT_ASSIGNED_CONTEXT ( ( #54, #16, #61 ) ) REPRESENTATION_CONTEXT ( 'NONE', 'WORKASPACE' ) );
#2398=VERTEX_POINT ( 'NONE', #988 );
#2399=VECTOR ( 'NONE', #2543, 1000.000000000000000 );
#2400=CARTESIAN_POINT ( 'NONE',  ( 3.350000000000000089, 0.6500000000000026867, -0.7499999999999967804 ) );
#2401=CARTESIAN_POINT ( 'NONE',  ( 1.500000000000000000, -0.4999999999881767909, -0.2000000000634842845 ) );
#2402=LINE ( 'NONE', #2362, #11 );
#2403=MECHANICAL_DESIGN_GEOMETRIC_PRESENTATION_REPRESENTATION (  '', ( #710 ), #1839 );
#2404=ADVANCED_FACE ( 'NONE', ( #2197 ), #2519, .T. );
#2405=SHAPE_DEFINITION_REPRESENTATION ( #2135, #4376 );
#2406=ORIENTED_EDGE ( 'NONE', *, *, #4498, .T. );
#2407=EDGE_CURVE ( 'NONE', #1550, #4563, #1911, .T. );
#2408=ORIENTED_EDGE ( 'NONE', *, *, #1398, .T. );
#2409=VERTEX_POINT ( 'NONE', #1593 );
#2410=FACE_BOUND ( 'NONE', #1500, .T. );
#2411=PRESENTATION_LAYER_ASSIGNMENT (  '', '', ( #1673 ) );
#2412=ORIENTED_EDGE ( 'NONE', *, *, #829, .T. );
#2413=ORIENTED_EDGE ( 'NONE', *, *, #4840, .F. );
#2414=EDGE_CURVE ( 'NONE', #1964, #3636, #2370, .T. );
#2415=ORIENTED_EDGE ( 'NONE', *, *, #4163, .F. );
#2416=AXIS2_PLACEMENT_3D ( 'NONE', #3011, #4890, #1832 );
#2417=CARTESIAN_POINT ( 'NONE',  ( 0.09999999999999982514, 1.199999999972995557, 1.300000000000004707 ) );
#2418=VERTEX_POINT ( 'NONE', #669 );
#2419=FACE_OUTER_BOUND ( 'NONE', #1424, .T. );
#2420=LINE ( 'NONE', #752, #23 );
#2421=STYLED_ITEM ( 'NONE', ( #40 ), #3886 );
#2422=DIRECTION ( 'NONE',  ( 0.9551363834789750040, -0.000000000000000000, -0.2961663197507515277 ) );
#2423=ORIENTED_EDGE ( 'NONE', *, *, #3942, .T. );
#2424=PLANE ( 'NONE',  #3149 );
#2425=MECHANICAL_DESIGN_GEOMETRIC_PRESENTATION_REPRESENTATION (  '', ( #287 ), #2597 );
#2426=ORIENTED_EDGE ( 'NONE', *, *, #3451, .T. );
#2427=EDGE_CURVE ( 'NONE', #3739, #2837, #2133, .T. );
#2428=CARTESIAN_POINT ( 'NONE',  ( -3.350000000000000089, 0.6499999999999973577, 0.7500000000000029976 ) );
#2429=ORIENTED_EDGE ( 'NONE', *, *, #3260, .T. );
#2430=ORIENTED_EDGE ( 'NONE', *, *, #235, .T. );
#2431=EDGE_CURVE ( 'NONE', #324, #3951, #4172, .T. );
#2432=ORIENTED_EDGE ( 'NONE', *, *, #4568, .F. );
#2433=ORIENTED_EDGE ( 'NONE', *, *, #4532, .T. );
#2434=LINE ( 'NONE', #1671, #89 );
#2435=LINE ( 'NONE', #646, #23 );
#2436=EDGE_CURVE ( 'NONE', #2725, #2084, #274, .T. );
#2437=ORIENTED_EDGE ( 'NONE', *, *, #2298, .T. );
#2438=CARTESIAN_POINT ( 'NONE',  ( 3.149999999999999911, 1.300000000118746613, 1.300000000000005151 ) );
#2439=ORIENTED_EDGE ( 'NONE', *, *, #1883, .F. );
#2440=AXIS2_PLACEMENT_3D ( 'NONE', #1428, #187, #295 );
#2441=PRESENTATION_LAYER_ASSIGNMENT (  '', '', ( #4298 ) );
#2442=PRESENTATION_LAYER_ASSIGNMENT (  '', '', ( #4529 ) );
#2443=ORIENTED_EDGE ( 'NONE', *, *, #4350, .T. );
#2444=VECTOR ( 'NONE', #1068, 1000.000000000000000 );
#2445=VERTEX_POINT ( 'NONE', #1893 );
#2446=STYLED_ITEM ( 'NONE', ( #40 ), #3150 );
#2447=EDGE_CURVE ( 'NONE', #2559, #379, #3422, .T. );
#2448=AXIS2_PLACEMENT_3D ( 'NONE', #4837, #27, #122 );
#2449=ORIENTED_EDGE ( 'NONE', *, *, #995, .T. );
#2450=LINE ( 'NONE', #3933, #744 );
#2451=DIRECTION ( 'NONE',  ( -0.7071067812020143117, -2.299940123756489795E-15, 0.7071067811710808337 ) );
#2452=AXIS2_PLACEMENT_3D ( 'NONE', #1762, #35, #191 );
#2453=ORIENTED_EDGE ( 'NONE', *, *, #593, .F. );
#2454=FACE_OUTER_BOUND ( 'NONE', #2456, .T. );
#2455=CARTESIAN_POINT ( 'NONE',  ( 0.9499999997281253217, 5.787741062725315888E-15, -1.300100000000000255 ) );
#2456=EDGE_LOOP ( 'NONE', ( #1443, #813, #402, #2878, #3905 ) );
#2457=STYLED_ITEM ( 'NONE', ( #40 ), #2404 );
#2458=ORIENTED_EDGE ( 'NONE', *, *, #1150, .T. );
#2459=EDGE_CURVE ( 'NONE', #2063, #794, #507, .T. );
#2460=ORIENTED_EDGE ( 'NONE', *, *, #778, .T. );
#2461=CARTESIAN_POINT ( 'NONE',  ( 0.9299999997062503576, 1.199999999981775201, -1.099999999999995426 ) );
#2462=CARTESIAN_POINT ( 'NONE',  ( 3.850000000000000089, 3.171291354520100469E-15, -0.9000000000000002442 ) );
#2463=ORIENTED_EDGE ( 'NONE', *, *, #889, .T. );
#2464=ADVANCED_FACE ( 'NONE', ( #3819 ), #1092, .F. );
#2465=ORIENTED_EDGE ( 'NONE', *, *, #639, .F. );
#2466=PRESENTATION_LAYER_ASSIGNMENT (  '', '', ( #2141 ) );
#2467=ADVANCED_FACE ( 'NONE', ( #3635 ), #2468, .F. );
#2468=PLANE ( 'NONE',  #3107 );
#2469=ORIENTED_EDGE ( 'NONE', *, *, #88, .T. );
#2470=CARTESIAN_POINT ( 'NONE',  ( -1.500000000000000000, -0.2999999999999987121, -0.4000000000000010214 ) );
#2471=EDGE_CURVE ( 'NONE', #3668, #4566, #4623, .T. );
#2472=( GEOMETRIC_REPRESENTATION_CONTEXT ( 3 ) GLOBAL_UNCERTAINTY_ASSIGNED_CONTEXT ( ( #73 ) ) GLOBAL_UNIT_ASSIGNED_CONTEXT ( ( #54, #16, #61 ) ) REPRESENTATION_CONTEXT ( 'NONE', 'WORKASPACE' ) );
#2473=CARTESIAN_POINT ( 'NONE',  ( -1.350000000000000089, 0.1499999999999973299, 0.7600000000000001199 ) );
#2474=PLANE ( 'NONE',  #3955 );
#2475=DIRECTION ( 'NONE',  ( 9.876681162117925846E-16, 1.000000000000000000, 3.185229682395821006E-15 ) );
#2476=LINE ( 'NONE', #1709, #341 );
#2477=DIRECTION ( 'NONE',  ( 0.4472135954481257225, 0.8944271910258320135, 3.151654686290281989E-15 ) );
#2478=PLANE ( 'NONE',  #728 );
#2479=EDGE_CURVE ( 'NONE', #2084, #2324, #2803, .T. );
#2480=ORIENTED_EDGE ( 'NONE', *, *, #4045, .F. );
#2481=STYLED_ITEM ( 'NONE', ( #108 ), #1119 );
#2482=CARTESIAN_POINT ( 'NONE',  ( 3.350000000000000089, 0.6499999999333300194, 0.7500000000000019984 ) );
#2483=ORIENTED_EDGE ( 'NONE', *, *, #1311, .T. );
#2484=EDGE_LOOP ( 'NONE', ( #5059, #4578, #1089, #1417 ) );
#2485=ORIENTED_EDGE ( 'NONE', *, *, #584, .T. );
#2486=CARTESIAN_POINT ( 'NONE',  ( 1.430000000381945080, 1.399999999999995914, 1.100000000000004308 ) );
#2487=VERTEX_POINT ( 'NONE', #3975 );
#2488=CARTESIAN_POINT ( 'NONE',  ( -2.075000000000000178, 1.399999999999995470, 1.309394180000005292 ) );
#2489=ORIENTED_EDGE ( 'NONE', *, *, #3913, .F. );
#2490=LINE ( 'NONE', #760, #4808 );
#2491=EDGE_CURVE ( 'NONE', #4414, #3668, #5066, .T. );
#2492=ORIENTED_EDGE ( 'NONE', *, *, #1891, .T. );
#2493=( GEOMETRIC_REPRESENTATION_CONTEXT ( 3 ) GLOBAL_UNCERTAINTY_ASSIGNED_CONTEXT ( ( #73 ) ) GLOBAL_UNIT_ASSIGNED_CONTEXT ( ( #54, #16, #61 ) ) REPRESENTATION_CONTEXT ( 'NONE', 'WORKASPACE' ) );
#2494=AXIS2_PLACEMENT_3D ( 'NONE', #4754, #1765, #2556 );
#2495=FACE_OUTER_BOUND ( 'NONE', #2986, .T. );
#2496=ORIENTED_EDGE ( 'NONE', *, *, #3273, .F. );
#2497=CARTESIAN_POINT ( 'NONE',  ( 3.849999999998446221, 1.199999999958174524, -1.299999999999995826 ) );
#2498=EDGE_LOOP ( 'NONE', ( #4817, #2460, #2406, #3832, #2009, #4729, #1382, #2265 ) );
#2499=CARTESIAN_POINT ( 'NONE',  ( 3.149999999999999911, 0.6499999999999973577, 1.300000000000005151 ) );
#2500=EDGE_CURVE ( 'NONE', #4227, #3918, #1276, .T. );
#2501=EDGE_LOOP ( 'NONE', ( #637, #3985, #2762, #1745 ) );
#2502=AXIS2_PLACEMENT_3D ( 'NONE', #2797, #187, #295 );
#2503=CARTESIAN_POINT ( 'NONE',  ( -0.9299999999999998268, 1.400000000000004574, -1.099999999958328312 ) );
#2504=EDGE_LOOP ( 'NONE', ( #375, #2075, #2343, #5028, #3894, #2465, #3161, #990, #2662, #149, #930, #3178, #660, #997, #1324, #1044, #2496, #4702, #4186, #3462, #3644, #800, #4558, #4594, #1269, #3921 ) );
#2505=ORIENTED_EDGE ( 'NONE', *, *, #309, .T. );
#2506=CARTESIAN_POINT ( 'NONE',  ( 3.350000000000000089, 1.100000000015380230, 0.7499999997000035279 ) );
#2507=( GEOMETRIC_REPRESENTATION_CONTEXT ( 3 ) GLOBAL_UNCERTAINTY_ASSIGNED_CONTEXT ( ( #73 ) ) GLOBAL_UNIT_ASSIGNED_CONTEXT ( ( #54, #16, #61 ) ) REPRESENTATION_CONTEXT ( 'NONE', 'WORKASPACE' ) );
#2508=CARTESIAN_POINT ( 'NONE',  ( -1.500000000000000000, -0.3000000001520651272, -0.3999999999564371467 ) );
#2509=ORIENTED_EDGE ( 'NONE', *, *, #945, .F. );
#2510=CARTESIAN_POINT ( 'NONE',  ( -3.399999999999999911, 0.2500000000333288397, -1.299999999999999156 ) );
#2511=ORIENTED_EDGE ( 'NONE', *, *, #270, .T. );
#2512=AXIS2_PLACEMENT_3D ( 'NONE', #18, #122, #148 );
#2513=CARTESIAN_POINT ( 'NONE',  ( 0.09999999999999982514, 0.7999999999249950422, 1.410000000028127420 ) );
#2514=PLANE ( 'NONE',  #476 );
#2515=EDGE_CURVE ( 'NONE', #3721, #1752, #3609, .T. );
#2516=CARTESIAN_POINT ( 'NONE',  ( -1.649999999999999911, -2.653527354443129313E-15, 0.7599999999999995648 ) );
#2517=( GEOMETRIC_REPRESENTATION_CONTEXT ( 3 ) GLOBAL_UNCERTAINTY_ASSIGNED_CONTEXT ( ( #73 ) ) GLOBAL_UNIT_ASSIGNED_CONTEXT ( ( #54, #16, #61 ) ) REPRESENTATION_CONTEXT ( 'NONE', 'WORKASPACE' ) );
#2518=EDGE_CURVE ( 'NONE', #3435, #1964, #4599, .T. );
#2519=CYLINDRICAL_SURFACE ( 'NONE', #4864, 0.2999999999999999334 );
#2520=PLANE ( 'NONE',  #4952 );
#2521=ORIENTED_EDGE ( 'NONE', *, *, #3556, .F. );
#2522=AXIS2_PLACEMENT_3D ( 'NONE', #323, #187, #295 );
#2523=EDGE_LOOP ( 'NONE', ( #4192, #625, #3754, #796 ) );
#2524=STYLED_ITEM ( 'NONE', ( #683 ), #4876 );
#2525=CARTESIAN_POINT ( 'NONE',  ( 3.399999999999999911, 0.2500000000333288397, -1.299999999999999156 ) );
#2526=EDGE_CURVE ( 'NONE', #4872, #4951, #4642, .T. );
#2527=ORIENTED_EDGE ( 'NONE', *, *, #4956, .T. );
#2528=MECHANICAL_DESIGN_GEOMETRIC_PRESENTATION_REPRESENTATION (  '', ( #4454 ), #2857 );
#2529=CARTESIAN_POINT ( 'NONE',  ( 1.430000000000000604, 1.199999999972995557, 1.300000000000000266 ) );
#2530=FACE_OUTER_BOUND ( 'NONE', #2876, .T. );
#2531=( GEOMETRIC_REPRESENTATION_CONTEXT ( 3 ) GLOBAL_UNCERTAINTY_ASSIGNED_CONTEXT ( ( #73 ) ) GLOBAL_UNIT_ASSIGNED_CONTEXT ( ( #54, #16, #61 ) ) REPRESENTATION_CONTEXT ( 'NONE', 'WORKASPACE' ) );
#2532=VERTEX_POINT ( 'NONE', #808 );
#2533=PRESENTATION_LAYER_ASSIGNMENT (  '', '', ( #1391 ) );
#2534=ORIENTED_EDGE ( 'NONE', *, *, #4411, .T. );
#2535=CARTESIAN_POINT ( 'NONE',  ( -3.150000000000000355, 0.6999999999999955147, 1.250000000000001998 ) );
#2536=EDGE_CURVE ( 'NONE', #3363, #3004, #3988, .T. );
#2537=ORIENTED_EDGE ( 'NONE', *, *, #213, .F. );
#2538=LINE ( 'NONE', #2938, #4583 );
#2539=MECHANICAL_DESIGN_GEOMETRIC_PRESENTATION_REPRESENTATION (  '', ( #1574 ), #4316 );
#2540=ORIENTED_EDGE ( 'NONE', *, *, #4242, .T. );
#2541=EDGE_CURVE ( 'NONE', #2908, #5016, #2069, .T. );
#2542=MECHANICAL_DESIGN_GEOMETRIC_PRESENTATION_REPRESENTATION (  '', ( #4098 ), #3190 );
#2543=DIRECTION ( 'NONE',  ( 0.000000000000000000, -0.000000000000000000, -1.000000000000000000 ) );
#2544=STYLED_ITEM ( 'NONE', ( #108 ), #2705 );
#2545=STYLED_ITEM ( 'NONE', ( #108 ), #301 );
#2546=DIRECTION ( 'NONE',  ( 0.000000000000000000, -3.252606516424091592E-15, 1.000000000000000000 ) );
#2547=LINE ( 'NONE', #532, #5 );
#2548=CARTESIAN_POINT ( 'NONE',  ( 3.149999999999999911, 1.400000000000002576, -0.8000000000281206614 ) );
#2549=LINE ( 'NONE', #953, #65 );
#2550=VERTEX_POINT ( 'NONE', #390 );
#2551=AXIS2_PLACEMENT_3D ( 'NONE', #153, #241, #302 );
#2552=PRESENTATION_LAYER_ASSIGNMENT (  '', '', ( #2723 ) );
#2553=EDGE_LOOP ( 'NONE', ( #4569, #4574, #3434, #3892, #3165, #724, #894, #1336 ) );
#2554=CARTESIAN_POINT ( 'NONE',  ( 2.719999999809445956, 1.199999999972995557, 1.299999999959306818 ) );
#2555=EDGE_CURVE ( 'NONE', #1399, #2026, #471, .T. );
#2556=DIRECTION ( 'NONE',  ( -0.000000000000000000, 0.000000000000000000, -1.000000000000000000 ) );
#2557=EDGE_CURVE ( 'NONE', #2168, #740, #5022, .T. );
#2558=ORIENTED_EDGE ( 'NONE', *, *, #4163, .T. );
#2559=VERTEX_POINT ( 'NONE', #1659 );
#2560=AXIS2_PLACEMENT_3D ( 'NONE', #4787, #1532, #970 );
#2561=PRESENTATION_LAYER_ASSIGNMENT (  '', '', ( #1910 ) );
#2562=ORIENTED_EDGE ( 'NONE', *, *, #2541, .T. );
#2563=AXIS2_PLACEMENT_3D ( 'NONE', #646, #302, #52 );
#2564=CARTESIAN_POINT ( 'NONE',  ( 3.400000000000002132, 3.332876897371977056E-11, -1.300000000062500050 ) );
#2565=MECHANICAL_DESIGN_GEOMETRIC_PRESENTATION_REPRESENTATION (  '', ( #531 ), #3365 );
#2566=ORIENTED_EDGE ( 'NONE', *, *, #1623, .F. );
#2567=PRESENTATION_LAYER_ASSIGNMENT (  '', '', ( #2965 ) );
#2568=ADVANCED_FACE ( 'NONE', ( #3202 ), #1358, .T. );
#2569=ORIENTED_EDGE ( 'NONE', *, *, #4660, .F. );
#2570=CARTESIAN_POINT ( 'NONE',  ( -2.015766735999999781, 1.399999999999996136, 1.118366904000004602 ) );
#2571=MECHANICAL_DESIGN_GEOMETRIC_PRESENTATION_REPRESENTATION (  '', ( #2243 ), #4042 );
#2572=ORIENTED_EDGE ( 'NONE', *, *, #3649, .F. );
#2573=CARTESIAN_POINT ( 'NONE',  ( 3.149999999999999467, 3.332887774308514122E-11, -1.300100000000000255 ) );
#2574=PLANE ( 'NONE',  #3091 );
#2575=DIRECTION ( 'NONE',  ( -0.7071067811865435759, 2.468851561040456641E-15, -0.7071067811865514585 ) );
#2576=ORIENTED_EDGE ( 'NONE', *, *, #4372, .T. );
#2577=EDGE_CURVE ( 'NONE', #3458, #1763, #3763, .T. );
#2578=CARTESIAN_POINT ( 'NONE',  ( -2.075000000000000178, 1.400000000000004574, -1.309394179999995078 ) );
#2579=MECHANICAL_DESIGN_GEOMETRIC_PRESENTATION_REPRESENTATION (  '', ( #4732 ), #2493 );
#2580=ORIENTED_EDGE ( 'NONE', *, *, #4665, .F. );
#2581=FACE_OUTER_BOUND ( 'NONE', #2674, .T. );
#2582=CARTESIAN_POINT ( 'NONE',  ( 2.749999999993437250, 1.400000000000003686, -0.9000000000074950268 ) );
#2583=CARTESIAN_POINT ( 'NONE',  ( 3.850000000000000089, 0.2000000000500045672, -1.299999999999999378 ) );
#2584=CARTESIAN_POINT ( 'NONE',  ( -0.7999999999999998224, 0.1500000000000004663, -0.1399999999999992917 ) );
#2585=PRESENTATION_LAYER_ASSIGNMENT (  '', '', ( #1929 ) );
#2586=ORIENTED_EDGE ( 'NONE', *, *, #1627, .T. );
#2587=EDGE_CURVE ( 'NONE', #384, #4040, #2213, .T. );
#2588=ORIENTED_EDGE ( 'NONE', *, *, #1448, .T. );
#2589=CARTESIAN_POINT ( 'NONE',  ( 3.149999999999999911, 1.400000000000002576, -0.8000000000113240972 ) );
#2590=PLANE ( 'NONE',  #219 );
#2591=EDGE_CURVE ( 'NONE', #1609, #3727, #3709, .T. );
#2592=ORIENTED_EDGE ( 'NONE', *, *, #1715, .T. );
#2593=EDGE_LOOP ( 'NONE', ( #4865, #2106, #4662, #3929, #1604, #258, #1416, #2142, #534, #2800, #946, #3554, #851, #2480, #765, #142, #331, #5076, #3272, #4675, #4234, #4402, #2969, #1631, #1181, #1498 ) );
#2594=LINE ( 'NONE', #1255, #4767 );
#2595=ORIENTED_EDGE ( 'NONE', *, *, #378, .T. );
#2596=EDGE_CURVE ( 'NONE', #3471, #1174, #1779, .T. );
#2597=( GEOMETRIC_REPRESENTATION_CONTEXT ( 3 ) GLOBAL_UNCERTAINTY_ASSIGNED_CONTEXT ( ( #73 ) ) GLOBAL_UNIT_ASSIGNED_CONTEXT ( ( #54, #16, #61 ) ) REPRESENTATION_CONTEXT ( 'NONE', 'WORKASPACE' ) );
#2598=LINE ( 'NONE', #1393, #4228 );
#2599=ORIENTED_EDGE ( 'NONE', *, *, #4894, .T. );
#2600=FACE_OUTER_BOUND ( 'NONE', #2812, .T. );
#2601=( GEOMETRIC_REPRESENTATION_CONTEXT ( 3 ) GLOBAL_UNCERTAINTY_ASSIGNED_CONTEXT ( ( #73 ) ) GLOBAL_UNIT_ASSIGNED_CONTEXT ( ( #54, #16, #61 ) ) REPRESENTATION_CONTEXT ( 'NONE', 'WORKASPACE' ) );
#2602=( GEOMETRIC_REPRESENTATION_CONTEXT ( 3 ) GLOBAL_UNCERTAINTY_ASSIGNED_CONTEXT ( ( #73 ) ) GLOBAL_UNIT_ASSIGNED_CONTEXT ( ( #54, #16, #61 ) ) REPRESENTATION_CONTEXT ( 'NONE', 'WORKASPACE' ) );
#2603=VERTEX_POINT ( 'NONE', #1045 );
#2604=EDGE_CURVE ( 'NONE', #3727, #4768, #526, .T. );
#2605=CARTESIAN_POINT ( 'NONE',  ( -2.015766736009872773, 1.199999999999995959, 1.118366903486690767 ) );
#2606=( GEOMETRIC_REPRESENTATION_CONTEXT ( 3 ) GLOBAL_UNCERTAINTY_ASSIGNED_CONTEXT ( ( #73 ) ) GLOBAL_UNIT_ASSIGNED_CONTEXT ( ( #54, #16, #61 ) ) REPRESENTATION_CONTEXT ( 'NONE', 'WORKASPACE' ) );
#2607=CARTESIAN_POINT ( 'NONE',  ( -2.719999999946334679, 1.399999999999996136, 1.299999999874837275 ) );
#2608=ORIENTED_EDGE ( 'NONE', *, *, #1386, .F. );
#2609=ORIENTED_EDGE ( 'NONE', *, *, #2748, .T. );
#2610=CARTESIAN_POINT ( 'NONE',  ( 3.850000000000000089, 0.6499999999555587937, -1.299999999999997824 ) );
#2611=MECHANICAL_DESIGN_GEOMETRIC_PRESENTATION_REPRESENTATION (  '', ( #3101 ), #3254 );
#2612=ORIENTED_EDGE ( 'NONE', *, *, #396, .F. );
#2613=MECHANICAL_DESIGN_GEOMETRIC_PRESENTATION_REPRESENTATION (  '', ( #2047 ), #2707 );
#2614=EDGE_LOOP ( 'NONE', ( #1861, #3067, #1383, #542, #4002, #1377, #1821, #3068, #2183, #3169, #4756, #1982 ) );
#2615=VERTEX_POINT ( 'NONE', #3315 );
#2616=STYLED_ITEM ( 'NONE', ( #40 ), #2332 );
#2617=ADVANCED_FACE ( 'NONE', ( #1392 ), #2942, .F. );
#2618=VERTEX_POINT ( 'NONE', #2513 );
#2619=STYLED_ITEM ( 'NONE', ( #40 ), #2568 );
#2620=EDGE_LOOP ( 'NONE', ( #2633, #886, #1084, #3119 ) );
#2621=EDGE_CURVE ( 'NONE', #3778, #1694, #1305, .T. );
#2622=LINE ( 'NONE', #3023, #341 );
#2623=DIRECTION ( 'NONE',  ( 0.7071067811865493491, 3.066586831450134385E-15, -0.7071067811865456854 ) );
#2624=CYLINDRICAL_SURFACE ( 'NONE', #4596, 0.4000000000000001887 );
#2625=ORIENTED_EDGE ( 'NONE', *, *, #3260, .F. );
#2626=AXIS2_PLACEMENT_3D ( 'NONE', #3580, #52, #214 );
#2627=ORIENTED_EDGE ( 'NONE', *, *, #4677, .T. );
#2628=CARTESIAN_POINT ( 'NONE',  ( 3.350000000000000089, 0.8999999999999956923, 1.250000000000002887 ) );
#2629=EDGE_CURVE ( 'NONE', #2722, #3471, #236, .T. );
#2630=AXIS2_PLACEMENT_3D ( 'NONE', #3757, #214, #1657 );
#2631=PLANE ( 'NONE',  #4321 );
#2632=MECHANICAL_DESIGN_GEOMETRIC_PRESENTATION_REPRESENTATION (  '', ( #3584 ), #605 );
#2633=ORIENTED_EDGE ( 'NONE', *, *, #2738, .T. );
#2634=CIRCLE ( 'NONE', #2877, 0.2000000000000000944 );
#2635=PRESENTATION_LAYER_ASSIGNMENT (  '', '', ( #436 ) );
#2636=PRESENTATION_LAYER_ASSIGNMENT (  '', '', ( #1664 ) );
#2637=VERTEX_POINT ( 'NONE', #3459 );
#2638=EDGE_CURVE ( 'NONE', #4790, #3606, #4518, .T. );
#2639=CARTESIAN_POINT ( 'NONE',  ( 1.430000000092213064, 1.199999999999995293, 1.299999999902503589 ) );
#2640=ORIENTED_EDGE ( 'NONE', *, *, #2793, .F. );
#2641=MECHANICAL_DESIGN_GEOMETRIC_PRESENTATION_REPRESENTATION (  '', ( #2481 ), #4887 );
#2642=CARTESIAN_POINT ( 'NONE',  ( 2.719999999873899288, 1.200000000000004396, -1.299999999999995604 ) );
#2643=VERTEX_POINT ( 'NONE', #738 );
#2644=ORIENTED_EDGE ( 'NONE', *, *, #3712, .F. );
#2645=CARTESIAN_POINT ( 'NONE',  ( 1.649999999999999911, -2.653527354443130891E-15, 0.7600000000000000089 ) );
#2646=CARTESIAN_POINT ( 'NONE',  ( 1.500000000000000000, -0.4999999999881774571, -1.544988095368144062E-15 ) );
#2647=PRESENTATION_LAYER_ASSIGNMENT (  '', '', ( #531 ) );
#2648=EDGE_CURVE ( 'NONE', #4055, #1072, #2702, .T. );
#2649=ADVANCED_FACE ( 'NONE', ( #3385 ), #2326, .T. );
#2650=ORIENTED_EDGE ( 'NONE', *, *, #3219, .T. );
#2651=AXIS2_PLACEMENT_3D ( 'NONE', #2473, #27, #122 );
#2652=CARTESIAN_POINT ( 'NONE',  ( -3.150000000000000355, 1.199999999959377561, -1.299999999999995159 ) );
#2653=CARTESIAN_POINT ( 'NONE',  ( 1.430000000000000604, 1.400000000000004574, -1.099999999866661637 ) );
#2654=FACE_OUTER_BOUND ( 'NONE', #4206, .T. );
#2655=EDGE_LOOP ( 'NONE', ( #185, #2458, #225, #3540 ) );
#2656=PLANE ( 'NONE',  #4179 );
#2657=EDGE_CURVE ( 'NONE', #3753, #4389, #1504, .T. );
#2658=DIRECTION ( 'NONE',  ( 2.602085213965209379E-14, -1.000000000000000000, -3.469446951953612611E-15 ) );
#2659=LINE ( 'NONE', #3799, #512 );
#2660=LINE ( 'NONE', #3827, #65 );
#2661=CARTESIAN_POINT ( 'NONE',  ( -2.719999999904753274, 1.200000000000004396, -1.300000000029755576 ) );
#2662=ORIENTED_EDGE ( 'NONE', *, *, #2447, .F. );
#2663=ORIENTED_EDGE ( 'NONE', *, *, #1531, .F. );
#2664=MECHANICAL_DESIGN_GEOMETRIC_PRESENTATION_REPRESENTATION (  '', ( #4972 ), #2740 );
#2665=EDGE_CURVE ( 'NONE', #1677, #1355, #2269, .T. );
#2666=MECHANICAL_DESIGN_GEOMETRIC_PRESENTATION_REPRESENTATION (  '', ( #276 ), #1442 );
#2667=VERTEX_POINT ( 'NONE', #2297 );
#2668=FACE_OUTER_BOUND ( 'NONE', #3266, .T. );
#2669=EDGE_LOOP ( 'NONE', ( #4551, #1973, #2006, #4904 ) );
#2670=EDGE_CURVE ( 'NONE', #465, #2104, #3672, .T. );
#2671=VERTEX_POINT ( 'NONE', #659 );
#2672=VECTOR ( 'NONE', #1791, 1000.000000000000000 );
#2673=CARTESIAN_POINT ( 'NONE',  ( 0.09999999999999982514, 0.7999999999999953815, 1.300000000000002931 ) );
#2674=EDGE_LOOP ( 'NONE', ( #367, #4682, #4007, #4852 ) );
#2675=PLANE ( 'NONE',  #4683 );
#2676=CARTESIAN_POINT ( 'NONE',  ( 2.719999999840090332, 1.199999999991012922, 0.7499999997583374212 ) );
#2677=CIRCLE ( 'NONE', #4986, 0.2500000000000001110 );
#2678=ORIENTED_EDGE ( 'NONE', *, *, #3899, .F. );
#2679=EDGE_CURVE ( 'NONE', #2618, #4403, #1583, .T. );
#2680=AXIS2_PLACEMENT_3D ( 'NONE', #1615, #2804, #1235 );
#2681=ORIENTED_EDGE ( 'NONE', *, *, #1926, .F. );
#2682=EDGE_CURVE ( 'NONE', #3829, #3938, #1305, .T. );
#2683=VECTOR ( 'NONE', #1281, 1000.000000000000000 );
#2684=ADVANCED_FACE ( 'NONE', ( #3854 ), #292, .F. );
#2685=LINE ( 'NONE', #752, #401 );
#2686=PRESENTATION_LAYER_ASSIGNMENT (  '', '', ( #1793 ) );
#2687=LINE ( 'NONE', #3775, #2980 );
#2688=PRESENTATION_LAYER_ASSIGNMENT (  '', '', ( #4759 ) );
#2689=ORIENTED_EDGE ( 'NONE', *, *, #3012, .T. );
#2690=EDGE_CURVE ( 'NONE', #2736, #3057, #2008, .T. );
#2691=LINE ( 'NONE', #3804, #3215 );
#2692=MECHANICAL_DESIGN_GEOMETRIC_PRESENTATION_REPRESENTATION (  '', ( #4762 ), #2799 );
#2693=VERTEX_POINT ( 'NONE', #4280 );
#2694=VECTOR ( 'NONE', #4909, 1000.000000000000000 );
#2695=AXIS2_PLACEMENT_3D ( 'NONE', #1638, #302, #52 );
#2696=VERTEX_POINT ( 'NONE', #4236 );
#2697=FACE_OUTER_BOUND ( 'NONE', #4488, .T. );
#2698=ORIENTED_EDGE ( 'NONE', *, *, #785, .F. );
#2699=EDGE_CURVE ( 'NONE', #1355, #2409, #3553, .T. );
#2700=VECTOR ( 'NONE', #3049, 1000.000000000000000 );
#2701=PRESENTATION_LAYER_ASSIGNMENT (  '', '', ( #118 ) );
#2702=LINE ( 'NONE', #1479, #401 );
#2703=VERTEX_POINT ( 'NONE', #4965 );
#2704=VECTOR ( 'NONE', #121, 1000.000000000000000 );
#2705=ADVANCED_FACE ( 'NONE', ( #5063 ), #1018, .T. );
#2706=LINE ( 'NONE', #4898, #2700 );
#2707=( GEOMETRIC_REPRESENTATION_CONTEXT ( 3 ) GLOBAL_UNCERTAINTY_ASSIGNED_CONTEXT ( ( #73 ) ) GLOBAL_UNIT_ASSIGNED_CONTEXT ( ( #54, #16, #61 ) ) REPRESENTATION_CONTEXT ( 'NONE', 'WORKASPACE' ) );
#2708=ORIENTED_EDGE ( 'NONE', *, *, #110, .F. );
#2709=CARTESIAN_POINT ( 'NONE',  ( -2.749999999999999556, 1.399999999999997025, 0.8999999999925049066 ) );
#2710=AXIS2_PLACEMENT_3D ( 'NONE', #2578, #124, #1672 );
#2711=AXIS2_PLACEMENT_3D ( 'NONE', #3768, #214, #45 );
#2712=ORIENTED_EDGE ( 'NONE', *, *, #114, .F. );
#2713=VERTEX_POINT ( 'NONE', #3523 );
#2714=AXIS2_PLACEMENT_3D ( 'NONE', #3022, #27, #122 );
#2715=LINE ( 'NONE', #2733, #343 );
#2716=ORIENTED_EDGE ( 'NONE', *, *, #4419, .F. );
#2717=EDGE_CURVE ( 'NONE', #3849, #3789, #3221, .T. );
#2718=CARTESIAN_POINT ( 'NONE',  ( -1.430000000000000604, 1.399999999999996136, 1.100000000000004752 ) );
#2719=ORIENTED_EDGE ( 'NONE', *, *, #3818, .F. );
#2720=EDGE_CURVE ( 'NONE', #846, #4044, #4657, .T. );
#2721=VERTEX_POINT ( 'NONE', #4681 );
#2722=VERTEX_POINT ( 'NONE', #885 );
#2723=STYLED_ITEM ( 'NONE', ( #40 ), #643 );
#2724=ORIENTED_EDGE ( 'NONE', *, *, #4967, .T. );
#2725=VERTEX_POINT ( 'NONE', #334 );
#2726=AXIS2_PLACEMENT_3D ( 'NONE', #2525, #302, #95 );
#2727=( GEOMETRIC_REPRESENTATION_CONTEXT ( 3 ) GLOBAL_UNCERTAINTY_ASSIGNED_CONTEXT ( ( #73 ) ) GLOBAL_UNIT_ASSIGNED_CONTEXT ( ( #54, #16, #61 ) ) REPRESENTATION_CONTEXT ( 'NONE', 'WORKASPACE' ) );
#2728=EDGE_CURVE ( 'NONE', #1625, #3293, #439, .T. );
#2729=AXIS2_PLACEMENT_3D ( 'NONE', #1169, #27, #122 );
#2730=LINE ( 'NONE', #4950, #5 );
#2731=ORIENTED_EDGE ( 'NONE', *, *, #3323, .T. );
#2732=EDGE_CURVE ( 'NONE', #528, #823, #1297, .T. );
#2733=CARTESIAN_POINT ( 'NONE',  ( 0.9300000000000002709, 1.400000000000004574, -1.099999999999995426 ) );
#2734=ORIENTED_EDGE ( 'NONE', *, *, #2314, .T. );
#2735=ORIENTED_EDGE ( 'NONE', *, *, #3048, .F. );
#2736=VERTEX_POINT ( 'NONE', #1608 );
#2737=FACE_OUTER_BOUND ( 'NONE', #1199, .T. );
#2738=EDGE_CURVE ( 'NONE', #1609, #3015, #1628, .T. );
#2739=DIRECTION ( 'NONE',  ( 0.000000000000000000, 3.523657060577887833E-15, -1.000000000000000000 ) );
#2740=( GEOMETRIC_REPRESENTATION_CONTEXT ( 3 ) GLOBAL_UNCERTAINTY_ASSIGNED_CONTEXT ( ( #73 ) ) GLOBAL_UNIT_ASSIGNED_CONTEXT ( ( #54, #16, #61 ) ) REPRESENTATION_CONTEXT ( 'NONE', 'WORKASPACE' ) );
#2741=ORIENTED_EDGE ( 'NONE', *, *, #2748, .F. );
#2742=ADVANCED_FACE ( 'NONE', ( #2794 ), #467, .F. );
#2743=ORIENTED_EDGE ( 'NONE', *, *, #3361, .T. );
#2744=LINE ( 'NONE', #212, #65 );
#2745=VERTEX_POINT ( 'NONE', #1141 );
#2746=MECHANICAL_DESIGN_GEOMETRIC_PRESENTATION_REPRESENTATION (  '', ( #3612 ), #3925 );
#2747=DIRECTION ( 'NONE',  ( 0.9551363831003794047, -1.060723539586454029E-15, 0.2961663209717224077 ) );
#2748=EDGE_CURVE ( 'NONE', #2532, #4814, #131, .T. );
#2749=PLANE ( 'NONE',  #2386 );
#2750=ORIENTED_EDGE ( 'NONE', *, *, #359, .F. );
#2751=LINE ( 'NONE', #1172, #306 );
#2752=ORIENTED_EDGE ( 'NONE', *, *, #2665, .F. );
#2753=ADVANCED_FACE ( 'NONE', ( #1046 ), #192, .T. );
#2754=CARTESIAN_POINT ( 'NONE',  ( -0.9299999999999998268, 1.399999999999996136, 1.100000000000004086 ) );
#2755=CARTESIAN_POINT ( 'NONE',  ( 3.149999999912500126, 1.400000000000004574, -1.299999999999995159 ) );
#2756=CARTESIAN_POINT ( 'NONE',  ( -3.150000000000000355, 1.399999999999997913, 0.8000000000293016056 ) );
#2757=MECHANICAL_DESIGN_GEOMETRIC_PRESENTATION_REPRESENTATION (  '', ( #649 ), #4751 );
#2758=LINE ( 'NONE', #756, #401 );
#2759=ORIENTED_EDGE ( 'NONE', *, *, #4157, .T. );
#2760=LINE ( 'NONE', #4159, #3670 );
#2761=VERTEX_POINT ( 'NONE', #2486 );
#2762=ORIENTED_EDGE ( 'NONE', *, *, #985, .F. );
#2763=LINE ( 'NONE', #3162, #1210 );
#2764=AXIS2_PLACEMENT_3D ( 'NONE', #1767, #964, #1323 );
#2765=EDGE_LOOP ( 'NONE', ( #5056, #391, #1774, #2566 ) );
#2766=CIRCLE ( 'NONE', #272, 0.4000000000000000777 );
#2767=DIRECTION ( 'NONE',  ( 1.000000000000000000, -2.082390977523559920E-11, 0.000000000000000000 ) );
#2768=ORIENTED_EDGE ( 'NONE', *, *, #5002, .T. );
#2769=CARTESIAN_POINT ( 'NONE',  ( 2.849999999972500309, 1.400000000000003242, -0.8000000000274947176 ) );
#2770=EDGE_LOOP ( 'NONE', ( #5005, #751, #3871, #2337 ) );
#2771=MECHANICAL_DESIGN_GEOMETRIC_PRESENTATION_REPRESENTATION (  '', ( #1553 ), #3538 );
#2772=PRESENTATION_LAYER_ASSIGNMENT (  '', '', ( #3252 ) );
#2773=EDGE_CURVE ( 'NONE', #4034, #904, #3400, .T. );
#2774=LINE ( 'NONE', #333, #343 );
#2775=ORIENTED_EDGE ( 'NONE', *, *, #877, .T. );
#2776=EDGE_CURVE ( 'NONE', #4797, #3951, #3450, .T. );
#2777=MECHANICAL_DESIGN_GEOMETRIC_PRESENTATION_REPRESENTATION (  '', ( #315 ), #3808 );
#2778=VERTEX_POINT ( 'NONE', #4859 );
#2779=FACE_OUTER_BOUND ( 'NONE', #431, .T. );
#2780=AXIS2_PLACEMENT_3D ( 'NONE', #2510, #259, #2658 );
#2781=CYLINDRICAL_SURFACE ( 'NONE', #1826, 0.05000000000000012768 );
#2782=AXIS2_PLACEMENT_3D ( 'NONE', #1122, #302, #1197 );
#2783=ORIENTED_EDGE ( 'NONE', *, *, #4498, .F. );
#2784=CARTESIAN_POINT ( 'NONE',  ( 2.075000000000000622, 1.400000000000003908, -1.109394179999995123 ) );
#2785=CARTESIAN_POINT ( 'NONE',  ( -3.350000000000000089, 0.2000000000000046740, 0.7500000000000034417 ) );
#2786=ADVANCED_FACE ( 'NONE', ( #3032 ), #3628, .F. );
#2787=ORIENTED_EDGE ( 'NONE', *, *, #1778, .F. );
#2788=ORIENTED_EDGE ( 'NONE', *, *, #814, .T. );
#2789=PLANE ( 'NONE',  #2198 );
#2790=STYLED_ITEM ( 'NONE', ( #40 ), #2947 );
#2791=ORIENTED_EDGE ( 'NONE', *, *, #3627, .T. );
#2792=STYLED_ITEM ( 'NONE', ( #40 ), #511 );
#2793=EDGE_CURVE ( 'NONE', #2321, #2745, #4156, .T. );
#2794=FACE_OUTER_BOUND ( 'NONE', #4165, .T. );
#2795=MECHANICAL_DESIGN_GEOMETRIC_PRESENTATION_REPRESENTATION (  '', ( #4706 ), #3431 );
#2796=ORIENTED_EDGE ( 'NONE', *, *, #2371, .F. );
#2797=CARTESIAN_POINT ( 'NONE',  ( -2.449999999999999289, 0.1500000000000076827, -2.199999999999999734 ) );
#2798=CARTESIAN_POINT ( 'NONE',  ( 0.09999999999999982514, 1.199999999999995293, 1.410000000050001034 ) );
#2799=( GEOMETRIC_REPRESENTATION_CONTEXT ( 3 ) GLOBAL_UNCERTAINTY_ASSIGNED_CONTEXT ( ( #73 ) ) GLOBAL_UNIT_ASSIGNED_CONTEXT ( ( #54, #16, #61 ) ) REPRESENTATION_CONTEXT ( 'NONE', 'WORKASPACE' ) );
#2800=ORIENTED_EDGE ( 'NONE', *, *, #822, .F. );
#2801=LINE ( 'NONE', #3882, #1999 );
#2802=( GEOMETRIC_REPRESENTATION_CONTEXT ( 3 ) GLOBAL_UNCERTAINTY_ASSIGNED_CONTEXT ( ( #73 ) ) GLOBAL_UNIT_ASSIGNED_CONTEXT ( ( #54, #16, #61 ) ) REPRESENTATION_CONTEXT ( 'NONE', 'WORKASPACE' ) );
#2803=LINE ( 'NONE', #1676, #2939 );
#2804=DIRECTION ( 'NONE',  ( -0.8944271909999161885, 0.4472135954999573726, 1.561438827550003330E-15 ) );
#2805=CARTESIAN_POINT ( 'NONE',  ( 0.09999999999999982514, 1.199999999999995293, 1.300000000000004707 ) );
#2806=ORIENTED_EDGE ( 'NONE', *, *, #1466, .T. );
#2807=VECTOR ( 'NONE', #57, 1000.000000000000000 );
#2808=EDGE_CURVE ( 'NONE', #4093, #3057, #3450, .T. );
#2809=FACE_OUTER_BOUND ( 'NONE', #879, .T. );
#2810=MECHANICAL_DESIGN_GEOMETRIC_PRESENTATION_REPRESENTATION (  '', ( #1245 ), #1069 );
#2811=CARTESIAN_POINT ( 'NONE',  ( 3.349999999999999645, 0.2500000000333292283, -1.299999999999999378 ) );
#2812=EDGE_LOOP ( 'NONE', ( #2346, #5080, #2852, #4826 ) );
#2813=EDGE_CURVE ( 'NONE', #1964, #1152, #2715, .T. );
#2814=ORIENTED_EDGE ( 'NONE', *, *, #4448, .F. );
#2815=ORIENTED_EDGE ( 'NONE', *, *, #2839, .T. );
#2816=VECTOR ( 'NONE', #2767, 1000.000000000000000 );
#2817=CARTESIAN_POINT ( 'NONE',  ( -3.150000000000000355, 1.399999999999997913, 0.7500000000000019984 ) );
#2818=VERTEX_POINT ( 'NONE', #1542 );
#2819=EDGE_CURVE ( 'NONE', #2302, #780, #1101, .T. );
#2820=CARTESIAN_POINT ( 'NONE',  ( -2.749999999973124609, 1.399999999999996581, 0.9000000000250046872 ) );
#2821=LINE ( 'NONE', #857, #805 );
#2822=CARTESIAN_POINT ( 'NONE',  ( -3.350000000000000089, 1.399999999999997691, 0.8000000000000051514 ) );
#2823=VERTEX_POINT ( 'NONE', #529 );
#2824=LINE ( 'NONE', #2798, #89 );
#2825=ORIENTED_EDGE ( 'NONE', *, *, #5088, .T. );
#2826=VERTEX_POINT ( 'NONE', #618 );
#2827=CARTESIAN_POINT ( 'NONE',  ( 3.150000000004530953, 0.7000000000117154730, 0.8000000000007840839 ) );
#2828=VERTEX_POINT ( 'NONE', #1071 );
#2829=PLANE ( 'NONE',  #4921 );
#2830=FACE_OUTER_BOUND ( 'NONE', #572, .T. );
#2831=ADVANCED_FACE ( 'NONE', ( #3428 ), #1042, .F. );
#2832=LINE ( 'NONE', #2034, #1513 );
#2833=VERTEX_POINT ( 'NONE', #2068 );
#2834=VERTEX_POINT ( 'NONE', #2950 );
#2835=CARTESIAN_POINT ( 'NONE',  ( -3.850000000000000533, 0.2000000000000046740, -1.299999999999999822 ) );
#2836=EDGE_CURVE ( 'NONE', #1644, #2932, #126, .T. );
#2837=VERTEX_POINT ( 'NONE', #161 );
#2838=LINE ( 'NONE', #1291, #343 );
#2839=EDGE_CURVE ( 'NONE', #4040, #5038, #1845, .T. );
#2840=ORIENTED_EDGE ( 'NONE', *, *, #182, .T. );
#2841=LINE ( 'NONE', #2605, #499 );
#2842=EDGE_LOOP ( 'NONE', ( #3214, #4707, #251, #2977 ) );
#2843=EDGE_CURVE ( 'NONE', #555, #3702, #3720, .T. );
#2844=ORIENTED_EDGE ( 'NONE', *, *, #1420, .F. );
#2845=PRODUCT_DEFINITION_FORMATION_WITH_SPECIFIED_SOURCE ( 'ANY', '', #2181, .NOT_KNOWN. );
#2846=PRESENTATION_LAYER_ASSIGNMENT (  '', '', ( #4762 ) );
#2847=EDGE_CURVE ( 'NONE', #935, #780, #3770, .T. );
#2848=ORIENTED_EDGE ( 'NONE', *, *, #4894, .F. );
#2849=CARTESIAN_POINT ( 'NONE',  ( -1.430000000000000604, 1.199999999972995557, 1.299999999973004527 ) );
#2850=AXIS2_PLACEMENT_3D ( 'NONE', #1996, #122, #148 );
#2851=STYLED_ITEM ( 'NONE', ( #193 ), #4718 );
#2852=ORIENTED_EDGE ( 'NONE', *, *, #4673, .T. );
#2853=LINE ( 'NONE', #2645, #260 );
#2854=CARTESIAN_POINT ( 'NONE',  ( -3.149999999967187936, 1.399999999999997691, 0.8000000000210986117 ) );
#2855=VERTEX_POINT ( 'NONE', #4386 );
#2856=CARTESIAN_POINT ( 'NONE',  ( 3.449999999999999734, 0.2000000000000046740, -1.299999999999999822 ) );
#2857=( GEOMETRIC_REPRESENTATION_CONTEXT ( 3 ) GLOBAL_UNCERTAINTY_ASSIGNED_CONTEXT ( ( #73 ) ) GLOBAL_UNIT_ASSIGNED_CONTEXT ( ( #54, #16, #61 ) ) REPRESENTATION_CONTEXT ( 'NONE', 'WORKASPACE' ) );
#2858=AXIS2_PLACEMENT_3D ( 'NONE', #3489, #4582, #4221 );
#2859=ORIENTED_EDGE ( 'NONE', *, *, #4271, .F. );
#2860=LINE ( 'NONE', #849, #1413 );
#2861=VERTEX_POINT ( 'NONE', #2976 );
#2862=ORIENTED_EDGE ( 'NONE', *, *, #3590, .T. );
#2863=MECHANICAL_DESIGN_GEOMETRIC_PRESENTATION_REPRESENTATION (  '', ( #4941 ), #1969 );
#2864=CARTESIAN_POINT ( 'NONE',  ( 1.400000000000000133, 0.09999999999999424627, 1.609999999887500088 ) );
#2865=CARTESIAN_POINT ( 'NONE',  ( -3.350000000000000089, 0.8999999999999971356, 0.8000000000097694519 ) );
#2866=VERTEX_POINT ( 'NONE', #3346 );
#2867=DIRECTION ( 'NONE',  ( -9.876681162117933735E-16, -1.000000000000000000, -3.185229682395817851E-15 ) );
#2868=EDGE_CURVE ( 'NONE', #3881, #819, #4429, .T. );
#2869=PRESENTATION_LAYER_ASSIGNMENT (  '', '', ( #4392 ) );
#2870=DIRECTION ( 'NONE',  ( 2.373498755813608300E-16, 3.491483361109383250E-15, -1.000000000000000000 ) );
#2871=EDGE_LOOP ( 'NONE', ( #1165, #267, #3404, #1159 ) );
#2872=LINE ( 'NONE', #5087, #351 );
#2873=( GEOMETRIC_REPRESENTATION_CONTEXT ( 3 ) GLOBAL_UNCERTAINTY_ASSIGNED_CONTEXT ( ( #73 ) ) GLOBAL_UNIT_ASSIGNED_CONTEXT ( ( #54, #16, #61 ) ) REPRESENTATION_CONTEXT ( 'NONE', 'WORKASPACE' ) );
#2874=EDGE_LOOP ( 'NONE', ( #3515, #1505, #338, #304 ) );
#2875=FACE_BOUND ( 'NONE', #2614, .T. );
#2876=EDGE_LOOP ( 'NONE', ( #3602, #2357, #4031, #1974, #289, #3519, #2681, #363 ) );
#2877=AXIS2_PLACEMENT_3D ( 'NONE', #163, #124, #1073 );
#2878=ORIENTED_EDGE ( 'NONE', *, *, #1060, .T. );
#2879=ADVANCED_FACE ( 'NONE', ( #2654 ), #1786, .T. );
#2880=FACE_OUTER_BOUND ( 'NONE', #1249, .T. );
#2881=FACE_OUTER_BOUND ( 'NONE', #453, .T. );
#2882=VERTEX_POINT ( 'NONE', #249 );
#2883=CARTESIAN_POINT ( 'NONE',  ( 3.149999999999999911, 1.303600000000004311, -1.249999999999996003 ) );
#2884=ORIENTED_EDGE ( 'NONE', *, *, #3439, .F. );
#2885=LINE ( 'NONE', #3539, #341 );
#2886=VECTOR ( 'NONE', #1063, 1000.000000000000000 );
#2887=EDGE_LOOP ( 'NONE', ( #3374, #1480, #1674, #4914 ) );
#2888=ORIENTED_EDGE ( 'NONE', *, *, #4773, .F. );
#2889=PLANE ( 'NONE',  #1708 );
#2890=VERTEX_POINT ( 'NONE', #1937 );
#2891=ORIENTED_EDGE ( 'NONE', *, *, #703, .T. );
#2892=CARTESIAN_POINT ( 'NONE',  ( -3.149999999996875744, 1.400000000000003242, -0.8000000000084325213 ) );
#2893=PLANE ( 'NONE',  #4777 );
#2894=MECHANICAL_DESIGN_GEOMETRIC_PRESENTATION_REPRESENTATION (  '', ( #2083 ), #535 );
#2895=EDGE_CURVE ( 'NONE', #771, #2818, #278, .T. );
#2896=ORIENTED_EDGE ( 'NONE', *, *, #1748, .F. );
#2897=CARTESIAN_POINT ( 'NONE',  ( -3.399999999999999911, 1.666819893914039952E-11, -2.200000000000001510 ) );
#2898=ORIENTED_EDGE ( 'NONE', *, *, #1471, .F. );
#2899=EDGE_CURVE ( 'NONE', #4790, #841, #3823, .T. );
#2900=CARTESIAN_POINT ( 'NONE',  ( 0.09999999999999982514, 0.1000000000374927367, 1.609999999915626701 ) );
#2901=EDGE_LOOP ( 'NONE', ( #4688, #2562, #36, #4232, #2207, #4039, #1864, #2293 ) );
#2902=ORIENTED_EDGE ( 'NONE', *, *, #4649, .T. );
#2903=EDGE_CURVE ( 'NONE', #846, #1716, #777, .T. );
#2904=PRESENTATION_LAYER_ASSIGNMENT (  '', '', ( #4732 ) );
#2905=CARTESIAN_POINT ( 'NONE',  ( 0.9300000000000002709, 1.199999999999995959, 1.100000000000004086 ) );
#2906=AXIS2_PLACEMENT_3D ( 'NONE', #1221, #187, #295 );
#2907=CARTESIAN_POINT ( 'NONE',  ( -3.149999999868750677, 7.724940478959219092E-15, -2.200000000000000178 ) );
#2908=VERTEX_POINT ( 'NONE', #4924 );
#2909=EDGE_CURVE ( 'NONE', #4255, #1752, #4175, .T. );
#2910=ORIENTED_EDGE ( 'NONE', *, *, #4137, .F. );
#2911=ORIENTED_EDGE ( 'NONE', *, *, #2657, .F. );
#2912=ADVANCED_FACE ( 'NONE', ( #4153 ), #1173, .T. );
#2913=LINE ( 'NONE', #2864, #266 );
#2914=EDGE_LOOP ( 'NONE', ( #1851, #2266, #1952, #2627 ) );
#2915=EDGE_LOOP ( 'NONE', ( #2859, #1496 ) );
#2916=VERTEX_POINT ( 'NONE', #4530 );
#2917=( GEOMETRIC_REPRESENTATION_CONTEXT ( 3 ) GLOBAL_UNCERTAINTY_ASSIGNED_CONTEXT ( ( #73 ) ) GLOBAL_UNIT_ASSIGNED_CONTEXT ( ( #54, #16, #61 ) ) REPRESENTATION_CONTEXT ( 'NONE', 'WORKASPACE' ) );
#2918=PLANE ( 'NONE',  #498 );
#2919=VERTEX_POINT ( 'NONE', #750 );
#2920=PLANE ( 'NONE',  #3288 );
#2921=CARTESIAN_POINT ( 'NONE',  ( 2.750000000000000000, 1.199999999962495290, 0.9000000000000050182 ) );
#2922=VECTOR ( 'NONE', #801, 1000.000000000000000 );
#2923=AXIS2_PLACEMENT_3D ( 'NONE', #2856, #52, #214 );
#2924=EDGE_CURVE ( 'NONE', #3630, #3316, #1125, .T. );
#2925=LINE ( 'NONE', #2516, #23 );
#2926=EDGE_CURVE ( 'NONE', #2104, #2736, #2730, .T. );
#2927=ORIENTED_EDGE ( 'NONE', *, *, #2154, .T. );
#2928=ORIENTED_EDGE ( 'NONE', *, *, #4532, .F. );
#2929=CARTESIAN_POINT ( 'NONE',  ( -2.200000000000000178, 0.1499999999999973299, 0.7600000000000001199 ) );
#2930=VECTOR ( 'NONE', #4917, 1000.000000000000000 );
#2931=( GEOMETRIC_REPRESENTATION_CONTEXT ( 3 ) GLOBAL_UNCERTAINTY_ASSIGNED_CONTEXT ( ( #73 ) ) GLOBAL_UNIT_ASSIGNED_CONTEXT ( ( #54, #16, #61 ) ) REPRESENTATION_CONTEXT ( 'NONE', 'WORKASPACE' ) );
#2932=VERTEX_POINT ( 'NONE', #3511 );
#2933=ORIENTED_EDGE ( 'NONE', *, *, #3906, .T. );
#2934=( GEOMETRIC_REPRESENTATION_CONTEXT ( 3 ) GLOBAL_UNCERTAINTY_ASSIGNED_CONTEXT ( ( #73 ) ) GLOBAL_UNIT_ASSIGNED_CONTEXT ( ( #54, #16, #61 ) ) REPRESENTATION_CONTEXT ( 'NONE', 'WORKASPACE' ) );
#2935=ORIENTED_EDGE ( 'NONE', *, *, #2670, .T. );
#2936=EDGE_CURVE ( 'NONE', #1250, #162, #4200, .T. );
#2937=VERTEX_POINT ( 'NONE', #1962 );
#2938=CARTESIAN_POINT ( 'NONE',  ( -3.150000000012084911, 1.399999999999996358, 1.300000000000005151 ) );
#2939=VECTOR ( 'NONE', #4333, 1000.000000000000000 );
#2940=ORIENTED_EDGE ( 'NONE', *, *, #1485, .F. );
#2941=EDGE_CURVE ( 'NONE', #2834, #2916, #3153, .T. );
#2942=PLANE ( 'NONE',  #4693 );
#2943=EDGE_LOOP ( 'NONE', ( #1616, #240, #732, #4959 ) );
#2944=LINE ( 'NONE', #4420, #266 );
#2945=EDGE_LOOP ( 'NONE', ( #521, #606, #3599, #4207 ) );
#2946=VECTOR ( 'NONE', #3926, 1000.000000000000000 );
#2947=ADVANCED_FACE ( 'NONE', ( #2779 ), #1935, .F. );
#2948=PLANE ( 'NONE',  #1855 );
#2949=VERTEX_POINT ( 'NONE', #1663 );
#2950=CARTESIAN_POINT ( 'NONE',  ( 2.719999999144444569, 1.400000000000002576, -0.7499999997333282042 ) );
#2951=ORIENTED_EDGE ( 'NONE', *, *, #1182, .F. );
#2952=CARTESIAN_POINT ( 'NONE',  ( -3.149999999987500576, 0.7000000000351607188, -1.249999999992965849 ) );
#2953=EDGE_CURVE ( 'NONE', #4563, #563, #3253, .T. );
#2954=LINE ( 'NONE', #1191, #1390 );
#2955=ORIENTED_EDGE ( 'NONE', *, *, #2272, .F. );
#2956=EDGE_LOOP ( 'NONE', ( #1772, #1155, #4631, #288 ) );
#2957=CARTESIAN_POINT ( 'NONE',  ( -3.150000000000000355, 1.399999999999997913, 1.249999999990627275 ) );
#2958=EDGE_CURVE ( 'NONE', #1511, #2001, #4663, .T. );
#2959=ORIENTED_EDGE ( 'NONE', *, *, #3292, .F. );
#2960=ORIENTED_EDGE ( 'NONE', *, *, #5060, .T. );
#2961=CARTESIAN_POINT ( 'NONE',  ( 0.3000000000156244906, 1.199999999999990408, 2.800000000009378098 ) );
#2962=STYLED_ITEM ( 'NONE', ( #108 ), #1285 );
#2963=ORIENTED_EDGE ( 'NONE', *, *, #2264, .F. );
#2964=CARTESIAN_POINT ( 'NONE',  ( -3.349999999999999645, 0.2500000000333291728, 1.299900000000000055 ) );
#2965=STYLED_ITEM ( 'NONE', ( #108 ), #1522 );
#2966=ORIENTED_EDGE ( 'NONE', *, *, #1642, .F. );
#2967=ADVANCED_FACE ( 'NONE', ( #4314 ), #1228, .T. );
#2968=LINE ( 'NONE', #1451, #266 );
#2969=ORIENTED_EDGE ( 'NONE', *, *, #182, .F. );
#2970=DIRECTION ( 'NONE',  ( -1.000000000000000000, 2.344146738486555696E-11, 0.000000000000000000 ) );
#2971=PLANE ( 'NONE',  #385 );
#2972=LINE ( 'NONE', #3026, #11 );
#2973=ORIENTED_EDGE ( 'NONE', *, *, #2212, .F. );
#2974=( GEOMETRIC_REPRESENTATION_CONTEXT ( 3 ) GLOBAL_UNCERTAINTY_ASSIGNED_CONTEXT ( ( #73 ) ) GLOBAL_UNIT_ASSIGNED_CONTEXT ( ( #54, #16, #61 ) ) REPRESENTATION_CONTEXT ( 'NONE', 'WORKASPACE' ) );
#2975=FACE_OUTER_BOUND ( 'NONE', #4347, .T. );
#2976=CARTESIAN_POINT ( 'NONE',  ( -3.149999999998125855, 1.199999999964064923, -0.7499999999999956701 ) );
#2977=ORIENTED_EDGE ( 'NONE', *, *, #2107, .T. );
#2978=MECHANICAL_DESIGN_GEOMETRIC_PRESENTATION_REPRESENTATION (  '', ( #1257 ), #3226 );
#2979=LINE ( 'NONE', #2280, #351 );
#2980=VECTOR ( 'NONE', #1825, 1000.000000000000000 );
#2981=ORIENTED_EDGE ( 'NONE', *, *, #2253, .T. );
#2982=VERTEX_POINT ( 'NONE', #896 );
#2983=EDGE_CURVE ( 'NONE', #4888, #2388, #3992, .T. );
#2984=EDGE_LOOP ( 'NONE', ( #4933, #135, #2625, #3986 ) );
#2985=EDGE_CURVE ( 'NONE', #3394, #4288, #3952, .T. );
#2986=EDGE_LOOP ( 'NONE', ( #3429, #2678, #494, #3476 ) );
#2987=ORIENTED_EDGE ( 'NONE', *, *, #4802, .F. );
#2988=STYLED_ITEM ( 'NONE', ( #108 ), #4214 );
#2989=EDGE_CURVE ( 'NONE', #3148, #3761, #2, .T. );
#2990=PRESENTATION_LAYER_ASSIGNMENT (  '', '', ( #4666 ) );
#2991=VERTEX_POINT ( 'NONE', #1339 );
#2992=ORIENTED_EDGE ( 'NONE', *, *, #3834, .F. );
#2993=LINE ( 'NONE', #2172, #938 );
#2994=FACE_OUTER_BOUND ( 'NONE', #5019, .T. );
#2995=AXIS2_PLACEMENT_3D ( 'NONE', #887, #124, #3334 );
#2996=ADVANCED_FACE ( 'NONE', ( #915 ), #4014, .F. );
#2997=LINE ( 'NONE', #2247, #608 );
#2998=AXIS2_PLACEMENT_3D ( 'NONE', #2883, #302, #52 );
#2999=DIRECTION ( 'NONE',  ( 0.9551363834789753371, 0.000000000000000000, 0.2961663197507504730 ) );
#3000=CARTESIAN_POINT ( 'NONE',  ( -3.350000000000000089, 0.6500000000000025757, -0.7499999999999965583 ) );
#3001=ORIENTED_EDGE ( 'NONE', *, *, #497, .F. );
#3002=DIRECTION ( 'NONE',  ( 1.000000000000000000, -4.531599869146434777E-31, 1.275531967630004506E-16 ) );
#3003=LINE ( 'NONE', #4431, #470 );
#3004=VERTEX_POINT ( 'NONE', #2247 );
#3005=FACE_OUTER_BOUND ( 'NONE', #1846, .T. );
#3006=VECTOR ( 'NONE', #798, 1000.000000000000000 );
#3007=MECHANICAL_DESIGN_GEOMETRIC_PRESENTATION_REPRESENTATION (  '', ( #216 ), #4615 );
#3008=CARTESIAN_POINT ( 'NONE',  ( 3.400000000000000355, 0.2000000000333287675, 1.299900000000000055 ) );
#3009=AXIS2_PLACEMENT_3D ( 'NONE', #2628, #27, #122 );
#3010=VERTEX_POINT ( 'NONE', #1578 );
#3011=CARTESIAN_POINT ( 'NONE',  ( 3.050000000000000266, 1.099999999999997202, 0.7499999994000036141 ) );
#3012=EDGE_CURVE ( 'NONE', #3728, #4427, #1865, .T. );
#3013=LINE ( 'NONE', #3122, #658 );
#3014=PRESENTATION_LAYER_ASSIGNMENT (  '', '', ( #1720 ) );
#3015=VERTEX_POINT ( 'NONE', #3713 );
#3016=VECTOR ( 'NONE', #2623, 1000.000000000000114 );
#3017=DIRECTION ( 'NONE',  ( -9.876681162117937679E-16, 1.000000000000000000, 3.185229682395816667E-15 ) );
#3018=EDGE_CURVE ( 'NONE', #3585, #2271, #2993, .T. );
#3019=ORIENTED_EDGE ( 'NONE', *, *, #623, .T. );
#3020=FACE_OUTER_BOUND ( 'NONE', #1254, .T. );
#3021=VERTEX_POINT ( 'NONE', #4742 );
#3022=CARTESIAN_POINT ( 'NONE',  ( 2.720000000000000195, 1.400000000000002576, -0.7499999999999950040 ) );
#3023=CARTESIAN_POINT ( 'NONE',  ( 2.719999999299999693, 1.400000000000004574, -1.299999999999995159 ) );
#3024=CARTESIAN_POINT ( 'NONE',  ( -1.350000000000000089, 0.1499999999999986899, 0.3708099243547838819 ) );
#3025=CARTESIAN_POINT ( 'NONE',  ( -3.400000000000002132, 3.332876897371977056E-11, -0.9000000002812498234 ) );
#3026=CARTESIAN_POINT ( 'NONE',  ( 1.874699879903904076, 4.888076705553132842E-16, -0.1399999999999999023 ) );
#3027=ORIENTED_EDGE ( 'NONE', *, *, #1076, .F. );
#3028=EDGE_CURVE ( 'NONE', #408, #1857, #1635, .T. );
#3029=ORIENTED_EDGE ( 'NONE', *, *, #2319, .T. );
#3030=FACE_OUTER_BOUND ( 'NONE', #3607, .T. );
#3031=( GEOMETRIC_REPRESENTATION_CONTEXT ( 3 ) GLOBAL_UNCERTAINTY_ASSIGNED_CONTEXT ( ( #73 ) ) GLOBAL_UNIT_ASSIGNED_CONTEXT ( ( #54, #16, #61 ) ) REPRESENTATION_CONTEXT ( 'NONE', 'WORKASPACE' ) );
#3032=FACE_OUTER_BOUND ( 'NONE', #1770, .T. );
#3033=FACE_OUTER_BOUND ( 'NONE', #505, .T. );
#3034=PRESENTATION_LAYER_ASSIGNMENT (  '', '', ( #4878 ) );
#3035=ORIENTED_EDGE ( 'NONE', *, *, #4328, .F. );
#3036=ORIENTED_EDGE ( 'NONE', *, *, #4770, .T. );
#3037=FACE_OUTER_BOUND ( 'NONE', #217, .T. );
#3038=ORIENTED_EDGE ( 'NONE', *, *, #3666, .F. );
#3039=VERTEX_POINT ( 'NONE', #589 );
#3040=LINE ( 'NONE', #150, #4219 );
#3041=CARTESIAN_POINT ( 'NONE',  ( 3.150000000013593926, 1.199999999921356864, -0.8000000000210893969 ) );
#3042=STYLED_ITEM ( 'NONE', ( #683 ), #1613 );
#3043=PRESENTATION_LAYER_ASSIGNMENT (  '', '', ( #789 ) );
#3044=VERTEX_POINT ( 'NONE', #3878 );
#3045=EDGE_CURVE ( 'NONE', #4081, #4238, #152, .T. );
#3046=VECTOR ( 'NONE', #1203, 1000.000000000000000 );
#3047=ORIENTED_EDGE ( 'NONE', *, *, #4099, .T. );
#3048=EDGE_CURVE ( 'NONE', #4633, #2603, #1062, .T. );
#3049=DIRECTION ( 'NONE',  ( -1.736024518904775198E-11, 1.000000000000000000, 0.000000000000000000 ) );
#3050=ORIENTED_EDGE ( 'NONE', *, *, #2868, .F. );
#3051=( GEOMETRIC_REPRESENTATION_CONTEXT ( 3 ) GLOBAL_UNCERTAINTY_ASSIGNED_CONTEXT ( ( #73 ) ) GLOBAL_UNIT_ASSIGNED_CONTEXT ( ( #54, #16, #61 ) ) REPRESENTATION_CONTEXT ( 'NONE', 'WORKASPACE' ) );
#3052=LINE ( 'NONE', #4698, #3320 );
#3053=CARTESIAN_POINT ( 'NONE',  ( -2.849999999960235009, 1.199999999993753175, -0.8000000000329643424 ) );
#3054=LINE ( 'NONE', #4500, #147 );
#3055=CARTESIAN_POINT ( 'NONE',  ( 2.449999999868750056, 5.787741062725315888E-15, -1.300100000000000255 ) );
#3056=EDGE_CURVE ( 'NONE', #3842, #1395, #1426, .T. );
#3057=VERTEX_POINT ( 'NONE', #1840 );
#3058=LINE ( 'NONE', #4903, #512 );
#3059=ORIENTED_EDGE ( 'NONE', *, *, #4101, .F. );
#3060=CARTESIAN_POINT ( 'NONE',  ( -3.350000000000000089, 0.8999999999999971356, 0.8000000000000047073 ) );
#3061=EDGE_CURVE ( 'NONE', #2703, #324, #1461, .T. );
#3062=VERTEX_POINT ( 'NONE', #1979 );
#3063=STYLED_ITEM ( 'NONE', ( #108 ), #3803 );
#3064=EDGE_CURVE ( 'NONE', #5032, #2339, #1813, .T. );
#3065=ORIENTED_EDGE ( 'NONE', *, *, #319, .T. );
#3066=MECHANICAL_DESIGN_GEOMETRIC_PRESENTATION_REPRESENTATION (  '', ( #181 ), #816 );
#3067=ORIENTED_EDGE ( 'NONE', *, *, #814, .F. );
#3068=ORIENTED_EDGE ( 'NONE', *, *, #1170, .F. );
#3069=CARTESIAN_POINT ( 'NONE',  ( 3.850000000000000089, 0.6499999999750034618, -1.299999999999997824 ) );
#3070=ORIENTED_EDGE ( 'NONE', *, *, #2596, .F. );
#3071=CARTESIAN_POINT ( 'NONE',  ( -3.150000000000000355, 0.2500000000333291728, 0.8999999999015637631 ) );
#3072=STYLED_ITEM ( 'NONE', ( #40 ), #3994 );
#3073=CARTESIAN_POINT ( 'NONE',  ( -2.849999999987500754, 1.199999999947653384, 0.8000000000078172357 ) );
#3074=ORIENTED_EDGE ( 'NONE', *, *, #2013, .T. );
#3075=CARTESIAN_POINT ( 'NONE',  ( -2.719999999801571366, 1.199999999987495514, 1.299999999957802910 ) );
#3076=ORIENTED_EDGE ( 'NONE', *, *, #4027, .T. );
#3077=CARTESIAN_POINT ( 'NONE',  ( -3.350000000000000089, 0.6499999999185223087, -0.7499999999999972244 ) );
#3078=FACE_OUTER_BOUND ( 'NONE', #3902, .T. );
#3079=PLANE ( 'NONE',  #1450 );
#3080=ADVANCED_FACE ( 'NONE', ( #3340 ), #4800, .F. );
#3081=AXIS2_PLACEMENT_3D ( 'NONE', #696, #214, #3909 );
#3082=ORIENTED_EDGE ( 'NONE', *, *, #967, .T. );
#3083=CARTESIAN_POINT ( 'NONE',  ( 1.430000000000000604, 1.199999999972995557, 1.100000000000004086 ) );
#3084=ADVANCED_FACE ( 'NONE', ( #4235 ), #2675, .F. );
#3085=LINE ( 'NONE', #3713, #4457 );
#3086=DIRECTION ( 'NONE',  ( -0.7071067808882360861, 3.066586834142987604E-15, -0.7071067814848589483 ) );
#3087=STYLED_ITEM ( 'NONE', ( #40 ), #3351 );
#3088=STYLED_ITEM ( 'NONE', ( #108 ), #5020 );
#3089=ORIENTED_EDGE ( 'NONE', *, *, #3048, .T. );
#3090=CARTESIAN_POINT ( 'NONE',  ( 1.430000000888889344, 1.400000000000004574, -1.299999999673723039 ) );
#3091=AXIS2_PLACEMENT_3D ( 'NONE', #438, #27, #122 );
#3092=VERTEX_POINT ( 'NONE', #2820 );
#3093=ORIENTED_EDGE ( 'NONE', *, *, #3680, .F. );
#3094=CARTESIAN_POINT ( 'NONE',  ( 1.500000000000000000, -1.342383235819478118E-15, 0.4000000000000002998 ) );
#3095=PRESENTATION_LAYER_ASSIGNMENT (  '', '', ( #1121 ) );
#3096=ORIENTED_EDGE ( 'NONE', *, *, #172, .F. );
#3097=EDGE_CURVE ( 'NONE', #2721, #2778, #2841, .T. );
#3098=PRESENTATION_LAYER_ASSIGNMENT (  '', '', ( #3102 ) );
#3099=CARTESIAN_POINT ( 'NONE',  ( 2.849999999987500754, 1.199999999999997069, 0.8000000000125045974 ) );
#3100=ORIENTED_EDGE ( 'NONE', *, *, #1192, .F. );
#3101=STYLED_ITEM ( 'NONE', ( #40 ), #1946 );
#3102=STYLED_ITEM ( 'NONE', ( #683 ), #2267 );
#3103=ORIENTED_EDGE ( 'NONE', *, *, #4598, .T. );
#3104=( GEOMETRIC_REPRESENTATION_CONTEXT ( 3 ) GLOBAL_UNCERTAINTY_ASSIGNED_CONTEXT ( ( #73 ) ) GLOBAL_UNIT_ASSIGNED_CONTEXT ( ( #54, #16, #61 ) ) REPRESENTATION_CONTEXT ( 'NONE', 'WORKASPACE' ) );
#3105=PLANE ( 'NONE',  #2192 );
#3106=LINE ( 'NONE', #1913, #928 );
#3107=AXIS2_PLACEMENT_3D ( 'NONE', #447, #241, #302 );
#3108=ORIENTED_EDGE ( 'NONE', *, *, #1128, .F. );
#3109=FACE_OUTER_BOUND ( 'NONE', #2202, .T. );
#3110=EDGE_CURVE ( 'NONE', #4818, #4797, #2027, .T. );
#3111=CARTESIAN_POINT ( 'NONE',  ( 0.9300000004250001950, 1.400000000000004574, -1.299999999999995159 ) );
#3112=CARTESIAN_POINT ( 'NONE',  ( 0.09999999999999982514, 1.199999999999995293, 2.600000000000004086 ) );
#3113=CARTESIAN_POINT ( 'NONE',  ( 1.199999999934374673, 0.09999999999998995803, 2.800000000009375878 ) );
#3114=EDGE_CURVE ( 'NONE', #3062, #864, #1509, .T. );
#3115=PRESENTATION_LAYER_ASSIGNMENT (  '', '', ( #1822 ) );
#3116=ORIENTED_EDGE ( 'NONE', *, *, #4110, .F. );
#3117=MECHANICAL_DESIGN_GEOMETRIC_PRESENTATION_REPRESENTATION (  '', ( #423 ), #3271 );
#3118=DIRECTION ( 'NONE',  ( -0.8944271909999159664, -0.4472135954999579832, -1.561438827550005499E-15 ) );
#3119=ORIENTED_EDGE ( 'NONE', *, *, #2591, .F. );
#3120=ORIENTED_EDGE ( 'NONE', *, *, #1834, .F. );
#3121=EDGE_CURVE ( 'NONE', #1716, #2409, #777, .T. );
#3122=CARTESIAN_POINT ( 'NONE',  ( -0.9299999999999998268, 1.200000000000004396, -1.299999999999995604 ) );
#3123=EDGE_LOOP ( 'NONE', ( #4095, #3305, #1126, #2283 ) );
#3124=MECHANICAL_DESIGN_GEOMETRIC_PRESENTATION_REPRESENTATION (  '', ( #436 ), #3900 );
#3125=EDGE_LOOP ( 'NONE', ( #3231, #3578, #3300, #1328 ) );
#3126=CARTESIAN_POINT ( 'NONE',  ( -1.430000000000000604, 1.400000000000004130, -1.099999999999994982 ) );
#3127=EDGE_CURVE ( 'NONE', #4766, #4790, #3218, .T. );
#3128=VERTEX_POINT ( 'NONE', #3548 );
#3129=EDGE_CURVE ( 'NONE', #4846, #898, #5011, .T. );
#3130=PLANE ( 'NONE',  #2012 );
#3131=CARTESIAN_POINT ( 'NONE',  ( -2.015766736181727747, 1.400000000000004574, -1.118366903943645685 ) );
#3132=ORIENTED_EDGE ( 'NONE', *, *, #1992, .F. );
#3133=VERTEX_POINT ( 'NONE', #3944 );
#3134=CARTESIAN_POINT ( 'NONE',  ( 3.850000000000000089, 0.2000000001111065240, 0.9000000000000010214 ) );
#3135=ORIENTED_EDGE ( 'NONE', *, *, #1860, .T. );
#3136=CARTESIAN_POINT ( 'NONE',  ( 2.719999999489836728, 1.400000000000004574, -1.299999999769453352 ) );
#3137=DIRECTION ( 'NONE',  ( 1.000000000000000000, -6.370204844388445530E-11, 0.000000000000000000 ) );
#3138=ORIENTED_EDGE ( 'NONE', *, *, #4099, .F. );
#3139=ORIENTED_EDGE ( 'NONE', *, *, #2072, .F. );
#3140=LINE ( 'NONE', #197, #401 );
#3141=DIRECTION ( 'NONE',  ( 0.4472135954774847932, -0.8944271910111524226, -3.151654686300206253E-15 ) );
#3142=ADVANCED_FACE ( 'NONE', ( #4654 ), #2056, .F. );
#3143=ORIENTED_EDGE ( 'NONE', *, *, #2518, .F. );
#3144=ADVANCED_FACE ( 'NONE', ( #1384 ), #1801, .F. );
#3145=PRESENTATION_LAYER_ASSIGNMENT (  '', '', ( #276 ) );
#3146=VERTEX_POINT ( 'NONE', #2506 );
#3147=CARTESIAN_POINT ( 'NONE',  ( -3.349999999999999645, 1.303599999999995651, 1.250000000000004219 ) );
#3148=VERTEX_POINT ( 'NONE', #4026 );
#3149=AXIS2_PLACEMENT_3D ( 'NONE', #859, #2259, #3227 );
#3150=ADVANCED_FACE ( 'NONE', ( #495 ), #3267, .T. );
#3151=ORIENTED_EDGE ( 'NONE', *, *, #2717, .T. );
#3152=CARTESIAN_POINT ( 'NONE',  ( 0.3000000000000004885, 1.199999999999990186, 2.800000000000003819 ) );
#3153=LINE ( 'NONE', #3864, #11 );
#3154=EDGE_CURVE ( 'NONE', #4378, #2036, #4052, .T. );
#3155=PLANE ( 'NONE',  #1950 );
#3156=DIRECTION ( 'NONE',  ( 1.000000000000000000, -3.851859882755937541E-30, 1.084202170791437670E-15 ) );
#3157=ORIENTED_EDGE ( 'NONE', *, *, #3377, .F. );
#3158=EDGE_CURVE ( 'NONE', #3824, #384, #4326, .T. );
#3159=( GEOMETRIC_REPRESENTATION_CONTEXT ( 3 ) GLOBAL_UNCERTAINTY_ASSIGNED_CONTEXT ( ( #73 ) ) GLOBAL_UNIT_ASSIGNED_CONTEXT ( ( #54, #16, #61 ) ) REPRESENTATION_CONTEXT ( 'NONE', 'WORKASPACE' ) );
#3160=ORIENTED_EDGE ( 'NONE', *, *, #804, .T. );
#3161=ORIENTED_EDGE ( 'NONE', *, *, #1960, .F. );
#3162=CARTESIAN_POINT ( 'NONE',  ( -3.850000000000000533, 1.199999999999995293, 1.300000000000004485 ) );
#3163=( GEOMETRIC_REPRESENTATION_CONTEXT ( 3 ) GLOBAL_UNCERTAINTY_ASSIGNED_CONTEXT ( ( #73 ) ) GLOBAL_UNIT_ASSIGNED_CONTEXT ( ( #54, #16, #61 ) ) REPRESENTATION_CONTEXT ( 'NONE', 'WORKASPACE' ) );
#3164=CARTESIAN_POINT ( 'NONE',  ( 0.1000000000023436586, 1.199999999972995557, 1.300000000000000266 ) );
#3165=ORIENTED_EDGE ( 'NONE', *, *, #822, .T. );
#3166=MECHANICAL_DESIGN_GEOMETRIC_PRESENTATION_REPRESENTATION (  '', ( #4999 ), #3945 );
#3167=PRESENTATION_LAYER_ASSIGNMENT (  '', '', ( #210 ) );
#3168=ORIENTED_EDGE ( 'NONE', *, *, #3276, .T. );
#3169=ORIENTED_EDGE ( 'NONE', *, *, #1555, .F. );
#3170=ADVANCED_FACE ( 'NONE', ( #3005 ), #4119, .F. );
#3171=PRESENTATION_LAYER_ASSIGNMENT (  '', '', ( #2524 ) );
#3172=( GEOMETRIC_REPRESENTATION_CONTEXT ( 3 ) GLOBAL_UNCERTAINTY_ASSIGNED_CONTEXT ( ( #73 ) ) GLOBAL_UNIT_ASSIGNED_CONTEXT ( ( #54, #16, #61 ) ) REPRESENTATION_CONTEXT ( 'NONE', 'WORKASPACE' ) );
#3173=CARTESIAN_POINT ( 'NONE',  ( -2.749999999999999556, 1.399999999999995470, 0.9000000000000050182 ) );
#3174=PLANE ( 'NONE',  #4324 );
#3175=( GEOMETRIC_REPRESENTATION_CONTEXT ( 3 ) GLOBAL_UNCERTAINTY_ASSIGNED_CONTEXT ( ( #73 ) ) GLOBAL_UNIT_ASSIGNED_CONTEXT ( ( #54, #16, #61 ) ) REPRESENTATION_CONTEXT ( 'NONE', 'WORKASPACE' ) );
#3176=DIRECTION ( 'NONE',  ( -0.7071067811865477948, 0.000000000000000000, -0.7071067811865473507 ) );
#3177=PRESENTATION_LAYER_ASSIGNMENT (  '', '', ( #5091 ) );
#3178=ORIENTED_EDGE ( 'NONE', *, *, #3064, .F. );
#3179=EDGE_CURVE ( 'NONE', #911, #823, #1081, .T. );
#3180=CARTESIAN_POINT ( 'NONE',  ( 2.750000000003750333, 1.200000000000004396, -1.299999999999995604 ) );
#3181=( GEOMETRIC_REPRESENTATION_CONTEXT ( 3 ) GLOBAL_UNCERTAINTY_ASSIGNED_CONTEXT ( ( #73 ) ) GLOBAL_UNIT_ASSIGNED_CONTEXT ( ( #54, #16, #61 ) ) REPRESENTATION_CONTEXT ( 'NONE', 'WORKASPACE' ) );
#3182=LINE ( 'NONE', #368, #4630 );
#3183=LINE ( 'NONE', #3229, #23 );
#3184=CARTESIAN_POINT ( 'NONE',  ( -3.150000000000000355, 1.199999999999997291, 0.7500000000000041078 ) );
#3185=STYLED_ITEM ( 'NONE', ( #193 ), #99 );
#3186=ADVANCED_FACE ( 'NONE', ( #1439 ), #364, .T. );
#3187=CARTESIAN_POINT ( 'NONE',  ( 0.9299999996666669100, 1.199999999999995959, 1.100000000000004086 ) );
#3188=FACE_OUTER_BOUND ( 'NONE', #4752, .T. );
#3189=ORIENTED_EDGE ( 'NONE', *, *, #2843, .T. );
#3190=( GEOMETRIC_REPRESENTATION_CONTEXT ( 3 ) GLOBAL_UNCERTAINTY_ASSIGNED_CONTEXT ( ( #73 ) ) GLOBAL_UNIT_ASSIGNED_CONTEXT ( ( #54, #16, #61 ) ) REPRESENTATION_CONTEXT ( 'NONE', 'WORKASPACE' ) );
#3191=ORIENTED_EDGE ( 'NONE', *, *, #1035, .T. );
#3192=EDGE_LOOP ( 'NONE', ( #2608, #587, #2279, #3371, #19, #2489, #2333, #3597 ) );
#3193=ORIENTED_EDGE ( 'NONE', *, *, #2577, .T. );
#3194=STYLED_ITEM ( 'NONE', ( #108 ), #615 );
#3195=ORIENTED_EDGE ( 'NONE', *, *, #1132, .F. );
#3196=( GEOMETRIC_REPRESENTATION_CONTEXT ( 3 ) GLOBAL_UNCERTAINTY_ASSIGNED_CONTEXT ( ( #73 ) ) GLOBAL_UNIT_ASSIGNED_CONTEXT ( ( #54, #16, #61 ) ) REPRESENTATION_CONTEXT ( 'NONE', 'WORKASPACE' ) );
#3197=ORIENTED_EDGE ( 'NONE', *, *, #3179, .T. );
#3198=EDGE_CURVE ( 'NONE', #4763, #1216, #4510, .T. );
#3199=LINE ( 'NONE', #186, #445 );
#3200=CARTESIAN_POINT ( 'NONE',  ( 2.849999999953242380, 1.400000000000003242, -0.8000000000201901162 ) );
#3201=LINE ( 'NONE', #2113, #2228 );
#3202=FACE_OUTER_BOUND ( 'NONE', #404, .T. );
#3203=EDGE_CURVE ( 'NONE', #1521, #4436, #680, .T. );
#3204=LINE ( 'NONE', #4643, #266 );
#3205=ORIENTED_EDGE ( 'NONE', *, *, #2629, .T. );
#3206=( GEOMETRIC_REPRESENTATION_CONTEXT ( 3 ) GLOBAL_UNCERTAINTY_ASSIGNED_CONTEXT ( ( #73 ) ) GLOBAL_UNIT_ASSIGNED_CONTEXT ( ( #54, #16, #61 ) ) REPRESENTATION_CONTEXT ( 'NONE', 'WORKASPACE' ) );
#3207=EDGE_CURVE ( 'NONE', #3654, #1614, #1921, .T. );
#3208=DIRECTION ( 'NONE',  ( -0.000000000000000000, 0.000000000000000000, 1.000000000000000000 ) );
#3209=ADVANCED_FACE ( 'NONE', ( #599 ), #2236, .F. );
#3210=PRESENTATION_LAYER_ASSIGNMENT (  '', '', ( #1601 ) );
#3211=ORIENTED_EDGE ( 'NONE', *, *, #811, .T. );
#3212=MECHANICAL_DESIGN_GEOMETRIC_PRESENTATION_REPRESENTATION (  '', ( #2965 ), #5047 );
#3213=ADVANCED_FACE ( 'NONE', ( #3492 ), #1207, .F. );
#3214=ORIENTED_EDGE ( 'NONE', *, *, #2536, .F. );
#3215=VECTOR ( 'NONE', #1602, 1000.000000000000000 );
#3216=FACE_OUTER_BOUND ( 'NONE', #3891, .T. );
#3217=ORIENTED_EDGE ( 'NONE', *, *, #1096, .F. );
#3218=LINE ( 'NONE', #4614, #3006 );
#3219=EDGE_CURVE ( 'NONE', #1399, #1194, #1998, .T. );
#3220=PLANE ( 'NONE',  #2651 );
#3221=LINE ( 'NONE', #207, #260 );
#3222=EDGE_LOOP ( 'NONE', ( #2527, #2423, #4220, #2255 ) );
#3223=PLANE ( 'NONE',  #3706 );
#3224=ORIENTED_EDGE ( 'NONE', *, *, #4357, .T. );
#3225=STYLED_ITEM ( 'NONE', ( #40 ), #3694 );
#3226=( GEOMETRIC_REPRESENTATION_CONTEXT ( 3 ) GLOBAL_UNCERTAINTY_ASSIGNED_CONTEXT ( ( #73 ) ) GLOBAL_UNIT_ASSIGNED_CONTEXT ( ( #54, #16, #61 ) ) REPRESENTATION_CONTEXT ( 'NONE', 'WORKASPACE' ) );
#3227=DIRECTION ( 'NONE',  ( 0.000000000000000000, 1.000000000000000000, 3.491483361109382855E-15 ) );
#3228=VERTEX_POINT ( 'NONE', #2784 );
#3229=CARTESIAN_POINT ( 'NONE',  ( 2.449999999868750056, 0.0001000000000045392882, -1.300100000000000255 ) );
#3230=ADVANCED_FACE ( 'NONE', ( #376 ), #1572, .F. );
#3231=ORIENTED_EDGE ( 'NONE', *, *, #1273, .F. );
#3232=AXIS2_PLACEMENT_3D ( 'NONE', #2797, #214, #45 );
#3233=VERTEX_POINT ( 'NONE', #3281 );
#3234=CARTESIAN_POINT ( 'NONE',  ( -3.850000000000000533, 0.2000000000357970154, 0.9000000000000006883 ) );
#3235=ADVANCED_FACE ( 'NONE', ( #3996 ), #4670, .F. );
#3236=LINE ( 'NONE', #1524, #5 );
#3237=PRESENTATION_LAYER_ASSIGNMENT (  '', '', ( #4915 ) );
#3238=VERTEX_POINT ( 'NONE', #1318 );
#3239=EDGE_LOOP ( 'NONE', ( #1363, #2374, #3979, #4638, #976 ) );
#3240=ORIENTED_EDGE ( 'NONE', *, *, #190, .F. );
#3241=EDGE_CURVE ( 'NONE', #3739, #957, #3982, .T. );
#3242=PRESENTATION_LAYER_ASSIGNMENT (  '', '', ( #3940 ) );
#3243=PRESENTATION_LAYER_ASSIGNMENT (  '', '', ( #2031 ) );
#3244=ORIENTED_EDGE ( 'NONE', *, *, #1150, .F. );
#3245=EDGE_CURVE ( 'NONE', #1852, #3654, #1344, .T. );
#3246=ORIENTED_EDGE ( 'NONE', *, *, #4303, .T. );
#3247=VECTOR ( 'NONE', #3364, 1000.000000000000000 );
#3248=CARTESIAN_POINT ( 'NONE',  ( -3.150000000004226752, 1.299999999979905674, 1.249999999998831157 ) );
#3249=CARTESIAN_POINT ( 'NONE',  ( -3.850000000000000533, -3.098657940479867759E-15, 0.9000000000000002442 ) );
#3250=ORIENTED_EDGE ( 'NONE', *, *, #2720, .T. );
#3251=MECHANICAL_DESIGN_GEOMETRIC_PRESENTATION_REPRESENTATION (  '', ( #2851 ), #3399 );
#3252=STYLED_ITEM ( 'NONE', ( #40 ), #3084 );
#3253=LINE ( 'NONE', #239, #89 );
#3254=( GEOMETRIC_REPRESENTATION_CONTEXT ( 3 ) GLOBAL_UNCERTAINTY_ASSIGNED_CONTEXT ( ( #73 ) ) GLOBAL_UNIT_ASSIGNED_CONTEXT ( ( #54, #16, #61 ) ) REPRESENTATION_CONTEXT ( 'NONE', 'WORKASPACE' ) );
#3255=ORIENTED_EDGE ( 'NONE', *, *, #1035, .F. );
#3256=MECHANICAL_DESIGN_GEOMETRIC_PRESENTATION_REPRESENTATION (  '', ( #1648 ), #3331 );
#3257=VERTEX_POINT ( 'NONE', #3620 );
#3258=ADVANCED_FACE ( 'NONE', ( #2150 ), #3959, .F. );
#3259=EDGE_LOOP ( 'NONE', ( #734, #1920, #2437, #4375, #2521 ) );
#3260=EDGE_CURVE ( 'NONE', #1027, #4093, #1262, .T. );
#3261=ORIENTED_EDGE ( 'NONE', *, *, #2604, .T. );
#3262=LINE ( 'NONE', #1111, #260 );
#3263=FACE_OUTER_BOUND ( 'NONE', #3782, .T. );
#3264=VERTEX_POINT ( 'NONE', #847 );
#3265=AXIS2_PLACEMENT_3D ( 'NONE', #1252, #122, #148 );
#3266=EDGE_LOOP ( 'NONE', ( #3977, #4973, #552, #1246 ) );
#3267=PLANE ( 'NONE',  #403 );
#3268=LINE ( 'NONE', #1327, #1841 );
#3269=EDGE_CURVE ( 'NONE', #2124, #1697, #984, .T. );
#3270=ORIENTED_EDGE ( 'NONE', *, *, #3993, .T. );
#3271=( GEOMETRIC_REPRESENTATION_CONTEXT ( 3 ) GLOBAL_UNCERTAINTY_ASSIGNED_CONTEXT ( ( #73 ) ) GLOBAL_UNIT_ASSIGNED_CONTEXT ( ( #54, #16, #61 ) ) REPRESENTATION_CONTEXT ( 'NONE', 'WORKASPACE' ) );
#3272=ORIENTED_EDGE ( 'NONE', *, *, #2238, .F. );
#3273=EDGE_CURVE ( 'NONE', #3693, #4034, #620, .T. );
#3274=EDGE_LOOP ( 'NONE', ( #2270, #4083, #4691, #4365, #1011, #1912, #4788, #1888, #809, #4170, #3255, #733, #2511, #2719, #3981, #4619, #4415 ) );
#3275=MECHANICAL_DESIGN_GEOMETRIC_PRESENTATION_REPRESENTATION (  '', ( #2792 ), #3893 );
#3276=EDGE_CURVE ( 'NONE', #2036, #1057, #2634, .T. );
#3277=CARTESIAN_POINT ( 'NONE',  ( -2.849999999981055243, 1.399999999999997247, 0.8000000000127004407 ) );
#3278=ORIENTED_EDGE ( 'NONE', *, *, #1760, .T. );
#3279=VECTOR ( 'NONE', #1380, 1000.000000000000000 );
#3280=EDGE_LOOP ( 'NONE', ( #2910, #66, #1080, #1325 ) );
#3281=CARTESIAN_POINT ( 'NONE',  ( -1.430000000226608448, 1.399999999999995692, 1.299999999814321017 ) );
#3282=LINE ( 'NONE', #1345, #11 );
#3283=PLANE ( 'NONE',  #3877 );
#3284=ORIENTED_EDGE ( 'NONE', *, *, #4242, .F. );
#3285=DIRECTION ( 'NONE',  ( 1.000000000000000000, 7.407320700463098910E-11, 0.000000000000000000 ) );
#3286=PLANE ( 'NONE',  #1637 );
#3287=ORIENTED_EDGE ( 'NONE', *, *, #1965, .F. );
#3288=AXIS2_PLACEMENT_3D ( 'NONE', #1686, #387, #2241 );
#3289=ORIENTED_EDGE ( 'NONE', *, *, #1349, .F. );
#3290=STYLED_ITEM ( 'NONE', ( #108 ), #1434 );
#3291=VERTEX_POINT ( 'NONE', #1404 );
#3292=EDGE_CURVE ( 'NONE', #2487, #4766, #2226, .T. );
#3293=VERTEX_POINT ( 'NONE', #2952 );
#3294=EDGE_CURVE ( 'NONE', #628, #2020, #4089, .T. );
#3295=LINE ( 'NONE', #2068, #3965 );
#3296=ORIENTED_EDGE ( 'NONE', *, *, #2436, .T. );
#3297=CARTESIAN_POINT ( 'NONE',  ( -2.134233264076495828, 1.200000000000003730, -1.118366903473394514 ) );
#3298=MECHANICAL_DESIGN_GEOMETRIC_PRESENTATION_REPRESENTATION (  '', ( #371 ), #2974 );
#3299=ADVANCED_FACE ( 'NONE', ( #2581 ), #2656, .F. );
#3300=ORIENTED_EDGE ( 'NONE', *, *, #2427, .F. );
#3301=EDGE_CURVE ( 'NONE', #4290, #4768, #564, .T. );
#3302=ORIENTED_EDGE ( 'NONE', *, *, #1570, .T. );
#3303=CONICAL_SURFACE ( 'NONE', #3990, 0.3999999999564362030, 0.7853981635395540506 );
#3304=CARTESIAN_POINT ( 'NONE',  ( 3.349999999999999645, 0.7000000000039023895, 1.249999999995998312 ) );
#3305=ORIENTED_EDGE ( 'NONE', *, *, #2536, .T. );
#3306=EDGE_LOOP ( 'NONE', ( #4613, #4882, #4799, #4374 ) );
#3307=EDGE_CURVE ( 'NONE', #1625, #2302, #2256, .T. );
#3308=ORIENTED_EDGE ( 'NONE', *, *, #858, .F. );
#3309=DIRECTION ( 'NONE',  ( 8.659560562354909439E-17, 0.7071067811865515695, -0.7071067811865435759 ) );
#3310=VERTEX_POINT ( 'NONE', #3349 );
#3311=ORIENTED_EDGE ( 'NONE', *, *, #1401, .T. );
#3312=CARTESIAN_POINT ( 'NONE',  ( 1.400000000108906795, 1.199999999972995557, 0.9500000000000000666 ) );
#3313=EDGE_CURVE ( 'NONE', #2693, #2271, #4858, .T. );
#3314=PRESENTATION_LAYER_ASSIGNMENT (  '', '', ( #392 ) );
#3315=CARTESIAN_POINT ( 'NONE',  ( 2.749999999984687360, 1.199999999975620346, 1.300000000000004707 ) );
#3316=VERTEX_POINT ( 'NONE', #3326 );
#3317=ADVANCED_FACE ( 'NONE', ( #3030 ), #3303, .T. );
#3318=ORIENTED_EDGE ( 'NONE', *, *, #3786, .F. );
#3319=( GEOMETRIC_REPRESENTATION_CONTEXT ( 3 ) GLOBAL_UNCERTAINTY_ASSIGNED_CONTEXT ( ( #73 ) ) GLOBAL_UNIT_ASSIGNED_CONTEXT ( ( #54, #16, #61 ) ) REPRESENTATION_CONTEXT ( 'NONE', 'WORKASPACE' ) );
#3320=VECTOR ( 'NONE', #2451, 999.9999999999998863 );
#3321=DIRECTION ( 'NONE',  ( -1.000000000000000000, 0.000000000000000000, -0.000000000000000000 ) );
#3322=PRESENTATION_LAYER_ASSIGNMENT (  '', '', ( #933 ) );
#3323=EDGE_CURVE ( 'NONE', #4913, #2002, #702, .T. );
#3324=EDGE_LOOP ( 'NONE', ( #3922, #651, #1806, #2586 ) );
#3325=ORIENTED_EDGE ( 'NONE', *, *, #584, .F. );
#3326=CARTESIAN_POINT ( 'NONE',  ( -0.7999999999999998224, 4.888076705553128898E-16, -0.1399999999999997913 ) );
#3327=CARTESIAN_POINT ( 'NONE',  ( -1.430000000499999979, 1.400000000000004352, -1.099999999999995204 ) );
#3328=VERTEX_POINT ( 'NONE', #3561 );
#3329=EDGE_LOOP ( 'NONE', ( #3436, #2588, #2291, #2439 ) );
#3330=CIRCLE ( 'NONE', #500, 0.2000000000000000944 );
#3331=( GEOMETRIC_REPRESENTATION_CONTEXT ( 3 ) GLOBAL_UNCERTAINTY_ASSIGNED_CONTEXT ( ( #73 ) ) GLOBAL_UNIT_ASSIGNED_CONTEXT ( ( #54, #16, #61 ) ) REPRESENTATION_CONTEXT ( 'NONE', 'WORKASPACE' ) );
#3332=ADVANCED_FACE ( 'NONE', ( #3512 ), #4993, .F. );
#3333=VERTEX_POINT ( 'NONE', #3083 );
#3334=DIRECTION ( 'NONE',  ( -2.168404344971007685E-15, -3.252606517456511724E-15, 1.000000000000000000 ) );
#3335=VERTEX_POINT ( 'NONE', #3531 );
#3336=EDGE_LOOP ( 'NONE', ( #1186, #1837, #228, #3741, #2125, #2429, #4669, #655 ) );
#3337=STYLED_ITEM ( 'NONE', ( #108 ), #366 );
#3338=EDGE_CURVE ( 'NONE', #3257, #2092, #1229, .T. );
#3339=ORIENTED_EDGE ( 'NONE', *, *, #1436, .F. );
#3340=FACE_OUTER_BOUND ( 'NONE', #1764, .T. );
#3341=( GEOMETRIC_REPRESENTATION_CONTEXT ( 3 ) GLOBAL_UNCERTAINTY_ASSIGNED_CONTEXT ( ( #73 ) ) GLOBAL_UNIT_ASSIGNED_CONTEXT ( ( #54, #16, #61 ) ) REPRESENTATION_CONTEXT ( 'NONE', 'WORKASPACE' ) );
#3342=CARTESIAN_POINT ( 'NONE',  ( -3.850000000000000533, -3.098657941134522125E-15, 0.9000000001875003708 ) );
#3343=LINE ( 'NONE', #1510, #658 );
#3344=EDGE_LOOP ( 'NONE', ( #2788, #1158, #1670, #3948 ) );
#3345=EDGE_CURVE ( 'NONE', #2855, #983, #1956, .T. );
#3346=CARTESIAN_POINT ( 'NONE',  ( -3.399999999999999467, 0.2000000000333289063, -1.299999999999999378 ) );
#3347=MECHANICAL_DESIGN_GEOMETRIC_PRESENTATION_REPRESENTATION (  '', ( #1592 ), #1988 );
#3348=ORIENTED_EDGE ( 'NONE', *, *, #32, .T. );
#3349=CARTESIAN_POINT ( 'NONE',  ( -0.9299999985999997110, 1.399999999999996136, 1.099999999977782306 ) );
#3350=CARTESIAN_POINT ( 'NONE',  ( -2.449999999825000163, 0.1500000000000076827, -2.199999999999999734 ) );
#3351=ADVANCED_FACE ( 'NONE', ( #1153 ), #3155, .F. );
#3352=CARTESIAN_POINT ( 'NONE',  ( -1.430100000000000815, 1.199999999999995959, 1.108250545000004639 ) );
#3353=MECHANICAL_DESIGN_GEOMETRIC_PRESENTATION_REPRESENTATION (  '', ( #155 ), #4114 );
#3354=CARTESIAN_POINT ( 'NONE',  ( 3.399999999999999911, 0.2500000000333288397, 0.9000000000000010214 ) );
#3355=LINE ( 'NONE', #3751, #65 );
#3356=CARTESIAN_POINT ( 'NONE',  ( 0.9500000000000002887, 0.1500000000000076827, -2.199999999999999734 ) );
#3357=EDGE_LOOP ( 'NONE', ( #1352, #4466, #3070, #2262, #1458, #1023, #2021 ) );
#3358=ORIENTED_EDGE ( 'NONE', *, *, #4448, .T. );
#3359=CARTESIAN_POINT ( 'NONE',  ( 3.350000000000000089, 0.8999999999999962474, 0.8000000000000033751 ) );
#3360=PRESENTATION_LAYER_ASSIGNMENT (  '', '', ( #2243 ) );
#3361=EDGE_CURVE ( 'NONE', #2855, #1716, #1681, .T. );
#3362=CARTESIAN_POINT ( 'NONE',  ( 1.400000000000000133, 1.199999999999990852, 2.599999999971562392 ) );
#3363=VERTEX_POINT ( 'NONE', #1304 );
#3364=DIRECTION ( 'NONE',  ( -1.000000000000000000, 7.407401756019820319E-11, 0.000000000000000000 ) );
#3365=( GEOMETRIC_REPRESENTATION_CONTEXT ( 3 ) GLOBAL_UNCERTAINTY_ASSIGNED_CONTEXT ( ( #73 ) ) GLOBAL_UNIT_ASSIGNED_CONTEXT ( ( #54, #16, #61 ) ) REPRESENTATION_CONTEXT ( 'NONE', 'WORKASPACE' ) );
#3366=ORIENTED_EDGE ( 'NONE', *, *, #2471, .T. );
#3367=ADVANCED_FACE ( 'NONE', ( #3931 ), #2829, .F. );
#3368=ORIENTED_EDGE ( 'NONE', *, *, #2427, .T. );
#3369=VERTEX_POINT ( 'NONE', #4103 );
#3370=LINE ( 'NONE', #3791, #260 );
#3371=ORIENTED_EDGE ( 'NONE', *, *, #4372, .F. );
#3372=CARTESIAN_POINT ( 'NONE',  ( 2.749999999869999989, 1.399999999999997691, 0.8000000000000051514 ) );
#3373=AXIS2_PLACEMENT_3D ( 'NONE', #3793, #187, #295 );
#3374=ORIENTED_EDGE ( 'NONE', *, *, #1926, .T. );
#3375=ADVANCED_FACE ( 'NONE', ( #2117 ), #1018, .T. );
#3376=CARTESIAN_POINT ( 'NONE',  ( 0.9299999997777779193, 1.399999999999995692, 1.100000000000004530 ) );
#3377=EDGE_CURVE ( 'NONE', #1752, #1852, #3663, .T. );
#3378=CARTESIAN_POINT ( 'NONE',  ( -2.134233263787985280, 1.399999999999995914, 1.118366903934263412 ) );
#3379=AXIS2_PLACEMENT_3D ( 'NONE', #2261, #27, #122 );
#3380=ORIENTED_EDGE ( 'NONE', *, *, #2813, .T. );
#3381=ORIENTED_EDGE ( 'NONE', *, *, #1883, .T. );
#3382=CARTESIAN_POINT ( 'NONE',  ( -2.015766736021745942, 1.200000000000003730, -1.118366903743032159 ) );
#3383=ORIENTED_EDGE ( 'NONE', *, *, #4736, .F. );
#3384=FACE_OUTER_BOUND ( 'NONE', #3574, .T. );
#3385=FACE_OUTER_BOUND ( 'NONE', #601, .T. );
#3386=EDGE_CURVE ( 'NONE', #1717, #2550, #3, .T. );
#3387=VECTOR ( 'NONE', #1528, 1000.000000000000000 );
#3388=ORIENTED_EDGE ( 'NONE', *, *, #2191, .F. );
#3389=CARTESIAN_POINT ( 'NONE',  ( -2.849999999984688337, 0.7000000000000027311, -0.7999999999999974909 ) );
#3390=ORIENTED_EDGE ( 'NONE', *, *, #72, .T. );
#3391=CARTESIAN_POINT ( 'NONE',  ( 2.850000000000000089, 0.7000000000312469606, 0.8000000000000025979 ) );
#3392=PRESENTATION_LAYER_ASSIGNMENT (  '', '', ( #653 ) );
#3393=LINE ( 'NONE', #3024, #401 );
#3394=VERTEX_POINT ( 'NONE', #2144 );
#3395=LINE ( 'NONE', #2653, #158 );
#3396=ORIENTED_EDGE ( 'NONE', *, *, #1478, .T. );
#3397=EDGE_LOOP ( 'NONE', ( #828, #931, #1525, #2689 ) );
#3398=LINE ( 'NONE', #3695, #343 );
#3399=( GEOMETRIC_REPRESENTATION_CONTEXT ( 3 ) GLOBAL_UNCERTAINTY_ASSIGNED_CONTEXT ( ( #73 ) ) GLOBAL_UNIT_ASSIGNED_CONTEXT ( ( #54, #16, #61 ) ) REPRESENTATION_CONTEXT ( 'NONE', 'WORKASPACE' ) );
#3400=LINE ( 'NONE', #1491, #512 );
#3401=LINE ( 'NONE', #4860, #158 );
#3402=LINE ( 'NONE', #1494, #4798 );
#3403=LINE ( 'NONE', #1051, #2694 );
#3404=ORIENTED_EDGE ( 'NONE', *, *, #929, .F. );
#3405=EDGE_CURVE ( 'NONE', #1876, #3668, #2925, .T. );
#3406=ORIENTED_EDGE ( 'NONE', *, *, #703, .F. );
#3407=CARTESIAN_POINT ( 'NONE',  ( 2.200000000000000178, 0.1500000000000004663, -0.1399999999999994027 ) );
#3408=AXIS2_PLACEMENT_3D ( 'NONE', #212, #187, #295 );
#3409=EDGE_CURVE ( 'NONE', #1666, #4427, #506, .T. );
#3410=ORIENTED_EDGE ( 'NONE', *, *, #4338, .T. );
#3411=PLANE ( 'NONE',  #2263 );
#3412=( GEOMETRIC_REPRESENTATION_CONTEXT ( 3 ) GLOBAL_UNCERTAINTY_ASSIGNED_CONTEXT ( ( #73 ) ) GLOBAL_UNIT_ASSIGNED_CONTEXT ( ( #54, #16, #61 ) ) REPRESENTATION_CONTEXT ( 'NONE', 'WORKASPACE' ) );
#3413=EDGE_LOOP ( 'NONE', ( #4266, #1874, #2327, #3157 ) );
#3414=LINE ( 'NONE', #1477, #11 );
#3415=EDGE_CURVE ( 'NONE', #4260, #671, #1033, .T. );
#3416=ORIENTED_EDGE ( 'NONE', *, *, #3241, .T. );
#3417=PRESENTATION_LAYER_ASSIGNMENT (  '', '', ( #4624 ) );
#3418=VERTEX_POINT ( 'NONE', #3419 );
#3419=CARTESIAN_POINT ( 'NONE',  ( -3.149999999999999467, 3.332887739393701912E-11, 1.300000000000000266 ) );
#3420=PLANE ( 'NONE',  #332 );
#3421=EDGE_CURVE ( 'NONE', #1355, #2823, #2766, .T. );
#3422=LINE ( 'NONE', #4127, #503 );
#3423=MECHANICAL_DESIGN_GEOMETRIC_PRESENTATION_REPRESENTATION (  '', ( #5026 ), #1053 );
#3424=DIRECTION ( 'NONE',  ( 0.000000000000000000, -3.523657060577888622E-15, 1.000000000000000000 ) );
#3425=CARTESIAN_POINT ( 'NONE',  ( 2.719999999706840477, 1.199999999999997291, 0.7500000000000041078 ) );
#3426=LINE ( 'NONE', #4855, #1413 );
#3427=MECHANICAL_DESIGN_GEOMETRIC_PRESENTATION_REPRESENTATION (  '', ( #2067 ), #4562 );
#3428=FACE_OUTER_BOUND ( 'NONE', #1052, .T. );
#3429=ORIENTED_EDGE ( 'NONE', *, *, #32, .F. );
#3430=EDGE_CURVE ( 'NONE', #4230, #1852, #4104, .T. );
#3431=( GEOMETRIC_REPRESENTATION_CONTEXT ( 3 ) GLOBAL_UNCERTAINTY_ASSIGNED_CONTEXT ( ( #73 ) ) GLOBAL_UNIT_ASSIGNED_CONTEXT ( ( #54, #16, #61 ) ) REPRESENTATION_CONTEXT ( 'NONE', 'WORKASPACE' ) );
#3432=CARTESIAN_POINT ( 'NONE',  ( 2.719999999982226857, 1.399999999999996803, 0.7499999997777823113 ) );
#3433=CARTESIAN_POINT ( 'NONE',  ( 3.150000000025311664, -4.495251284923622873E-15, 1.300000000000000711 ) );
#3434=ORIENTED_EDGE ( 'NONE', *, *, #4210, .F. );
#3435=VERTEX_POINT ( 'NONE', #120 );
#3436=ORIENTED_EDGE ( 'NONE', *, *, #1971, .F. );
#3437=DIRECTION ( 'NONE',  ( 0.9551363834789752261, 0.000000000000000000, -0.2961663197507509171 ) );
#3438=EDGE_LOOP ( 'NONE', ( #1360, #4092, #3852, #1743 ) );
#3439=EDGE_CURVE ( 'NONE', #1585, #2834, #2622, .T. );
#3440=ORIENTED_EDGE ( 'NONE', *, *, #3508, .T. );
#3441=CARTESIAN_POINT ( 'NONE',  ( -2.749999999877499768, 1.200000000000003064, -0.9000000002012455980 ) );
#3442=VERTEX_POINT ( 'NONE', #1815 );
#3443=EDGE_CURVE ( 'NONE', #2487, #1087, #2547, .T. );
#3444=DIRECTION ( 'NONE',  ( -1.000000000000000000, 1.718780283307622083E-10, 0.000000000000000000 ) );
#3445=ORIENTED_EDGE ( 'NONE', *, *, #3110, .T. );
#3446=PRESENTATION_LAYER_ASSIGNMENT (  '', '', ( #4189 ) );
#3447=CARTESIAN_POINT ( 'NONE',  ( -2.015766736212015520, 1.400000000000004130, -1.118366903934254086 ) );
#3448=ORIENTED_EDGE ( 'NONE', *, *, #3129, .F. );
#3449=CARTESIAN_POINT ( 'NONE',  ( 1.400000000000000133, 0.2999999999999941602, 1.410000000026564448 ) );
#3450=LINE ( 'NONE', #1154, #341 );
#3451=EDGE_CURVE ( 'NONE', #1857, #408, #1635, .T. );
#3452=CARTESIAN_POINT ( 'NONE',  ( -2.749999999986562305, 1.399999999999995914, 1.300000000000005151 ) );
#3453=FACE_OUTER_BOUND ( 'NONE', #3898, .T. );
#3454=ORIENTED_EDGE ( 'NONE', *, *, #1860, .F. );
#3455=ORIENTED_EDGE ( 'NONE', *, *, #3689, .T. );
#3456=EDGE_LOOP ( 'NONE', ( #3193, #1984, #1529, #3093 ) );
#3457=DIRECTION ( 'NONE',  ( -0.9551363834789750040, 0.000000000000000000, 0.2961663197507515277 ) );
#3458=VERTEX_POINT ( 'NONE', #4801 );
#3459=CARTESIAN_POINT ( 'NONE',  ( -3.400000000000002132, 3.332876897371977056E-11, -1.300000000011718670 ) );
#3460=VERTEX_POINT ( 'NONE', #610 );
#3461=PLANE ( 'NONE',  #3950 );
#3462=ORIENTED_EDGE ( 'NONE', *, *, #224, .F. );
#3463=LINE ( 'NONE', #2170, #3483 );
#3464=EDGE_CURVE ( 'NONE', #1546, #3999, #1427, .T. );
#3465=VECTOR ( 'NONE', #455, 1000.000000000000114 );
#3466=ORIENTED_EDGE ( 'NONE', *, *, #2836, .F. );
#3467=CARTESIAN_POINT ( 'NONE',  ( 3.349999999997315125, 0.9000000000179044779, -1.249999999997653211 ) );
#3468=MECHANICAL_DESIGN_GEOMETRIC_PRESENTATION_REPRESENTATION (  '', ( #2203 ), #4604 );
#3469=EDGE_CURVE ( 'NONE', #2703, #4797, #4827, .T. );
#3470=LINE ( 'NONE', #2019, #341 );
#3471=VERTEX_POINT ( 'NONE', #4422 );
#3472=MECHANICAL_DESIGN_GEOMETRIC_PRESENTATION_REPRESENTATION (  '', ( #579 ), #5079 );
#3473=DIRECTION ( 'NONE',  ( 0.4472135954440556449, -0.8944271910278670523, -2.909219710109344426E-15 ) );
#3474=VERTEX_POINT ( 'NONE', #756 );
#3475=AXIS2_PLACEMENT_3D ( 'NONE', #4528, #35, #1310 );
#3476=ORIENTED_EDGE ( 'NONE', *, *, #4911, .F. );
#3477=ORIENTED_EDGE ( 'NONE', *, *, #2899, .F. );
#3478=PRESENTATION_LAYER_ASSIGNMENT (  '', '', ( #1294 ) );
#3479=ADVANCED_FACE ( 'NONE', ( #2994 ), #1889, .F. );
#3480=ORIENTED_EDGE ( 'NONE', *, *, #2094, .T. );
#3481=VECTOR ( 'NONE', #2970, 1000.000000000000000 );
#3482=CARTESIAN_POINT ( 'NONE',  ( -1.430000000000000604, 1.199999999999995959, 1.099999999955559860 ) );
#3483=VECTOR ( 'NONE', #2018, 1000.000000000000000 );
#3484=ORIENTED_EDGE ( 'NONE', *, *, #2479, .T. );
#3485=FACE_OUTER_BOUND ( 'NONE', #1955, .T. );
#3486=ORIENTED_EDGE ( 'NONE', *, *, #3061, .F. );
#3487=CARTESIAN_POINT ( 'NONE',  ( 0.1000000000000008521, 0.09999999999999056866, 2.599999999997971489 ) );
#3488=CARTESIAN_POINT ( 'NONE',  ( -3.150000000000000355, 0.7000000000195345518, -0.8000000000070287554 ) );
#3489=CARTESIAN_POINT ( 'NONE',  ( 0.09999999999999982514, 0.2999999999999950484, 1.410000000000001030 ) );
#3490=EDGE_CURVE ( 'NONE', #1216, #381, #2173, .T. );
#3491=ORIENTED_EDGE ( 'NONE', *, *, #1376, .F. );
#3492=FACE_OUTER_BOUND ( 'NONE', #2285, .T. );
#3493=ADVANCED_FACE ( 'NONE', ( #977 ), #2574, .F. );
#3494=ORIENTED_EDGE ( 'NONE', *, *, #5074, .F. );
#3495=PRESENTATION_LAYER_ASSIGNMENT (  '', '', ( #4473 ) );
#3496=ORIENTED_EDGE ( 'NONE', *, *, #4048, .F. );
#3497=LINE ( 'NONE', #2003, #266 );
#3498=FACE_OUTER_BOUND ( 'NONE', #3438, .T. );
#3499=ORIENTED_EDGE ( 'NONE', *, *, #2258, .F. );
#3500=EDGE_CURVE ( 'NONE', #1922, #2828, #3052, .T. );
#3501=MECHANICAL_DESIGN_GEOMETRIC_PRESENTATION_REPRESENTATION (  '', ( #1664 ), #2397 );
#3502=VERTEX_POINT ( 'NONE', #3229 );
#3503=LINE ( 'NONE', #1166, #341 );
#3504=EDGE_CURVE ( 'NONE', #701, #3727, #5029, .T. );
#3505=ORIENTED_EDGE ( 'NONE', *, *, #15, .F. );
#3506=STYLED_ITEM ( 'NONE', ( #40 ), #1753 );
#3507=LINE ( 'NONE', #2570, #737 );
#3508=EDGE_CURVE ( 'NONE', #864, #4872, #509, .T. );
#3509=VECTOR ( 'NONE', #4240, 1000.000000000000114 );
#3510=ORIENTED_EDGE ( 'NONE', *, *, #450, .F. );
#3511=CARTESIAN_POINT ( 'NONE',  ( 3.349999999998210409, 0.7000000000078162588, -0.8000000000046849635 ) );
#3512=FACE_OUTER_BOUND ( 'NONE', #4100, .T. );
#3513=LINE ( 'NONE', #4203, #744 );
#3514=LINE ( 'NONE', #1428, #401 );
#3515=ORIENTED_EDGE ( 'NONE', *, *, #1848, .T. );
#3516=EDGE_CURVE ( 'NONE', #549, #3148, #874, .T. );
#3517=VERTEX_POINT ( 'NONE', #2308 );
#3518=ADVANCED_FACE ( 'NONE', ( #1283 ), #3573, .F. );
#3519=ORIENTED_EDGE ( 'NONE', *, *, #4252, .T. );
#3520=LINE ( 'NONE', #1213, #1373 );
#3521=MECHANICAL_DESIGN_GEOMETRIC_PRESENTATION_REPRESENTATION (  '', ( #1761 ), #902 );
#3522=EDGE_LOOP ( 'NONE', ( #4281, #435, #2580, #2888 ) );
#3523=CARTESIAN_POINT ( 'NONE',  ( 1.400000000006094369, 0.1000000000093662772, 2.599999999974609732 ) );
#3524=ADVANCED_FACE ( 'NONE', ( #1685 ), #923, .F. );
#3525=ORIENTED_EDGE ( 'NONE', *, *, #2223, .F. );
#3526=CARTESIAN_POINT ( 'NONE',  ( -3.350000000000000089, 0.6499999999425963848, -1.299999999999997824 ) );
#3527=ORIENTED_EDGE ( 'NONE', *, *, #4101, .T. );
#3528=ADVANCED_FACE ( 'NONE', ( #4748 ), #4907, .F. );
#3529=CARTESIAN_POINT ( 'NONE',  ( 2.720000000000000195, 1.199999999999997069, 0.8000000000093790975 ) );
#3530=VERTEX_POINT ( 'NONE', #1543 );
#3531=CARTESIAN_POINT ( 'NONE',  ( -1.500000000000000000, -0.5000000000450193216, 0.2000000000634833131 ) );
#3532=LINE ( 'NONE', #1230, #351 );
#3533=CARTESIAN_POINT ( 'NONE',  ( 3.350000000000000089, 0.6499999999703734987, -1.299999999999997824 ) );
#3534=LINE ( 'NONE', #3617, #341 );
#3535=PLANE ( 'NONE',  #2551 );
#3536=CARTESIAN_POINT ( 'NONE',  ( 3.350000000000000089, 0.2500000000333291728, 0.8999999999015637631 ) );
#3537=ORIENTED_EDGE ( 'NONE', *, *, #4408, .T. );
#3538=( GEOMETRIC_REPRESENTATION_CONTEXT ( 3 ) GLOBAL_UNCERTAINTY_ASSIGNED_CONTEXT ( ( #73 ) ) GLOBAL_UNIT_ASSIGNED_CONTEXT ( ( #54, #16, #61 ) ) REPRESENTATION_CONTEXT ( 'NONE', 'WORKASPACE' ) );
#3539=CARTESIAN_POINT ( 'NONE',  ( -2.719999999533333490, 1.199999999999997291, 0.7500000000000041078 ) );
#3540=ORIENTED_EDGE ( 'NONE', *, *, #4795, .F. );
#3541=MECHANICAL_DESIGN_GEOMETRIC_PRESENTATION_REPRESENTATION (  '', ( #3087 ), #5077 );
#3542=ORIENTED_EDGE ( 'NONE', *, *, #2577, .F. );
#3543=EDGE_CURVE ( 'NONE', #2002, #3394, #729, .T. );
#3544=( GEOMETRIC_REPRESENTATION_CONTEXT ( 3 ) GLOBAL_UNCERTAINTY_ASSIGNED_CONTEXT ( ( #73 ) ) GLOBAL_UNIT_ASSIGNED_CONTEXT ( ( #54, #16, #61 ) ) REPRESENTATION_CONTEXT ( 'NONE', 'WORKASPACE' ) );
#3545=PRESENTATION_LAYER_ASSIGNMENT (  '', '', ( #2116 ) );
#3546=DIRECTION ( 'NONE',  ( -5.963111948670263540E-16, 0.000000000000000000, 1.000000000000000000 ) );
#3547=VERTEX_POINT ( 'NONE', #4249 );
#3548=CARTESIAN_POINT ( 'NONE',  ( 2.749999999980937471, 1.400000000000004352, -1.300099999999995148 ) );
#3549=VECTOR ( 'NONE', #3086, 1000.000000000000000 );
#3550=DIRECTION ( 'NONE',  ( -2.168404344208059677E-15, 1.000000000000000000, 0.000000000000000000 ) );
#3551=EDGE_CURVE ( 'NONE', #3530, #549, #2312, .T. );
#3552=STYLED_ITEM ( 'NONE', ( #108 ), #5055 );
#3553=LINE ( 'NONE', #859, #401 );
#3554=ORIENTED_EDGE ( 'NONE', *, *, #3158, .F. );
#3555=LINE ( 'NONE', #3126, #266 );
#3556=EDGE_CURVE ( 'NONE', #1619, #2643, #1598, .T. );
#3557=LINE ( 'NONE', #3147, #744 );
#3558=ORIENTED_EDGE ( 'NONE', *, *, #1757, .T. );
#3559=LINE ( 'NONE', #4171, #65 );
#3560=ADVANCED_FACE ( 'NONE', ( #4223 ), #4606, .F. );
#3561=CARTESIAN_POINT ( 'NONE',  ( 1.430100000000000593, 0.7899999999729960809, 1.300000000000000266 ) );
#3562=ORIENTED_EDGE ( 'NONE', *, *, #3345, .T. );
#3563=( GEOMETRIC_REPRESENTATION_CONTEXT ( 3 ) GLOBAL_UNCERTAINTY_ASSIGNED_CONTEXT ( ( #73 ) ) GLOBAL_UNIT_ASSIGNED_CONTEXT ( ( #54, #16, #61 ) ) REPRESENTATION_CONTEXT ( 'NONE', 'WORKASPACE' ) );
#3564=FACE_OUTER_BOUND ( 'NONE', #4070, .T. );
#3565=CIRCLE ( 'NONE', #3643, 0.2500000000000001110 );
#3566=ADVANCED_FACE ( 'NONE', ( #372 ), #3535, .F. );
#3567=CARTESIAN_POINT ( 'NONE',  ( 0.9300000000000002709, 1.399999999999995914, 1.100000000000004752 ) );
#3568=CARTESIAN_POINT ( 'NONE',  ( 3.400000000000002132, 3.332876897371977056E-11, -0.9000000000585937077 ) );
#3569=( GEOMETRIC_REPRESENTATION_CONTEXT ( 3 ) GLOBAL_UNCERTAINTY_ASSIGNED_CONTEXT ( ( #73 ) ) GLOBAL_UNIT_ASSIGNED_CONTEXT ( ( #54, #16, #61 ) ) REPRESENTATION_CONTEXT ( 'NONE', 'WORKASPACE' ) );
#3570=CARTESIAN_POINT ( 'NONE',  ( -1.500000000000000000, -0.3000000000127945876, 0.4000000000957081303 ) );
#3571=CARTESIAN_POINT ( 'NONE',  ( -3.349999999992840038, 0.9000000000501232611, -0.7999999999999969358 ) );
#3572=EDGE_CURVE ( 'NONE', #314, #3881, #3956, .T. );
#3573=PLANE ( 'NONE',  #1378 );
#3574=EDGE_LOOP ( 'NONE', ( #3278, #3240, #1078, #3089 ) );
#3575=PRESENTATION_LAYER_ASSIGNMENT (  '', '', ( #4028 ) );
#3576=ORIENTED_EDGE ( 'NONE', *, *, #3121, .F. );
#3577=ORIENTED_EDGE ( 'NONE', *, *, #2216, .F. );
#3578=ORIENTED_EDGE ( 'NONE', *, *, #4489, .F. );
#3579=( GEOMETRIC_REPRESENTATION_CONTEXT ( 3 ) GLOBAL_UNCERTAINTY_ASSIGNED_CONTEXT ( ( #73 ) ) GLOBAL_UNIT_ASSIGNED_CONTEXT ( ( #54, #16, #61 ) ) REPRESENTATION_CONTEXT ( 'NONE', 'WORKASPACE' ) );
#3580=CARTESIAN_POINT ( 'NONE',  ( -1.500000000000000000, 0.1499999999999999944, 7.244760893406611851E-16 ) );
#3581=MECHANICAL_DESIGN_GEOMETRIC_PRESENTATION_REPRESENTATION (  '', ( #691 ), #3964 );
#3582=ORIENTED_EDGE ( 'NONE', *, *, #4155, .T. );
#3583=FACE_OUTER_BOUND ( 'NONE', #4069, .T. );
#3584=STYLED_ITEM ( 'NONE', ( #108 ), #487 );
#3585=VERTEX_POINT ( 'NONE', #3641 );
#3586=FACE_OUTER_BOUND ( 'NONE', #2593, .T. );
#3587=VERTEX_POINT ( 'NONE', #424 );
#3588=ADVANCED_FACE ( 'NONE', ( #2495 ), #2520, .F. );
#3589=ORIENTED_EDGE ( 'NONE', *, *, #1259, .T. );
#3590=EDGE_CURVE ( 'NONE', #3369, #3264, #1983, .T. );
#3591=CARTESIAN_POINT ( 'NONE',  ( -0.9299999993416663280, 1.399999999999995692, 1.300000000012505375 ) );
#3592=VERTEX_POINT ( 'NONE', #2854 );
#3593=PRESENTATION_LAYER_ASSIGNMENT (  '', '', ( #3042 ) );
#3594=AXIS2_PLACEMENT_3D ( 'NONE', #1808, #52, #214 );
#3595=LINE ( 'NONE', #1337, #3046 );
#3596=ORIENTED_EDGE ( 'NONE', *, *, #2699, .F. );
#3597=ORIENTED_EDGE ( 'NONE', *, *, #797, .F. );
#3598=EDGE_CURVE ( 'NONE', #4102, #1614, #870, .T. );
#3599=ORIENTED_EDGE ( 'NONE', *, *, #916, .F. );
#3600=EDGE_LOOP ( 'NONE', ( #1268, #2716, #921, #3911 ) );
#3601=ORIENTED_EDGE ( 'NONE', *, *, #4626, .F. );
#3602=ORIENTED_EDGE ( 'NONE', *, *, #3598, .T. );
#3603=CARTESIAN_POINT ( 'NONE',  ( 2.200000000000000178, 4.888076705553132842E-16, -0.1399999999999999023 ) );
#3604=EDGE_CURVE ( 'NONE', #2321, #1619, #2476, .T. );
#3605=( GEOMETRIC_REPRESENTATION_CONTEXT ( 3 ) GLOBAL_UNCERTAINTY_ASSIGNED_CONTEXT ( ( #73 ) ) GLOBAL_UNIT_ASSIGNED_CONTEXT ( ( #54, #16, #61 ) ) REPRESENTATION_CONTEXT ( 'NONE', 'WORKASPACE' ) );
#3606=VERTEX_POINT ( 'NONE', #3277 );
#3607=EDGE_LOOP ( 'NONE', ( #3244, #2426, #4589, #1206 ) );
#3608=STYLED_ITEM ( 'NONE', ( #108 ), #3853 );
#3609=LINE ( 'NONE', #4265, #401 );
#3610=ORIENTED_EDGE ( 'NONE', *, *, #2120, .F. );
#3611=LINE ( 'NONE', #4335, #3465 );
#3612=STYLED_ITEM ( 'NONE', ( #40 ), #3946 );
#3613=ADVANCED_FACE ( 'NONE', ( #2881 ), #4341, .T. );
#3614=ORIENTED_EDGE ( 'NONE', *, *, #4685, .T. );
#3615=EDGE_CURVE ( 'NONE', #2818, #4628, #981, .T. );
#3616=VECTOR ( 'NONE', #1897, 1000.000000000000000 );
#3617=CARTESIAN_POINT ( 'NONE',  ( 3.149999999868749345, 7.724940478959219092E-15, -2.200000000000000178 ) );
#3618=ORIENTED_EDGE ( 'NONE', *, *, #4731, .T. );
#3619=ORIENTED_EDGE ( 'NONE', *, *, #421, .T. );
#3620=CARTESIAN_POINT ( 'NONE',  ( 1.400000000065625194, 0.7999999999999966027, 0.9500000000000000666 ) );
#3621=EDGE_CURVE ( 'NONE', #3293, #830, #1007, .T. );
#3622=ORIENTED_EDGE ( 'NONE', *, *, #4411, .F. );
#3623=LINE ( 'NONE', #21, #5 );
#3624=PLANE ( 'NONE',  #1990 );
#3625=EDGE_LOOP ( 'NONE', ( #474, #3217, #1729, #626 ) );
#3626=AXIS2_PLACEMENT_3D ( 'NONE', #199, #187, #295 );
#3627=EDGE_CURVE ( 'NONE', #3291, #2916, #790, .T. );
#3628=PLANE ( 'NONE',  #5027 );
#3629=AXIS2_PLACEMENT_3D ( 'NONE', #1790, #2259, #3227 );
#3630=VERTEX_POINT ( 'NONE', #4744 );
#3631=ORIENTED_EDGE ( 'NONE', *, *, #477, .T. );
#3632=PRESENTATION_LAYER_ASSIGNMENT (  '', '', ( #492 ) );
#3633=FACE_OUTER_BOUND ( 'NONE', #339, .T. );
#3634=STYLED_ITEM ( 'NONE', ( #108 ), #3524 );
#3635=FACE_OUTER_BOUND ( 'NONE', #3413, .T. );
#3636=VERTEX_POINT ( 'NONE', #3717 );
#3637=ORIENTED_EDGE ( 'NONE', *, *, #747, .F. );
#3638=( GEOMETRIC_REPRESENTATION_CONTEXT ( 3 ) GLOBAL_UNCERTAINTY_ASSIGNED_CONTEXT ( ( #73 ) ) GLOBAL_UNIT_ASSIGNED_CONTEXT ( ( #54, #16, #61 ) ) REPRESENTATION_CONTEXT ( 'NONE', 'WORKASPACE' ) );
#3639=CARTESIAN_POINT ( 'NONE',  ( 3.149999999999999911, 0.7000000000156277880, -0.7499999999999950040 ) );
#3640=LINE ( 'NONE', #1256, #1210 );
#3641=CARTESIAN_POINT ( 'NONE',  ( 1.400000000001015987, 0.1000000000468686256, 1.609999999906250645 ) );
#3642=DIRECTION ( 'NONE',  ( -0.7071067810362893225, 3.066586834095050894E-15, -0.7071067813368057120 ) );
#3643=AXIS2_PLACEMENT_3D ( 'NONE', #3757, #772, #3909 );
#3644=ORIENTED_EDGE ( 'NONE', *, *, #1003, .F. );
#3645=EDGE_CURVE ( 'NONE', #4818, #762, #2252, .T. );
#3646=LINE ( 'NONE', #459, #503 );
#3647=ORIENTED_EDGE ( 'NONE', *, *, #497, .T. );
#3648=CARTESIAN_POINT ( 'NONE',  ( 2.015766735865546888, 1.200000000000003730, -1.118366903321280637 ) );
#3649=EDGE_CURVE ( 'NONE', #3739, #2289, #1103, .T. );
#3650=ORIENTED_EDGE ( 'NONE', *, *, #785, .T. );
#3651=PRESENTATION_LAYER_ASSIGNMENT (  '', '', ( #2310 ) );
#3652=ORIENTED_EDGE ( 'NONE', *, *, #2132, .F. );
#3653=PRESENTATION_LAYER_ASSIGNMENT (  '', '', ( #769 ) );
#3654=VERTEX_POINT ( 'NONE', #3747 );
#3655=FACE_OUTER_BOUND ( 'NONE', #112, .T. );
#3656=ORIENTED_EDGE ( 'NONE', *, *, #4131, .F. );
#3657=EDGE_CURVE ( 'NONE', #3829, #2001, #2972, .T. );
#3658=CARTESIAN_POINT ( 'NONE',  ( 1.430100000000000593, 0.000000000000000000, 0.000000000000000000 ) );
#3659=( GEOMETRIC_REPRESENTATION_CONTEXT ( 3 ) GLOBAL_UNCERTAINTY_ASSIGNED_CONTEXT ( ( #73 ) ) GLOBAL_UNIT_ASSIGNED_CONTEXT ( ( #54, #16, #61 ) ) REPRESENTATION_CONTEXT ( 'NONE', 'WORKASPACE' ) );
#3660=CARTESIAN_POINT ( 'NONE',  ( 3.149999999971537346, 1.300000000064865713, -0.8000000000036094905 ) );
#3661=PRESENTATION_LAYER_ASSIGNMENT (  '', '', ( #2235 ) );
#3662=ORIENTED_EDGE ( 'NONE', *, *, #4940, .F. );
#3663=LINE ( 'NONE', #4359, #658 );
#3664=STYLED_ITEM ( 'NONE', ( #40 ), #721 );
#3665=FACE_OUTER_BOUND ( 'NONE', #2061, .T. );
#3666=EDGE_CURVE ( 'NONE', #3004, #1551, #2997, .T. );
#3667=PLANE ( 'NONE',  #2275 );
#3668=VERTEX_POINT ( 'NONE', #1223 );
#3669=PLANE ( 'NONE',  #1633 );
#3670=VECTOR ( 'NONE', #3473, 1000.000000000000000 );
#3671=ORIENTED_EDGE ( 'NONE', *, *, #2407, .T. );
#3672=LINE ( 'NONE', #1460, #65 );
#3673=PRESENTATION_LAYER_ASSIGNMENT (  '', '', ( #795 ) );
#3674=VECTOR ( 'NONE', #2475, 1000.000000000000000 );
#3675=ORIENTED_EDGE ( 'NONE', *, *, #4120, .F. );
#3676=VERTEX_POINT ( 'NONE', #4830 );
#3677=PRESENTATION_LAYER_ASSIGNMENT (  '', '', ( #2962 ) );
#3678=EDGE_CURVE ( 'NONE', #3585, #2713, #184, .T. );
#3679=VERTEX_POINT ( 'NONE', #1455 );
#3680=EDGE_CURVE ( 'NONE', #3458, #1625, #4451, .T. );
#3681=ORIENTED_EDGE ( 'NONE', *, *, #5074, .T. );
#3682=FACE_OUTER_BOUND ( 'NONE', #198, .T. );
#3683=VERTEX_POINT ( 'NONE', #1867 );
#3684=EDGE_CURVE ( 'NONE', #4470, #3636, #3395, .T. );
#3685=ORIENTED_EDGE ( 'NONE', *, *, #1488, .T. );
#3686=CARTESIAN_POINT ( 'NONE',  ( -2.749999999952186691, 1.199999999989840749, 0.9000000000440673276 ) );
#3687=ORIENTED_EDGE ( 'NONE', *, *, #2200, .T. );
#3688=MECHANICAL_DESIGN_GEOMETRIC_PRESENTATION_REPRESENTATION (  '', ( #3063 ), #4279 );
#3689=EDGE_CURVE ( 'NONE', #3460, #4391, #2549, .T. );
#3690=MECHANICAL_DESIGN_GEOMETRIC_PRESENTATION_REPRESENTATION (  '', ( #2182 ), #550 );
#3691=LINE ( 'NONE', #3372, #260 );
#3692=CARTESIAN_POINT ( 'NONE',  ( -3.150000000000000355, 0.7000000000468794559, -1.299999999999995159 ) );
#3693=VERTEX_POINT ( 'NONE', #2276 );
#3694=ADVANCED_FACE ( 'NONE', ( #1431 ), #2948, .T. );
#3695=CARTESIAN_POINT ( 'NONE',  ( 3.149999999999999911, 1.400000000000002576, -0.7499999999999976685 ) );
#3696=MECHANICAL_DESIGN_GEOMETRIC_PRESENTATION_REPRESENTATION (  '', ( #1692 ), #2105 );
#3697=LINE ( 'NONE', #2584, #401 );
#3698=ORIENTED_EDGE ( 'NONE', *, *, #4870, .F. );
#3699=ORIENTED_EDGE ( 'NONE', *, *, #793, .F. );
#3700=VERTEX_POINT ( 'NONE', #275 );
#3701=ADVANCED_FACE ( 'NONE', ( #4198 ), #3130, .F. );
#3702=VERTEX_POINT ( 'NONE', #3077 );
#3703=LINE ( 'NONE', #2209, #343 );
#3704=ORIENTED_EDGE ( 'NONE', *, *, #992, .F. );
#3705=ADVANCED_FACE ( 'NONE', ( #4601 ), #1535, .F. );
#3706=AXIS2_PLACEMENT_3D ( 'NONE', #1524, #187, #295 );
#3707=VECTOR ( 'NONE', #2088, 1000.000000000000000 );
#3708=EDGE_CURVE ( 'NONE', #1668, #2882, #2766, .T. );
#3709=LINE ( 'NONE', #1808, #5 );
#3710=DIRECTION ( 'NONE',  ( -5.859570641335241698E-12, -1.000000000000000000, 0.000000000000000000 ) );
#3711=ORIENTED_EDGE ( 'NONE', *, *, #516, .T. );
#3712=EDGE_CURVE ( 'NONE', #3502, #701, #1512, .T. );
#3713=CARTESIAN_POINT ( 'NONE',  ( 2.049999999549999785, 0.1499999999937562667, -1.300099999999999811 ) );
#3714=PRESENTATION_LAYER_ASSIGNMENT (  '', '', ( #3634 ) );
#3715=MECHANICAL_DESIGN_GEOMETRIC_PRESENTATION_REPRESENTATION (  '', ( #3798 ), #3947 );
#3716=CARTESIAN_POINT ( 'NONE',  ( 3.850000000000000089, 0.2000000000000046740, -1.299999999999999822 ) );
#3717=CARTESIAN_POINT ( 'NONE',  ( 1.430000000000000382, 1.199999999995837285, -1.099999999916662086 ) );
#3718=MECHANICAL_DESIGN_GEOMETRIC_PRESENTATION_REPRESENTATION (  '', ( #310 ), #3175 );
#3719=EDGE_CURVE ( 'NONE', #4227, #3418, #2538, .T. );
#3720=LINE ( 'NONE', #3000, #266 );
#3721=VERTEX_POINT ( 'NONE', #1353 );
#3722=LINE ( 'NONE', #4780, #266 );
#3723=PRESENTATION_LAYER_ASSIGNMENT (  '', '', ( #1292 ) );
#3724=CYLINDRICAL_SURFACE ( 'NONE', #1826, 0.2500000000000002220 );
#3725=LINE ( 'NONE', #568, #3616 );
#3726=ADVANCED_FACE ( 'NONE', ( #1750 ), #4032, .F. );
#3727=VERTEX_POINT ( 'NONE', #4791 );
#3728=VERTEX_POINT ( 'NONE', #43 );
#3729=CIRCLE ( 'NONE', #2780, 0.2500000000000001110 );
#3730=( GEOMETRIC_REPRESENTATION_CONTEXT ( 3 ) GLOBAL_UNCERTAINTY_ASSIGNED_CONTEXT ( ( #73 ) ) GLOBAL_UNIT_ASSIGNED_CONTEXT ( ( #54, #16, #61 ) ) REPRESENTATION_CONTEXT ( 'NONE', 'WORKASPACE' ) );
#3731=PLANE ( 'NONE',  #4689 );
#3732=ORIENTED_EDGE ( 'NONE', *, *, #588, .T. );
#3733=ORIENTED_EDGE ( 'NONE', *, *, #1818, .F. );
#3734=LINE ( 'NONE', #1499, #65 );
#3735=FACE_OUTER_BOUND ( 'NONE', #1002, .T. );
#3736=ORIENTED_EDGE ( 'NONE', *, *, #1361, .F. );
#3737=LINE ( 'NONE', #146, #89 );
#3738=STYLED_ITEM ( 'NONE', ( #40 ), #125 );
#3739=VERTEX_POINT ( 'NONE', #4734 );
#3740=PRESENTATION_LAYER_ASSIGNMENT (  '', '', ( #5026 ) );
#3741=ORIENTED_EDGE ( 'NONE', *, *, #350, .F. );
#3742=CARTESIAN_POINT ( 'NONE',  ( -1.196026316928586519, 9.077856738884378858E-16, -0.2599999999999996203 ) );
#3743=PLANE ( 'NONE',  #48 );
#3744=DIRECTION ( 'NONE',  ( -0.7071067811865430208, -2.468851561040459008E-15, 0.7071067811865521247 ) );
#3745=CARTESIAN_POINT ( 'NONE',  ( -2.849999999981250198, 1.399999999999997691, 0.8000000000062551520 ) );
#3746=EDGE_CURVE ( 'NONE', #2908, #3238, #1998, .T. );
#3747=CARTESIAN_POINT ( 'NONE',  ( 3.350000000000000533, 0.8999999999999960254, 0.8000000000078163476 ) );
#3748=( GEOMETRIC_REPRESENTATION_CONTEXT ( 3 ) GLOBAL_UNCERTAINTY_ASSIGNED_CONTEXT ( ( #73 ) ) GLOBAL_UNIT_ASSIGNED_CONTEXT ( ( #54, #16, #61 ) ) REPRESENTATION_CONTEXT ( 'NONE', 'WORKASPACE' ) );
#3749=VERTEX_POINT ( 'NONE', #2564 );
#3750=CARTESIAN_POINT ( 'NONE',  ( 0.9499999999093753367, 0.1499999999843796561, -1.300099999999999811 ) );
#3751=CARTESIAN_POINT ( 'NONE',  ( -0.9299999999999998268, 1.400000000000004574, -1.299999999999995159 ) );
#3752=LINE ( 'NONE', #2661, #2039 );
#3753=VERTEX_POINT ( 'NONE', #522 );
#3754=ORIENTED_EDGE ( 'NONE', *, *, #2353, .F. );
#3755=PRESENTATION_LAYER_ASSIGNMENT (  '', '', ( #2481 ) );
#3756=EDGE_CURVE ( 'NONE', #5090, #2016, #4822, .T. );
#3757=CARTESIAN_POINT ( 'NONE',  ( -3.399999999999999911, 0.2500000000333288397, -0.8999999999999993561 ) );
#3758=ORIENTED_EDGE ( 'NONE', *, *, #4085, .T. );
#3759=CARTESIAN_POINT ( 'NONE',  ( -3.400000000000000355, 0.2000000000333287398, 1.299900000000000055 ) );
#3760=STYLED_ITEM ( 'NONE', ( #40 ), #1234 );
#3761=VERTEX_POINT ( 'NONE', #2961 );
#3762=MECHANICAL_DESIGN_GEOMETRIC_PRESENTATION_REPRESENTATION (  '', ( #4969 ), #4345 );
#3763=LINE ( 'NONE', #1221, #147 );
#3764=ORIENTED_EDGE ( 'NONE', *, *, #1259, .F. );
#3765=ORIENTED_EDGE ( 'NONE', *, *, #3464, .T. );
#3766=FACE_OUTER_BOUND ( 'NONE', #1655, .T. );
#3767=CARTESIAN_POINT ( 'NONE',  ( 1.400000000047344484, 1.199999999999991074, 2.599999999934376138 ) );
#3768=CARTESIAN_POINT ( 'NONE',  ( -1.430000000000000604, 1.199999999999995959, 1.100000000000004086 ) );
#3769=EDGE_CURVE ( 'NONE', #4081, #405, #2872, .T. );
#3770=LINE ( 'NONE', #4453, #136 );
#3771=ORIENTED_EDGE ( 'NONE', *, *, #3345, .F. );
#3772=CARTESIAN_POINT ( 'NONE',  ( 3.149999999999999911, 1.199999999940622120, 1.300000000000005151 ) );
#3773=ADVANCED_FACE ( 'NONE', ( #3682 ), #2781, .F. );
#3774=LINE ( 'NONE', #3548, #2807 );
#3775=CARTESIAN_POINT ( 'NONE',  ( 1.430000000111705916, 1.399999999999995470, 1.299999999965367969 ) );
#3776=FACE_OUTER_BOUND ( 'NONE', #4139, .T. );
#3777=STYLED_ITEM ( 'NONE', ( #40 ), #3954 );
#3778=VERTEX_POINT ( 'NONE', #3094 );
#3779=ADVANCED_FACE ( 'NONE', ( #2697 ), #3411, .F. );
#3780=CARTESIAN_POINT ( 'NONE',  ( -3.050000000000000266, 1.100000000000002531, -0.7499999993999960646 ) );
#3781=AXIS2_PLACEMENT_3D ( 'NONE', #365, #52, #214 );
#3782=EDGE_LOOP ( 'NONE', ( #1610, #1961, #3935, #3029 ) );
#3783=EDGE_LOOP ( 'NONE', ( #2951, #425, #4021, #2724 ) );
#3784=LINE ( 'NONE', #3382, #2284 );
#3785=ORIENTED_EDGE ( 'NONE', *, *, #4074, .T. );
#3786=EDGE_CURVE ( 'NONE', #819, #3146, #1526, .T. );
#3787=ORIENTED_EDGE ( 'NONE', *, *, #4880, .T. );
#3788=EDGE_CURVE ( 'NONE', #2155, #2418, #3734, .T. );
#3789=VERTEX_POINT ( 'NONE', #1523 );
#3790=CARTESIAN_POINT ( 'NONE',  ( 3.850000000000000089, 0.1999999999999970690, 0.9000000000000010214 ) );
#3791=CARTESIAN_POINT ( 'NONE',  ( -3.149999999912500570, 1.399999999999997691, 0.8000000000000051514 ) );
#3792=LINE ( 'NONE', #672, #5 );
#3793=CARTESIAN_POINT ( 'NONE',  ( -3.350000000000000089, 0.2000000000000046740, -1.299999999999999822 ) );
#3794=( GEOMETRIC_REPRESENTATION_CONTEXT ( 3 ) GLOBAL_UNCERTAINTY_ASSIGNED_CONTEXT ( ( #73 ) ) GLOBAL_UNIT_ASSIGNED_CONTEXT ( ( #54, #16, #61 ) ) REPRESENTATION_CONTEXT ( 'NONE', 'WORKASPACE' ) );
#3795=LINE ( 'NONE', #2308, #4005 );
#3796=FACE_OUTER_BOUND ( 'NONE', #1907, .T. );
#3797=ORIENTED_EDGE ( 'NONE', *, *, #4622, .F. );
#3798=STYLED_ITEM ( 'NONE', ( #40 ), #4705 );
#3799=CARTESIAN_POINT ( 'NONE',  ( 3.350000000000000089, 1.099999999999995204, -0.7499999999999963363 ) );
#3800=PLANE ( 'NONE',  #1415 );
#3801=CARTESIAN_POINT ( 'NONE',  ( -3.850000000000000533, 0.2000000000477367701, -1.299999999999999822 ) );
#3802=ORIENTED_EDGE ( 'NONE', *, *, #2989, .F. );
#3803=ADVANCED_FACE ( 'NONE', ( #1444 ), #4866, .F. );
#3804=CARTESIAN_POINT ( 'NONE',  ( -3.349999999971360776, 0.9000000000572833114, -1.249999999999996003 ) );
#3805=PRESENTATION_LAYER_ASSIGNMENT (  '', '', ( #1807 ) );
#3806=ADVANCED_FACE ( 'NONE', ( #2668 ), #652, .F. );
#3807=ORIENTED_EDGE ( 'NONE', *, *, #4428, .F. );
#3808=( GEOMETRIC_REPRESENTATION_CONTEXT ( 3 ) GLOBAL_UNCERTAINTY_ASSIGNED_CONTEXT ( ( #73 ) ) GLOBAL_UNIT_ASSIGNED_CONTEXT ( ( #54, #16, #61 ) ) REPRESENTATION_CONTEXT ( 'NONE', 'WORKASPACE' ) );
#3809=FACE_OUTER_BOUND ( 'NONE', #1133, .T. );
#3810=VECTOR ( 'NONE', #1575, 1000.000000000000000 );
#3811=VERTEX_POINT ( 'NONE', #2473 );
#3812=PLANE ( 'NONE',  #4267 );
#3813=EDGE_LOOP ( 'NONE', ( #689, #3562, #2463, #2453, #1237, #4602, #4143, #3576 ) );
#3814=LINE ( 'NONE', #4169, #11 );
#3815=VECTOR ( 'NONE', #698, 1000.000000000000000 );
#3816=ORIENTED_EDGE ( 'NONE', *, *, #1783, .F. );
#3817=DIRECTION ( 'NONE',  ( -0.7071067811865514585, 0.000000000000000000, 0.7071067811865435759 ) );
#3818=EDGE_CURVE ( 'NONE', #3010, #4836, #3895, .T. );
#3819=FACE_OUTER_BOUND ( 'NONE', #1433, .T. );
#3820=CIRCLE ( 'NONE', #1728, 0.05000000000000005135 );
#3821=ORIENTED_EDGE ( 'NONE', *, *, #1164, .T. );
#3822=LINE ( 'NONE', #1536, #2286 );
#3823=LINE ( 'NONE', #1537, #266 );
#3824=VERTEX_POINT ( 'NONE', #4549 );
#3825=EDGE_CURVE ( 'NONE', #1727, #1899, #735, .T. );
#3826=PLANE ( 'NONE',  #2714 );
#3827=CARTESIAN_POINT ( 'NONE',  ( -2.720000000000000639, 1.399999999999997469, 0.7500000000000041078 ) );
#3828=VERTEX_POINT ( 'NONE', #3851 );
#3829=VERTEX_POINT ( 'NONE', #3026 );
#3830=ORIENTED_EDGE ( 'NONE', *, *, #1688, .F. );
#3831=ADVANCED_FACE ( 'NONE', ( #2410, #2359, #1975, #2737 ), #1160, .T. );
#3832=ORIENTED_EDGE ( 'NONE', *, *, #4637, .T. );
#3833=LINE ( 'NONE', #3069, #266 );
#3834=EDGE_CURVE ( 'NONE', #2919, #5016, #2763, .T. );
#3835=ORIENTED_EDGE ( 'NONE', *, *, #2732, .T. );
#3836=LINE ( 'NONE', #1953, #136 );
#3837=ORIENTED_EDGE ( 'NONE', *, *, #1096, .T. );
#3838=( GEOMETRIC_REPRESENTATION_CONTEXT ( 3 ) GLOBAL_UNCERTAINTY_ASSIGNED_CONTEXT ( ( #73 ) ) GLOBAL_UNIT_ASSIGNED_CONTEXT ( ( #54, #16, #61 ) ) REPRESENTATION_CONTEXT ( 'NONE', 'WORKASPACE' ) );
#3839=PLANE ( 'NONE',  #2729 );
#3840=ADVANCED_FACE ( 'NONE', ( #715 ), #2326, .T. );
#3841=CARTESIAN_POINT ( 'NONE',  ( 3.149999999947968643, 0.6500000000000027978, -0.7499999999999976685 ) );
#3842=VERTEX_POINT ( 'NONE', #2573 );
#3843=LINE ( 'NONE', #305, #260 );
#3844=AXIS2_PLACEMENT_3D ( 'NONE', #1808, #187, #295 );
#3845=LINE ( 'NONE', #4225, #136 );
#3846=ADVANCED_FACE ( 'NONE', ( #4727 ), #96, .T. );
#3847=ORIENTED_EDGE ( 'NONE', *, *, #4328, .T. );
#3848=CARTESIAN_POINT ( 'NONE',  ( -0.9299999999999998268, 1.199999999972995557, 1.099999999983337862 ) );
#3849=VERTEX_POINT ( 'NONE', #1379 );
#3850=EDGE_LOOP ( 'NONE', ( #2358, #1452, #3647, #4439 ) );
#3851=CARTESIAN_POINT ( 'NONE',  ( -3.349999999999999645, 0.2500000000333291728, -1.299999999999999378 ) );
#3852=ORIENTED_EDGE ( 'NONE', *, *, #1533, .T. );
#3853=ADVANCED_FACE ( 'NONE', ( #2530 ), #432, .F. );
#3854=FACE_OUTER_BOUND ( 'NONE', #1266, .T. );
#3855=ORIENTED_EDGE ( 'NONE', *, *, #1909, .F. );
#3856=LINE ( 'NONE', #3389, #401 );
#3857=PLANE ( 'NONE',  #2030 );
#3858=EDGE_LOOP ( 'NONE', ( #3308, #4487, #2898, #1449 ) );
#3859=ADVANCED_FACE ( 'NONE', ( #2180 ), #2081, .F. );
#3860=CIRCLE ( 'NONE', #3081, 0.2500000000000001110 );
#3861=EDGE_CURVE ( 'NONE', #4255, #4230, #1050, .T. );
#3862=FACE_OUTER_BOUND ( 'NONE', #3259, .T. );
#3863=LINE ( 'NONE', #4989, #470 );
#3864=CARTESIAN_POINT ( 'NONE',  ( -3.050000000000000266, 1.400000000000002576, -0.7499999994666616265 ) );
#3865=ORIENTED_EDGE ( 'NONE', *, *, #2323, .T. );
#3866=CARTESIAN_POINT ( 'NONE',  ( 1.430000001833333201, 1.400000000000004574, -1.299999999431519893 ) );
#3867=( GEOMETRIC_REPRESENTATION_CONTEXT ( 3 ) GLOBAL_UNCERTAINTY_ASSIGNED_CONTEXT ( ( #73 ) ) GLOBAL_UNIT_ASSIGNED_CONTEXT ( ( #54, #16, #61 ) ) REPRESENTATION_CONTEXT ( 'NONE', 'WORKASPACE' ) );
#3868=EDGE_CURVE ( 'NONE', #709, #1585, #596, .T. );
#3869=VECTOR ( 'NONE', #2218, 1000.000000000000000 );
#3870=LINE ( 'NONE', #4997, #11 );
#3871=ORIENTED_EDGE ( 'NONE', *, *, #1446, .T. );
#3872=CARTESIAN_POINT ( 'NONE',  ( -1.430000000154348028, 1.200000000000004396, -1.299999999999995604 ) );
#3873=ORIENTED_EDGE ( 'NONE', *, *, #1448, .F. );
#3874=EDGE_LOOP ( 'NONE', ( #1653, #1189, #4463, #2981 ) );
#3875=MECHANICAL_DESIGN_GEOMETRIC_PRESENTATION_REPRESENTATION (  '', ( #3252 ), #4854 );
#3876=VERTEX_POINT ( 'NONE', #640 );
#3877=AXIS2_PLACEMENT_3D ( 'NONE', #18, #122, #1765 );
#3878=CARTESIAN_POINT ( 'NONE',  ( 2.200000000000000178, -2.653527354443130891E-15, 0.7600000000000000089 ) );
#3879=VERTEX_POINT ( 'NONE', #646 );
#3880=LINE ( 'NONE', #2769, #2922 );
#3881=VERTEX_POINT ( 'NONE', #3432 );
#3882=CARTESIAN_POINT ( 'NONE',  ( 1.430000000434547225, 1.200000000000004396, -1.299999999925572247 ) );
#3883=CARTESIAN_POINT ( 'NONE',  ( 1.430000000000000604, 1.200000000000003730, -1.099999999999995426 ) );
#3884=LINE ( 'NONE', #3131, #2444 );
#3885=CARTESIAN_POINT ( 'NONE',  ( 3.149999999999999911, 1.399999999999995470, 1.300000000000005151 ) );
#3886=ADVANCED_FACE ( 'NONE', ( #1464 ), #1077, .F. );
#3887=ORIENTED_EDGE ( 'NONE', *, *, #4741, .T. );
#3888=LINE ( 'NONE', #1713, #401 );
#3889=EDGE_CURVE ( 'NONE', #98, #2890, #2687, .T. );
#3890=CARTESIAN_POINT ( 'NONE',  ( -3.150000000000000355, 1.300000000000004263, -1.249999999999996003 ) );
#3891=EDGE_LOOP ( 'NONE', ( #2963, #2234, #616, #4354 ) );
#3892=ORIENTED_EDGE ( 'NONE', *, *, #2839, .F. );
#3893=( GEOMETRIC_REPRESENTATION_CONTEXT ( 3 ) GLOBAL_UNCERTAINTY_ASSIGNED_CONTEXT ( ( #73 ) ) GLOBAL_UNIT_ASSIGNED_CONTEXT ( ( #54, #16, #61 ) ) REPRESENTATION_CONTEXT ( 'NONE', 'WORKASPACE' ) );
#3894=ORIENTED_EDGE ( 'NONE', *, *, #2983, .F. );
#3895=LINE ( 'NONE', #1578, #260 );
#3896=VECTOR ( 'NONE', #218, 1000.000000000000000 );
#3897=PLANE ( 'NONE',  #2764 );
#3898=EDGE_LOOP ( 'NONE', ( #3816, #4244, #1754, #5044, #1719 ) );
#3899=EDGE_CURVE ( 'NONE', #162, #2826, #3355, .T. );
#3900=( GEOMETRIC_REPRESENTATION_CONTEXT ( 3 ) GLOBAL_UNCERTAINTY_ASSIGNED_CONTEXT ( ( #73 ) ) GLOBAL_UNIT_ASSIGNED_CONTEXT ( ( #54, #16, #61 ) ) REPRESENTATION_CONTEXT ( 'NONE', 'WORKASPACE' ) );
#3901=CARTESIAN_POINT ( 'NONE',  ( -3.150000000000000355, 1.199999999989846522, -0.8000000000223399521 ) );
#3902=EDGE_LOOP ( 'NONE', ( #1242, #3802, #2433, #2345 ) );
#3903=FACE_OUTER_BOUND ( 'NONE', #1781, .T. );
#3904=STYLED_ITEM ( 'NONE', ( #683 ), #767 );
#3905=ORIENTED_EDGE ( 'NONE', *, *, #1406, .T. );
#3906=EDGE_CURVE ( 'NONE', #563, #5067, #2660, .T. );
#3907=FACE_OUTER_BOUND ( 'NONE', #25, .T. );
#3908=ORIENTED_EDGE ( 'NONE', *, *, #1734, .T. );
#3909=DIRECTION ( 'NONE',  ( 0.000000000000000000, 1.000000000000000000, 3.469446951953612611E-15 ) );
#3910=MECHANICAL_DESIGN_GEOMETRIC_PRESENTATION_REPRESENTATION (  '', ( #2962 ), #3051 );
#3911=ORIENTED_EDGE ( 'NONE', *, *, #4058, .T. );
#3912=VECTOR ( 'NONE', #3550, 1000.000000000000000 );
#3913=EDGE_CURVE ( 'NONE', #2866, #3683, #1408, .T. );
#3914=EDGE_CURVE ( 'NONE', #2011, #4763, #4810, .T. );
#3915=ORIENTED_EDGE ( 'NONE', *, *, #2010, .T. );
#3916=LINE ( 'NONE', #2455, #2076 );
#3917=ORIENTED_EDGE ( 'NONE', *, *, #2060, .F. );
#3918=VERTEX_POINT ( 'NONE', #3452 );
#3919=ADVANCED_FACE ( 'NONE', ( #4932 ), #2424, .F. );
#3920=DIRECTION ( 'NONE',  ( 0.9551363833383934576, 1.060723539006002089E-15, -0.2961663202041270870 ) );
#3921=ORIENTED_EDGE ( 'NONE', *, *, #4884, .F. );
#3922=ORIENTED_EDGE ( 'NONE', *, *, #4054, .T. );
#3923=ADVANCED_FACE ( 'NONE', ( #4584 ), #3303, .T. );
#3924=ORIENTED_EDGE ( 'NONE', *, *, #1818, .T. );
#3925=( GEOMETRIC_REPRESENTATION_CONTEXT ( 3 ) GLOBAL_UNCERTAINTY_ASSIGNED_CONTEXT ( ( #73 ) ) GLOBAL_UNIT_ASSIGNED_CONTEXT ( ( #54, #16, #61 ) ) REPRESENTATION_CONTEXT ( 'NONE', 'WORKASPACE' ) );
#3926=DIRECTION ( 'NONE',  ( 0.000000000000000000, 1.800035815180623820E-10, 1.000000000000000000 ) );
#3927=EDGE_CURVE ( 'NONE', #4250, #3044, #3514, .T. );
#3928=( GEOMETRIC_REPRESENTATION_CONTEXT ( 3 ) GLOBAL_UNCERTAINTY_ASSIGNED_CONTEXT ( ( #73 ) ) GLOBAL_UNIT_ASSIGNED_CONTEXT ( ( #54, #16, #61 ) ) REPRESENTATION_CONTEXT ( 'NONE', 'WORKASPACE' ) );
#3929=ORIENTED_EDGE ( 'NONE', *, *, #4880, .F. );
#3930=ORIENTED_EDGE ( 'NONE', *, *, #4660, .T. );
#3931=FACE_OUTER_BOUND ( 'NONE', #79, .T. );
#3932=LINE ( 'NONE', #669, #2244 );
#3933=CARTESIAN_POINT ( 'NONE',  ( -1.430000000999999799, 1.400000000000003908, -1.099999999999994982 ) );
#3934=DIRECTION ( 'NONE',  ( 4.688032845207021774E-11, -3.491483361109382855E-15, 1.000000000000000000 ) );
#3935=ORIENTED_EDGE ( 'NONE', *, *, #3621, .T. );
#3936=FACE_OUTER_BOUND ( 'NONE', #4211, .T. );
#3937=STYLED_ITEM ( 'NONE', ( #108 ), #4438 );
#3938=VERTEX_POINT ( 'NONE', #2379 );
#3939=EDGE_LOOP ( 'NONE', ( #3038, #727, #3662, #4943 ) );
#3940=STYLED_ITEM ( 'NONE', ( #40 ), #4944 );
#3941=VECTOR ( 'NONE', #3642, 1000.000000000000000 );
#3942=EDGE_CURVE ( 'NONE', #1277, #4783, #3870, .T. );
#3943=ORIENTED_EDGE ( 'NONE', *, *, #639, .T. );
#3944=CARTESIAN_POINT ( 'NONE',  ( -0.9299999999878904022, 1.200000000000004396, -1.299999999999995826 ) );
#3945=( GEOMETRIC_REPRESENTATION_CONTEXT ( 3 ) GLOBAL_UNCERTAINTY_ASSIGNED_CONTEXT ( ( #73 ) ) GLOBAL_UNIT_ASSIGNED_CONTEXT ( ( #54, #16, #61 ) ) REPRESENTATION_CONTEXT ( 'NONE', 'WORKASPACE' ) );
#3946=ADVANCED_FACE ( 'NONE', ( #4540 ), #2781, .F. );
#3947=( GEOMETRIC_REPRESENTATION_CONTEXT ( 3 ) GLOBAL_UNCERTAINTY_ASSIGNED_CONTEXT ( ( #73 ) ) GLOBAL_UNIT_ASSIGNED_CONTEXT ( ( #54, #16, #61 ) ) REPRESENTATION_CONTEXT ( 'NONE', 'WORKASPACE' ) );
#3948=ORIENTED_EDGE ( 'NONE', *, *, #3927, .T. );
#3949=ORIENTED_EDGE ( 'NONE', *, *, #1331, .F. );
#3950=AXIS2_PLACEMENT_3D ( 'NONE', #1808, #214, #45 );
#3951=VERTEX_POINT ( 'NONE', #482 );
#3952=LINE ( 'NONE', #3180, #658 );
#3953=PRESENTATION_LAYER_ASSIGNMENT (  '', '', ( #4458 ) );
#3954=ADVANCED_FACE ( 'NONE', ( #1370 ), #1823, .F. );
#3955=AXIS2_PLACEMENT_3D ( 'NONE', #897, #52, #214 );
#3956=LINE ( 'NONE', #1340, #147 );
#3957=ORIENTED_EDGE ( 'NONE', *, *, #2587, .T. );
#3958=ORIENTED_EDGE ( 'NONE', *, *, #2253, .F. );
#3959=PLANE ( 'NONE',  #1985 );
#3960=ADVANCED_FACE ( 'NONE', ( #4696 ), #922, .F. );
#3961=FACE_OUTER_BOUND ( 'NONE', #2498, .T. );
#3962=EDGE_LOOP ( 'NONE', ( #1467, #156, #5057, #1271 ) );
#3963=( GEOMETRIC_REPRESENTATION_CONTEXT ( 3 ) GLOBAL_UNCERTAINTY_ASSIGNED_CONTEXT ( ( #73 ) ) GLOBAL_UNIT_ASSIGNED_CONTEXT ( ( #54, #16, #61 ) ) REPRESENTATION_CONTEXT ( 'NONE', 'WORKASPACE' ) );
#3964=( GEOMETRIC_REPRESENTATION_CONTEXT ( 3 ) GLOBAL_UNCERTAINTY_ASSIGNED_CONTEXT ( ( #73 ) ) GLOBAL_UNIT_ASSIGNED_CONTEXT ( ( #54, #16, #61 ) ) REPRESENTATION_CONTEXT ( 'NONE', 'WORKASPACE' ) );
#3965=VECTOR ( 'NONE', #4738, 1000.000000000000000 );
#3966=LINE ( 'NONE', #5084, #89 );
#3967=ADVANCED_FACE ( 'NONE', ( #4289 ), #2478, .F. );
#3968=ORIENTED_EDGE ( 'NONE', *, *, #778, .F. );
#3969=LINE ( 'NONE', #441, #3707 );
#3970=MECHANICAL_DESIGN_GEOMETRIC_PRESENTATION_REPRESENTATION (  '', ( #3194 ), #4711 );
#3971=AXIS2_PLACEMENT_3D ( 'NONE', #1844, #241, #302 );
#3972=ORIENTED_EDGE ( 'NONE', *, *, #2029, .F. );
#3973=EDGE_CURVE ( 'NONE', #196, #2828, #3426, .T. );
#3974=PLANE ( 'NONE',  #1225 );
#3975=CARTESIAN_POINT ( 'NONE',  ( -2.749999999949374718, 1.199999999996871569, 1.299999999983038057 ) );
#3976=ORIENTED_EDGE ( 'NONE', *, *, #1182, .T. );
#3977=ORIENTED_EDGE ( 'NONE', *, *, #2389, .T. );
#3978=EDGE_CURVE ( 'NONE', #1057, #1803, #4043, .T. );
#3979=ORIENTED_EDGE ( 'NONE', *, *, #4085, .F. );
#3980=EDGE_CURVE ( 'NONE', #3876, #1289, #1009, .T. );
#3981=ORIENTED_EDGE ( 'NONE', *, *, #1224, .F. );
#3982=LINE ( 'NONE', #3234, #266 );
#3983=ORIENTED_EDGE ( 'NONE', *, *, #4053, .T. );
#3984=EDGE_LOOP ( 'NONE', ( #412, #2928, #631, #2558, #1758, #585 ) );
#3985=ORIENTED_EDGE ( 'NONE', *, *, #3615, .F. );
#3986=ORIENTED_EDGE ( 'NONE', *, *, #877, .F. );
#3987=AXIS2_PLACEMENT_3D ( 'NONE', #4188, #1187, #1137 );
#3988=LINE ( 'NONE', #1304, #23 );
#3989=EDGE_LOOP ( 'NONE', ( #4262, #3958, #1799, #4440 ) );
#3990=AXIS2_PLACEMENT_3D ( 'NONE', #642, #340, #475 );
#3991=ORIENTED_EDGE ( 'NONE', *, *, #3421, .T. );
#3992=LINE ( 'NONE', #3639, #351 );
#3993=EDGE_CURVE ( 'NONE', #4414, #1677, #4879, .T. );
#3994=ADVANCED_FACE ( 'NONE', ( #1070 ), #1820, .F. );
#3995=ORIENTED_EDGE ( 'NONE', *, *, #916, .T. );
#3996=FACE_OUTER_BOUND ( 'NONE', #4329, .T. );
#3997=LINE ( 'NONE', #1264, #65 );
#3998=PLANE ( 'NONE',  #3009 );
#3999=VERTEX_POINT ( 'NONE', #857 );
#4000=CARTESIAN_POINT ( 'NONE',  ( -2.134233263945705783, 1.400000000000003908, -1.118366903642991073 ) );
#4001=ORIENTED_EDGE ( 'NONE', *, *, #5045, .T. );
#4002=ORIENTED_EDGE ( 'NONE', *, *, #2682, .T. );
#4003=EDGE_CURVE ( 'NONE', #3146, #3291, #2278, .T. );
#4004=CIRCLE ( 'NONE', #298, 0.1999999999999987899 );
#4005=VECTOR ( 'NONE', #277, 1000.000000000000000 );
#4006=ORIENTED_EDGE ( 'NONE', *, *, #2371, .T. );
#4007=ORIENTED_EDGE ( 'NONE', *, *, #1605, .F. );
#4008=LINE ( 'NONE', #4330, #65 );
#4009=AXIS2_PLACEMENT_3D ( 'NONE', #3152, #302, #52 );
#4010=ADVANCED_FACE ( 'NONE', ( #3796 ), #1457, .F. );
#4011=DIRECTION ( 'NONE',  ( 4.375478045346057987E-10, 3.491483361109382855E-15, -1.000000000000000000 ) );
#4012=PRESENTATION_LAYER_ASSIGNMENT (  '', '', ( #1553 ) );
#4013=LINE ( 'NONE', #529, #401 );
#4014=PLANE ( 'NONE',  #2044 );
#4015=ADVANCED_FACE ( 'NONE', ( #3862 ), #1959, .F. );
#4016=CIRCLE ( 'NONE', #2710, 0.1999999999999987899 );
#4017=VERTEX_POINT ( 'NONE', #2194 );
#4018=ADVANCED_FACE ( 'NONE', ( #4580 ), #1786, .T. );
#4019=LINE ( 'NONE', #2204, #2228 );
#4020=ORIENTED_EDGE ( 'NONE', *, *, #1138, .F. );
#4021=ORIENTED_EDGE ( 'NONE', *, *, #3914, .T. );
#4022=CARTESIAN_POINT ( 'NONE',  ( 2.850000000000000089, 1.399999999999997691, 0.8000000000000051514 ) );
#4023=ORIENTED_EDGE ( 'NONE', *, *, #2120, .T. );
#4024=PRESENTATION_LAYER_ASSIGNMENT (  '', '', ( #3738 ) );
#4025=ORIENTED_EDGE ( 'NONE', *, *, #975, .F. );
#4026=CARTESIAN_POINT ( 'NONE',  ( 0.3000000000437501591, 0.09999999999999023559, 2.800000000015625101 ) );
#4027=EDGE_CURVE ( 'NONE', #4804, #3238, #748, .T. );
#4028=STYLED_ITEM ( 'NONE', ( #40 ), #2649 );
#4029=CARTESIAN_POINT ( 'NONE',  ( 3.149999999999999911, 0.3017999999999967375, 0.9000000000000010214 ) );
#4030=STYLED_ITEM ( 'NONE', ( #40 ), #410 );
#4031=ORIENTED_EDGE ( 'NONE', *, *, #3245, .F. );
#4032=PLANE ( 'NONE',  #3844 );
#4033=EDGE_CURVE ( 'NONE', #4260, #4102, #248, .T. );
#4034=VERTEX_POINT ( 'NONE', #4971 );
#4035=CARTESIAN_POINT ( 'NONE',  ( 3.149999999999999911, 1.200000000000002398, -0.7499999999999956701 ) );
#4036=STYLED_ITEM ( 'NONE', ( #108 ), #663 );
#4037=ADVANCED_FACE ( 'NONE', ( #1915 ), #3079, .F. );
#4038=LINE ( 'NONE', #438, #260 );
#4039=ORIENTED_EDGE ( 'NONE', *, *, #4202, .F. );
#4040=VERTEX_POINT ( 'NONE', #4834 );
#4041=FACE_OUTER_BOUND ( 'NONE', #893, .T. );
#4042=( GEOMETRIC_REPRESENTATION_CONTEXT ( 3 ) GLOBAL_UNCERTAINTY_ASSIGNED_CONTEXT ( ( #73 ) ) GLOBAL_UNIT_ASSIGNED_CONTEXT ( ( #54, #16, #61 ) ) REPRESENTATION_CONTEXT ( 'NONE', 'WORKASPACE' ) );
#4043=LINE ( 'NONE', #1400, #2672 );
#4044=VERTEX_POINT ( 'NONE', #2328 );
#4045=EDGE_CURVE ( 'NONE', #841, #4783, #3401, .T. );
#4046=MECHANICAL_DESIGN_GEOMETRIC_PRESENTATION_REPRESENTATION (  '', ( #3506 ), #4886 );
#4047=CARTESIAN_POINT ( 'NONE',  ( 3.149999999996874855, 1.399999999999996803, 0.8000000000039112491 ) );
#4048=EDGE_CURVE ( 'NONE', #2949, #3938, #3003, .T. );
#4049=ORIENTED_EDGE ( 'NONE', *, *, #1436, .T. );
#4050=MECHANICAL_DESIGN_GEOMETRIC_PRESENTATION_REPRESENTATION (  '', ( #1673 ), #4413 );
#4051=ORIENTED_EDGE ( 'NONE', *, *, #2407, .F. );
#4052=LINE ( 'NONE', #2185, #1563 );
#4053=EDGE_CURVE ( 'NONE', #3679, #1923, #1272, .T. );
#4054=EDGE_CURVE ( 'NONE', #1087, #5067, #3725, .T. );
#4055=VERTEX_POINT ( 'NONE', #1479 );
#4056=LINE ( 'NONE', #4417, #158 );
#4057=ORIENTED_EDGE ( 'NONE', *, *, #2989, .T. );
#4058=EDGE_CURVE ( 'NONE', #1087, #4088, #132, .T. );
#4059=FACE_OUTER_BOUND ( 'NONE', #876, .T. );
#4060=VERTEX_POINT ( 'NONE', #2582 );
#4061=CARTESIAN_POINT ( 'NONE',  ( -3.850000000000000089, 4.567664470424843937E-15, -1.300000000007812240 ) );
#4062=ADVANCED_FACE ( 'NONE', ( #2229 ), #364, .T. );
#4063=PRESENTATION_LAYER_ASSIGNMENT (  '', '', ( #4356 ) );
#4064=FACE_OUTER_BOUND ( 'NONE', #2139, .T. );
#4065=DIRECTION ( 'NONE',  ( -1.000000000000000000, 8.287031413537035020E-31, -2.373498755813608300E-16 ) );
#4066=ORIENTED_EDGE ( 'NONE', *, *, #3708, .T. );
#4067=LINE ( 'NONE', #752, #341 );
#4068=STYLED_ITEM ( 'NONE', ( #193 ), #4010 );
#4069=EDGE_LOOP ( 'NONE', ( #4567, #1135, #3454, #9 ) );
#4070=EDGE_LOOP ( 'NONE', ( #3368, #3797, #3047, #4112, #4841, #104 ) );
#4071=PRESENTATION_LAYER_ASSIGNMENT (  '', '', ( #1780 ) );
#4072=CARTESIAN_POINT ( 'NONE',  ( 2.750000000000000000, 1.399999999999997691, 0.8000000000000051514 ) );
#4073=ORIENTED_EDGE ( 'NONE', *, *, #2383, .F. );
#4074=EDGE_CURVE ( 'NONE', #2242, #2721, #2841, .T. );
#4075=PRESENTATION_LAYER_ASSIGNMENT (  '', '', ( #1701 ) );
#4076=ORIENTED_EDGE ( 'NONE', *, *, #1386, .T. );
#4077=EDGE_CURVE ( 'NONE', #2159, #904, #595, .T. );
#4078=MECHANICAL_DESIGN_GEOMETRIC_PRESENTATION_REPRESENTATION (  '', ( #573 ), #3867 );
#4079=ORIENTED_EDGE ( 'NONE', *, *, #3604, .T. );
#4080=CARTESIAN_POINT ( 'NONE',  ( -3.150000000000000355, 0.7000000000104135145, 0.8000000000083373752 ) );
#4081=VERTEX_POINT ( 'NONE', #3750 );
#4082=CARTESIAN_POINT ( 'NONE',  ( 0.4000000000000006328, 9.077856738884319693E-16, -0.2599999999999978439 ) );
#4083=ORIENTED_EDGE ( 'NONE', *, *, #3409, .T. );
#4084=CARTESIAN_POINT ( 'NONE',  ( -1.430000000000000604, 1.400000000000004574, -1.299999999999995159 ) );
#4085=EDGE_CURVE ( 'NONE', #1057, #1717, #166, .T. );
#4086=CARTESIAN_POINT ( 'NONE',  ( -3.150000000004900436, 1.300000000015321344, 0.8000000000000048184 ) );
#4087=VECTOR ( 'NONE', #4447, 999.9999999999998863 );
#4088=VERTEX_POINT ( 'NONE', #4115 );
#4089=LINE ( 'NONE', #454, #3896 );
#4090=MECHANICAL_DESIGN_GEOMETRIC_PRESENTATION_REPRESENTATION (  '', ( #1643 ), #3563 );
#4091=PRESENTATION_LAYER_ASSIGNMENT (  '', '', ( #315 ) );
#4092=ORIENTED_EDGE ( 'NONE', *, *, #3012, .F. );
#4093=VERTEX_POINT ( 'NONE', #4481 );
#4094=LINE ( 'NONE', #1497, #341 );
#4095=ORIENTED_EDGE ( 'NONE', *, *, #1211, .T. );
#4096=EDGE_LOOP ( 'NONE', ( #3380, #4421, #1302, #4977 ) );
#4097=ORIENTED_EDGE ( 'NONE', *, *, #3110, .F. );
#4098=STYLED_ITEM ( 'NONE', ( #108 ), #252 );
#4099=EDGE_CURVE ( 'NONE', #4368, #4951, #2677, .T. );
#4100=EDGE_LOOP ( 'NONE', ( #4571, #1014, #1690, #1900 ) );
#4101=EDGE_CURVE ( 'NONE', #3587, #1571, #1516, .T. );
#4102=VERTEX_POINT ( 'NONE', #4047 );
#4103=CARTESIAN_POINT ( 'NONE',  ( -3.350000000000000089, 0.2500000000333291728, -0.8999999999999991340 ) );
#4104=LINE ( 'NONE', #3391, #11 );
#4105=PLANE ( 'NONE',  #3408 );
#4106=MECHANICAL_DESIGN_GEOMETRIC_PRESENTATION_REPRESENTATION (  '', ( #1315 ), #2231 );
#4107=PRESENTATION_LAYER_ASSIGNMENT (  '', '', ( #3584 ) );
#4108=LINE ( 'NONE', #2250, #1210 );
#4109=VECTOR ( 'NONE', #4113, 1000.000000000000000 );
#4110=EDGE_CURVE ( 'NONE', #75, #1546, #2179, .T. );
#4111=PRESENTATION_LAYER_ASSIGNMENT (  '', '', ( #1592 ) );
#4112=ORIENTED_EDGE ( 'NONE', *, *, #2526, .F. );
#4113=DIRECTION ( 'NONE',  ( 1.000000000000000000, -3.851859885464276129E-30, 1.084202171553767211E-15 ) );
#4114=( GEOMETRIC_REPRESENTATION_CONTEXT ( 3 ) GLOBAL_UNCERTAINTY_ASSIGNED_CONTEXT ( ( #73 ) ) GLOBAL_UNIT_ASSIGNED_CONTEXT ( ( #54, #16, #61 ) ) REPRESENTATION_CONTEXT ( 'NONE', 'WORKASPACE' ) );
#4115=CARTESIAN_POINT ( 'NONE',  ( -2.134233263780989098, 1.199999999999995959, 1.118366903932093592 ) );
#4116=ADVANCED_FACE ( 'NONE', ( #4064 ), #2971, .F. );
#4117=LINE ( 'NONE', #1407, #1896 );
#4118=ORIENTED_EDGE ( 'NONE', *, *, #2604, .F. );
#4119=PLANE ( 'NONE',  #2448 );
#4120=EDGE_CURVE ( 'NONE', #1015, #1441, #3691, .T. );
#4121=VERTEX_POINT ( 'NONE', #561 );
#4122=ORIENTED_EDGE ( 'NONE', *, *, #3127, .T. );
#4123=ORIENTED_EDGE ( 'NONE', *, *, #899, .T. );
#4124=ORIENTED_EDGE ( 'NONE', *, *, #3980, .T. );
#4125=ORIENTED_EDGE ( 'NONE', *, *, #350, .T. );
#4126=PLANE ( 'NONE',  #442 );
#4127=CARTESIAN_POINT ( 'NONE',  ( 3.149999999999999911, 0.6499999999416713470, -0.7499999999999950040 ) );
#4128=ADVANCED_FACE ( 'NONE', ( #49 ), #3667, .F. );
#4129=ORIENTED_EDGE ( 'NONE', *, *, #972, .F. );
#4130=FACE_OUTER_BOUND ( 'NONE', #1008, .T. );
#4131=EDGE_CURVE ( 'NONE', #4812, #757, #2109, .T. );
#4132=DIRECTION ( 'NONE',  ( 0.9551363835006682068, 1.060723538750876781E-15, -0.2961663196807908793 ) );
#4133=LINE ( 'NONE', #3801, #351 );
#4134=STYLED_ITEM ( 'NONE', ( #108 ), #3919 );
#4135=ORIENTED_EDGE ( 'NONE', *, *, #4077, .T. );
#4136=EDGE_LOOP ( 'NONE', ( #560, #2698, #263, #2966 ) );
#4137=EDGE_CURVE ( 'NONE', #908, #2982, #3330, .T. );
#4138=MECHANICAL_DESIGN_GEOMETRIC_PRESENTATION_REPRESENTATION (  '', ( #1180 ), #912 );
#4139=EDGE_LOOP ( 'NONE', ( #2731, #4720, #4912, #3736, #2927, #3410, #1944, #4581, #377, #1879, #3681, #176, #1372, #490, #4023, #4309, #5093, #2432, #510, #483, #2492, #2074, #4158, #4679, #4213, #3205, #354, #679 ) );
#4140=ORIENTED_EDGE ( 'NONE', *, *, #3018, .F. );
#4141=ORIENTED_EDGE ( 'NONE', *, *, #4673, .F. );
#4142=ADVANCED_FACE ( 'NONE', ( #4041 ), #2624, .T. );
#4143=ORIENTED_EDGE ( 'NONE', *, *, #2699, .T. );
#4144=CARTESIAN_POINT ( 'NONE',  ( -1.430100000000000815, 0.7899999999729954148, 0.9500000000000000666 ) );
#4145=VERTEX_POINT ( 'NONE', #2251 );
#4146=EDGE_CURVE ( 'NONE', #3418, #1395, #1454, .T. );
#4147=MECHANICAL_DESIGN_GEOMETRIC_PRESENTATION_REPRESENTATION (  '', ( #2524 ), #1882 );
#4148=STYLED_ITEM ( 'NONE', ( #108 ), #3479 );
#4149=PLANE ( 'NONE',  #3594 );
#4150=MECHANICAL_DESIGN_GEOMETRIC_PRESENTATION_REPRESENTATION (  '', ( #4373 ), #3794 );
#4151=ORIENTED_EDGE ( 'NONE', *, *, #2212, .T. );
#4152=CARTESIAN_POINT ( 'NONE',  ( -1.349305689560750032, 0.2500000000333291728, 0.8999999999015637631 ) );
#4153=FACE_OUTER_BOUND ( 'NONE', #1144, .T. );
#4154=VERTEX_POINT ( 'NONE', #1066 );
#4155=EDGE_CURVE ( 'NONE', #780, #3293, #4525, .T. );
#4156=LINE ( 'NONE', #2097, #4948 );
#4157=EDGE_CURVE ( 'NONE', #965, #3264, #3792, .T. );
#4158=ORIENTED_EDGE ( 'NONE', *, *, #1995, .T. );
#4159=CARTESIAN_POINT ( 'NONE',  ( 3.149999999974999909, 1.300000000112495835, 1.250000000000004219 ) );
#4160=CARTESIAN_POINT ( 'NONE',  ( 3.149999999999999911, 1.300000000000004263, -1.249999999999996003 ) );
#4161=ORIENTED_EDGE ( 'NONE', *, *, #3719, .T. );
#4162=( GEOMETRIC_REPRESENTATION_CONTEXT ( 3 ) GLOBAL_UNCERTAINTY_ASSIGNED_CONTEXT ( ( #73 ) ) GLOBAL_UNIT_ASSIGNED_CONTEXT ( ( #54, #16, #61 ) ) REPRESENTATION_CONTEXT ( 'NONE', 'WORKASPACE' ) );
#4163=EDGE_CURVE ( 'NONE', #549, #1209, #699, .T. );
#4164=CIRCLE ( 'NONE', #1484, 0.2999999999999999334 );
#4165=EDGE_LOOP ( 'NONE', ( #1193, #2640, #4079, #3505 ) );
#4166=MECHANICAL_DESIGN_GEOMETRIC_PRESENTATION_REPRESENTATION (  '', ( #4553 ), #4778 );
#4167=LINE ( 'NONE', #690, #401 );
#4168=ORIENTED_EDGE ( 'NONE', *, *, #2436, .F. );
#4169=CARTESIAN_POINT ( 'NONE',  ( -3.850000000000000533, 4.582605454397209846E-15, -1.300000000125000055 ) );
#4170=ORIENTED_EDGE ( 'NONE', *, *, #3405, .F. );
#4171=CARTESIAN_POINT ( 'NONE',  ( -3.350000000000000089, 1.099999999971150944, -1.299999999999999822 ) );
#4172=LINE ( 'NONE', #558, #3815 );
#4173=ADVANCED_FACE ( 'NONE', ( #2306 ), #1935, .F. );
#4174=ORIENTED_EDGE ( 'NONE', *, *, #4816, .F. );
#4175=LINE ( 'NONE', #1567, #11 );
#4176=ORIENTED_EDGE ( 'NONE', *, *, #1718, .F. );
#4177=CARTESIAN_POINT ( 'NONE',  ( 3.149999999999999911, 1.200000000000002620, -0.8000000000281206614 ) );
#4178=CARTESIAN_POINT ( 'NONE',  ( 2.134233263800003222, 1.399999999999996136, 1.118366903937989765 ) );
#4179=AXIS2_PLACEMENT_3D ( 'NONE', #4832, #214, #45 );
#4180=CARTESIAN_POINT ( 'NONE',  ( 3.149999999999999911, 1.300000000006629186, -0.7499999999999950040 ) );
#4181=AXIS2_PLACEMENT_3D ( 'NONE', #1366, #950, #1705 );
#4182=EDGE_CURVE ( 'NONE', #1928, #2861, #246, .T. );
#4183=ORIENTED_EDGE ( 'NONE', *, *, #1113, .T. );
#4184=PRESENTATION_LAYER_ASSIGNMENT (  '', '', ( #155 ) );
#4185=CARTESIAN_POINT ( 'NONE',  ( 1.400000000000000133, 0.7999999999171827358, 0.9500000000000000666 ) );
#4186=ORIENTED_EDGE ( 'NONE', *, *, #3861, .F. );
#4187=VERTEX_POINT ( 'NONE', #1497 );
#4188=CARTESIAN_POINT ( 'NONE',  ( 7.335084747893197815E-30, 4.510630185875774896E-15, -1.300100000000000033 ) );
#4189=STYLED_ITEM ( 'NONE', ( #40 ), #1661 );
#4190=STYLED_ITEM ( 'NONE', ( #40 ), #1099 );
#4191=ADVANCED_FACE ( 'NONE', ( #4217 ), #3105, .F. );
#4192=ORIENTED_EDGE ( 'NONE', *, *, #3061, .T. );
#4193=LINE ( 'NONE', #4258, #401 );
#4194=ADVANCED_FACE ( 'NONE', ( #4503 ), #4560, .T. );
#4195=ORIENTED_EDGE ( 'NONE', *, *, #2679, .T. );
#4196=ORIENTED_EDGE ( 'NONE', *, *, #627, .T. );
#4197=EDGE_CURVE ( 'NONE', #4776, #4154, #5068, .T. );
#4198=FACE_OUTER_BOUND ( 'NONE', #1241, .T. );
#4199=CARTESIAN_POINT ( 'NONE',  ( 2.134233263978255302, 1.200000000000003730, -1.118366903743031937 ) );
#4200=LINE ( 'NONE', #2007, #266 );
#4201=ORIENTED_EDGE ( 'NONE', *, *, #3504, .F. );
#4202=EDGE_CURVE ( 'NONE', #2778, #4889, #1636, .T. );
#4203=CARTESIAN_POINT ( 'NONE',  ( 2.719999998833332988, 1.400000000000002576, -0.7499999999999950040 ) );
#4204=ORIENTED_EDGE ( 'NONE', *, *, #4387, .T. );
#4205=MECHANICAL_DESIGN_GEOMETRIC_PRESENTATION_REPRESENTATION (  '', ( #3608 ), #2099 );
#4206=EDGE_LOOP ( 'NONE', ( #2814, #2385, #4653, #2576 ) );
#4207=ORIENTED_EDGE ( 'NONE', *, *, #1682, .F. );
#4208=LINE ( 'NONE', #3312, #4493 );
#4209=MECHANICAL_DESIGN_GEOMETRIC_PRESENTATION_REPRESENTATION (  '', ( #4068 ), #4980 );
#4210=EDGE_CURVE ( 'NONE', #5038, #1277, #4243, .T. );
#4211=EDGE_LOOP ( 'NONE', ( #4935, #2759, #4862, #1938 ) );
#4212=( GEOMETRIC_REPRESENTATION_CONTEXT ( 3 ) GLOBAL_UNCERTAINTY_ASSIGNED_CONTEXT ( ( #73 ) ) GLOBAL_UNIT_ASSIGNED_CONTEXT ( ( #54, #16, #61 ) ) REPRESENTATION_CONTEXT ( 'NONE', 'WORKASPACE' ) );
#4213=ORIENTED_EDGE ( 'NONE', *, *, #4632, .T. );
#4214=ADVANCED_FACE ( 'NONE', ( #2419 ), #4310, .T. );
#4215=CARTESIAN_POINT ( 'NONE',  ( 1.500000000000000000, -0.3000000001520651272, -0.3999999999564371467 ) );
#4216=ORIENTED_EDGE ( 'NONE', *, *, #1531, .T. );
#4217=FACE_OUTER_BOUND ( 'NONE', #3306, .T. );
#4218=VERTEX_POINT ( 'NONE', #1660 );
#4219=VECTOR ( 'NONE', #230, 1000.000000000000000 );
#4220=ORIENTED_EDGE ( 'NONE', *, *, #1639, .T. );
#4221=DIRECTION ( 'NONE',  ( 0.000000000000000000, -0.7071067811865506814, 0.7071067811865443531 ) );
#4222=VECTOR ( 'NONE', #2477, 1000.000000000000000 );
#4223=FACE_OUTER_BOUND ( 'NONE', #1106, .T. );
#4224=EDGE_CURVE ( 'NONE', #2391, #4121, #3204, .T. );
#4225=CARTESIAN_POINT ( 'NONE',  ( -3.150000000000000355, 0.6500000000000025757, -1.299999999999995159 ) );
#4226=CARTESIAN_POINT ( 'NONE',  ( -1.500000000000000000, -1.342383235819478118E-15, 0.4000000000000002998 ) );
#4227=VERTEX_POINT ( 'NONE', #1253 );
#4228=VECTOR ( 'NONE', #115, 999.9999999999998863 );
#4229=FACE_OUTER_BOUND ( 'NONE', #3625, .T. );
#4230=VERTEX_POINT ( 'NONE', #2827 );
#4231=STYLED_ITEM ( 'NONE', ( #40 ), #4838 );
#4232=ORIENTED_EDGE ( 'NONE', *, *, #3269, .F. );
#4233=MECHANICAL_DESIGN_GEOMETRIC_PRESENTATION_REPRESENTATION (  '', ( #4452 ), #3172 );
#4234=ORIENTED_EDGE ( 'NONE', *, *, #3689, .F. );
#4235=FACE_OUTER_BOUND ( 'NONE', #1560, .T. );
#4236=CARTESIAN_POINT ( 'NONE',  ( -1.500000000000000000, -0.5000000000450179893, -0.2000000000634864217 ) );
#4237=ORIENTED_EDGE ( 'NONE', *, *, #4850, .T. );
#4238=VERTEX_POINT ( 'NONE', #712 );
#4239=EDGE_CURVE ( 'NONE', #2309, #2339, #3860, .T. );
#4240=DIRECTION ( 'NONE',  ( 8.659560563585505334E-17, 0.7071067810860657277, -0.7071067812870293068 ) );
#4241=AXIS2_PLACEMENT_3D ( 'NONE', #3354, #302, #95 );
#4242=EDGE_CURVE ( 'NONE', #1015, #4260, #1276, .T. );
#4243=LINE ( 'NONE', #2822, #744 );
#4244=ORIENTED_EDGE ( 'NONE', *, *, #1715, .F. );
#4245=STYLED_ITEM ( 'NONE', ( #108 ), #2684 );
#4246=MECHANICAL_DESIGN_GEOMETRIC_PRESENTATION_REPRESENTATION (  '', ( #4030 ), #5030 );
#4247=EDGE_CURVE ( 'NONE', #908, #3228, #865, .T. );
#4248=MECHANICAL_DESIGN_GEOMETRIC_PRESENTATION_REPRESENTATION (  '', ( #4398 ), #2873 );
#4249=CARTESIAN_POINT ( 'NONE',  ( -2.749999999906561854, 1.199999999984378674, -0.9000000001634330671 ) );
#4250=VERTEX_POINT ( 'NONE', #1428 );
#4251=CARTESIAN_POINT ( 'NONE',  ( 2.750000000000000000, 1.399999999999997025, 0.9000000000000049072 ) );
#4252=EDGE_CURVE ( 'NONE', #3693, #3753, #776, .T. );
#4253=ORIENTED_EDGE ( 'NONE', *, *, #2555, .F. );
#4254=MECHANICAL_DESIGN_GEOMETRIC_PRESENTATION_REPRESENTATION (  '', ( #1741 ), #1501 );
#4255=VERTEX_POINT ( 'NONE', #1703 );
#4256=ORIENTED_EDGE ( 'NONE', *, *, #1797, .F. );
#4257=AXIS2_PLACEMENT_3D ( 'NONE', #2131, #602, #2241 );
#4258=CARTESIAN_POINT ( 'NONE',  ( 0.9299999998062502549, 1.399999999999995470, 1.300000000000005151 ) );
#4259=CARTESIAN_POINT ( 'NONE',  ( 1.400000000000000133, 1.199999999986495647, 1.100000000000004086 ) );
#4260=VERTEX_POINT ( 'NONE', #449 );
#4261=MECHANICAL_DESIGN_GEOMETRIC_PRESENTATION_REPRESENTATION (  '', ( #4189 ), #3206 );
#4262=ORIENTED_EDGE ( 'NONE', *, *, #460, .F. );
#4263=AXIS2_PLACEMENT_3D ( 'NONE', #1490, #340, #335 );
#4264=( GEOMETRIC_REPRESENTATION_CONTEXT ( 3 ) GLOBAL_UNCERTAINTY_ASSIGNED_CONTEXT ( ( #73 ) ) GLOBAL_UNIT_ASSIGNED_CONTEXT ( ( #54, #16, #61 ) ) REPRESENTATION_CONTEXT ( 'NONE', 'WORKASPACE' ) );
#4265=CARTESIAN_POINT ( 'NONE',  ( 3.349999999999999645, 1.303599999999995651, 1.250000000000004219 ) );
#4266=ORIENTED_EDGE ( 'NONE', *, *, #2909, .F. );
#4267=AXIS2_PLACEMENT_3D ( 'NONE', #4401, #27, #122 );
#4268=EDGE_CURVE ( 'NONE', #2011, #2245, #3611, .T. );
#4269=DIRECTION ( 'NONE',  ( 2.274550012207352473E-16, -1.000000000000000000, 0.000000000000000000 ) );
#4270=ORIENTED_EDGE ( 'NONE', *, *, #2557, .F. );
#4271=EDGE_CURVE ( 'NONE', #3335, #2696, #93, .T. );
#4272=CARTESIAN_POINT ( 'NONE',  ( -1.196026316928586519, 9.619957825127142908E-16, -0.2599999999999997868 ) );
#4273=VERTEX_POINT ( 'NONE', #1989 );
#4274=ORIENTED_EDGE ( 'NONE', *, *, #1224, .T. );
#4275=DIRECTION ( 'NONE',  ( 1.084202172645475762E-15, -1.000000000000000000, -3.491483361109382461E-15 ) );
#4276=ORIENTED_EDGE ( 'NONE', *, *, #1248, .T. );
#4277=DIRECTION ( 'NONE',  ( 0.9551363832298090939, -1.060723539345502776E-15, 0.2961663205543114685 ) );
#4278=LINE ( 'NONE', #4981, #744 );
#4279=( GEOMETRIC_REPRESENTATION_CONTEXT ( 3 ) GLOBAL_UNCERTAINTY_ASSIGNED_CONTEXT ( ( #73 ) ) GLOBAL_UNIT_ASSIGNED_CONTEXT ( ( #54, #16, #61 ) ) REPRESENTATION_CONTEXT ( 'NONE', 'WORKASPACE' ) );
#4280=CARTESIAN_POINT ( 'NONE',  ( 0.09999999999999982514, 0.2999999999921820759, 1.410000000023438949 ) );
#4281=ORIENTED_EDGE ( 'NONE', *, *, #4271, .T. );
#4282=EDGE_CURVE ( 'NONE', #2016, #3233, #3507, .T. );
#4283=ORIENTED_EDGE ( 'NONE', *, *, #2223, .T. );
#4284=LINE ( 'NONE', #831, #1513 );
#4285=PRESENTATION_LAYER_ASSIGNMENT (  '', '', ( #1539 ) );
#4286=ADVANCED_FACE ( 'NONE', ( #76 ), #914, .F. );
#4287=MECHANICAL_DESIGN_GEOMETRIC_PRESENTATION_REPRESENTATION (  '', ( #1943 ), #2507 );
#4288=VERTEX_POINT ( 'NONE', #1337 );
#4289=FACE_OUTER_BOUND ( 'NONE', #1338, .T. );
#4290=VERTEX_POINT ( 'NONE', #1459 );
#4291=CARTESIAN_POINT ( 'NONE',  ( -2.749999999919999549, 1.400000000000003020, -0.9000000001434328434 ) );
#4292=AXIS2_PLACEMENT_3D ( 'NONE', #365, #187, #295 );
#4293=VERTEX_POINT ( 'NONE', #3297 );
#4294=STYLED_ITEM ( 'NONE', ( #108 ), #3375 );
#4295=ORIENTED_EDGE ( 'NONE', *, *, #3899, .T. );
#4296=ADVANCED_FACE ( 'NONE', ( #4059 ), #2514, .T. );
#4297=( GEOMETRIC_REPRESENTATION_CONTEXT ( 3 ) GLOBAL_UNCERTAINTY_ASSIGNED_CONTEXT ( ( #73 ) ) GLOBAL_UNIT_ASSIGNED_CONTEXT ( ( #54, #16, #61 ) ) REPRESENTATION_CONTEXT ( 'NONE', 'WORKASPACE' ) );
#4298=STYLED_ITEM ( 'NONE', ( #40 ), #4543 );
#4299=ORIENTED_EDGE ( 'NONE', *, *, #2621, .F. );
#4300=MECHANICAL_DESIGN_GEOMETRIC_PRESENTATION_REPRESENTATION (  '', ( #1475 ), #4377 );
#4301=AXIS2_PLACEMENT_3D ( 'NONE', #62, #52, #214 );
#4302=MECHANICAL_DESIGN_GEOMETRIC_PRESENTATION_REPRESENTATION (  '', ( #1561 ), #4450 );
#4303=EDGE_CURVE ( 'NONE', #2949, #238, #1872, .T. );
#4304=ORIENTED_EDGE ( 'NONE', *, *, #1744, .T. );
#4305=EDGE_LOOP ( 'NONE', ( #4274, #2048, #1321, #2825 ) );
#4306=CARTESIAN_POINT ( 'NONE',  ( 3.149999999967187936, 1.400000000000002798, -0.8000000000121048060 ) );
#4307=PRESENTATION_LAYER_ASSIGNMENT (  '', '', ( #1566 ) );
#4308=( GEOMETRIC_REPRESENTATION_CONTEXT ( 3 ) GLOBAL_UNCERTAINTY_ASSIGNED_CONTEXT ( ( #73 ) ) GLOBAL_UNIT_ASSIGNED_CONTEXT ( ( #54, #16, #61 ) ) REPRESENTATION_CONTEXT ( 'NONE', 'WORKASPACE' ) );
#4309=ORIENTED_EDGE ( 'NONE', *, *, #1331, .T. );
#4310=PLANE ( 'NONE',  #2680 );
#4311=STYLED_ITEM ( 'NONE', ( #683 ), #2369 );
#4312=FACE_OUTER_BOUND ( 'NONE', #3850, .T. );
#4313=DIRECTION ( 'NONE',  ( 0.000000000000000000, 3.523657060577887438E-15, -1.000000000000000000 ) );
#4314=FACE_OUTER_BOUND ( 'NONE', #3813, .T. );
#4315=STYLED_ITEM ( 'NONE', ( #108 ), #2050 );
#4316=( GEOMETRIC_REPRESENTATION_CONTEXT ( 3 ) GLOBAL_UNCERTAINTY_ASSIGNED_CONTEXT ( ( #73 ) ) GLOBAL_UNIT_ASSIGNED_CONTEXT ( ( #54, #16, #61 ) ) REPRESENTATION_CONTEXT ( 'NONE', 'WORKASPACE' ) );
#4317=ADVANCED_FACE ( 'NONE', ( #113 ), #1809, .F. );
#4318=LINE ( 'NONE', #365, #65 );
#4319=ORIENTED_EDGE ( 'NONE', *, *, #1508, .T. );
#4320=EDGE_LOOP ( 'NONE', ( #202, #1742, #2973, #2483 ) );
#4321=AXIS2_PLACEMENT_3D ( 'NONE', #4410, #214, #45 );
#4322=ORIENTED_EDGE ( 'NONE', *, *, #2936, .T. );
#4323=LINE ( 'NONE', #5058, #11 );
#4324=AXIS2_PLACEMENT_3D ( 'NONE', #646, #4621, #1222 );
#4325=ORIENTED_EDGE ( 'NONE', *, *, #4483, .T. );
#4326=LINE ( 'NONE', #2957, #89 );
#4327=ORIENTED_EDGE ( 'NONE', *, *, #3338, .T. );
#4328=EDGE_CURVE ( 'NONE', #2643, #1118, #3856, .T. );
#4329=EDGE_LOOP ( 'NONE', ( #3366, #448, #537, #1419 ) );
#4330=CARTESIAN_POINT ( 'NONE',  ( -3.350000000000000089, 0.6499999998777823418, -1.299999999999999822 ) );
#4331=EDGE_CURVE ( 'NONE', #1551, #4273, #1117, .T. );
#4332=FACE_BOUND ( 'NONE', #3274, .T. );
#4333=DIRECTION ( 'NONE',  ( -6.328271240989648137E-11, -1.000000000000000000, 0.000000000000000000 ) );
#4334=ORIENTED_EDGE ( 'NONE', *, *, #527, .T. );
#4335=CARTESIAN_POINT ( 'NONE',  ( 3.149999999999999911, 1.300000000000004263, -1.249999999993746114 ) );
#4336=VERTEX_POINT ( 'NONE', #2584 );
#4337=AXIS2_PLACEMENT_3D ( 'NONE', #569, #187, #295 );
#4338=EDGE_CURVE ( 'NONE', #3547, #1118, #4896, .T. );
#4339=CIRCLE ( 'NONE', #891, 0.05000000000000002359 );
#4340=LINE ( 'NONE', #2046, #44 );
#4341=PLANE ( 'NONE',  #3971 );
#4342=LINE ( 'NONE', #3571, #4222 );
#4343=EDGE_CURVE ( 'NONE', #4044, #1072, #693, .T. );
#4344=VERTEX_POINT ( 'NONE', #1885 );
#4345=( GEOMETRIC_REPRESENTATION_CONTEXT ( 3 ) GLOBAL_UNCERTAINTY_ASSIGNED_CONTEXT ( ( #73 ) ) GLOBAL_UNIT_ASSIGNED_CONTEXT ( ( #54, #16, #61 ) ) REPRESENTATION_CONTEXT ( 'NONE', 'WORKASPACE' ) );
#4346=CARTESIAN_POINT ( 'NONE',  ( 2.015766735947132737, 1.400000000000003908, -1.118366903421092573 ) );
#4347=EDGE_LOOP ( 'NONE', ( #2505, #293, #3652, #5031 ) );
#4348=FACE_OUTER_BOUND ( 'NONE', #1387, .T. );
#4349=ORIENTED_EDGE ( 'NONE', *, *, #4644, .F. );
#4350=EDGE_CURVE ( 'NONE', #4218, #2112, #3836, .T. );
#4351=ORIENTED_EDGE ( 'NONE', *, *, #2041, .T. );
#4352=LINE ( 'NONE', #28, #503 );
#4353=ORIENTED_EDGE ( 'NONE', *, *, #2191, .T. );
#4354=ORIENTED_EDGE ( 'NONE', *, *, #3590, .F. );
#4355=LINE ( 'NONE', #226, #23 );
#4356=STYLED_ITEM ( 'NONE', ( #108 ), #3859 );
#4357=EDGE_CURVE ( 'NONE', #1152, #1250, #1145, .T. );
#4358=MECHANICAL_DESIGN_GEOMETRIC_PRESENTATION_REPRESENTATION (  '', ( #2421 ), #4661 );
#4359=CARTESIAN_POINT ( 'NONE',  ( 3.350000000000000089, 0.6999999999999970690, 0.8000000000000029310 ) );
#4360=EDGE_CURVE ( 'NONE', #2722, #1585, #662, .T. );
#4361=PRESENTATION_LAYER_ASSIGNMENT (  '', '', ( #472 ) );
#4362=VERTEX_POINT ( 'NONE', #1481 );
#4363=EDGE_CURVE ( 'NONE', #2026, #3328, #294, .T. );
#4364=( GEOMETRIC_REPRESENTATION_CONTEXT ( 3 ) GLOBAL_UNCERTAINTY_ASSIGNED_CONTEXT ( ( #73 ) ) GLOBAL_UNIT_ASSIGNED_CONTEXT ( ( #54, #16, #61 ) ) REPRESENTATION_CONTEXT ( 'NONE', 'WORKASPACE' ) );
#4365=ORIENTED_EDGE ( 'NONE', *, *, #4343, .F. );
#4366=DIRECTION ( 'NONE',  ( -0.7071067811865462405, -2.468851561040448753E-15, 0.7071067811865489050 ) );
#4367=FACE_OUTER_BOUND ( 'NONE', #2915, .T. );
#4368=VERTEX_POINT ( 'NONE', #3071 );
#4369=AXIS2_PLACEMENT_3D ( 'NONE', #2673, #52, #214 );
#4370=ORIENTED_EDGE ( 'NONE', *, *, #3273, .T. );
#4371=PRESENTATION_LAYER_ASSIGNMENT (  '', '', ( #201 ) );
#4372=EDGE_CURVE ( 'NONE', #322, #2637, #3814, .T. );
#4373=STYLED_ITEM ( 'NONE', ( #40 ), #4593 );
#4374=ORIENTED_EDGE ( 'NONE', *, *, #4626, .T. );
#4375=ORIENTED_EDGE ( 'NONE', *, *, #804, .F. );
#4376=ADVANCED_BREP_SHAPE_REPRESENTATION ( 'SSSS811101', ( #4709, #2850 ), #4927 );
#4377=( GEOMETRIC_REPRESENTATION_CONTEXT ( 3 ) GLOBAL_UNCERTAINTY_ASSIGNED_CONTEXT ( ( #73 ) ) GLOBAL_UNIT_ASSIGNED_CONTEXT ( ( #54, #16, #61 ) ) REPRESENTATION_CONTEXT ( 'NONE', 'WORKASPACE' ) );
#4378=VERTEX_POINT ( 'NONE', #635 );
#4379=EDGE_CURVE ( 'NONE', #2882, #4336, #2300, .T. );
#4380=MECHANICAL_DESIGN_GEOMETRIC_PRESENTATION_REPRESENTATION (  '', ( #5009 ), #3638 );
#4381=DIRECTION ( 'NONE',  ( -1.000000000000000000, -4.206082050346426355E-31, 1.204669080539449344E-16 ) );
#4382=PRESENTATION_LAYER_ASSIGNMENT (  '', '', ( #216 ) );
#4383=DIRECTION ( 'NONE',  ( -0.2961663197507513612, 3.334842790507033110E-15, -0.9551363834789751150 ) );
#4384=ADVANCED_FACE ( 'NONE', ( #607 ), #268, .F. );
#4385=( GEOMETRIC_REPRESENTATION_CONTEXT ( 3 ) GLOBAL_UNCERTAINTY_ASSIGNED_CONTEXT ( ( #73 ) ) GLOBAL_UNIT_ASSIGNED_CONTEXT ( ( #54, #16, #61 ) ) REPRESENTATION_CONTEXT ( 'NONE', 'WORKASPACE' ) );
#4386=CARTESIAN_POINT ( 'NONE',  ( -1.500000000000000000, -0.3000000000127917565, -0.4000000000957105173 ) );
#4387=EDGE_CURVE ( 'NONE', #1923, #3333, #1272, .T. );
#4388=VECTOR ( 'NONE', #3444, 1000.000000000000000 );
#4389=VERTEX_POINT ( 'NONE', #2367 );
#4390=CARTESIAN_POINT ( 'NONE',  ( 3.400000000000000355, 0.2000000000333287675, 0.9000000000000005773 ) );
#4391=VERTEX_POINT ( 'NONE', #2062 );
#4392=STYLED_ITEM ( 'NONE', ( #108 ), #200 );
#4393=ORIENTED_EDGE ( 'NONE', *, *, #2264, .T. );
#4394=( GEOMETRIC_REPRESENTATION_CONTEXT ( 3 ) GLOBAL_UNCERTAINTY_ASSIGNED_CONTEXT ( ( #73 ) ) GLOBAL_UNIT_ASSIGNED_CONTEXT ( ( #54, #16, #61 ) ) REPRESENTATION_CONTEXT ( 'NONE', 'WORKASPACE' ) );
#4395=EDGE_CURVE ( 'NONE', #4592, #75, #3969, .T. );
#4396=ORIENTED_EDGE ( 'NONE', *, *, #3323, .F. );
#4397=DIRECTION ( 'NONE',  ( 1.334402673930960019E-15, -1.000000000000000000, -3.491483361109382855E-15 ) );
#4398=STYLED_ITEM ( 'NONE', ( #108 ), #2831 );
#4399=ORIENTED_EDGE ( 'NONE', *, *, #1398, .F. );
#4400=EDGE_CURVE ( 'NONE', #1740, #4951, #2111, .T. );
#4401=CARTESIAN_POINT ( 'NONE',  ( 3.149999999999999911, 1.400000000000002576, -0.7499999999999950040 ) );
#4402=ORIENTED_EDGE ( 'NONE', *, *, #4978, .F. );
#4403=VERTEX_POINT ( 'NONE', #179 );
#4404=STYLED_ITEM ( 'NONE', ( #40 ), #866 );
#4405=CARTESIAN_POINT ( 'NONE',  ( 3.349999999992839594, 0.7000000000000027311, -0.7999999999999974909 ) );
#4406=ORIENTED_EDGE ( 'NONE', *, *, #2258, .T. );
#4407=PRESENTATION_LAYER_ASSIGNMENT (  '', '', ( #42 ) );
#4408=EDGE_CURVE ( 'NONE', #381, #2002, #3880, .T. );
#4409=LINE ( 'NONE', #3352, #1301 );
#4410=CARTESIAN_POINT ( 'NONE',  ( 3.149999999999999911, 3.171291354520100469E-15, -0.9000000000000002442 ) );
#4411=EDGE_CURVE ( 'NONE', #2826, #771, #3555, .T. );
#4412=ORIENTED_EDGE ( 'NONE', *, *, #4724, .T. );
#4413=( GEOMETRIC_REPRESENTATION_CONTEXT ( 3 ) GLOBAL_UNCERTAINTY_ASSIGNED_CONTEXT ( ( #73 ) ) GLOBAL_UNIT_ASSIGNED_CONTEXT ( ( #54, #16, #61 ) ) REPRESENTATION_CONTEXT ( 'NONE', 'WORKASPACE' ) );
#4414=VERTEX_POINT ( 'NONE', #2929 );
#4415=ORIENTED_EDGE ( 'NONE', *, *, #2924, .F. );
#4416=EDGE_LOOP ( 'NONE', ( #469, #1507, #2014, #2612 ) );
#4417=CARTESIAN_POINT ( 'NONE',  ( -3.150000000000000355, 1.400000000000004574, -0.8000000000031199932 ) );
#4418=ORIENTED_EDGE ( 'NONE', *, *, #68, .T. );
#4419=EDGE_CURVE ( 'NONE', #5067, #5090, #2033, .T. );
#4420=CARTESIAN_POINT ( 'NONE',  ( 3.850000000000000089, 0.2000000001572039832, -1.299999999999999378 ) );
#4421=ORIENTED_EDGE ( 'NONE', *, *, #1263, .T. );
#4422=CARTESIAN_POINT ( 'NONE',  ( 2.719999999527043855, 1.200000000000002398, -0.7499999999999957812 ) );
#4423=CARTESIAN_POINT ( 'NONE',  ( 3.850000000000000533, 0.2000000000921813292, -1.299999999999999600 ) );
#4424=CARTESIAN_POINT ( 'NONE',  ( -2.050000000000000266, 0.1499999999937568496, -2.199999999999999734 ) );
#4425=PLANE ( 'NONE',  #2375 );
#4426=PRESENTATION_LAYER_ASSIGNMENT (  '', '', ( #2421 ) );
#4427=VERTEX_POINT ( 'NONE', #4082 );
#4428=EDGE_CURVE ( 'NONE', #2916, #819, #3503, .T. );
#4429=LINE ( 'NONE', #1371, #5 );
#4430=ORIENTED_EDGE ( 'NONE', *, *, #4252, .F. );
#4431=CARTESIAN_POINT ( 'NONE',  ( 1.500000000000000000, -0.2999999999999987121, -0.4000000000000010214 ) );
#4432=VECTOR ( 'NONE', #4970, 1000.000000000000000 );
#4433=DIRECTION ( 'NONE',  ( 7.291678834956865087E-10, -1.000000000000000000, -2.891205793354876203E-15 ) );
#4434=VERTEX_POINT ( 'NONE', #3526 );
#4435=ADVANCED_FACE ( 'NONE', ( #3903 ), #4984, .T. );
#4436=VERTEX_POINT ( 'NONE', #413 );
#4437=LINE ( 'NONE', #3362, #343 );
#4438=ADVANCED_FACE ( 'NONE', ( #3586 ), #4595, .F. );
#4439=ORIENTED_EDGE ( 'NONE', *, *, #4395, .T. );
#4440=ORIENTED_EDGE ( 'NONE', *, *, #811, .F. );
#4441=ORIENTED_EDGE ( 'NONE', *, *, #2098, .F. );
#4442=EDGE_CURVE ( 'NONE', #4378, #1803, #2114, .T. );
#4443=ORIENTED_EDGE ( 'NONE', *, *, #543, .F. );
#4444=ORIENTED_EDGE ( 'NONE', *, *, #3684, .F. );
#4445=CARTESIAN_POINT ( 'NONE',  ( 3.150000000025311664, 1.400000000000000133, 1.300000000000005151 ) );
#4446=LINE ( 'NONE', #2709, #512 );
#4447=DIRECTION ( 'NONE',  ( 0.7071067811423557004, -3.066586833980063373E-15, 0.7071067812307394451 ) );
#4448=EDGE_CURVE ( 'NONE', #2391, #2637, #2111, .T. );
#4449=PLANE ( 'NONE',  #2711 );
#4450=( GEOMETRIC_REPRESENTATION_CONTEXT ( 3 ) GLOBAL_UNCERTAINTY_ASSIGNED_CONTEXT ( ( #73 ) ) GLOBAL_UNIT_ASSIGNED_CONTEXT ( ( #54, #16, #61 ) ) REPRESENTATION_CONTEXT ( 'NONE', 'WORKASPACE' ) );
#4451=LINE ( 'NONE', #1221, #260 );
#4452=STYLED_ITEM ( 'NONE', ( #40 ), #2996 );
#4453=CARTESIAN_POINT ( 'NONE',  ( -3.150000000000000355, 1.300000000118752608, -1.299999999999995159 ) );
#4454=STYLED_ITEM ( 'NONE', ( #40 ), #1878 );
#4455=ORIENTED_EDGE ( 'NONE', *, *, #2325, .T. );
#4456=EDGE_CURVE ( 'NONE', #3630, #1666, #777, .T. );
#4457=VECTOR ( 'NONE', #1967, 1000.000000000000000 );
#4458=STYLED_ITEM ( 'NONE', ( #108 ), #2064 );
#4459=LINE ( 'NONE', #646, #401 );
#4460=ORIENTED_EDGE ( 'NONE', *, *, #1041, .F. );
#4461=FACE_OUTER_BOUND ( 'NONE', #1868, .T. );
#4462=CARTESIAN_POINT ( 'NONE',  ( 3.149999999984987920, 1.300000000022497826, -1.249999999997652766 ) );
#4463=ORIENTED_EDGE ( 'NONE', *, *, #1895, .T. );
#4464=DIRECTION ( 'NONE',  ( -2.168404344971021884E-15, -3.252606517456533024E-15, 1.000000000000000000 ) );
#4465=AXIS2_PLACEMENT_3D ( 'NONE', #1817, #27, #122 );
#4466=ORIENTED_EDGE ( 'NONE', *, *, #1700, .T. );
#4467=PRESENTATION_LAYER_ASSIGNMENT (  '', '', ( #600 ) );
#4468=EDGE_CURVE ( 'NONE', #2866, #3828, #4920, .T. );
#4469=ORIENTED_EDGE ( 'NONE', *, *, #4773, .T. );
#4470=VERTEX_POINT ( 'NONE', #1388 );
#4471=ADVANCED_FACE ( 'NONE', ( #1354 ), #1786, .T. );
#4472=VECTOR ( 'NONE', #4716, 1000.000000000000000 );
#4473=STYLED_ITEM ( 'NONE', ( #108 ), #551 );
#4474=CARTESIAN_POINT ( 'NONE',  ( 1.400000000000000133, 0.1000000000374941383, 2.600000000000004086 ) );
#4475=ORIENTED_EDGE ( 'NONE', *, *, #3825, .T. );
#4476=PRESENTATION_LAYER_ASSIGNMENT (  '', '', ( #1741 ) );
#4477=ORIENTED_EDGE ( 'NONE', *, *, #2319, .F. );
#4478=( GEOMETRIC_REPRESENTATION_CONTEXT ( 3 ) GLOBAL_UNCERTAINTY_ASSIGNED_CONTEXT ( ( #73 ) ) GLOBAL_UNIT_ASSIGNED_CONTEXT ( ( #54, #16, #61 ) ) REPRESENTATION_CONTEXT ( 'NONE', 'WORKASPACE' ) );
#4479=LINE ( 'NONE', #1074, #470 );
#4480=AXIS2_PLACEMENT_3D ( 'NONE', #3152, #4366, #12 );
#4481=CARTESIAN_POINT ( 'NONE',  ( 3.850000000000000089, 4.553649124439118623E-15, -1.299999999999999600 ) );
#4482=CARTESIAN_POINT ( 'NONE',  ( -3.850000000000000533, 0.2000000000477367701, -0.9000000000312495807 ) );
#4483=EDGE_CURVE ( 'NONE', #238, #2949, #1872, .T. );
#4484=ORIENTED_EDGE ( 'NONE', *, *, #2389, .F. );
#4485=ORIENTED_EDGE ( 'NONE', *, *, #2541, .F. );
#4486=CARTESIAN_POINT ( 'NONE',  ( -3.150000000000000355, 1.199999999999997291, 0.7500000000000028866 ) );
#4487=ORIENTED_EDGE ( 'NONE', *, *, #4568, .T. );
#4488=EDGE_LOOP ( 'NONE', ( #2844, #979, #4869, #1107 ) );
#4489=EDGE_CURVE ( 'NONE', #2837, #1261, #67, .T. );
#4490=CARTESIAN_POINT ( 'NONE',  ( -3.350000000000000089, 0.9000000000059633631, 1.250000000000002887 ) );
#4491=ORIENTED_EDGE ( 'NONE', *, *, #797, .T. );
#4492=LINE ( 'NONE', #657, #4641 );
#4493=VECTOR ( 'NONE', #2344, 1000.000000000000000 );
#4494=ORIENTED_EDGE ( 'NONE', *, *, #1623, .T. );
#4495=DIRECTION ( 'NONE',  ( -0.7071067808661436471, -3.066586829811408383E-15, 0.7071067815069513873 ) );
#4496=CARTESIAN_POINT ( 'NONE',  ( 3.850000000000000533, 0.2000000001082253287, 0.9000000000000005773 ) );
#4497=ORIENTED_EDGE ( 'NONE', *, *, #995, .F. );
#4498=EDGE_CURVE ( 'NONE', #1740, #3517, #299, .T. );
#4499=LINE ( 'NONE', #1428, #2704 );
#4500=CARTESIAN_POINT ( 'NONE',  ( 2.749999999938749884, 1.399999999999995470, 1.300000000000005151 ) );
#4501=PLANE ( 'NONE',  #1029 );
#4502=ADVANCED_FACE ( 'NONE', ( #4684 ), #1300, .F. );
#4503=FACE_OUTER_BOUND ( 'NONE', #713, .T. );
#4504=DIRECTION ( 'NONE',  ( 5.833354633274894351E-10, 1.000000000000000000, 2.891205793595867688E-15 ) );
#4505=ORIENTED_EDGE ( 'NONE', *, *, #1667, .T. );
#4506=AXIS2_PLACEMENT_3D ( 'NONE', #752, #187, #295 );
#4507=EDGE_CURVE ( 'NONE', #4768, #3502, #3040, .T. );
#4508=CARTESIAN_POINT ( 'NONE',  ( -3.350000000000000089, 0.6499999999999954703, 1.300000000000002487 ) );
#4509=VERTEX_POINT ( 'NONE', #4490 );
#4510=LINE ( 'NONE', #2589, #343 );
#4511=ADVANCED_FACE ( 'NONE', ( #4550 ), #1108, .F. );
#4512=CARTESIAN_POINT ( 'NONE',  ( -3.150000000016111912, 0.6499999999333293532, 0.7500000000000019984 ) );
#4513=PRESENTATION_LAYER_ASSIGNMENT (  '', '', ( #287 ) );
#4514=ORIENTED_EDGE ( 'NONE', *, *, #2717, .F. );
#4515=EDGE_LOOP ( 'NONE', ( #3496, #3246, #3924, #2195, #418, #1576, #872, #1800 ) );
#4516=EDGE_LOOP ( 'NONE', ( #4964, #2955, #461, #3758 ) );
#4517=MECHANICAL_DESIGN_GEOMETRIC_PRESENTATION_REPRESENTATION (  '', ( #1780 ), #1184 );
#4518=LINE ( 'NONE', #1086, #1413 );
#4519=ORIENTED_EDGE ( 'NONE', *, *, #297, .T. );
#4520=ORIENTED_EDGE ( 'NONE', *, *, #3508, .F. );
#4521=LINE ( 'NONE', #1320, #1413 );
#4522=MECHANICAL_DESIGN_GEOMETRIC_PRESENTATION_REPRESENTATION (  '', ( #653 ), #479 );
#4523=AXIS2_PLACEMENT_3D ( 'NONE', #1497, #187, #295 );
#4524=EDGE_LOOP ( 'NONE', ( #4987, #4610, #3383, #2110 ) );
#4525=LINE ( 'NONE', #4853, #158 );
#4526=EDGE_CURVE ( 'NONE', #1289, #2036, #1785, .T. );
#4527=AXIS2_PLACEMENT_3D ( 'NONE', #3580, #52, #2739 );
#4528=CARTESIAN_POINT ( 'NONE',  ( -1.500000000000000000, -0.3000000000127931998, -8.673617380330703308E-16 ) );
#4529=STYLED_ITEM ( 'NONE', ( #108 ), #3493 );
#4530=CARTESIAN_POINT ( 'NONE',  ( 3.050000000000000266, 1.400000000000002576, -0.7499999997333283153 ) );
#4531=ORIENTED_EDGE ( 'NONE', *, *, #450, .T. );
#4532=EDGE_CURVE ( 'NONE', #3148, #196, #716, .T. );
#4533=( GEOMETRIC_REPRESENTATION_CONTEXT ( 3 ) GLOBAL_UNCERTAINTY_ASSIGNED_CONTEXT ( ( #73 ) ) GLOBAL_UNIT_ASSIGNED_CONTEXT ( ( #54, #16, #61 ) ) REPRESENTATION_CONTEXT ( 'NONE', 'WORKASPACE' ) );
#4534=VECTOR ( 'NONE', #1756, 1000.000000000000000 );
#4535=AXIS2_PLACEMENT_3D ( 'NONE', #1326, #27, #122 );
#4536=CARTESIAN_POINT ( 'NONE',  ( 2.720000000000000195, 1.199999999999997291, 0.7500000000000041078 ) );
#4537=EDGE_CURVE ( 'NONE', #2289, #3062, #1474, .T. );
#4538=CARTESIAN_POINT ( 'NONE',  ( 2.849999999936249750, 1.200000000000002620, -0.8000000000093706598 ) );
#4539=PLANE ( 'NONE',  #2059 );
#4540=FACE_OUTER_BOUND ( 'NONE', #1019, .T. );
#4541=PRESENTATION_LAYER_ASSIGNMENT (  '', '', ( #1629 ) );
#4542=ORIENTED_EDGE ( 'NONE', *, *, #4003, .F. );
#4543=ADVANCED_FACE ( 'NONE', ( #4819 ), #1445, .F. );
#4544=LINE ( 'NONE', #2785, #158 );
#4545=( GEOMETRIC_REPRESENTATION_CONTEXT ( 3 ) GLOBAL_UNCERTAINTY_ASSIGNED_CONTEXT ( ( #73 ) ) GLOBAL_UNIT_ASSIGNED_CONTEXT ( ( #54, #16, #61 ) ) REPRESENTATION_CONTEXT ( 'NONE', 'WORKASPACE' ) );
#4546=ORIENTED_EDGE ( 'NONE', *, *, #656, .T. );
#4547=PRESENTATION_LAYER_ASSIGNMENT (  '', '', ( #1643 ) );
#4548=VERTEX_POINT ( 'NONE', #10 );
#4549=CARTESIAN_POINT ( 'NONE',  ( -3.150000000000000355, 0.7000000000039021675, 1.249999999992971178 ) );
#4550=FACE_OUTER_BOUND ( 'NONE', #1350, .T. );
#4551=ORIENTED_EDGE ( 'NONE', *, *, #172, .T. );
#4552=EDGE_CURVE ( 'NONE', #1763, #935, #4342, .T. );
#4553=STYLED_ITEM ( 'NONE', ( #40 ), #2378 );
#4554=LINE ( 'NONE', #1191, #401 );
#4555=ORIENTED_EDGE ( 'NONE', *, *, #1891, .F. );
#4556=MECHANICAL_DESIGN_GEOMETRIC_PRESENTATION_REPRESENTATION (  '', ( #2619 ), #1396 );
#4557=ADVANCED_FACE ( 'NONE', ( #373 ), #5052, .F. );
#4558=ORIENTED_EDGE ( 'NONE', *, *, #4033, .F. );
#4559=( GEOMETRIC_REPRESENTATION_CONTEXT ( 3 ) GLOBAL_UNCERTAINTY_ASSIGNED_CONTEXT ( ( #73 ) ) GLOBAL_UNIT_ASSIGNED_CONTEXT ( ( #54, #16, #61 ) ) REPRESENTATION_CONTEXT ( 'NONE', 'WORKASPACE' ) );
#4560=PLANE ( 'NONE',  #3232 );
#4561=MECHANICAL_DESIGN_GEOMETRIC_PRESENTATION_REPRESENTATION (  '', ( #2545 ), #3579 );
#4562=( GEOMETRIC_REPRESENTATION_CONTEXT ( 3 ) GLOBAL_UNCERTAINTY_ASSIGNED_CONTEXT ( ( #73 ) ) GLOBAL_UNIT_ASSIGNED_CONTEXT ( ( #54, #16, #61 ) ) REPRESENTATION_CONTEXT ( 'NONE', 'WORKASPACE' ) );
#4563=VERTEX_POINT ( 'NONE', #842 );
#4564=PRESENTATION_LAYER_ASSIGNMENT (  '', '', ( #2146 ) );
#4565=( GEOMETRIC_REPRESENTATION_CONTEXT ( 3 ) GLOBAL_UNCERTAINTY_ASSIGNED_CONTEXT ( ( #73 ) ) GLOBAL_UNIT_ASSIGNED_CONTEXT ( ( #54, #16, #61 ) ) REPRESENTATION_CONTEXT ( 'NONE', 'WORKASPACE' ) );
#4566=VERTEX_POINT ( 'NONE', #2118 );
#4567=ORIENTED_EDGE ( 'NONE', *, *, #3818, .T. );
#4568=EDGE_CURVE ( 'NONE', #3435, #3133, #481, .T. );
#4569=ORIENTED_EDGE ( 'NONE', *, *, #4045, .T. );
#4570=( GEOMETRIC_REPRESENTATION_CONTEXT ( 3 ) GLOBAL_UNCERTAINTY_ASSIGNED_CONTEXT ( ( #73 ) ) GLOBAL_UNIT_ASSIGNED_CONTEXT ( ( #54, #16, #61 ) ) REPRESENTATION_CONTEXT ( 'NONE', 'WORKASPACE' ) );
#4571=ORIENTED_EDGE ( 'NONE', *, *, #1555, .T. );
#4572=LINE ( 'NONE', #720, #11 );
#4573=PRESENTATION_LAYER_ASSIGNMENT (  '', '', ( #3760 ) );
#4574=ORIENTED_EDGE ( 'NONE', *, *, #3942, .F. );
#4575=EDGE_LOOP ( 'NONE', ( #1055, #4140, #2469, #1595 ) );
#4576=PLANE ( 'NONE',  #4793 );
#4577=EDGE_CURVE ( 'NONE', #771, #4548, #2450, .T. );
#4578=ORIENTED_EDGE ( 'NONE', *, *, #2847, .T. );
#4579=CARTESIAN_POINT ( 'NONE',  ( 0.09999999999999982514, 0.09999999999999049927, 1.300000000000004707 ) );
#4580=FACE_OUTER_BOUND ( 'NONE', #973, .T. );
#4581=ORIENTED_EDGE ( 'NONE', *, *, #4182, .T. );
#4582=DIRECTION ( 'NONE',  ( -0.000000000000000000, 0.7071067811865443531, 0.7071067811865506814 ) );
#4583=VECTOR ( 'NONE', #4397, 1000.000000000000000 );
#4584=FACE_OUTER_BOUND ( 'NONE', #2655, .T. );
#4585=VERTEX_POINT ( 'NONE', #752 );
#4586=PRESENTATION_LAYER_ASSIGNMENT (  '', '', ( #2182 ) );
#4587=FACE_OUTER_BOUND ( 'NONE', #3344, .T. );
#4588=ORIENTED_EDGE ( 'NONE', *, *, #4967, .F. );
#4589=ORIENTED_EDGE ( 'NONE', *, *, #4795, .T. );
#4590=EDGE_CURVE ( 'NONE', #381, #4060, #1341, .T. );
#4591=LINE ( 'NONE', #1244, #5 );
#4592=VERTEX_POINT ( 'NONE', #441 );
#4593=ADVANCED_FACE ( 'NONE', ( #3188 ), #4721, .F. );
#4594=ORIENTED_EDGE ( 'NONE', *, *, #3415, .T. );
#4595=PLANE ( 'NONE',  #4292 );
#4596=AXIS2_PLACEMENT_3D ( 'NONE', #1599, #35, #1310 );
#4597=ORIENTED_EDGE ( 'NONE', *, *, #1076, .T. );
#4598=EDGE_CURVE ( 'NONE', #957, #4872, #2199, .T. );
#4599=LINE ( 'NONE', #1702, #1301 );
#4600=ORIENTED_EDGE ( 'NONE', *, *, #4961, .T. );
#4601=FACE_OUTER_BOUND ( 'NONE', #4667, .T. );
#4602=ORIENTED_EDGE ( 'NONE', *, *, #3421, .F. );
#4603=ADVANCED_FACE ( 'NONE', ( #2224 ), #86, .F. );
#4604=( GEOMETRIC_REPRESENTATION_CONTEXT ( 3 ) GLOBAL_UNCERTAINTY_ASSIGNED_CONTEXT ( ( #73 ) ) GLOBAL_UNIT_ASSIGNED_CONTEXT ( ( #54, #16, #61 ) ) REPRESENTATION_CONTEXT ( 'NONE', 'WORKASPACE' ) );
#4605=PRESENTATION_LAYER_ASSIGNMENT (  '', '', ( #4678 ) );
#4606=PLANE ( 'NONE',  #873 );
#4607=CARTESIAN_POINT ( 'NONE',  ( 3.149999999999999911, 1.399999999999995470, 1.249999999988675503 ) );
#4608=ADVANCED_FACE ( 'NONE', ( #157 ), #3669, .T. );
#4609=VERTEX_POINT ( 'NONE', #4898 );
#4610=ORIENTED_EDGE ( 'NONE', *, *, #952, .F. );
#4611=PRESENTATION_LAYER_ASSIGNMENT (  '', '', ( #1204 ) );
#4612=ORIENTED_EDGE ( 'NONE', *, *, #2557, .T. );
#4613=ORIENTED_EDGE ( 'NONE', *, *, #3572, .T. );
#4614=CARTESIAN_POINT ( 'NONE',  ( -2.749999999942499773, 1.199999999999996847, 0.9000000000575045789 ) );
#4615=( GEOMETRIC_REPRESENTATION_CONTEXT ( 3 ) GLOBAL_UNCERTAINTY_ASSIGNED_CONTEXT ( ( #73 ) ) GLOBAL_UNIT_ASSIGNED_CONTEXT ( ( #54, #16, #61 ) ) REPRESENTATION_CONTEXT ( 'NONE', 'WORKASPACE' ) );
#4616=PLANE ( 'NONE',  #4687 );
#4617=EDGE_LOOP ( 'NONE', ( #3847, #290, #2130, #70 ) );
#4618=LINE ( 'NONE', #249, #401 );
#4619=ORIENTED_EDGE ( 'NONE', *, *, #2325, .F. );
#4620=CARTESIAN_POINT ( 'NONE',  ( 0.9299999988515634808, 1.400000000000003908, -1.099999999911106308 ) );
#4621=DIRECTION ( 'NONE',  ( 1.000000000000000000, -4.206082050346428107E-31, 1.204669080539450083E-16 ) );
#4622=EDGE_CURVE ( 'NONE', #4368, #2837, #1594, .T. );
#4623=LINE ( 'NONE', #1223, #2215 );
#4624=STYLED_ITEM ( 'NONE', ( #108 ), #2464 );
#4625=ORIENTED_EDGE ( 'NONE', *, *, #1478, .F. );
#4626=EDGE_CURVE ( 'NONE', #1717, #314, #1151, .T. );
#4627=( GEOMETRIC_REPRESENTATION_CONTEXT ( 3 ) GLOBAL_UNCERTAINTY_ASSIGNED_CONTEXT ( ( #73 ) ) GLOBAL_UNIT_ASSIGNED_CONTEXT ( ( #54, #16, #61 ) ) REPRESENTATION_CONTEXT ( 'NONE', 'WORKASPACE' ) );
#4628=VERTEX_POINT ( 'NONE', #3447 );
#4629=MECHANICAL_DESIGN_GEOMETRIC_PRESENTATION_REPRESENTATION (  '', ( #4028 ), #4394 );
#4630=VECTOR ( 'NONE', #918, 1000.000000000000000 );
#4631=ORIENTED_EDGE ( 'NONE', *, *, #460, .T. );
#4632=EDGE_CURVE ( 'NONE', #2982, #2722, #2277, .T. );
#4633=VERTEX_POINT ( 'NONE', #2362 );
#4634=ORIENTED_EDGE ( 'NONE', *, *, #4247, .F. );
#4635=DIRECTION ( 'NONE',  ( -1.640603885545665861E-10, -1.000000000000000000, -3.491483361109382461E-15 ) );
#4636=ORIENTED_EDGE ( 'NONE', *, *, #2305, .T. );
#4637=EDGE_CURVE ( 'NONE', #3517, #4218, #3795, .T. );
#4638=ORIENTED_EDGE ( 'NONE', *, *, #3276, .F. );
#4639=CIRCLE ( 'NONE', #2726, 0.2500000000000001110 );
#4640=ORIENTED_EDGE ( 'NONE', *, *, #1978, .T. );
#4641=VECTOR ( 'NONE', #3017, 1000.000000000000000 );
#4642=LINE ( 'NONE', #3249, #11 );
#4643=CARTESIAN_POINT ( 'NONE',  ( -3.850000000000000533, 3.186012110499000563E-15, -0.9000000002812498234 ) );
#4644=EDGE_CURVE ( 'NONE', #794, #3829, #673, .T. );
#4645=ORIENTED_EDGE ( 'NONE', *, *, #4897, .T. );
#4646=CARTESIAN_POINT ( 'NONE',  ( -1.430000000138913929, 1.400000000000004574, -1.299999999956921393 ) );
#4647=EDGE_LOOP ( 'NONE', ( #4957, #2395, #320, #361 ) );
#4648=LINE ( 'NONE', #2062, #136 );
#4649=EDGE_CURVE ( 'NONE', #117, #2321, #3822, .T. );
#4650=ORIENTED_EDGE ( 'NONE', *, *, #4395, .F. );
#4651=LINE ( 'NONE', #355, #1796 );
#4652=( GEOMETRIC_REPRESENTATION_CONTEXT ( 3 ) GLOBAL_UNCERTAINTY_ASSIGNED_CONTEXT ( ( #73 ) ) GLOBAL_UNIT_ASSIGNED_CONTEXT ( ( #54, #16, #61 ) ) REPRESENTATION_CONTEXT ( 'NONE', 'WORKASPACE' ) );
#4653=ORIENTED_EDGE ( 'NONE', *, *, #1414, .T. );
#4654=FACE_OUTER_BOUND ( 'NONE', #5037, .T. );
#4655=CARTESIAN_POINT ( 'NONE',  ( -0.9299999999999993827, 1.400000000000004574, -1.299999999999995159 ) );
#4656=CARTESIAN_POINT ( 'NONE',  ( -3.350000000000000089, 1.099999999985576737, -0.7499999996999968666 ) );
#4657=LINE ( 'NONE', #1233, #1737 );
#4658=ORIENTED_EDGE ( 'NONE', *, *, #2041, .F. );
#4659=ORIENTED_EDGE ( 'NONE', *, *, #2079, .T. );
#4660=EDGE_CURVE ( 'NONE', #3761, #3530, #3106, .T. );
#4661=( GEOMETRIC_REPRESENTATION_CONTEXT ( 3 ) GLOBAL_UNCERTAINTY_ASSIGNED_CONTEXT ( ( #73 ) ) GLOBAL_UNIT_ASSIGNED_CONTEXT ( ( #54, #16, #61 ) ) REPRESENTATION_CONTEXT ( 'NONE', 'WORKASPACE' ) );
#4662=ORIENTED_EDGE ( 'NONE', *, *, #2847, .F. );
#4663=LINE ( 'NONE', #3407, #401 );
#4664=AXIS2_PLACEMENT_3D ( 'NONE', #2578, #124, #256 );
#4665=EDGE_CURVE ( 'NONE', #983, #2855, #1956, .T. );
#4666=STYLED_ITEM ( 'NONE', ( #40 ), #4286 );
#4667=EDGE_LOOP ( 'NONE', ( #3704, #4820, #5065, #3108, #1622, #4784, #4491, #4393, #4949, #1115 ) );
#4668=CARTESIAN_POINT ( 'NONE',  ( 2.449999999999999734, 0.1499999999625044045, -1.300000000000000044 ) );
#4669=ORIENTED_EDGE ( 'NONE', *, *, #817, .F. );
#4670=PLANE ( 'NONE',  #4769 );
#4671=PRESENTATION_LAYER_ASSIGNMENT (  '', '', ( #2203 ) );
#4672=CARTESIAN_POINT ( 'NONE',  ( 0.9500000000000002887, 0.1499999999906318493, -2.199999999999999734 ) );
#4673=EDGE_CURVE ( 'NONE', #3700, #4889, #3058, .T. );
#4674=ORIENTED_EDGE ( 'NONE', *, *, #4526, .T. );
#4675=ORIENTED_EDGE ( 'NONE', *, *, #1682, .T. );
#4676=MECHANICAL_DESIGN_GEOMETRIC_PRESENTATION_REPRESENTATION (  '', ( #492 ), #2290 );
#4677=EDGE_CURVE ( 'NONE', #4628, #4362, #3884, .T. );
#4678=STYLED_ITEM ( 'NONE', ( #108 ), #4608 );
#4679=ORIENTED_EDGE ( 'NONE', *, *, #4137, .T. );
#4680=MECHANICAL_DESIGN_GEOMETRIC_PRESENTATION_REPRESENTATION (  '', ( #4848 ), #2606 );
#4681=CARTESIAN_POINT ( 'NONE',  ( -1.430100000000000815, 1.200000000035991166, 1.299968992277986901 ) );
#4682=ORIENTED_EDGE ( 'NONE', *, *, #2515, .F. );
#4683=AXIS2_PLACEMENT_3D ( 'NONE', #3790, #27, #122 );
#4684=FACE_OUTER_BOUND ( 'NONE', #428, .T. );
#4685=EDGE_CURVE ( 'NONE', #1395, #117, #2751, .T. );
#4686=PLANE ( 'NONE',  #2043 );
#4687=AXIS2_PLACEMENT_3D ( 'NONE', #2822, #302, #52 );
#4688=ORIENTED_EDGE ( 'NONE', *, *, #3746, .F. );
#4689=AXIS2_PLACEMENT_3D ( 'NONE', #4160, #3118, #455 );
#4690=ADVANCED_FACE ( 'NONE', ( #3078 ), #1123, .T. );
#4691=ORIENTED_EDGE ( 'NONE', *, *, #1904, .T. );
#4692=EDGE_LOOP ( 'NONE', ( #1279, #2743, #524, #269, #2768, #4196, #1136, #4735, #4843, #420, #1689, #2233 ) );
#4693=AXIS2_PLACEMENT_3D ( 'NONE', #1335, #27, #122 );
#4694=CARTESIAN_POINT ( 'NONE',  ( 3.350000000000000089, 0.7000000000117158061, 0.8000000000023468338 ) );
#4695=CARTESIAN_POINT ( 'NONE',  ( -3.400000000000000355, 0.2000000000333287120, 1.299900000000000055 ) );
#4696=FACE_OUTER_BOUND ( 'NONE', #3962, .T. );
#4697=AXIS2_PLACEMENT_3D ( 'NONE', #1824, #27, #122 );
#4698=CARTESIAN_POINT ( 'NONE',  ( 1.400000000089688168, 1.199999999999990852, 2.599999999894065272 ) );
#4699=ORIENTED_EDGE ( 'NONE', *, *, #2732, .F. );
#4700=PRESENTATION_LAYER_ASSIGNMENT (  '', '', ( #4098 ) );
#4701=MECHANICAL_DESIGN_GEOMETRIC_PRESENTATION_REPRESENTATION (  '', ( #2790 ), #3031 );
#4702=ORIENTED_EDGE ( 'NONE', *, *, #414, .F. );
#4703=CARTESIAN_POINT ( 'NONE',  ( -2.719999999692154002, 1.400000000000004352, -1.299999999924378979 ) );
#4704=ORIENTED_EDGE ( 'NONE', *, *, #1503, .T. );
#4705=ADVANCED_FACE ( 'NONE', ( #3485 ), #215, .F. );
#4706=STYLED_ITEM ( 'NONE', ( #108 ), #2967 );
#4707=ORIENTED_EDGE ( 'NONE', *, *, #1642, .T. );
#4708=ADVANCED_FACE ( 'NONE', ( #3564 ), #1678, .F. );
#4709=MANIFOLD_SOLID_BREP ( '��� - �����o��13', #1651 );
#4710=ORIENTED_EDGE ( 'NONE', *, *, #1734, .F. );
#4711=( GEOMETRIC_REPRESENTATION_CONTEXT ( 3 ) GLOBAL_UNCERTAINTY_ASSIGNED_CONTEXT ( ( #73 ) ) GLOBAL_UNIT_ASSIGNED_CONTEXT ( ( #54, #16, #61 ) ) REPRESENTATION_CONTEXT ( 'NONE', 'WORKASPACE' ) );
#4712=ORIENTED_EDGE ( 'NONE', *, *, #1175, .F. );
#4713=MECHANICAL_DESIGN_GEOMETRIC_PRESENTATION_REPRESENTATION (  '', ( #3904 ), #613 );
#4714=ORIENTED_EDGE ( 'NONE', *, *, #1726, .F. );
#4715=ORIENTED_EDGE ( 'NONE', *, *, #3158, .T. );
#4716=DIRECTION ( 'NONE',  ( -1.745741680554691428E-15, 1.000000000000000000, 1.745741680554698330E-15 ) );
#4717=MECHANICAL_DESIGN_GEOMETRIC_PRESENTATION_REPRESENTATION (  '', ( #1910 ), #4570 );
#4718=ADVANCED_FACE ( 'NONE', ( #4312 ), #364, .T. );
#4719=AXIS2_PLACEMENT_3D ( 'NONE', #1356, #302, #52 );
#4720=ORIENTED_EDGE ( 'NONE', *, *, #3543, .T. );
#4721=PLANE ( 'NONE',  #2364 );
#4722=CARTESIAN_POINT ( 'NONE',  ( 0.3000000000000023759, 0.09999999999999049927, 2.800000000000002043 ) );
#4723=ORIENTED_EDGE ( 'NONE', *, *, #426, .T. );
#4724=EDGE_CURVE ( 'NONE', #3233, #3700, #4825, .T. );
#4725=FACE_OUTER_BOUND ( 'NONE', #2770, .T. );
#4726=ORIENTED_EDGE ( 'NONE', *, *, #745, .F. );
#4727=FACE_OUTER_BOUND ( 'NONE', #2214, .T. );
#4728=EDGE_LOOP ( 'NONE', ( #4597, #4122, #4892, #1652 ) );
#4729=ORIENTED_EDGE ( 'NONE', *, *, #992, .T. );
#4730=LINE ( 'NONE', #1660, #5092 );
#4731=EDGE_CURVE ( 'NONE', #1027, #465, #2944, .T. );
#4732=STYLED_ITEM ( 'NONE', ( #40 ), #3705 );
#4733=EDGE_LOOP ( 'NONE', ( #4455, #2162, #2848, #1168 ) );
#4734=CARTESIAN_POINT ( 'NONE',  ( -3.400000000000000355, 0.2000000000333288508, 0.9000000000000006883 ) );
#4735=ORIENTED_EDGE ( 'NONE', *, *, #4850, .F. );
#4736=EDGE_CURVE ( 'NONE', #4761, #2063, #4038, .T. );
#4737=PRODUCT_DEFINITION ( 'UNKNOWN', '', #2845, #871 );
#4738=DIRECTION ( 'NONE',  ( -1.215414851895496253E-10, 3.491483361109382855E-15, -1.000000000000000000 ) );
#4739=CARTESIAN_POINT ( 'NONE',  ( -3.150000000000000355, 1.299999999976720888, 0.7500000000000045519 ) );
#4740=ORIENTED_EDGE ( 'NONE', *, *, #4224, .F. );
#4741=EDGE_CURVE ( 'NONE', #2823, #803, #4013, .T. );
#4742=CARTESIAN_POINT ( 'NONE',  ( -3.350000000000000089, 0.6999999999999954037, 1.249999999996877165 ) );
#4743=PLANE ( 'NONE',  #4181 );
#4744=CARTESIAN_POINT ( 'NONE',  ( -1.125300120096095924, 4.888076705553125939E-16, -0.1399999999999997080 ) );
#4745=ORIENTED_EDGE ( 'NONE', *, *, #2924, .T. );
#4746=EDGE_CURVE ( 'NONE', #2908, #4403, #1423, .T. );
#4747=VECTOR ( 'NONE', #1463, 1000.000000000000227 );
#4748=FACE_OUTER_BOUND ( 'NONE', #1432, .T. );
#4749=LINE ( 'NONE', #4103, #351 );
#4750=EDGE_LOOP ( 'NONE', ( #2052, #2572, #3416, #4176 ) );
#4751=( GEOMETRIC_REPRESENTATION_CONTEXT ( 3 ) GLOBAL_UNCERTAINTY_ASSIGNED_CONTEXT ( ( #73 ) ) GLOBAL_UNIT_ASSIGNED_CONTEXT ( ( #54, #16, #61 ) ) REPRESENTATION_CONTEXT ( 'NONE', 'WORKASPACE' ) );
#4752=EDGE_LOOP ( 'NONE', ( #2806, #4712, #1482, #3494 ) );
#4753=EDGE_CURVE ( 'NONE', #671, #3418, #2968, .T. );
#4754=CARTESIAN_POINT ( 'NONE',  ( -1.430100000000000815, 0.000000000000000000, 0.000000000000000000 ) );
#4755=ORIENTED_EDGE ( 'NONE', *, *, #4033, .T. );
#4756=ORIENTED_EDGE ( 'NONE', *, *, #1573, .T. );
#4757=( GEOMETRIC_REPRESENTATION_CONTEXT ( 3 ) GLOBAL_UNCERTAINTY_ASSIGNED_CONTEXT ( ( #73 ) ) GLOBAL_UNIT_ASSIGNED_CONTEXT ( ( #54, #16, #61 ) ) REPRESENTATION_CONTEXT ( 'NONE', 'WORKASPACE' ) );
#4758=MECHANICAL_DESIGN_GEOMETRIC_PRESENTATION_REPRESENTATION (  '', ( #4148 ), #668 );
#4759=STYLED_ITEM ( 'NONE', ( #40 ), #5024 );
#4760=AXIS2_PLACEMENT_3D ( 'NONE', #2046, #264, #3457 );
#4761=VERTEX_POINT ( 'NONE', #438 );
#4762=STYLED_ITEM ( 'NONE', ( #108 ), #3560 );
#4763=VERTEX_POINT ( 'NONE', #3660 );
#4764=FACE_OUTER_BOUND ( 'NONE', #4096, .T. );
#4765=( GEOMETRIC_REPRESENTATION_CONTEXT ( 3 ) GLOBAL_UNCERTAINTY_ASSIGNED_CONTEXT ( ( #73 ) ) GLOBAL_UNIT_ASSIGNED_CONTEXT ( ( #54, #16, #61 ) ) REPRESENTATION_CONTEXT ( 'NONE', 'WORKASPACE' ) );
#4766=VERTEX_POINT ( 'NONE', #3686 );
#4767=VECTOR ( 'NONE', #581, 1000.000000000000000 );
#4768=VERTEX_POINT ( 'NONE', #150 );
#4769=AXIS2_PLACEMENT_3D ( 'NONE', #2929, #27, #122 );
#4770=EDGE_CURVE ( 'NONE', #4145, #740, #554, .T. );
#4771=CIRCLE ( 'NONE', #1886, 0.05000000000000005135 );
#4772=LINE ( 'NONE', #1453, #658 );
#4773=EDGE_CURVE ( 'NONE', #3335, #983, #2598, .T. );
#4774=MECHANICAL_DESIGN_GEOMETRIC_PRESENTATION_REPRESENTATION (  '', ( #1566 ), #2045 );
#4775=DIRECTION ( 'NONE',  ( 2.864900928940194805E-10, 3.491483361109382855E-15, -1.000000000000000000 ) );
#4776=VERTEX_POINT ( 'NONE', #1362 );
#4777=AXIS2_PLACEMENT_3D ( 'NONE', #4029, #302, #52 );
#4778=( GEOMETRIC_REPRESENTATION_CONTEXT ( 3 ) GLOBAL_UNCERTAINTY_ASSIGNED_CONTEXT ( ( #73 ) ) GLOBAL_UNIT_ASSIGNED_CONTEXT ( ( #54, #16, #61 ) ) REPRESENTATION_CONTEXT ( 'NONE', 'WORKASPACE' ) );
#4779=ORIENTED_EDGE ( 'NONE', *, *, #3551, .T. );
#4780=CARTESIAN_POINT ( 'NONE',  ( 0.09999999999999982514, 1.199999999999990186, 2.800000000000003819 ) );
#4781=EDGE_CURVE ( 'NONE', #4017, #4812, #1755, .T. );
#4782=CARTESIAN_POINT ( 'NONE',  ( -3.149999999968750686, 1.300000000102377928, -1.249999999978901766 ) );
#4783=VERTEX_POINT ( 'NONE', #4080 );
#4784=ORIENTED_EDGE ( 'NONE', *, *, #1220, .F. );
#4785=MECHANICAL_DESIGN_GEOMETRIC_PRESENTATION_REPRESENTATION (  '', ( #2544 ), #2220 );
#4786=ADVANCED_FACE ( 'NONE', ( #1811 ), #586, .T. );
#4787=CARTESIAN_POINT ( 'NONE',  ( -3.050000000000000266, 1.099999999999997202, 0.7500000000000035527 ) );
#4788=ORIENTED_EDGE ( 'NONE', *, *, #3121, .T. );
#4789=PRESENTATION_LAYER_ASSIGNMENT (  '', '', ( #2545 ) );
#4790=VERTEX_POINT ( 'NONE', #3073 );
#4791=CARTESIAN_POINT ( 'NONE',  ( 2.449999999999999734, 0.1499999999906318493, -2.199999999999999734 ) );
#4792=ORIENTED_EDGE ( 'NONE', *, *, #1067, .F. );
#4793=AXIS2_PLACEMENT_3D ( 'NONE', #1252, #122, #1765 );
#4794=CARTESIAN_POINT ( 'NONE',  ( 0.9299999994093756106, 1.400000000000004352, -1.299999999999995159 ) );
#4795=EDGE_CURVE ( 'NONE', #408, #238, #1088, .T. );
#4796=PRESENTATION_LAYER_ASSIGNMENT (  '', '', ( #1148 ) );
#4797=VERTEX_POINT ( 'NONE', #636 );
#4798=VECTOR ( 'NONE', #730, 1000.000000000000000 );
#4799=ORIENTED_EDGE ( 'NONE', *, *, #3386, .F. );
#4800=PLANE ( 'NONE',  #4931 );
#4801=CARTESIAN_POINT ( 'NONE',  ( -3.350000000000000089, 0.7000000000117215793, -0.8000000000046848525 ) );
#4802=EDGE_CURVE ( 'NONE', #3128, #4060, #2744, .T. );
#4803=DIRECTION ( 'NONE',  ( -0.9551363834789752261, -0.000000000000000000, 0.2961663197507509726 ) );
#4804=VERTEX_POINT ( 'NONE', #4144 );
#4805=ADVANCED_FACE ( 'NONE', ( #3020 ), #3461, .T. );
#4806=CARTESIAN_POINT ( 'NONE',  ( -3.850000000000000533, 0.2000000000666620759, 0.9000000000000010214 ) );
#4807=AXIS2_PLACEMENT_3D ( 'NONE', #4994, #3118, #455 );
#4808=VECTOR ( 'NONE', #944, 1000.000000000000000 );
#4809=PLANE ( 'NONE',  #1819 );
#4810=LINE ( 'NONE', #4180, #503 );
#4811=LINE ( 'NONE', #799, #1236 );
#4812=VERTEX_POINT ( 'NONE', #664 );
#4813=PRESENTATION_LAYER_ASSIGNMENT (  '', '', ( #3290 ) );
#4814=VERTEX_POINT ( 'NONE', #2260 );
#4815=DIRECTION ( 'NONE',  ( -0.4472135954161053362, 0.8944271910418420957, 3.151654685951786507E-15 ) );
#4816=EDGE_CURVE ( 'NONE', #4609, #2725, #2706, .T. );
#4817=ORIENTED_EDGE ( 'NONE', *, *, #3114, .T. );
#4818=VERTEX_POINT ( 'NONE', #4496 );
#4819=FACE_OUTER_BOUND ( 'NONE', #1061, .T. );
#4820=ORIENTED_EDGE ( 'NONE', *, *, #3788, .F. );
#4821=ADVANCED_FACE ( 'NONE', ( #2301 ), #3857, .F. );
#4822=CIRCLE ( 'NONE', #178, 0.1999999999999987899 );
#4823=EDGE_LOOP ( 'NONE', ( #746, #2054, #3325, #647 ) );
#4824=EDGE_CURVE ( 'NONE', #4889, #2124, #1954, .T. );
#4825=LINE ( 'NONE', #940, #351 );
#4826=ORIENTED_EDGE ( 'NONE', *, *, #4824, .T. );
#4827=LINE ( 'NONE', #3342, #11 );
#4828=CARTESIAN_POINT ( 'NONE',  ( -1.874699879903904076, 4.888076705553128898E-16, -0.1399999999999997913 ) );
#4829=DIRECTION ( 'NONE',  ( -0.9551363834789751150, 0.000000000000000000, 0.2961663197507513612 ) );
#4830=CARTESIAN_POINT ( 'NONE',  ( 3.149999999999999467, 0.2500000000333307826, -1.299999999999999822 ) );
#4831=ORIENTED_EDGE ( 'NONE', *, *, #4003, .T. );
#4832=CARTESIAN_POINT ( 'NONE',  ( 3.149999999999999911, 1.303599999999995651, 1.250000000000004219 ) );
#4833=AXIS2_PLACEMENT_3D ( 'NONE', #4084, #536, #2176 );
#4834=CARTESIAN_POINT ( 'NONE',  ( -3.150000000003827960, 1.300000000017465851, 0.8000000000000048184 ) );
#4835=FACE_OUTER_BOUND ( 'NONE', #2307, .T. );
#4836=VERTEX_POINT ( 'NONE', #1588 );
#4837=CARTESIAN_POINT ( 'NONE',  ( 2.449999999999999734, 0.1500000000000045464, -1.300000000000000044 ) );
#4838=ADVANCED_FACE ( 'NONE', ( #1167 ), #742, .F. );
#4839=FACE_OUTER_BOUND ( 'NONE', #4692, .T. );
#4840=EDGE_CURVE ( 'NONE', #4509, #3021, #3557, .T. );
#4841=ORIENTED_EDGE ( 'NONE', *, *, #4598, .F. );
#4842=FACE_OUTER_BOUND ( 'NONE', #2901, .T. );
#4843=ORIENTED_EDGE ( 'NONE', *, *, #3708, .F. );
#4844=LINE ( 'NONE', #438, #401 );
#4845=PRESENTATION_LAYER_ASSIGNMENT (  '', '', ( #579 ) );
#4846=VERTEX_POINT ( 'NONE', #770 );
#4847=EDGE_LOOP ( 'NONE', ( #1554, #489, #1630, #3143 ) );
#4848=STYLED_ITEM ( 'NONE', ( #40 ), #4709 );
#4849=CARTESIAN_POINT ( 'NONE',  ( -3.149999999981250465, 1.300000000114065246, -0.8000000000007770895 ) );
#4850=EDGE_CURVE ( 'NONE', #2882, #3630, #4618, .T. );
#4851=( GEOMETRIC_REPRESENTATION_CONTEXT ( 3 ) GLOBAL_UNCERTAINTY_ASSIGNED_CONTEXT ( ( #73 ) ) GLOBAL_UNIT_ASSIGNED_CONTEXT ( ( #54, #16, #61 ) ) REPRESENTATION_CONTEXT ( 'NONE', 'WORKASPACE' ) );
#4852=ORIENTED_EDGE ( 'NONE', *, *, #224, .T. );
#4853=CARTESIAN_POINT ( 'NONE',  ( -3.150000000000000355, 1.400000000000004574, -1.249999999971870723 ) );
#4854=( GEOMETRIC_REPRESENTATION_CONTEXT ( 3 ) GLOBAL_UNCERTAINTY_ASSIGNED_CONTEXT ( ( #73 ) ) GLOBAL_UNIT_ASSIGNED_CONTEXT ( ( #54, #16, #61 ) ) REPRESENTATION_CONTEXT ( 'NONE', 'WORKASPACE' ) );
#4855=CARTESIAN_POINT ( 'NONE',  ( 1.199999999924999727, 1.199999999999990186, 2.800000000000003819 ) );
#4856=MECHANICAL_DESIGN_GEOMETRIC_PRESENTATION_REPRESENTATION (  '', ( #5012 ), #1958 );
#4857=ORIENTED_EDGE ( 'NONE', *, *, #41, .T. );
#4858=LINE ( 'NONE', #1489, #11 );
#4859=CARTESIAN_POINT ( 'NONE',  ( -1.430000000000000604, 1.199999999972995557, 1.300000000000000266 ) );
#4860=CARTESIAN_POINT ( 'NONE',  ( -3.150000000000000355, 1.399999999999997913, 0.8000000000125047084 ) );
#4861=MECHANICAL_DESIGN_GEOMETRIC_PRESENTATION_REPRESENTATION (  '', ( #4311 ), #3730 );
#4862=ORIENTED_EDGE ( 'NONE', *, *, #160, .F. );
#4863=ORIENTED_EDGE ( 'NONE', *, *, #4048, .T. );
#4864=AXIS2_PLACEMENT_3D ( 'NONE', #245, #1532, #970 );
#4865=ORIENTED_EDGE ( 'NONE', *, *, #3621, .F. );
#4866=PLANE ( 'NONE',  #4506 );
#4867=MECHANICAL_DESIGN_GEOMETRIC_PRESENTATION_REPRESENTATION (  '', ( #2310 ), #4559 );
#4868=ADVANCED_FACE ( 'NONE', ( #1654 ), #3223, .F. );
#4869=ORIENTED_EDGE ( 'NONE', *, *, #4360, .F. );
#4870=EDGE_CURVE ( 'NONE', #314, #4034, #2394, .T. );
#4871=AXIS2_PLACEMENT_3D ( 'NONE', #4877, #2575, #3817 );
#4872=VERTEX_POINT ( 'NONE', #443 );
#4873=CARTESIAN_POINT ( 'NONE',  ( 0.9300000000000002709, 1.400000000000003908, -1.299999999999995159 ) );
#4874=ORIENTED_EDGE ( 'NONE', *, *, #1298, .T. );
#4875=CARTESIAN_POINT ( 'NONE',  ( -3.050000000000000266, 1.399999999999995470, 1.300000000018755264 ) );
#4876=ADVANCED_FACE ( 'NONE', ( #1698 ), #4686, .F. );
#4877=CARTESIAN_POINT ( 'NONE',  ( -2.850000000000000533, 1.400000000000002798, -0.7999999999999950484 ) );
#4878=STYLED_ITEM ( 'NONE', ( #40 ), #632 );
#4879=LINE ( 'NONE', #2929, #2215 );
#4880=EDGE_CURVE ( 'NONE', #1447, #935, #4056, .T. );
#4881=VECTOR ( 'NONE', #3285, 1000.000000000000000 );
#4882=ORIENTED_EDGE ( 'NONE', *, *, #516, .F. );
#4883=PLANE ( 'NONE',  #969 );
#4884=EDGE_CURVE ( 'NONE', #603, #3842, #2594, .T. );
#4885=ORIENTED_EDGE ( 'NONE', *, *, #1932, .T. );
#4886=( GEOMETRIC_REPRESENTATION_CONTEXT ( 3 ) GLOBAL_UNCERTAINTY_ASSIGNED_CONTEXT ( ( #73 ) ) GLOBAL_UNIT_ASSIGNED_CONTEXT ( ( #54, #16, #61 ) ) REPRESENTATION_CONTEXT ( 'NONE', 'WORKASPACE' ) );
#4887=( GEOMETRIC_REPRESENTATION_CONTEXT ( 3 ) GLOBAL_UNCERTAINTY_ASSIGNED_CONTEXT ( ( #73 ) ) GLOBAL_UNIT_ASSIGNED_CONTEXT ( ( #54, #16, #61 ) ) REPRESENTATION_CONTEXT ( 'NONE', 'WORKASPACE' ) );
#4888=VERTEX_POINT ( 'NONE', #2164 );
#4889=VERTEX_POINT ( 'NONE', #1773 );
#4890=DIRECTION ( 'NONE',  ( -0.000000000000000000, 3.491483361109382066E-15, -1.000000000000000000 ) );
#4891=LINE ( 'NONE', #1524, #65 );
#4892=ORIENTED_EDGE ( 'NONE', *, *, #2638, .T. );
#4893=CARTESIAN_POINT ( 'NONE',  ( -0.9300000004249997509, 1.399999999999995470, 1.300000000000005151 ) );
#4894=EDGE_CURVE ( 'NONE', #4336, #3879, #548, .T. );
#4895=ORIENTED_EDGE ( 'NONE', *, *, #1605, .T. );
#4896=LINE ( 'NONE', #3441, #567 );
#4897=EDGE_CURVE ( 'NONE', #2778, #3233, #3703, .T. );
#4898=CARTESIAN_POINT ( 'NONE',  ( 3.349999999999999645, 0.2500000000333291728, 1.299900000000000055 ) );
#4899=ORIENTED_EDGE ( 'NONE', *, *, #2836, .T. );
#4900=CARTESIAN_POINT ( 'NONE',  ( 0.4000000000000011879, 4.399269034997820741E-15, -1.259999999999999565 ) );
#4901=ADVANCED_FACE ( 'NONE', ( #3655 ), #2918, .F. );
#4902=ADVANCED_FACE ( 'NONE', ( #3735 ), #144, .F. );
#4903=CARTESIAN_POINT ( 'NONE',  ( -1.430000000000000604, 1.399999999999995470, 1.099999999866671629 ) );
#4904=ORIENTED_EDGE ( 'NONE', *, *, #967, .F. );
#4905=PRESENTATION_LAYER_ASSIGNMENT (  '', '', ( #1257 ) );
#4906=DIRECTION ( 'NONE',  ( 2.968740704368774715E-10, -1.000000000000000000, -4.336808689521908283E-15 ) );
#4907=PLANE ( 'NONE',  #661 );
#4908=ADVANCED_FACE ( 'NONE', ( #3809 ), #1858, .F. );
#4909=DIRECTION ( 'NONE',  ( 0.4472135954999573726, 0.8944271909999161885, -0.000000000000000000 ) );
#4910=EDGE_LOOP ( 'NONE', ( #913, #2087, #3671, #2032, #1265, #2663, #3302 ) );
#4911=EDGE_CURVE ( 'NONE', #719, #3133, #3013, .T. );
#4912=ORIENTED_EDGE ( 'NONE', *, *, #2985, .T. );
#4913=VERTEX_POINT ( 'NONE', #3041 );
#4914=ORIENTED_EDGE ( 'NONE', *, *, #2383, .T. );
#4915=STYLED_ITEM ( 'NONE', ( #193 ), #4194 );
#4916=ORIENTED_EDGE ( 'NONE', *, *, #1175, .T. );
#4917=DIRECTION ( 'NONE',  ( 0.000000000000000000, 0.7071067810860615088, 0.7071067812870336367 ) );
#4918=ORIENTED_EDGE ( 'NONE', *, *, #731, .F. );
#4919=CARTESIAN_POINT ( 'NONE',  ( 3.349999999989259791, 0.9000000000214840590, -1.249999999999996003 ) );
#4920=CIRCLE ( 'NONE', #575, 0.05000000000000005135 );
#4921=AXIS2_PLACEMENT_3D ( 'NONE', #393, #52, #214 );
#4922=( GEOMETRIC_REPRESENTATION_CONTEXT ( 3 ) GLOBAL_UNCERTAINTY_ASSIGNED_CONTEXT ( ( #73 ) ) GLOBAL_UNIT_ASSIGNED_CONTEXT ( ( #54, #16, #61 ) ) REPRESENTATION_CONTEXT ( 'NONE', 'WORKASPACE' ) );
#4923=VECTOR ( 'NONE', #1130, 1000.000000000000000 );
#4924=CARTESIAN_POINT ( 'NONE',  ( 0.09999999999999982514, 1.199999999972995557, 0.9500000000000000666 ) );
#4925=ORIENTED_EDGE ( 'NONE', *, *, #3927, .F. );
#4926=CARTESIAN_POINT ( 'NONE',  ( 1.297600000000000309, -0.4999999999999991673, -0.2024000000000016619 ) );
#4927=( GEOMETRIC_REPRESENTATION_CONTEXT ( 3 ) GLOBAL_UNCERTAINTY_ASSIGNED_CONTEXT ( ( #73 ) ) GLOBAL_UNIT_ASSIGNED_CONTEXT ( ( #54, #16, #61 ) ) REPRESENTATION_CONTEXT ( 'NONE', 'WORKASPACE' ) );
#4928=EDGE_CURVE ( 'NONE', #4088, #2242, #4004, .T. );
#4929=PRESENTATION_LAYER_ASSIGNMENT (  '', '', ( #4848 ) );
#4930=DIRECTION ( 'NONE',  ( 0.9551363832436179369, -1.060723541987326753E-15, 0.2961663205097780915 ) );
#4931=AXIS2_PLACEMENT_3D ( 'NONE', #1247, #52, #214 );
#4932=FACE_OUTER_BOUND ( 'NONE', #574, .T. );
#4933=ORIENTED_EDGE ( 'NONE', *, *, #2690, .T. );
#4934=CARTESIAN_POINT ( 'NONE',  ( 1.400000000065625194, 0.7999999999062450406, 1.410000000031252920 ) );
#4935=ORIENTED_EDGE ( 'NONE', *, *, #5081, .F. );
#4936=( GEOMETRIC_REPRESENTATION_CONTEXT ( 3 ) GLOBAL_UNCERTAINTY_ASSIGNED_CONTEXT ( ( #73 ) ) GLOBAL_UNIT_ASSIGNED_CONTEXT ( ( #54, #16, #61 ) ) REPRESENTATION_CONTEXT ( 'NONE', 'WORKASPACE' ) );
#4937=ORIENTED_EDGE ( 'NONE', *, *, #1170, .T. );
#4938=VECTOR ( 'NONE', #3137, 1000.000000000000000 );
#4939=ORIENTED_EDGE ( 'NONE', *, *, #4577, .T. );
#4940=EDGE_CURVE ( 'NONE', #4273, #4238, #4891, .T. );
#4941=STYLED_ITEM ( 'NONE', ( #40 ), #2617 );
#4942=ORIENTED_EDGE ( 'NONE', *, *, #3301, .F. );
#4943=ORIENTED_EDGE ( 'NONE', *, *, #4331, .F. );
#4944=ADVANCED_FACE ( 'NONE', ( #4842 ), #2341, .F. );
#4945=FACE_OUTER_BOUND ( 'NONE', #815, .T. );
#4946=PRESENTATION_LAYER_ASSIGNMENT (  '', '', ( #4245 ) );
#4947=MECHANICAL_DESIGN_GEOMETRIC_PRESENTATION_REPRESENTATION (  '', ( #3337 ), #1656 );
#4948=VECTOR ( 'NONE', #4906, 1000.000000000000000 );
#4949=ORIENTED_EDGE ( 'NONE', *, *, #919, .F. );
#4950=CARTESIAN_POINT ( 'NONE',  ( 3.149999999999999911, 0.2000000000358032048, -0.8999999999999995781 ) );
#4951=VERTEX_POINT ( 'NONE', #175 );
#4952=AXIS2_PLACEMENT_3D ( 'NONE', #3751, #187, #295 );
#4953=LINE ( 'NONE', #1596, #260 );
#4954=EDGE_CURVE ( 'NONE', #4362, #3039, #3784, .T. );
#4955=MECHANICAL_DESIGN_GEOMETRIC_PRESENTATION_REPRESENTATION (  '', ( #1148 ), #4565 );
#4956=EDGE_CURVE ( 'NONE', #3021, #1277, #5008, .T. );
#4957=ORIENTED_EDGE ( 'NONE', *, *, #5081, .T. );
#4958=ORIENTED_EDGE ( 'NONE', *, *, #2728, .F. );
#4959=ORIENTED_EDGE ( 'NONE', *, *, #2629, .F. );
#4960=CARTESIAN_POINT ( 'NONE',  ( 3.149999999999999911, 0.7000000000000041744, -1.249999999999997558 ) );
#4961=EDGE_CURVE ( 'NONE', #2092, #2618, #1650, .T. );
#4962=FACE_OUTER_BOUND ( 'NONE', #4516, .T. );
#4963=AXIS2_PLACEMENT_3D ( 'NONE', #576, #214, #45 );
#4964=ORIENTED_EDGE ( 'NONE', *, *, #3386, .T. );
#4965=CARTESIAN_POINT ( 'NONE',  ( 3.400000000000002132, 3.332876897371977056E-11, 0.9000000001875003708 ) );
#4966=ORIENTED_EDGE ( 'NONE', *, *, #2895, .F. );
#4967=EDGE_CURVE ( 'NONE', #4763, #1644, #4651, .T. );
#4968=ORIENTED_EDGE ( 'NONE', *, *, #284, .T. );
#4969=STYLED_ITEM ( 'NONE', ( #40 ), #1367 );
#4970=DIRECTION ( 'NONE',  ( 0.000000000000000000, 1.350026860948024320E-10, -1.000000000000000000 ) );
#4971=CARTESIAN_POINT ( 'NONE',  ( 3.150000000040781512, 1.199999999949216134, 0.7499999998500040954 ) );
#4972=STYLED_ITEM ( 'NONE', ( #193 ), #3726 );
#4973=ORIENTED_EDGE ( 'NONE', *, *, #2983, .T. );
#4974=LINE ( 'NONE', #2251, #341 );
#4975=FACE_OUTER_BOUND ( 'NONE', #2887, .T. );
#4976=ORIENTED_EDGE ( 'NONE', *, *, #4781, .F. );
#4977=ORIENTED_EDGE ( 'NONE', *, *, #2414, .F. );
#4978=EDGE_CURVE ( 'NONE', #1870, #3460, #3520, .T. );
#4979=ORIENTED_EDGE ( 'NONE', *, *, #3516, .T. );
#4980=( GEOMETRIC_REPRESENTATION_CONTEXT ( 3 ) GLOBAL_UNCERTAINTY_ASSIGNED_CONTEXT ( ( #73 ) ) GLOBAL_UNIT_ASSIGNED_CONTEXT ( ( #54, #16, #61 ) ) REPRESENTATION_CONTEXT ( 'NONE', 'WORKASPACE' ) );
#4981=CARTESIAN_POINT ( 'NONE',  ( 2.849999999993750421, 1.399999999999997691, 0.8000000000000051514 ) );
#4982=EDGE_CURVE ( 'NONE', #2388, #2667, #434, .T. );
#4983=ORIENTED_EDGE ( 'NONE', *, *, #3500, .F. );
#4984=CYLINDRICAL_SURFACE ( 'NONE', #1059, 0.3000000000000000444 );
#4985=FACE_OUTER_BOUND ( 'NONE', #2620, .T. );
#4986=AXIS2_PLACEMENT_3D ( 'NONE', #1122, #259, #2658 );
#4987=ORIENTED_EDGE ( 'NONE', *, *, #884, .T. );
#4988=MECHANICAL_DESIGN_GEOMETRIC_PRESENTATION_REPRESENTATION (  '', ( #4666 ), #2917 );
#4989=CARTESIAN_POINT ( 'NONE',  ( -1.500000000000000000, -0.3000000000000015432, 0.3999999999999993006 ) );
#4990=PRESENTATION_LAYER_ASSIGNMENT (  '', '', ( #4231 ) );
#4991=MECHANICAL_DESIGN_GEOMETRIC_PRESENTATION_REPRESENTATION (  '', ( #201 ), #4996 );
#4992=EDGE_CURVE ( 'NONE', #1717, #2615, #4591, .T. );
#4993=PLANE ( 'NONE',  #4523 );
#4994=CARTESIAN_POINT ( 'NONE',  ( 3.149999999999999911, 1.299999999999997158, 0.8000000000000047073 ) );
#4995=LINE ( 'NONE', #2645, #266 );
#4996=( GEOMETRIC_REPRESENTATION_CONTEXT ( 3 ) GLOBAL_UNCERTAINTY_ASSIGNED_CONTEXT ( ( #73 ) ) GLOBAL_UNIT_ASSIGNED_CONTEXT ( ( #54, #16, #61 ) ) REPRESENTATION_CONTEXT ( 'NONE', 'WORKASPACE' ) );
#4997=CARTESIAN_POINT ( 'NONE',  ( -3.350000000000000089, 0.6999999999999962919, 0.8000000000000025979 ) );
#4998=FACE_OUTER_BOUND ( 'NONE', #1924, .T. );
#4999=STYLED_ITEM ( 'NONE', ( #40 ), #5039 );
#5000=ORIENTED_EDGE ( 'NONE', *, *, #1627, .F. );
#5001=MECHANICAL_DESIGN_GEOMETRIC_PRESENTATION_REPRESENTATION (  '', ( #210 ), #100 );
#5002=EDGE_CURVE ( 'NONE', #233, #3442, #203, .T. );
#5003=( GEOMETRIC_REPRESENTATION_CONTEXT ( 3 ) GLOBAL_UNCERTAINTY_ASSIGNED_CONTEXT ( ( #73 ) ) GLOBAL_UNIT_ASSIGNED_CONTEXT ( ( #54, #16, #61 ) ) REPRESENTATION_CONTEXT ( 'NONE', 'WORKASPACE' ) );
#5004=ORIENTED_EDGE ( 'NONE', *, *, #5071, .T. );
#5005=ORIENTED_EDGE ( 'NONE', *, *, #3377, .T. );
#5006=FACE_OUTER_BOUND ( 'NONE', #4823, .T. );
#5007=VECTOR ( 'NONE', #1364, 1000.000000000000000 );
#5008=LINE ( 'NONE', #323, #260 );
#5009=STYLED_ITEM ( 'NONE', ( #108 ), #3080 );
#5010=ORIENTED_EDGE ( 'NONE', *, *, #4387, .F. );
#5011=LINE ( 'NONE', #4875, #266 );
#5012=STYLED_ITEM ( 'NONE', ( #108 ), #1916 );
#5013=AXIS2_PLACEMENT_3D ( 'NONE', #58, #302, #52 );
#5014=AXIS2_PLACEMENT_3D ( 'NONE', #349, #27, #122 );
#5015=EDGE_CURVE ( 'NONE', #2559, #3676, #2005, .T. );
#5016=VERTEX_POINT ( 'NONE', #3164 );
#5017=AXIS2_PLACEMENT_3D ( 'NONE', #3356, #27, #122 );
#5018=MECHANICAL_DESIGN_GEOMETRIC_PRESENTATION_REPRESENTATION (  '', ( #2616 ), #223 );
#5019=EDGE_LOOP ( 'NONE', ( #4937, #2735, #188, #4612 ) );
#5020=ADVANCED_FACE ( 'NONE', ( #3498 ), #2789, .T. );
#5021=CARTESIAN_POINT ( 'NONE',  ( 3.150000000040781512, 1.199999999963978103, -0.7499999999999961142 ) );
#5022=LINE ( 'NONE', #58, #401 );
#5023=( GEOMETRIC_REPRESENTATION_CONTEXT ( 3 ) GLOBAL_UNCERTAINTY_ASSIGNED_CONTEXT ( ( #73 ) ) GLOBAL_UNIT_ASSIGNED_CONTEXT ( ( #54, #16, #61 ) ) REPRESENTATION_CONTEXT ( 'NONE', 'WORKASPACE' ) );
#5024=ADVANCED_FACE ( 'NONE', ( #4962 ), #3897, .F. );
#5025=PLANE ( 'NONE',  #4807 );
#5026=STYLED_ITEM ( 'NONE', ( #108 ), #388 );
#5027=AXIS2_PLACEMENT_3D ( 'NONE', #4536, #52, #214 );
#5028=ORIENTED_EDGE ( 'NONE', *, *, #2292, .F. );
#5029=LINE ( 'NONE', #4668, #351 );
#5030=( GEOMETRIC_REPRESENTATION_CONTEXT ( 3 ) GLOBAL_UNCERTAINTY_ASSIGNED_CONTEXT ( ( #73 ) ) GLOBAL_UNIT_ASSIGNED_CONTEXT ( ( #54, #16, #61 ) ) REPRESENTATION_CONTEXT ( 'NONE', 'WORKASPACE' ) );
#5031=ORIENTED_EDGE ( 'NONE', *, *, #502, .F. );
#5032=VERTEX_POINT ( 'NONE', #1381 );
#5033=ADVANCED_FACE ( 'NONE', ( #4367 ), #2157, .T. );
#5034=EDGE_LOOP ( 'NONE', ( #4195, #1473, #4327, #4600 ) );
#5035=MECHANICAL_DESIGN_GEOMETRIC_PRESENTATION_REPRESENTATION (  '', ( #4404 ), #437 );
#5036=LINE ( 'NONE', #58, #266 );
#5037=EDGE_LOOP ( 'NONE', ( #3116, #1884, #1140, #597 ) );
#5038=VERTEX_POINT ( 'NONE', #2865 );
#5039=ADVANCED_FACE ( 'NONE', ( #4348 ), #3286, .T. );
#5040=LINE ( 'NONE', #2066, #260 );
#5041=MECHANICAL_DESIGN_GEOMETRIC_PRESENTATION_REPRESENTATION (  '', ( #42 ), #2082 );
#5042=LINE ( 'NONE', #1893, #694 );
#5043=ORIENTED_EDGE ( 'NONE', *, *, #2776, .F. );
#5044=ORIENTED_EDGE ( 'NONE', *, *, #4590, .F. );
#5045=EDGE_CURVE ( 'NONE', #3310, #898, #463, .T. );
#5046=PLANE ( 'NONE',  #1836 );
#5047=( GEOMETRIC_REPRESENTATION_CONTEXT ( 3 ) GLOBAL_UNCERTAINTY_ASSIGNED_CONTEXT ( ( #73 ) ) GLOBAL_UNIT_ASSIGNED_CONTEXT ( ( #54, #16, #61 ) ) REPRESENTATION_CONTEXT ( 'NONE', 'WORKASPACE' ) );
#5048=LINE ( 'NONE', #2473, #401 );
#5049=ADVANCED_FACE ( 'NONE', ( #3263 ), #2889, .T. );
#5050=LINE ( 'NONE', #4646, #3674 );
#5051=EDGE_LOOP ( 'NONE', ( #4979, #4057, #3930, #4779 ) );
#5052=PLANE ( 'NONE',  #2998 );
#5053=ORIENTED_EDGE ( 'NONE', *, *, #4992, .F. );
#5054=STYLED_ITEM ( 'NONE', ( #40 ), #3779 );
#5055=ADVANCED_FACE ( 'NONE', ( #3776 ), #1873, .T. );
#5056=ORIENTED_EDGE ( 'NONE', *, *, #4982, .F. );
#5057=ORIENTED_EDGE ( 'NONE', *, *, #578, .F. );
#5058=CARTESIAN_POINT ( 'NONE',  ( 3.149999999999999911, 0.6500000000000027978, -0.7499999999999976685 ) );
#5059=ORIENTED_EDGE ( 'NONE', *, *, #4552, .T. );
#5060=EDGE_CURVE ( 'NONE', #3918, #2487, #2336, .T. );
#5061=FACE_OUTER_BOUND ( 'NONE', #1621, .T. );
#5062=( GEOMETRIC_REPRESENTATION_CONTEXT ( 3 ) GLOBAL_UNCERTAINTY_ASSIGNED_CONTEXT ( ( #73 ) ) GLOBAL_UNIT_ASSIGNED_CONTEXT ( ( #54, #16, #61 ) ) REPRESENTATION_CONTEXT ( 'NONE', 'WORKASPACE' ) );
#5063=FACE_OUTER_BOUND ( 'NONE', #971, .T. );
#5064=ORIENTED_EDGE ( 'NONE', *, *, #2447, .T. );
#5065=ORIENTED_EDGE ( 'NONE', *, *, #1570, .F. );
#5066=LINE ( 'NONE', #2929, #401 );
#5067=VERTEX_POINT ( 'NONE', #2607 );
#5068=LINE ( 'NONE', #1362, #401 );
#5069=EDGE_LOOP ( 'NONE', ( #1838, #907, #3168, #1977 ) );
#5070=PRESENTATION_LAYER_ASSIGNMENT (  '', '', ( #1869 ) );
#5071=EDGE_CURVE ( 'NONE', #4509, #384, #3403, .T. );
#5072=VERTEX_POINT ( 'NONE', #1545 );
#5073=EDGE_LOOP ( 'NONE', ( #3036, #4270, #3339, #2246 ) );
#5074=EDGE_CURVE ( 'NONE', #4436, #4293, #3752, .T. );
#5075=CARTESIAN_POINT ( 'NONE',  ( -3.350000000000000089, 0.2000000000000046740, -0.7499999999999976685 ) );
#5076=ORIENTED_EDGE ( 'NONE', *, *, #4637, .F. );
#5077=( GEOMETRIC_REPRESENTATION_CONTEXT ( 3 ) GLOBAL_UNCERTAINTY_ASSIGNED_CONTEXT ( ( #73 ) ) GLOBAL_UNIT_ASSIGNED_CONTEXT ( ( #54, #16, #61 ) ) REPRESENTATION_CONTEXT ( 'NONE', 'WORKASPACE' ) );
#5078=ORIENTED_EDGE ( 'NONE', *, *, #4928, .T. );
#5079=( GEOMETRIC_REPRESENTATION_CONTEXT ( 3 ) GLOBAL_UNCERTAINTY_ASSIGNED_CONTEXT ( ( #73 ) ) GLOBAL_UNIT_ASSIGNED_CONTEXT ( ( #54, #16, #61 ) ) REPRESENTATION_CONTEXT ( 'NONE', 'WORKASPACE' ) );
#5080=ORIENTED_EDGE ( 'NONE', *, *, #2079, .F. );
#5081=EDGE_CURVE ( 'NONE', #965, #3683, #4133, .T. );
#5082=MECHANICAL_DESIGN_GEOMETRIC_PRESENTATION_REPRESENTATION (  '', ( #843 ), #1710 );
#5083=DIRECTION ( 'NONE',  ( -9.876681162117923874E-16, -1.000000000000000000, -3.185229682395821006E-15 ) );
#5084=CARTESIAN_POINT ( 'NONE',  ( 1.430000000000000604, 1.399999999999996136, 1.100000000000004086 ) );
#5085=PRESENTATION_LAYER_ASSIGNMENT (  '', '', ( #4452 ) );
#5086=ORIENTED_EDGE ( 'NONE', *, *, #4400, .T. );
#5087=CARTESIAN_POINT ( 'NONE',  ( 0.9500000000000002887, 0.1499999999625044045, -2.199999999999999734 ) );
#5088=EDGE_CURVE ( 'NONE', #3879, #1606, #4459, .T. );
#5089=VECTOR ( 'NONE', #3309, 999.9999999999998863 );
#5090=VERTEX_POINT ( 'NONE', #3378 );
#5091=STYLED_ITEM ( 'NONE', ( #40 ), #2161 );
#5092=VECTOR ( 'NONE', #1296, 1000.000000000000000 );
#5093=ORIENTED_EDGE ( 'NONE', *, *, #4911, .T. );
ENDSEC;
END-ISO-10303-21;
