ISO-10303-21;
HEADER;
FILE_DESCRIPTION(('FreeCAD Model'),'2;1');
FILE_NAME('Open CASCADE Shape Model','2026-08-21T11:56:12',('FreeCAD'),(
'FreeCAD'),'Open CASCADE STEP processor 7.8','FreeCAD','Unknown');
FILE_SCHEMA(('AUTOMOTIVE_DESIGN { 1 0 10303 214 1 1 1 1 }'));
ENDSEC;
DATA;
#1=APPLICATION_PROTOCOL_DEFINITION('international standard','automotive_design',2000,#2);
#2=APPLICATION_CONTEXT('core data for automotive mechanical design processes');
#3=SHAPE_DEFINITION_REPRESENTATION(#4,#10);
#4=PRODUCT_DEFINITION_SHAPE('','',#5);
#5=PRODUCT_DEFINITION('design','',#6,#9);
#6=PRODUCT_DEFINITION_FORMATION('','',#7);
#7=PRODUCT('Open CASCADE STEP translator 7.8 10','Open CASCADE STEP translator 7.8 10','',(#8));
#8=PRODUCT_CONTEXT('',#2,'mechanical');
#9=PRODUCT_DEFINITION_CONTEXT('part definition',#2,'design');
#10=SHAPE_REPRESENTATION('',(#11,#15,#12545),#20532);
#11=AXIS2_PLACEMENT_3D('',#12,#13,#14);
#12=CARTESIAN_POINT('',(0.,0.,0.));
#13=DIRECTION('',(0.,0.,1.));
#14=DIRECTION('',(1.,0.,0.));
#15=MANIFOLD_SOLID_BREP('',#16);
#16=CLOSED_SHELL('',(#17,#45,#65,#93,#109,#128,#149,#167,#180,#200,#220,#240,#255,#274,#291,#307,#320,#337,#355,#374,#395,#410,#421,#438,#455,#472,#485,#504,#517,#532,#551,#562,#577,#594,#607,#624,#635,#650,#663,#680,#691,#702,#715,#730,#745,#762,#779,#798,#811,#829,#844,#855,#866,#879,#896,#911,#926,#943,#960,#971,#990,#1007,#1024,#1039,#1054,#1071,#1088,#1103,#1116,#1129,#1144,#1157,#1170,#1181,#1200,#1217,#1232,#1245,#1256,#1267,#1278,#1295,#1310,#1327,#1344,#1355,#1374,#1385,#1402,#1415,#1426,#1441,#1460,#1471,#1480,#1491,#1508,#1523,#1540,#1557,#1568,#1579,#1598,#1609,#1626,#1639,#1648,#1659,#1672,#1683,#1698,#1713,#1732,#1743,#1758,#1767,#1784,#1801,#1818,#1835,#1852,#1875,#1888,#1901,#1916,#1933,#1946,#1963,#1980,#1991,#2010,#2029,#2040,#2051,#2064,#2077,#2096,#2113,#2128,#2139,#2152,#2163,#2172,#2187,#2204,#2217,#2228,#2239,#2256,#2271,#2286,#2303,#2312,#2329,#2340,#2353,#2366,#2381,#2398,#2417,#2430,#2443,#2454,#2464,#2483,#2496,#2507,#2516,#2527,#2546,#2559,#2578,#2587,#2598,#2617,#2632,#2641,#2656,#2675,#2694,#2707,#2720,#2739,#2758,#2777,#2796,#2807,#2826,#2836,#2855,#2870,#2889,#2902,#2911,#2928,#2937,#2956,#2974,#2992,#3011,#3028,#3045,#3064,#3081,#3090,#3101,#3114,#3133,#3150,#3167,#3177,#3194,#3213,#3231,#3242,#3253,#3271,#3282,#3301,#3318,#3335,#3345,#3360,#3379,#3392,#3410,#3427,#3438,#3451,#3470,#3483,#3498,#3509,#3524,#3535,#3546,#3565,#3583,#3594,#3615,#3636,#3657,#3675,#3686,#3705,#3716,#3729,#3738,#3753,#3766,#3785,#3804,#3823,#3842,#3861,#3880,#3891,#3904,#3923,#3939,#3952,#3963,#3977,#3996,#4015,#4030,#4051,#4072,#4087,#4102,#4123,#4138,#4156,#4173,#4190,#4201,#4210,#4229,#4248,#4267,#4286,#4299,#4317,#4334,#4352,#4371,#4392,#4403,#4422,#4441,#4451,#4460,#4468,#4485,#4503,#4521,#4539,#4560,#4579,#4594,#4609,#4620,#4635,#4650,#4669,#4680,#4693,#4708,#4723,#4742,#4761,#4779,#4798,#4816,#4834,#4853,#4868,#4879,#4890,#4908,#4919,#4936,#4954,#4965,#4976,#4995,#5006,#5019,#5036,#5049,#5068,#5085,#5103,#5114,#5125,#5143,#5160,#5171,#5192,#5207,#5216,#5225,#5238,#5259,#5277,#5294,#5309,#5320,#5335,#5346,#5359,#5378,#5395,#5413,#5424,#5435,#5452,#5470,#5488,#5499,#5520,#5541,#5562,#5583,#5601,#5612,#5629,#5650,#5671,#5689,#5700,#5721,#5732,#5749,#5764,#5779,#5798,#5810,#5828,#5839,#5860,#5881,#5902,#5913,#5930,#5950,#5971,#5982,#6001,#6012,#6031,#6048,#6059,#6080,#6095,#6110,#6126,#6135,#6154,#6171,#6182,#6203,#6224,#6238,#6255,#6273,#6284,#6305,#6320,#6335,#6350,#6365,#6386,#6401,#6421,#6440,#6455,#6476,#6491,#6506,#6521,#6540,#6553,#6568,#6577,#6588,#6601,#6620,#6638,#6653,#6674,#6693,#6708,#6723,#6744,#6759,#6770,#6787,#6803,#6818,#6831,#6852,#6870,#6887,#6898,#6913,#6924,#6945,#6962,#6973,#6984,#6997,#7008,#7027,#7044,#7063,#7078,#7093,#7104,#7118,#7133,#7144,#7165,#7180,#7197,#7214,#7231,#7248,#7265,#7286,#7305,#7320,#7338,#7357,#7370,#7389,#7404,#7419,#7434,#7447,#7464,#7483,#7497,#7508,#7519,#7538,#7549,#7570,#7585,#7596,#7607,#7620,#7633,#7646,#7659,#7672,#7692,#7713,#7724,#7743,#7756,#7769,#7784,#7799,#7814,#7825,#7840,#7849,#7860,#7875,#7894,#7907,#7922,#7943,#7960,#7977,#7992,#8005,#8026,#8041,#8058,#8069,#8080,#8091,#8102,#8113,#8124,#8135,#8150,#8169,#8186,#8201,#8219,#8233,#8252,#8269,#8288,#8307,#8318,#8329,#8340,#8351,#8364,#8381,#8392,#8403,#8420,#8441,#8456,#8465,#8474,#8485,#8502,#8513,#8530,#8546,#8561,#8574,#8595,#8612,#8627,#8644,#8655,#8666,#8679,#8690,#8699,#8718,#8732,#8745,#8762,#8777,#8788,#8801,#8812,#8827,#8840,#8855,#8866,#8883,#8902,#8921,#8936,#8946,#8963,#8975,#8986,#9007,#9028,#9039,#9054,#9068,#9086,#9105,#9116,#9135,#9148,#9166,#9183,#9194,#9205,#9216,#9231,#9246,#9259,#9272,#9289,#9306,#9317,#9338,#9349,#9368,#9379,#9396,#9407,#9418,#9427,#9437,#9446,#9455,#9464,#9479,#9498,#9517,#9537,#9556,#9567,#9584,#9597,#9616,#9627,#9638,#9653,#9664,#9679,#9696,#9709,#9730,#9751,#9766,#9787,#9804,#9819,#9834,#9852,#9863,#9882,#9895,#9906,#9925,#9944,#9955,#9971,#9982,#9993,#10009,#10024,#10039,#10050,#10071,#10084,#10099,#10112,#10121,#10132,#10151,#10162,#10173,#10185,#10196,#10215,#10234,#10249,#10262,#10275,#10288,#10305,#10316,#10327,#10338,#10351,#10360,#10371,#10386,#10407,#10422,#10433,#10450,#10461,#10480,#10493,#10504,#10523,#10542,#10561,#10570,#10581,#10598,#10609,#10630,#10641,#10652,#10667,#10678,#10687,#10702,#10715,#10732,#10745,#10760,#10771,#10782,#10795,#10812,#10825,#10838,#10847,#10868,#10879,#10900,#10915,#10928,#10943,#10962,#10975,#10986,#11005,#11016,#11031,#11050,#11064,#11079,#11092,#11103,#11118,#11127,#11138,#11149,#11160,#11169,#11182,#11193,#11206,#11217,#11232,#11251,#11266,#11275,#11294,#11307,#11326,#11345,#11360,#11373,#11384,#11393,#11402,#11421,#11440,#11453,#11472,#11491,#11502,#11521,#11534,#11553,#11572,#11591,#11602,#11613,#11630,#11643,#11660,#11673,#11684,#11697,#11708,#11723,#11736,#11753,#11770,#11783,#11792,#11803,#11812,#11831,#11850,#11865,#11884,#11899,#11912,#11923,#11938,#11957,#11972,#11983,#11995,#12008,#12020,#12029,#12038,#12057,#12075,#12094,#12107,#12124,#12135,#12150,#12162,#12170,#12179,#12194,#12209,#12226,#12237,#12252,#12263,#12274,#12285,#12294,#12303,#12318,#12335,#12346,#12359,#12372,#12386,#12395,#12403,#12422,#12443,#12460,#12474,#12491,#12507,#12518,#12527,#12536));
#17=ADVANCED_FACE('',(#18),#40,.T.);
#18=FACE_BOUND('',#19,.T.);
#19=EDGE_LOOP('',(#20,#29,#35));
#20=ORIENTED_EDGE('',*,*,#21,.T.);
#21=EDGE_CURVE('',#22,#24,#26,.T.);
#22=VERTEX_POINT('',#23);
#23=CARTESIAN_POINT('',(2.,-6.900000095367,0.900000192225));
#24=VERTEX_POINT('',#25);
#25=CARTESIAN_POINT('',(2.,-7.25,0.67004404217));
#26=LINE('',#23,#27);
#27=VECTOR('',#28,1.);
#28=DIRECTION('',(0.,-0.835753463607,-0.549104860722));
#29=ORIENTED_EDGE('',*,*,#30,.T.);
#30=EDGE_CURVE('',#24,#31,#33,.T.);
#31=VERTEX_POINT('',#32);
#32=CARTESIAN_POINT('',(5.,-7.25,0.67004404217));
#33=LINE('',#25,#34);
#34=VECTOR('',#14,1.);
#35=ORIENTED_EDGE('',*,*,#36,.T.);
#36=EDGE_CURVE('',#31,#22,#37,.T.);
#37=LINE('',#32,#38);
#38=VECTOR('',#39,1.);
#39=DIRECTION('',(-0.99039680456,0.115546262382,7.591594540123E-02));
#40=PLANE('',#41);
#41=AXIS2_PLACEMENT_3D('',#42,#43,#44);
#42=CARTESIAN_POINT('',(3.40257631518,-7.156422229709,0.731526298314));
#43=DIRECTION('',(0.,-0.549104860722,0.835753463607));
#44=DIRECTION('',(0.,0.835753463607,0.549104860722));
#45=ADVANCED_FACE('',(#46),#61,.T.);
#46=FACE_BOUND('',#47,.T.);
#47=EDGE_LOOP('',(#48,#49,#56));
#48=ORIENTED_EDGE('',*,*,#30,.F.);
#49=ORIENTED_EDGE('',*,*,#50,.T.);
#50=EDGE_CURVE('',#24,#51,#53,.T.);
#51=VERTEX_POINT('',#52);
#52=CARTESIAN_POINT('',(2.,-7.25,0.484344102442));
#53=LINE('',#25,#54);
#54=VECTOR('',#55,1.);
#55=DIRECTION('',(0.,0.,-1.));
#56=ORIENTED_EDGE('',*,*,#57,.T.);
#57=EDGE_CURVE('',#51,#31,#58,.T.);
#58=LINE('',#52,#59);
#59=VECTOR('',#60,1.);
#60=DIRECTION('',(0.998089684179,0.,6.178173139844E-02));
#61=PLANE('',#62);
#62=AXIS2_PLACEMENT_3D('',#63,#64,#55);
#63=CARTESIAN_POINT('',(3.455010494152,-7.25,0.622183578154));
#64=DIRECTION('',(0.,-1.,0.));
#65=ADVANCED_FACE('',(#66),#88,.T.);
#66=FACE_BOUND('',#67,.T.);
#67=EDGE_LOOP('',(#68,#77,#83));
#68=ORIENTED_EDGE('',*,*,#69,.T.);
#69=EDGE_CURVE('',#70,#72,#74,.T.);
#70=VERTEX_POINT('',#71);
#71=CARTESIAN_POINT('',(-7.25,-6.896446704865,3.000000096858));
#72=VERTEX_POINT('',#73);
#73=CARTESIAN_POINT('',(-6.896446704865,-7.25,3.000000096858));
#74=LINE('',#71,#75);
#75=VECTOR('',#76,1.);
#76=DIRECTION('',(0.707106781187,-0.707106781187,0.));
#77=ORIENTED_EDGE('',*,*,#78,.T.);
#78=EDGE_CURVE('',#72,#79,#81,.T.);
#79=VERTEX_POINT('',#80);
#80=CARTESIAN_POINT('',(-6.896446704865,-7.25,3.500000096858));
#81=LINE('',#73,#82);
#82=VECTOR('',#13,1.);
#83=ORIENTED_EDGE('',*,*,#84,.T.);
#84=EDGE_CURVE('',#79,#70,#85,.T.);
#85=LINE('',#80,#86);
#86=VECTOR('',#87,1.);
#87=DIRECTION('',(-0.499999932501,0.499999932501,-0.707106876644));
#88=PLANE('',#89);
#89=AXIS2_PLACEMENT_3D('',#90,#91,#92);
#90=CARTESIAN_POINT('',(-7.021446664125,-7.125000040739,3.176776802039));
#91=DIRECTION('',(-0.707106781187,-0.707106781187,0.));
#92=DIRECTION('',(-0.707106781187,0.707106781187,0.));
#93=ADVANCED_FACE('',(#94),#106,.T.);
#94=FACE_BOUND('',#95,.T.);
#95=EDGE_LOOP('',(#96,#102,#105));
#96=ORIENTED_EDGE('',*,*,#97,.T.);
#97=EDGE_CURVE('',#79,#98,#100,.T.);
#98=VERTEX_POINT('',#99);
#99=CARTESIAN_POINT('',(-7.25,-6.896446704865,3.500000096858));
#100=LINE('',#80,#101);
#101=VECTOR('',#92,1.);
#102=ORIENTED_EDGE('',*,*,#103,.T.);
#103=EDGE_CURVE('',#98,#70,#104,.T.);
#104=LINE('',#99,#54);
#105=ORIENTED_EDGE('',*,*,#84,.F.);
#106=PLANE('',#107);
#107=AXIS2_PLACEMENT_3D('',#108,#91,#76);
#108=CARTESIAN_POINT('',(-7.125000040739,-7.021446664125,3.323223391676));
#109=ADVANCED_FACE('',(#110),#125,.T.);
#110=FACE_BOUND('',#111,.T.);
#111=EDGE_LOOP('',(#112,#113,#120));
#112=ORIENTED_EDGE('',*,*,#69,.F.);
#113=ORIENTED_EDGE('',*,*,#114,.T.);
#114=EDGE_CURVE('',#70,#115,#117,.T.);
#115=VERTEX_POINT('',#116);
#116=CARTESIAN_POINT('',(-7.,-7.5,3.000000096858));
#117=LINE('',#71,#118);
#118=VECTOR('',#119,1.);
#119=DIRECTION('',(0.382683484026,-0.923879511113,0.));
#120=ORIENTED_EDGE('',*,*,#121,.T.);
#121=EDGE_CURVE('',#115,#72,#122,.T.);
#122=LINE('',#116,#123);
#123=VECTOR('',#124,1.);
#124=DIRECTION('',(0.38268313126,0.923879657233,0.));
#125=PLANE('',#126);
#126=AXIS2_PLACEMENT_3D('',#127,#13,#14);
#127=CARTESIAN_POINT('',(-7.073223330534,-7.187924323763,3.000000096858));
#128=ADVANCED_FACE('',(#129),#146,.T.);
#129=FACE_BOUND('',#130,.T.);
#130=EDGE_LOOP('',(#131,#136,#141));
#131=ORIENTED_EDGE('',*,*,#132,.T.);
#132=EDGE_CURVE('',#72,#133,#135,.T.);
#133=VERTEX_POINT('',#134);
#134=CARTESIAN_POINT('',(6.896446704865,-7.25,3.000000096858));
#135=LINE('',#73,#34);
#136=ORIENTED_EDGE('',*,*,#137,.T.);
#137=EDGE_CURVE('',#133,#138,#140,.T.);
#138=VERTEX_POINT('',#139);
#139=CARTESIAN_POINT('',(6.896446704865,-7.25,3.500000096858));
#140=LINE('',#134,#82);
#141=ORIENTED_EDGE('',*,*,#142,.T.);
#142=EDGE_CURVE('',#138,#72,#143,.T.);
#143=LINE('',#139,#144);
#144=VECTOR('',#145,1.);
#145=DIRECTION('',(-0.999343595605,0.,-3.622675699437E-02));
#146=PLANE('',#147);
#147=AXIS2_PLACEMENT_3D('',#148,#64,#55);
#148=CARTESIAN_POINT('',(0.122735084338,-7.25,3.12726501252));
#149=ADVANCED_FACE('',(#150),#164,.T.);
#150=FACE_BOUND('',#151,.T.);
#151=EDGE_LOOP('',(#152,#158,#159));
#152=ORIENTED_EDGE('',*,*,#153,.T.);
#153=EDGE_CURVE('',#154,#138,#156,.T.);
#154=VERTEX_POINT('',#155);
#155=CARTESIAN_POINT('',(7.25,-6.896446704865,3.500000096858));
#156=LINE('',#155,#157);
#157=VECTOR('',#91,1.);
#158=ORIENTED_EDGE('',*,*,#137,.F.);
#159=ORIENTED_EDGE('',*,*,#160,.T.);
#160=EDGE_CURVE('',#133,#154,#161,.T.);
#161=LINE('',#134,#162);
#162=VECTOR('',#163,1.);
#163=DIRECTION('',(0.499999932501,0.499999932501,0.707106876644));
#164=PLANE('',#165);
#165=AXIS2_PLACEMENT_3D('',#166,#76,#91);
#166=CARTESIAN_POINT('',(7.021446664125,-7.125000040739,3.323223391676));
#167=ADVANCED_FACE('',(#168),#177,.T.);
#168=FACE_BOUND('',#169,.T.);
#169=EDGE_LOOP('',(#170,#171,#172));
#170=ORIENTED_EDGE('',*,*,#132,.F.);
#171=ORIENTED_EDGE('',*,*,#121,.F.);
#172=ORIENTED_EDGE('',*,*,#173,.T.);
#173=EDGE_CURVE('',#115,#133,#174,.T.);
#174=LINE('',#116,#175);
#175=VECTOR('',#176,1.);
#176=DIRECTION('',(0.999838215435,1.798729985926E-02,0.));
#177=PLANE('',#178);
#178=AXIS2_PLACEMENT_3D('',#179,#13,#14);
#179=CARTESIAN_POINT('',(-9.297567857554E-02,-7.313341314529,3.000000096858));
#180=ADVANCED_FACE('',(#181),#196,.T.);
#181=FACE_BOUND('',#182,.T.);
#182=EDGE_LOOP('',(#183,#184,#191));
#183=ORIENTED_EDGE('',*,*,#103,.F.);
#184=ORIENTED_EDGE('',*,*,#185,.T.);
#185=EDGE_CURVE('',#98,#186,#188,.T.);
#186=VERTEX_POINT('',#187);
#187=CARTESIAN_POINT('',(-7.25,6.896446704865,3.500000096858));
#188=LINE('',#99,#189);
#189=VECTOR('',#190,1.);
#190=DIRECTION('',(0.,1.,0.));
#191=ORIENTED_EDGE('',*,*,#192,.T.);
#192=EDGE_CURVE('',#186,#70,#193,.T.);
#193=LINE('',#187,#194);
#194=VECTOR('',#195,1.);
#195=DIRECTION('',(0.,-0.999343595605,-3.622675699437E-02));
#196=PLANE('',#197);
#197=AXIS2_PLACEMENT_3D('',#198,#199,#55);
#198=CARTESIAN_POINT('',(-7.25,-0.122735084338,3.372735181195));
#199=DIRECTION('',(-1.,0.,0.));
#200=ADVANCED_FACE('',(#201),#216,.T.);
#201=FACE_BOUND('',#202,.T.);
#202=EDGE_LOOP('',(#203,#204,#211));
#203=ORIENTED_EDGE('',*,*,#97,.F.);
#204=ORIENTED_EDGE('',*,*,#205,.F.);
#205=EDGE_CURVE('',#206,#79,#208,.T.);
#206=VERTEX_POINT('',#207);
#207=CARTESIAN_POINT('',(-6.751471996307,-6.900000095367,4.999999620021));
#208=LINE('',#207,#209);
#209=VECTOR('',#210,1.);
#210=DIRECTION('',(-9.370743741827E-02,-0.226229764393,-0.969556089082));
#211=ORIENTED_EDGE('',*,*,#212,.T.);
#212=EDGE_CURVE('',#206,#98,#213,.T.);
#213=LINE('',#207,#214);
#214=VECTOR('',#215,1.);
#215=DIRECTION('',(-0.315388814569,2.248017383418E-03,-0.948959873789));
#216=PLANE('',#217);
#217=AXIS2_PLACEMENT_3D('',#218,#219,#76);
#218=CARTESIAN_POINT('',(-6.935338544176,-6.99773089781,4.146630821027));
#219=DIRECTION('',(-0.688609721504,-0.688609721504,0.227229625928));
#220=ADVANCED_FACE('',(#221),#235,.T.);
#221=FACE_BOUND('',#222,.T.);
#222=EDGE_LOOP('',(#223,#229,#230));
#223=ORIENTED_EDGE('',*,*,#224,.T.);
#224=EDGE_CURVE('',#225,#206,#227,.T.);
#225=VERTEX_POINT('',#226);
#226=CARTESIAN_POINT('',(6.751471996307,-6.900000095367,4.999999620021));
#227=LINE('',#226,#228);
#228=VECTOR('',#199,1.);
#229=ORIENTED_EDGE('',*,*,#205,.T.);
#230=ORIENTED_EDGE('',*,*,#231,.F.);
#231=EDGE_CURVE('',#225,#79,#232,.T.);
#232=LINE('',#226,#233);
#233=VECTOR('',#234,1.);
#234=DIRECTION('',(-0.99369161254,-2.548315074538E-02,-0.109213498235));
#235=PLANE('',#236);
#236=AXIS2_PLACEMENT_3D('',#237,#238,#239);
#237=CARTESIAN_POINT('',(-0.40135776196,-6.992907048229,4.601826982981));
#238=DIRECTION('',(0.,-0.973841207458,0.227229625393));
#239=DIRECTION('',(0.,-0.227229625393,-0.973841207458));
#240=ADVANCED_FACE('',(#241),#252,.T.);
#241=FACE_BOUND('',#242,.T.);
#242=EDGE_LOOP('',(#243,#246,#251));
#243=ORIENTED_EDGE('',*,*,#244,.T.);
#244=EDGE_CURVE('',#79,#138,#245,.T.);
#245=LINE('',#80,#34);
#246=ORIENTED_EDGE('',*,*,#247,.T.);
#247=EDGE_CURVE('',#138,#225,#248,.T.);
#248=LINE('',#139,#249);
#249=VECTOR('',#250,1.);
#250=DIRECTION('',(-9.370743741827E-02,0.226229764393,0.969556089082));
#251=ORIENTED_EDGE('',*,*,#231,.T.);
#252=PLANE('',#253);
#253=AXIS2_PLACEMENT_3D('',#254,#238,#239);
#254=CARTESIAN_POINT('',(0.328870407682,-7.158019572667,3.894201910382));
#255=ADVANCED_FACE('',(#256),#269,.T.);
#256=FACE_BOUND('',#257,.T.);
#257=EDGE_LOOP('',(#258,#263,#264));
#258=ORIENTED_EDGE('',*,*,#259,.T.);
#259=EDGE_CURVE('',#260,#225,#262,.T.);
#260=VERTEX_POINT('',#261);
#261=CARTESIAN_POINT('',(6.900000095367,-6.751471996307,4.999999620021));
#262=LINE('',#261,#157);
#263=ORIENTED_EDGE('',*,*,#247,.F.);
#264=ORIENTED_EDGE('',*,*,#265,.T.);
#265=EDGE_CURVE('',#138,#260,#266,.T.);
#266=LINE('',#139,#267);
#267=VECTOR('',#268,1.);
#268=DIRECTION('',(2.248017383418E-03,0.315388814569,0.948959873789));
#269=PLANE('',#270);
#270=AXIS2_PLACEMENT_3D('',#271,#272,#273);
#271=CARTESIAN_POINT('',(6.859239998699,-7.024144950371,4.297197564647));
#272=DIRECTION('',(0.688609721504,-0.688609721504,0.227229625928));
#273=DIRECTION('',(0.707106781187,0.707106781187,0.));
#274=ADVANCED_FACE('',(#275),#288,.T.);
#275=FACE_BOUND('',#276,.T.);
#276=EDGE_LOOP('',(#277,#284,#287));
#277=ORIENTED_EDGE('',*,*,#278,.T.);
#278=EDGE_CURVE('',#70,#279,#281,.T.);
#279=VERTEX_POINT('',#280);
#280=CARTESIAN_POINT('',(-7.5,-7.,3.000000096858));
#281=LINE('',#71,#282);
#282=VECTOR('',#283,1.);
#283=DIRECTION('',(-0.923879657233,-0.38268313126,0.));
#284=ORIENTED_EDGE('',*,*,#285,.T.);
#285=EDGE_CURVE('',#279,#115,#286,.T.);
#286=LINE('',#280,#75);
#287=ORIENTED_EDGE('',*,*,#114,.F.);
#288=PLANE('',#289);
#289=AXIS2_PLACEMENT_3D('',#290,#13,#14);
#290=CARTESIAN_POINT('',(-7.220670859808,-7.179193219012,3.000000096858));
#291=ADVANCED_FACE('',(#292),#304,.T.);
#292=FACE_BOUND('',#293,.T.);
#293=EDGE_LOOP('',(#294,#300,#303));
#294=ORIENTED_EDGE('',*,*,#295,.T.);
#295=EDGE_CURVE('',#133,#296,#298,.T.);
#296=VERTEX_POINT('',#297);
#297=CARTESIAN_POINT('',(7.25,-6.896446704865,3.000000096858));
#298=LINE('',#134,#299);
#299=VECTOR('',#273,1.);
#300=ORIENTED_EDGE('',*,*,#301,.T.);
#301=EDGE_CURVE('',#296,#154,#302,.T.);
#302=LINE('',#297,#82);
#303=ORIENTED_EDGE('',*,*,#160,.F.);
#304=PLANE('',#305);
#305=AXIS2_PLACEMENT_3D('',#306,#76,#273);
#306=CARTESIAN_POINT('',(7.125000040739,-7.021446664125,3.176776802039));
#307=ADVANCED_FACE('',(#308),#317,.T.);
#308=FACE_BOUND('',#309,.T.);
#309=EDGE_LOOP('',(#310,#311,#316));
#310=ORIENTED_EDGE('',*,*,#153,.F.);
#311=ORIENTED_EDGE('',*,*,#312,.T.);
#312=EDGE_CURVE('',#154,#260,#313,.T.);
#313=LINE('',#155,#314);
#314=VECTOR('',#315,1.);
#315=DIRECTION('',(-0.226229764393,9.370743741827E-02,0.969556089082));
#316=ORIENTED_EDGE('',*,*,#265,.F.);
#317=PLANE('',#318);
#318=AXIS2_PLACEMENT_3D('',#319,#272,#91);
#319=CARTESIAN_POINT('',(6.99773089781,-6.935338544176,4.146630821027));
#320=ADVANCED_FACE('',(#321),#334,.T.);
#321=FACE_BOUND('',#322,.T.);
#322=EDGE_LOOP('',(#323,#324,#329));
#323=ORIENTED_EDGE('',*,*,#173,.F.);
#324=ORIENTED_EDGE('',*,*,#325,.T.);
#325=EDGE_CURVE('',#115,#326,#328,.T.);
#326=VERTEX_POINT('',#327);
#327=CARTESIAN_POINT('',(7.,-7.5,3.000000096858));
#328=LINE('',#116,#34);
#329=ORIENTED_EDGE('',*,*,#330,.T.);
#330=EDGE_CURVE('',#326,#133,#331,.T.);
#331=LINE('',#327,#332);
#332=VECTOR('',#333,1.);
#333=DIRECTION('',(-0.38268313126,0.923879657233,0.));
#334=PLANE('',#335);
#335=AXIS2_PLACEMENT_3D('',#336,#13,#14);
#336=CARTESIAN_POINT('',(4.119903100779E-02,-7.437124384186,3.000000096858));
#337=ADVANCED_FACE('',(#338),#352,.T.);
#338=FACE_BOUND('',#339,.T.);
#339=EDGE_LOOP('',(#340,#346,#347));
#340=ORIENTED_EDGE('',*,*,#341,.T.);
#341=EDGE_CURVE('',#342,#225,#344,.T.);
#342=VERTEX_POINT('',#343);
#343=CARTESIAN_POINT('',(6.751471996307,6.900000095367,4.999999620021));
#344=LINE('',#343,#345);
#345=VECTOR('',#64,1.);
#346=ORIENTED_EDGE('',*,*,#259,.F.);
#347=ORIENTED_EDGE('',*,*,#348,.T.);
#348=EDGE_CURVE('',#260,#342,#349,.T.);
#349=LINE('',#261,#350);
#350=VECTOR('',#351,1.);
#351=DIRECTION('',(-1.08793621575E-02,0.999940817988,0.));
#352=PLANE('',#353);
#353=AXIS2_PLACEMENT_3D('',#354,#13,#14);
#354=CARTESIAN_POINT('',(6.788687689043,-1.517859590636E-02,4.999999620021));
#355=ADVANCED_FACE('',(#356),#371,.T.);
#356=FACE_BOUND('',#357,.T.);
#357=EDGE_LOOP('',(#358,#365,#366));
#358=ORIENTED_EDGE('',*,*,#359,.T.);
#359=EDGE_CURVE('',#360,#206,#362,.T.);
#360=VERTEX_POINT('',#361);
#361=CARTESIAN_POINT('',(2.700000047684,-6.199999809265,4.999999620021));
#362=LINE('',#361,#363);
#363=VECTOR('',#364,1.);
#364=DIRECTION('',(-0.997268599765,-7.386027297187E-02,0.));
#365=ORIENTED_EDGE('',*,*,#224,.F.);
#366=ORIENTED_EDGE('',*,*,#367,.T.);
#367=EDGE_CURVE('',#225,#360,#368,.T.);
#368=LINE('',#226,#369);
#369=VECTOR('',#370,1.);
#370=DIRECTION('',(-0.985400164261,0.170254269474,0.));
#371=PLANE('',#372);
#372=AXIS2_PLACEMENT_3D('',#373,#13,#14);
#373=CARTESIAN_POINT('',(8.535188286249E-03,-6.724445062645,4.999999620021));
#374=ADVANCED_FACE('',(#375),#390,.T.);
#375=FACE_BOUND('',#376,.T.);
#376=EDGE_LOOP('',(#377,#378,#385));
#377=ORIENTED_EDGE('',*,*,#185,.F.);
#378=ORIENTED_EDGE('',*,*,#379,.T.);
#379=EDGE_CURVE('',#98,#380,#382,.T.);
#380=VERTEX_POINT('',#381);
#381=CARTESIAN_POINT('',(-6.900000095367,-6.751471996307,4.999999620021));
#382=LINE('',#99,#383);
#383=VECTOR('',#384,1.);
#384=DIRECTION('',(0.226229764393,9.370743741827E-02,0.969556089082));
#385=ORIENTED_EDGE('',*,*,#386,.T.);
#386=EDGE_CURVE('',#380,#186,#387,.T.);
#387=LINE('',#381,#388);
#388=VECTOR('',#389,1.);
#389=DIRECTION('',(-2.548315074538E-02,0.99369161254,-0.109213498235));
#390=PLANE('',#391);
#391=AXIS2_PLACEMENT_3D('',#392,#393,#394);
#392=CARTESIAN_POINT('',(-7.158019572667,-0.328870407682,3.894201910382));
#393=DIRECTION('',(-0.973841207458,0.,0.227229625393));
#394=DIRECTION('',(-0.227229625393,0.,-0.973841207458));
#395=ADVANCED_FACE('',(#396),#407,.T.);
#396=FACE_BOUND('',#397,.T.);
#397=EDGE_LOOP('',(#398,#403,#406));
#398=ORIENTED_EDGE('',*,*,#399,.T.);
#399=EDGE_CURVE('',#186,#400,#402,.T.);
#400=VERTEX_POINT('',#401);
#401=CARTESIAN_POINT('',(-7.25,6.896446704865,3.000000096858));
#402=LINE('',#187,#54);
#403=ORIENTED_EDGE('',*,*,#404,.T.);
#404=EDGE_CURVE('',#400,#70,#405,.T.);
#405=LINE('',#401,#345);
#406=ORIENTED_EDGE('',*,*,#192,.F.);
#407=PLANE('',#408);
#408=AXIS2_PLACEMENT_3D('',#409,#199,#55);
#409=CARTESIAN_POINT('',(-7.25,0.122735084338,3.12726501252));
#410=ADVANCED_FACE('',(#411),#418,.T.);
#411=FACE_BOUND('',#412,.T.);
#412=EDGE_LOOP('',(#413,#416,#417));
#413=ORIENTED_EDGE('',*,*,#414,.T.);
#414=EDGE_CURVE('',#206,#380,#415,.T.);
#415=LINE('',#207,#101);
#416=ORIENTED_EDGE('',*,*,#379,.F.);
#417=ORIENTED_EDGE('',*,*,#212,.F.);
#418=PLANE('',#419);
#419=AXIS2_PLACEMENT_3D('',#420,#219,#92);
#420=CARTESIAN_POINT('',(-7.024144950371,-6.859239998699,4.297197564647));
#421=ADVANCED_FACE('',(#422),#435,.T.);
#422=FACE_BOUND('',#423,.T.);
#423=EDGE_LOOP('',(#424,#429,#430));
#424=ORIENTED_EDGE('',*,*,#425,.T.);
#425=EDGE_CURVE('',#426,#115,#428,.T.);
#426=VERTEX_POINT('',#427);
#427=CARTESIAN_POINT('',(-7.,-7.5,2.199999906123));
#428=LINE('',#427,#82);
#429=ORIENTED_EDGE('',*,*,#285,.F.);
#430=ORIENTED_EDGE('',*,*,#431,.T.);
#431=EDGE_CURVE('',#279,#426,#432,.T.);
#432=LINE('',#280,#433);
#433=VECTOR('',#434,1.);
#434=DIRECTION('',(0.46829284311,-0.46829284311,-0.749268727616));
#435=PLANE('',#436);
#436=AXIS2_PLACEMENT_3D('',#437,#91,#92);
#437=CARTESIAN_POINT('',(-7.17232449619,-7.32767550381,2.709849752442));
#438=ADVANCED_FACE('',(#439),#452,.T.);
#439=FACE_BOUND('',#440,.T.);
#440=EDGE_LOOP('',(#441,#448,#451));
#441=ORIENTED_EDGE('',*,*,#442,.T.);
#442=EDGE_CURVE('',#70,#443,#445,.T.);
#443=VERTEX_POINT('',#444);
#444=CARTESIAN_POINT('',(-7.5,7.,3.000000096858));
#445=LINE('',#71,#446);
#446=VECTOR('',#447,1.);
#447=DIRECTION('',(-1.798729985926E-02,0.999838215435,0.));
#448=ORIENTED_EDGE('',*,*,#449,.T.);
#449=EDGE_CURVE('',#443,#279,#450,.T.);
#450=LINE('',#444,#345);
#451=ORIENTED_EDGE('',*,*,#278,.F.);
#452=PLANE('',#453);
#453=AXIS2_PLACEMENT_3D('',#454,#13,#14);
#454=CARTESIAN_POINT('',(-7.437124384186,-4.119903100779E-02,3.000000096858));
#455=ADVANCED_FACE('',(#456),#469,.T.);
#456=FACE_BOUND('',#457,.T.);
#457=EDGE_LOOP('',(#458,#459,#464));
#458=ORIENTED_EDGE('',*,*,#301,.F.);
#459=ORIENTED_EDGE('',*,*,#460,.T.);
#460=EDGE_CURVE('',#296,#461,#463,.T.);
#461=VERTEX_POINT('',#462);
#462=CARTESIAN_POINT('',(7.25,6.896446704865,3.000000096858));
#463=LINE('',#297,#189);
#464=ORIENTED_EDGE('',*,*,#465,.T.);
#465=EDGE_CURVE('',#461,#154,#466,.T.);
#466=LINE('',#462,#467);
#467=VECTOR('',#468,1.);
#468=DIRECTION('',(0.,-0.999343595605,3.622675699437E-02));
#469=PLANE('',#470);
#470=AXIS2_PLACEMENT_3D('',#471,#14,#13);
#471=CARTESIAN_POINT('',(7.25,-0.122735084338,3.12726501252));
#472=ADVANCED_FACE('',(#473),#482,.T.);
#473=FACE_BOUND('',#474,.T.);
#474=EDGE_LOOP('',(#475,#476,#477));
#475=ORIENTED_EDGE('',*,*,#295,.F.);
#476=ORIENTED_EDGE('',*,*,#330,.F.);
#477=ORIENTED_EDGE('',*,*,#478,.T.);
#478=EDGE_CURVE('',#326,#296,#479,.T.);
#479=LINE('',#327,#480);
#480=VECTOR('',#481,1.);
#481=DIRECTION('',(0.382683484026,0.923879511113,0.));
#482=PLANE('',#483);
#483=AXIS2_PLACEMENT_3D('',#484,#13,#14);
#484=CARTESIAN_POINT('',(7.073223330534,-7.187924323763,3.000000096858));
#485=ADVANCED_FACE('',(#486),#499,.T.);
#486=FACE_BOUND('',#487,.T.);
#487=EDGE_LOOP('',(#488,#489,#494));
#488=ORIENTED_EDGE('',*,*,#312,.F.);
#489=ORIENTED_EDGE('',*,*,#490,.T.);
#490=EDGE_CURVE('',#154,#491,#493,.T.);
#491=VERTEX_POINT('',#492);
#492=CARTESIAN_POINT('',(7.25,6.896446704865,3.500000096858));
#493=LINE('',#155,#189);
#494=ORIENTED_EDGE('',*,*,#495,.T.);
#495=EDGE_CURVE('',#491,#260,#496,.T.);
#496=LINE('',#492,#497);
#497=VECTOR('',#498,1.);
#498=DIRECTION('',(-2.548315074538E-02,-0.99369161254,0.109213498235));
#499=PLANE('',#500);
#500=AXIS2_PLACEMENT_3D('',#501,#502,#503);
#501=CARTESIAN_POINT('',(7.158019572667,-0.328870407682,3.894201910382));
#502=DIRECTION('',(0.973841207458,0.,0.227229625393));
#503=DIRECTION('',(-0.227229625393,0.,0.973841207458));
#504=ADVANCED_FACE('',(#505),#514,.T.);
#505=FACE_BOUND('',#506,.T.);
#506=EDGE_LOOP('',(#507,#508,#509));
#507=ORIENTED_EDGE('',*,*,#325,.F.);
#508=ORIENTED_EDGE('',*,*,#425,.F.);
#509=ORIENTED_EDGE('',*,*,#510,.T.);
#510=EDGE_CURVE('',#426,#326,#511,.T.);
#511=LINE('',#427,#512);
#512=VECTOR('',#513,1.);
#513=DIRECTION('',(0.998371333649,0.,5.704980409602E-02));
#514=PLANE('',#515);
#515=AXIS2_PLACEMENT_3D('',#516,#64,#55);
#516=CARTESIAN_POINT('',(-0.194290416372,-7.5,2.794290417862));
#517=ADVANCED_FACE('',(#518),#529,.T.);
#518=FACE_BOUND('',#519,.T.);
#519=EDGE_LOOP('',(#520,#525,#528));
#520=ORIENTED_EDGE('',*,*,#521,.T.);
#521=EDGE_CURVE('',#260,#522,#524,.T.);
#522=VERTEX_POINT('',#523);
#523=CARTESIAN_POINT('',(6.900000095367,6.751471996307,4.999999620021));
#524=LINE('',#261,#189);
#525=ORIENTED_EDGE('',*,*,#526,.T.);
#526=EDGE_CURVE('',#522,#342,#527,.T.);
#527=LINE('',#523,#101);
#528=ORIENTED_EDGE('',*,*,#348,.F.);
#529=PLANE('',#530);
#530=AXIS2_PLACEMENT_3D('',#531,#13,#14);
#531=CARTESIAN_POINT('',(6.862380417932,8.944264543639E-02,4.999999620021));
#532=ADVANCED_FACE('',(#533),#548,.T.);
#533=FACE_BOUND('',#534,.T.);
#534=EDGE_LOOP('',(#535,#542,#547));
#535=ORIENTED_EDGE('',*,*,#536,.T.);
#536=EDGE_CURVE('',#342,#537,#539,.T.);
#537=VERTEX_POINT('',#538);
#538=CARTESIAN_POINT('',(2.700000047684,6.199999809265,4.999999620021));
#539=LINE('',#343,#540);
#540=VECTOR('',#541,1.);
#541=DIRECTION('',(-0.985400164261,-0.170254269474,0.));
#542=ORIENTED_EDGE('',*,*,#543,.T.);
#543=EDGE_CURVE('',#537,#225,#544,.T.);
#544=LINE('',#538,#545);
#545=VECTOR('',#546,1.);
#546=DIRECTION('',(0.295464769873,-0.955353635972,0.));
#547=ORIENTED_EDGE('',*,*,#341,.F.);
#548=PLANE('',#549);
#549=AXIS2_PLACEMENT_3D('',#550,#13,#14);
#550=CARTESIAN_POINT('',(5.609729912996,0.69982475312,4.999999620021));
#551=ADVANCED_FACE('',(#552),#559,.T.);
#552=FACE_BOUND('',#553,.T.);
#553=EDGE_LOOP('',(#554,#555,#558));
#554=ORIENTED_EDGE('',*,*,#543,.F.);
#555=ORIENTED_EDGE('',*,*,#556,.T.);
#556=EDGE_CURVE('',#537,#360,#557,.T.);
#557=LINE('',#538,#345);
#558=ORIENTED_EDGE('',*,*,#367,.F.);
#559=PLANE('',#560);
#560=AXIS2_PLACEMENT_3D('',#561,#13,#14);
#561=CARTESIAN_POINT('',(3.894629092115,-1.049824896172,4.999999620021));
#562=ADVANCED_FACE('',(#563),#574,.T.);
#563=FACE_BOUND('',#564,.T.);
#564=EDGE_LOOP('',(#565,#570,#573));
#565=ORIENTED_EDGE('',*,*,#566,.T.);
#566=EDGE_CURVE('',#360,#567,#569,.T.);
#567=VERTEX_POINT('',#568);
#568=CARTESIAN_POINT('',(-2.700000047684,-6.199999809265,4.999999620021));
#569=LINE('',#361,#228);
#570=ORIENTED_EDGE('',*,*,#571,.T.);
#571=EDGE_CURVE('',#567,#206,#572,.T.);
#572=LINE('',#568,#540);
#573=ORIENTED_EDGE('',*,*,#359,.F.);
#574=PLANE('',#575);
#575=AXIS2_PLACEMENT_3D('',#576,#13,#14);
#576=CARTESIAN_POINT('',(-2.034271162598,-6.450467856717,4.999999620021));
#577=ADVANCED_FACE('',(#578),#591,.T.);
#578=FACE_BOUND('',#579,.T.);
#579=EDGE_LOOP('',(#580,#585,#590));
#580=ORIENTED_EDGE('',*,*,#581,.T.);
#581=EDGE_CURVE('',#380,#582,#584,.T.);
#582=VERTEX_POINT('',#583);
#583=CARTESIAN_POINT('',(-6.900000095367,6.751471996307,4.999999620021));
#584=LINE('',#381,#189);
#585=ORIENTED_EDGE('',*,*,#586,.T.);
#586=EDGE_CURVE('',#582,#186,#587,.T.);
#587=LINE('',#583,#588);
#588=VECTOR('',#589,1.);
#589=DIRECTION('',(-0.226229764393,9.370743741827E-02,-0.969556089082));
#590=ORIENTED_EDGE('',*,*,#386,.F.);
#591=PLANE('',#592);
#592=AXIS2_PLACEMENT_3D('',#593,#393,#394);
#593=CARTESIAN_POINT('',(-6.992907048229,0.40135776196,4.601826982981));
#594=ADVANCED_FACE('',(#595),#604,.T.);
#595=FACE_BOUND('',#596,.T.);
#596=EDGE_LOOP('',(#597,#598,#599));
#597=ORIENTED_EDGE('',*,*,#442,.F.);
#598=ORIENTED_EDGE('',*,*,#404,.F.);
#599=ORIENTED_EDGE('',*,*,#600,.T.);
#600=EDGE_CURVE('',#400,#443,#601,.T.);
#601=LINE('',#401,#602);
#602=VECTOR('',#603,1.);
#603=DIRECTION('',(-0.923879657233,0.38268313126,0.));
#604=PLANE('',#605);
#605=AXIS2_PLACEMENT_3D('',#606,#13,#14);
#606=CARTESIAN_POINT('',(-7.313341314529,9.297567857554E-02,3.000000096858));
#607=ADVANCED_FACE('',(#608),#621,.T.);
#608=FACE_BOUND('',#609,.T.);
#609=EDGE_LOOP('',(#610,#615,#616));
#610=ORIENTED_EDGE('',*,*,#611,.T.);
#611=EDGE_CURVE('',#612,#400,#614,.T.);
#612=VERTEX_POINT('',#613);
#613=CARTESIAN_POINT('',(-6.896446704865,7.25,3.000000096858));
#614=LINE('',#613,#157);
#615=ORIENTED_EDGE('',*,*,#399,.F.);
#616=ORIENTED_EDGE('',*,*,#617,.T.);
#617=EDGE_CURVE('',#186,#612,#618,.T.);
#618=LINE('',#187,#619);
#619=VECTOR('',#620,1.);
#620=DIRECTION('',(0.499999932501,0.499999932501,-0.707106876644));
#621=PLANE('',#622);
#622=AXIS2_PLACEMENT_3D('',#623,#92,#91);
#623=CARTESIAN_POINT('',(-7.125000040739,7.021446664125,3.176776802039));
#624=ADVANCED_FACE('',(#625),#632,.T.);
#625=FACE_BOUND('',#626,.T.);
#626=EDGE_LOOP('',(#627,#628,#629));
#627=ORIENTED_EDGE('',*,*,#581,.F.);
#628=ORIENTED_EDGE('',*,*,#414,.F.);
#629=ORIENTED_EDGE('',*,*,#630,.T.);
#630=EDGE_CURVE('',#206,#582,#631,.T.);
#631=LINE('',#207,#350);
#632=PLANE('',#633);
#633=AXIS2_PLACEMENT_3D('',#634,#13,#14);
#634=CARTESIAN_POINT('',(-6.862380417932,-8.944264543639E-02,4.999999620021));
#635=ADVANCED_FACE('',(#636),#647,.T.);
#636=FACE_BOUND('',#637,.T.);
#637=EDGE_LOOP('',(#638,#643,#646));
#638=ORIENTED_EDGE('',*,*,#639,.T.);
#639=EDGE_CURVE('',#279,#640,#642,.T.);
#640=VERTEX_POINT('',#641);
#641=CARTESIAN_POINT('',(-7.5,-7.,2.199999906123));
#642=LINE('',#280,#54);
#643=ORIENTED_EDGE('',*,*,#644,.T.);
#644=EDGE_CURVE('',#640,#426,#645,.T.);
#645=LINE('',#641,#75);
#646=ORIENTED_EDGE('',*,*,#431,.F.);
#647=PLANE('',#648);
#648=AXIS2_PLACEMENT_3D('',#649,#91,#92);
#649=CARTESIAN_POINT('',(-7.32767550381,-7.17232449619,2.490150250539));
#650=ADVANCED_FACE('',(#651),#660,.T.);
#651=FACE_BOUND('',#652,.T.);
#652=EDGE_LOOP('',(#653,#654,#655));
#653=ORIENTED_EDGE('',*,*,#639,.F.);
#654=ORIENTED_EDGE('',*,*,#449,.F.);
#655=ORIENTED_EDGE('',*,*,#656,.T.);
#656=EDGE_CURVE('',#443,#640,#657,.T.);
#657=LINE('',#444,#658);
#658=VECTOR('',#659,1.);
#659=DIRECTION('',(0.,-0.998371333649,-5.704980409602E-02));
#660=PLANE('',#661);
#661=AXIS2_PLACEMENT_3D('',#662,#199,#55);
#662=CARTESIAN_POINT('',(-7.5,-0.194290416372,2.794290417862));
#663=ADVANCED_FACE('',(#664),#677,.T.);
#664=FACE_BOUND('',#665,.T.);
#665=EDGE_LOOP('',(#666,#671,#672));
#666=ORIENTED_EDGE('',*,*,#667,.T.);
#667=EDGE_CURVE('',#668,#461,#670,.T.);
#668=VERTEX_POINT('',#669);
#669=CARTESIAN_POINT('',(7.5,-7.,3.000000096858));
#670=LINE('',#669,#446);
#671=ORIENTED_EDGE('',*,*,#460,.F.);
#672=ORIENTED_EDGE('',*,*,#673,.T.);
#673=EDGE_CURVE('',#296,#668,#674,.T.);
#674=LINE('',#297,#675);
#675=VECTOR('',#676,1.);
#676=DIRECTION('',(0.923879657233,-0.38268313126,0.));
#677=PLANE('',#678);
#678=AXIS2_PLACEMENT_3D('',#679,#13,#14);
#679=CARTESIAN_POINT('',(7.313341314529,-9.297567857554E-02,3.000000096858));
#680=ADVANCED_FACE('',(#681),#688,.T.);
#681=FACE_BOUND('',#682,.T.);
#682=EDGE_LOOP('',(#683,#686,#687));
#683=ORIENTED_EDGE('',*,*,#684,.T.);
#684=EDGE_CURVE('',#461,#491,#685,.T.);
#685=LINE('',#462,#82);
#686=ORIENTED_EDGE('',*,*,#490,.F.);
#687=ORIENTED_EDGE('',*,*,#465,.F.);
#688=PLANE('',#689);
#689=AXIS2_PLACEMENT_3D('',#690,#14,#13);
#690=CARTESIAN_POINT('',(7.25,0.122735084338,3.372735181195));
#691=ADVANCED_FACE('',(#692),#699,.T.);
#692=FACE_BOUND('',#693,.T.);
#693=EDGE_LOOP('',(#694,#695,#698));
#694=ORIENTED_EDGE('',*,*,#478,.F.);
#695=ORIENTED_EDGE('',*,*,#696,.T.);
#696=EDGE_CURVE('',#326,#668,#697,.T.);
#697=LINE('',#327,#299);
#698=ORIENTED_EDGE('',*,*,#673,.F.);
#699=PLANE('',#700);
#700=AXIS2_PLACEMENT_3D('',#701,#13,#14);
#701=CARTESIAN_POINT('',(7.220670859808,-7.179193219012,3.000000096858));
#702=ADVANCED_FACE('',(#703),#712,.T.);
#703=FACE_BOUND('',#704,.T.);
#704=EDGE_LOOP('',(#705,#710,#711));
#705=ORIENTED_EDGE('',*,*,#706,.T.);
#706=EDGE_CURVE('',#491,#522,#707,.T.);
#707=LINE('',#492,#708);
#708=VECTOR('',#709,1.);
#709=DIRECTION('',(-0.226229764393,-9.370743741827E-02,0.969556089082));
#710=ORIENTED_EDGE('',*,*,#521,.F.);
#711=ORIENTED_EDGE('',*,*,#495,.F.);
#712=PLANE('',#713);
#713=AXIS2_PLACEMENT_3D('',#714,#502,#503);
#714=CARTESIAN_POINT('',(6.992907048229,0.40135776196,4.601826982981));
#715=ADVANCED_FACE('',(#716),#727,.T.);
#716=FACE_BOUND('',#717,.T.);
#717=EDGE_LOOP('',(#718,#723,#726));
#718=ORIENTED_EDGE('',*,*,#719,.T.);
#719=EDGE_CURVE('',#426,#720,#722,.T.);
#720=VERTEX_POINT('',#721);
#721=CARTESIAN_POINT('',(7.,-7.5,2.199999906123));
#722=LINE('',#427,#34);
#723=ORIENTED_EDGE('',*,*,#724,.T.);
#724=EDGE_CURVE('',#720,#326,#725,.T.);
#725=LINE('',#721,#82);
#726=ORIENTED_EDGE('',*,*,#510,.F.);
#727=PLANE('',#728);
#728=AXIS2_PLACEMENT_3D('',#729,#64,#55);
#729=CARTESIAN_POINT('',(0.194290416372,-7.5,2.405709585119));
#730=ADVANCED_FACE('',(#731),#740,.T.);
#731=FACE_BOUND('',#732,.T.);
#732=EDGE_LOOP('',(#733,#734,#735));
#733=ORIENTED_EDGE('',*,*,#526,.F.);
#734=ORIENTED_EDGE('',*,*,#706,.F.);
#735=ORIENTED_EDGE('',*,*,#736,.T.);
#736=EDGE_CURVE('',#491,#342,#737,.T.);
#737=LINE('',#492,#738);
#738=VECTOR('',#739,1.);
#739=DIRECTION('',(-0.315388814569,2.248017383418E-03,0.948959873789));
#740=PLANE('',#741);
#741=AXIS2_PLACEMENT_3D('',#742,#743,#744);
#742=CARTESIAN_POINT('',(7.024144950371,6.859239998699,4.297197564647));
#743=DIRECTION('',(0.688609721504,0.688609721504,0.227229625928));
#744=DIRECTION('',(0.707106781187,-0.707106781187,-4.163336342344E-17));
#745=ADVANCED_FACE('',(#746),#759,.T.);
#746=FACE_BOUND('',#747,.T.);
#747=EDGE_LOOP('',(#748,#753,#758));
#748=ORIENTED_EDGE('',*,*,#749,.T.);
#749=EDGE_CURVE('',#342,#750,#752,.T.);
#750=VERTEX_POINT('',#751);
#751=CARTESIAN_POINT('',(-6.751471996307,6.900000095367,4.999999620021));
#752=LINE('',#343,#228);
#753=ORIENTED_EDGE('',*,*,#754,.T.);
#754=EDGE_CURVE('',#750,#537,#755,.T.);
#755=LINE('',#751,#756);
#756=VECTOR('',#757,1.);
#757=DIRECTION('',(0.997268599765,-7.386027297187E-02,0.));
#758=ORIENTED_EDGE('',*,*,#536,.F.);
#759=PLANE('',#760);
#760=AXIS2_PLACEMENT_3D('',#761,#13,#14);
#761=CARTESIAN_POINT('',(8.535188286249E-03,6.724445062645,4.999999620021));
#762=ADVANCED_FACE('',(#763),#776,.T.);
#763=FACE_BOUND('',#764,.T.);
#764=EDGE_LOOP('',(#765,#770,#771));
#765=ORIENTED_EDGE('',*,*,#766,.T.);
#766=EDGE_CURVE('',#767,#360,#769,.T.);
#767=VERTEX_POINT('',#768);
#768=CARTESIAN_POINT('',(2.700000047684,-6.199999809265,5.499999620021));
#769=LINE('',#768,#54);
#770=ORIENTED_EDGE('',*,*,#556,.F.);
#771=ORIENTED_EDGE('',*,*,#772,.T.);
#772=EDGE_CURVE('',#537,#767,#773,.T.);
#773=LINE('',#538,#774);
#774=VECTOR('',#775,1.);
#775=DIRECTION('',(0.,-0.999188034698,4.028984134829E-02));
#776=PLANE('',#777);
#777=AXIS2_PLACEMENT_3D('',#778,#14,#13);
#778=CARTESIAN_POINT('',(2.700000047684,-0.122480862189,5.127518757831));
#779=ADVANCED_FACE('',(#780),#795,.T.);
#780=FACE_BOUND('',#781,.T.);
#781=EDGE_LOOP('',(#782,#789,#794));
#782=ORIENTED_EDGE('',*,*,#783,.T.);
#783=EDGE_CURVE('',#567,#784,#786,.T.);
#784=VERTEX_POINT('',#785);
#785=CARTESIAN_POINT('',(-3.099999904633,-2.5,4.999999620021));
#786=LINE('',#568,#787);
#787=VECTOR('',#788,1.);
#788=DIRECTION('',(-0.107481810462,0.994207051081,0.));
#789=ORIENTED_EDGE('',*,*,#790,.T.);
#790=EDGE_CURVE('',#784,#206,#791,.T.);
#791=LINE('',#785,#792);
#792=VECTOR('',#793,1.);
#793=DIRECTION('',(-0.638614746445,-0.769526611381,0.));
#794=ORIENTED_EDGE('',*,*,#571,.F.);
#795=PLANE('',#796);
#796=AXIS2_PLACEMENT_3D('',#797,#13,#14);
#797=CARTESIAN_POINT('',(-4.308712721191,-5.165190267524,4.999999620021));
#798=ADVANCED_FACE('',(#799),#808,.T.);
#799=FACE_BOUND('',#800,.T.);
#800=EDGE_LOOP('',(#801,#802,#803));
#801=ORIENTED_EDGE('',*,*,#566,.F.);
#802=ORIENTED_EDGE('',*,*,#766,.F.);
#803=ORIENTED_EDGE('',*,*,#804,.T.);
#804=EDGE_CURVE('',#767,#567,#805,.T.);
#805=LINE('',#768,#806);
#806=VECTOR('',#807,1.);
#807=DIRECTION('',(-0.995740674205,0.,-9.219820894642E-02));
#808=PLANE('',#809);
#809=AXIS2_PLACEMENT_3D('',#810,#64,#55);
#810=CARTESIAN_POINT('',(0.119225313806,-6.199999809265,5.130774306215));
#811=ADVANCED_FACE('',(#812),#825,.T.);
#812=FACE_BOUND('',#813,.T.);
#813=EDGE_LOOP('',(#814,#819,#820));
#814=ORIENTED_EDGE('',*,*,#815,.T.);
#815=EDGE_CURVE('',#816,#186,#818,.T.);
#816=VERTEX_POINT('',#817);
#817=CARTESIAN_POINT('',(-6.896446704865,7.25,3.500000096858));
#818=LINE('',#817,#157);
#819=ORIENTED_EDGE('',*,*,#586,.F.);
#820=ORIENTED_EDGE('',*,*,#821,.T.);
#821=EDGE_CURVE('',#582,#816,#822,.T.);
#822=LINE('',#583,#823);
#823=VECTOR('',#824,1.);
#824=DIRECTION('',(2.248017383418E-03,0.315388814569,-0.948959873789));
#825=PLANE('',#826);
#826=AXIS2_PLACEMENT_3D('',#827,#828,#273);
#827=CARTESIAN_POINT('',(-6.99773089781,6.935338544176,4.146630821027));
#828=DIRECTION('',(-0.688609721504,0.688609721504,0.227229625928));
#829=ADVANCED_FACE('',(#830),#841,.T.);
#830=FACE_BOUND('',#831,.T.);
#831=EDGE_LOOP('',(#832,#837,#838));
#832=ORIENTED_EDGE('',*,*,#833,.T.);
#833=EDGE_CURVE('',#834,#443,#836,.T.);
#834=VERTEX_POINT('',#835);
#835=CARTESIAN_POINT('',(-7.,7.5,3.000000096858));
#836=LINE('',#835,#157);
#837=ORIENTED_EDGE('',*,*,#600,.F.);
#838=ORIENTED_EDGE('',*,*,#839,.T.);
#839=EDGE_CURVE('',#400,#834,#840,.T.);
#840=LINE('',#401,#480);
#841=PLANE('',#842);
#842=AXIS2_PLACEMENT_3D('',#843,#13,#14);
#843=CARTESIAN_POINT('',(-7.220670859808,7.179193219012,3.000000096858));
#844=ADVANCED_FACE('',(#845),#852,.T.);
#845=FACE_BOUND('',#846,.T.);
#846=EDGE_LOOP('',(#847,#848,#851));
#847=ORIENTED_EDGE('',*,*,#815,.F.);
#848=ORIENTED_EDGE('',*,*,#849,.T.);
#849=EDGE_CURVE('',#816,#612,#850,.T.);
#850=LINE('',#817,#54);
#851=ORIENTED_EDGE('',*,*,#617,.F.);
#852=PLANE('',#853);
#853=AXIS2_PLACEMENT_3D('',#854,#92,#273);
#854=CARTESIAN_POINT('',(-7.021446664125,7.125000040739,3.323223391676));
#855=ADVANCED_FACE('',(#856),#863,.T.);
#856=FACE_BOUND('',#857,.T.);
#857=EDGE_LOOP('',(#858,#859,#860));
#858=ORIENTED_EDGE('',*,*,#839,.F.);
#859=ORIENTED_EDGE('',*,*,#611,.F.);
#860=ORIENTED_EDGE('',*,*,#861,.T.);
#861=EDGE_CURVE('',#612,#834,#862,.T.);
#862=LINE('',#613,#332);
#863=PLANE('',#864);
#864=AXIS2_PLACEMENT_3D('',#865,#13,#14);
#865=CARTESIAN_POINT('',(-7.073223330534,7.187924323763,3.000000096858));
#866=ADVANCED_FACE('',(#867),#876,.T.);
#867=FACE_BOUND('',#868,.T.);
#868=EDGE_LOOP('',(#869,#872,#873));
#869=ORIENTED_EDGE('',*,*,#870,.T.);
#870=EDGE_CURVE('',#750,#582,#871,.T.);
#871=LINE('',#751,#157);
#872=ORIENTED_EDGE('',*,*,#630,.F.);
#873=ORIENTED_EDGE('',*,*,#874,.T.);
#874=EDGE_CURVE('',#206,#750,#875,.T.);
#875=LINE('',#207,#189);
#876=PLANE('',#877);
#877=AXIS2_PLACEMENT_3D('',#878,#13,#14);
#878=CARTESIAN_POINT('',(-6.788687689043,1.517859590636E-02,4.999999620021));
#879=ADVANCED_FACE('',(#880),#893,.T.);
#880=FACE_BOUND('',#881,.T.);
#881=EDGE_LOOP('',(#882,#883,#890));
#882=ORIENTED_EDGE('',*,*,#644,.F.);
#883=ORIENTED_EDGE('',*,*,#884,.T.);
#884=EDGE_CURVE('',#640,#885,#887,.T.);
#885=VERTEX_POINT('',#886);
#886=CARTESIAN_POINT('',(-7.,7.5,2.199999906123));
#887=LINE('',#641,#888);
#888=VECTOR('',#889,1.);
#889=DIRECTION('',(3.446227583975E-02,0.999405999354,0.));
#890=ORIENTED_EDGE('',*,*,#891,.T.);
#891=EDGE_CURVE('',#885,#426,#892,.T.);
#892=LINE('',#886,#345);
#893=PLANE('',#894);
#894=AXIS2_PLACEMENT_3D('',#895,#55,#199);
#895=CARTESIAN_POINT('',(-7.125892436432,-4.962216315991E-02,2.199999906123));
#896=ADVANCED_FACE('',(#897),#908,.T.);
#897=FACE_BOUND('',#898,.T.);
#898=EDGE_LOOP('',(#899,#904,#907));
#899=ORIENTED_EDGE('',*,*,#900,.T.);
#900=EDGE_CURVE('',#443,#901,#903,.T.);
#901=VERTEX_POINT('',#902);
#902=CARTESIAN_POINT('',(-7.5,7.,2.199999906123));
#903=LINE('',#444,#54);
#904=ORIENTED_EDGE('',*,*,#905,.T.);
#905=EDGE_CURVE('',#901,#640,#906,.T.);
#906=LINE('',#902,#345);
#907=ORIENTED_EDGE('',*,*,#656,.F.);
#908=PLANE('',#909);
#909=AXIS2_PLACEMENT_3D('',#910,#199,#55);
#910=CARTESIAN_POINT('',(-7.5,0.194290416372,2.405709585119));
#911=ADVANCED_FACE('',(#912),#923,.T.);
#912=FACE_BOUND('',#913,.T.);
#913=EDGE_LOOP('',(#914,#915,#920));
#914=ORIENTED_EDGE('',*,*,#667,.F.);
#915=ORIENTED_EDGE('',*,*,#916,.T.);
#916=EDGE_CURVE('',#668,#917,#919,.T.);
#917=VERTEX_POINT('',#918);
#918=CARTESIAN_POINT('',(7.5,7.,3.000000096858));
#919=LINE('',#669,#189);
#920=ORIENTED_EDGE('',*,*,#921,.T.);
#921=EDGE_CURVE('',#917,#461,#922,.T.);
#922=LINE('',#918,#282);
#923=PLANE('',#924);
#924=AXIS2_PLACEMENT_3D('',#925,#13,#14);
#925=CARTESIAN_POINT('',(7.437124384186,4.119903100779E-02,3.000000096858));
#926=ADVANCED_FACE('',(#927),#940,.T.);
#927=FACE_BOUND('',#928,.T.);
#928=EDGE_LOOP('',(#929,#930,#935));
#929=ORIENTED_EDGE('',*,*,#684,.F.);
#930=ORIENTED_EDGE('',*,*,#931,.T.);
#931=EDGE_CURVE('',#461,#932,#934,.T.);
#932=VERTEX_POINT('',#933);
#933=CARTESIAN_POINT('',(6.896446704865,7.25,3.000000096858));
#934=LINE('',#462,#101);
#935=ORIENTED_EDGE('',*,*,#936,.T.);
#936=EDGE_CURVE('',#932,#491,#937,.T.);
#937=LINE('',#933,#938);
#938=VECTOR('',#939,1.);
#939=DIRECTION('',(0.499999932501,-0.499999932501,0.707106876644));
#940=PLANE('',#941);
#941=AXIS2_PLACEMENT_3D('',#942,#273,#92);
#942=CARTESIAN_POINT('',(7.125000040739,7.021446664125,3.176776802039));
#943=ADVANCED_FACE('',(#944),#957,.T.);
#944=FACE_BOUND('',#945,.T.);
#945=EDGE_LOOP('',(#946,#951,#952));
#946=ORIENTED_EDGE('',*,*,#947,.T.);
#947=EDGE_CURVE('',#948,#668,#950,.T.);
#948=VERTEX_POINT('',#949);
#949=CARTESIAN_POINT('',(7.5,-7.,2.199999906123));
#950=LINE('',#949,#82);
#951=ORIENTED_EDGE('',*,*,#696,.F.);
#952=ORIENTED_EDGE('',*,*,#953,.T.);
#953=EDGE_CURVE('',#326,#948,#954,.T.);
#954=LINE('',#327,#955);
#955=VECTOR('',#956,1.);
#956=DIRECTION('',(0.46829284311,0.46829284311,-0.749268727616));
#957=PLANE('',#958);
#958=AXIS2_PLACEMENT_3D('',#959,#76,#273);
#959=CARTESIAN_POINT('',(7.32767550381,-7.17232449619,2.709849752442));
#960=ADVANCED_FACE('',(#961),#968,.T.);
#961=FACE_BOUND('',#962,.T.);
#962=EDGE_LOOP('',(#963,#964,#967));
#963=ORIENTED_EDGE('',*,*,#724,.F.);
#964=ORIENTED_EDGE('',*,*,#965,.T.);
#965=EDGE_CURVE('',#720,#948,#966,.T.);
#966=LINE('',#721,#299);
#967=ORIENTED_EDGE('',*,*,#953,.F.);
#968=PLANE('',#969);
#969=AXIS2_PLACEMENT_3D('',#970,#76,#273);
#970=CARTESIAN_POINT('',(7.17232449619,-7.32767550381,2.490150250539));
#971=ADVANCED_FACE('',(#972),#987,.T.);
#972=FACE_BOUND('',#973,.T.);
#973=EDGE_LOOP('',(#974,#975,#982));
#974=ORIENTED_EDGE('',*,*,#719,.F.);
#975=ORIENTED_EDGE('',*,*,#976,.T.);
#976=EDGE_CURVE('',#426,#977,#979,.T.);
#977=VERTEX_POINT('',#978);
#978=CARTESIAN_POINT('',(6.751471996307,-6.900000095367,2.199999906123));
#979=LINE('',#427,#980);
#980=VECTOR('',#981,1.);
#981=DIRECTION('',(0.999049494909,4.359021360256E-02,0.));
#982=ORIENTED_EDGE('',*,*,#983,.T.);
#983=EDGE_CURVE('',#977,#720,#984,.T.);
#984=LINE('',#978,#985);
#985=VECTOR('',#986,1.);
#986=DIRECTION('',(0.38268330852,-0.92387958381,0.));
#987=PLANE('',#988);
#988=AXIS2_PLACEMENT_3D('',#989,#55,#199);
#989=CARTESIAN_POINT('',(9.695597433345E-02,-7.347814531495,2.199999906123));
#990=ADVANCED_FACE('',(#991),#1004,.T.);
#991=FACE_BOUND('',#992,.T.);
#992=EDGE_LOOP('',(#993,#998,#1003));
#993=ORIENTED_EDGE('',*,*,#994,.T.);
#994=EDGE_CURVE('',#491,#995,#997,.T.);
#995=VERTEX_POINT('',#996);
#996=CARTESIAN_POINT('',(6.896446704865,7.25,3.500000096858));
#997=LINE('',#492,#101);
#998=ORIENTED_EDGE('',*,*,#999,.T.);
#999=EDGE_CURVE('',#995,#342,#1000,.T.);
#1000=LINE('',#996,#1001);
#1001=VECTOR('',#1002,1.);
#1002=DIRECTION('',(-9.370743741827E-02,-0.226229764393,0.969556089082));
#1003=ORIENTED_EDGE('',*,*,#736,.F.);
#1004=PLANE('',#1005);
#1005=AXIS2_PLACEMENT_3D('',#1006,#743,#92);
#1006=CARTESIAN_POINT('',(6.935338544176,6.99773089781,4.146630821027));
#1007=ADVANCED_FACE('',(#1008),#1021,.T.);
#1008=FACE_BOUND('',#1009,.T.);
#1009=EDGE_LOOP('',(#1010,#1017,#1020));
#1010=ORIENTED_EDGE('',*,*,#1011,.T.);
#1011=EDGE_CURVE('',#750,#1012,#1014,.T.);
#1012=VERTEX_POINT('',#1013);
#1013=CARTESIAN_POINT('',(-2.700000047684,6.199999809265,4.999999620021));
#1014=LINE('',#751,#1015);
#1015=VECTOR('',#1016,1.);
#1016=DIRECTION('',(0.985400164261,-0.170254269474,0.));
#1017=ORIENTED_EDGE('',*,*,#1018,.T.);
#1018=EDGE_CURVE('',#1012,#537,#1019,.T.);
#1019=LINE('',#1013,#34);
#1020=ORIENTED_EDGE('',*,*,#754,.F.);
#1021=PLANE('',#1022);
#1022=AXIS2_PLACEMENT_3D('',#1023,#13,#14);
#1023=CARTESIAN_POINT('',(-2.034271162598,6.450467856717,4.999999620021));
#1024=ADVANCED_FACE('',(#1025),#1034,.T.);
#1025=FACE_BOUND('',#1026,.T.);
#1026=EDGE_LOOP('',(#1027,#1028,#1029));
#1027=ORIENTED_EDGE('',*,*,#749,.F.);
#1028=ORIENTED_EDGE('',*,*,#999,.F.);
#1029=ORIENTED_EDGE('',*,*,#1030,.T.);
#1030=EDGE_CURVE('',#995,#750,#1031,.T.);
#1031=LINE('',#996,#1032);
#1032=VECTOR('',#1033,1.);
#1033=DIRECTION('',(-0.99369161254,-2.548315074538E-02,0.109213498235));
#1034=PLANE('',#1035);
#1035=AXIS2_PLACEMENT_3D('',#1036,#1037,#1038);
#1036=CARTESIAN_POINT('',(0.40135776196,6.992907048229,4.601826982981));
#1037=DIRECTION('',(0.,0.973841207458,0.227229625393));
#1038=DIRECTION('',(0.,-0.227229625393,0.973841207458));
#1039=ADVANCED_FACE('',(#1040),#1051,.T.);
#1040=FACE_BOUND('',#1041,.T.);
#1041=EDGE_LOOP('',(#1042,#1047,#1050));
#1042=ORIENTED_EDGE('',*,*,#1043,.T.);
#1043=EDGE_CURVE('',#537,#1044,#1046,.T.);
#1044=VERTEX_POINT('',#1045);
#1045=CARTESIAN_POINT('',(2.700000047684,6.199999809265,5.499999620021));
#1046=LINE('',#538,#82);
#1047=ORIENTED_EDGE('',*,*,#1048,.T.);
#1048=EDGE_CURVE('',#1044,#767,#1049,.T.);
#1049=LINE('',#1045,#345);
#1050=ORIENTED_EDGE('',*,*,#772,.F.);
#1051=PLANE('',#1052);
#1052=AXIS2_PLACEMENT_3D('',#1053,#14,#13);
#1053=CARTESIAN_POINT('',(2.700000047684,0.122480862189,5.37248048221));
#1054=ADVANCED_FACE('',(#1055),#1068,.T.);
#1055=FACE_BOUND('',#1056,.T.);
#1056=EDGE_LOOP('',(#1057,#1062,#1067));
#1057=ORIENTED_EDGE('',*,*,#1058,.T.);
#1058=EDGE_CURVE('',#784,#1059,#1061,.T.);
#1059=VERTEX_POINT('',#1060);
#1060=CARTESIAN_POINT('',(-6.300000190735,-2.5,4.999999620021));
#1061=LINE('',#785,#228);
#1062=ORIENTED_EDGE('',*,*,#1063,.T.);
#1063=EDGE_CURVE('',#1059,#206,#1064,.T.);
#1064=LINE('',#1060,#1065);
#1065=VECTOR('',#1066,1.);
#1066=DIRECTION('',(-0.102071317356,-0.994777083659,0.));
#1067=ORIENTED_EDGE('',*,*,#790,.F.);
#1068=PLANE('',#1069);
#1069=AXIS2_PLACEMENT_3D('',#1070,#13,#14);
#1070=CARTESIAN_POINT('',(-5.402061146364,-4.172299576139,4.999999620021));
#1071=ADVANCED_FACE('',(#1072),#1085,.T.);
#1072=FACE_BOUND('',#1073,.T.);
#1073=EDGE_LOOP('',(#1074,#1081,#1084));
#1074=ORIENTED_EDGE('',*,*,#1075,.T.);
#1075=EDGE_CURVE('',#567,#1076,#1078,.T.);
#1076=VERTEX_POINT('',#1077);
#1077=CARTESIAN_POINT('',(-3.099999904633,2.5,4.999999620021));
#1078=LINE('',#568,#1079);
#1079=VECTOR('',#1080,1.);
#1080=DIRECTION('',(-4.592847794532E-02,0.99894473066,0.));
#1081=ORIENTED_EDGE('',*,*,#1082,.T.);
#1082=EDGE_CURVE('',#1076,#784,#1083,.T.);
#1083=LINE('',#1077,#345);
#1084=ORIENTED_EDGE('',*,*,#783,.F.);
#1085=PLANE('',#1086);
#1086=AXIS2_PLACEMENT_3D('',#1087,#13,#14);
#1087=CARTESIAN_POINT('',(-2.957369837013,-1.853091968973,4.999999620021));
#1088=ADVANCED_FACE('',(#1089),#1100,.T.);
#1089=FACE_BOUND('',#1090,.T.);
#1090=EDGE_LOOP('',(#1091,#1096,#1099));
#1091=ORIENTED_EDGE('',*,*,#1092,.T.);
#1092=EDGE_CURVE('',#767,#1093,#1095,.T.);
#1093=VERTEX_POINT('',#1094);
#1094=CARTESIAN_POINT('',(-2.700000047684,-6.199999809265,5.499999620021));
#1095=LINE('',#768,#228);
#1096=ORIENTED_EDGE('',*,*,#1097,.T.);
#1097=EDGE_CURVE('',#1093,#567,#1098,.T.);
#1098=LINE('',#1094,#54);
#1099=ORIENTED_EDGE('',*,*,#804,.F.);
#1100=PLANE('',#1101);
#1101=AXIS2_PLACEMENT_3D('',#1102,#64,#55);
#1102=CARTESIAN_POINT('',(-0.119225313806,-6.199999809265,5.369224933826));
#1103=ADVANCED_FACE('',(#1104),#1113,.T.);
#1104=FACE_BOUND('',#1105,.T.);
#1105=EDGE_LOOP('',(#1106,#1107,#1112));
#1106=ORIENTED_EDGE('',*,*,#870,.F.);
#1107=ORIENTED_EDGE('',*,*,#1108,.T.);
#1108=EDGE_CURVE('',#750,#816,#1109,.T.);
#1109=LINE('',#751,#1110);
#1110=VECTOR('',#1111,1.);
#1111=DIRECTION('',(-9.370743741827E-02,0.226229764393,-0.969556089082));
#1112=ORIENTED_EDGE('',*,*,#821,.F.);
#1113=PLANE('',#1114);
#1114=AXIS2_PLACEMENT_3D('',#1115,#828,#91);
#1115=CARTESIAN_POINT('',(-6.859239998699,7.024144950371,4.297197564647));
#1116=ADVANCED_FACE('',(#1117),#1126,.T.);
#1117=FACE_BOUND('',#1118,.T.);
#1118=EDGE_LOOP('',(#1119,#1120,#1121));
#1119=ORIENTED_EDGE('',*,*,#900,.F.);
#1120=ORIENTED_EDGE('',*,*,#833,.F.);
#1121=ORIENTED_EDGE('',*,*,#1122,.T.);
#1122=EDGE_CURVE('',#834,#901,#1123,.T.);
#1123=LINE('',#835,#1124);
#1124=VECTOR('',#1125,1.);
#1125=DIRECTION('',(-0.46829284311,-0.46829284311,-0.749268727616));
#1126=PLANE('',#1127);
#1127=AXIS2_PLACEMENT_3D('',#1128,#92,#91);
#1128=CARTESIAN_POINT('',(-7.32767550381,7.17232449619,2.709849752442));
#1129=ADVANCED_FACE('',(#1130),#1141,.T.);
#1130=FACE_BOUND('',#1131,.T.);
#1131=EDGE_LOOP('',(#1132,#1135,#1136));
#1132=ORIENTED_EDGE('',*,*,#1133,.T.);
#1133=EDGE_CURVE('',#932,#612,#1134,.T.);
#1134=LINE('',#933,#228);
#1135=ORIENTED_EDGE('',*,*,#849,.F.);
#1136=ORIENTED_EDGE('',*,*,#1137,.T.);
#1137=EDGE_CURVE('',#816,#932,#1138,.T.);
#1138=LINE('',#817,#1139);
#1139=VECTOR('',#1140,1.);
#1140=DIRECTION('',(0.999343595605,0.,-3.622675699437E-02));
#1141=PLANE('',#1142);
#1142=AXIS2_PLACEMENT_3D('',#1143,#190,#13);
#1143=CARTESIAN_POINT('',(-0.122735084338,7.25,3.12726501252));
#1144=ADVANCED_FACE('',(#1145),#1154,.T.);
#1145=FACE_BOUND('',#1146,.T.);
#1146=EDGE_LOOP('',(#1147,#1148,#1149));
#1147=ORIENTED_EDGE('',*,*,#861,.F.);
#1148=ORIENTED_EDGE('',*,*,#1133,.F.);
#1149=ORIENTED_EDGE('',*,*,#1150,.T.);
#1150=EDGE_CURVE('',#932,#834,#1151,.T.);
#1151=LINE('',#933,#1152);
#1152=VECTOR('',#1153,1.);
#1153=DIRECTION('',(-0.999838215435,1.798729985926E-02,0.));
#1154=PLANE('',#1155);
#1155=AXIS2_PLACEMENT_3D('',#1156,#13,#14);
#1156=CARTESIAN_POINT('',(-9.297567857554E-02,7.313341314529,3.000000096858));
#1157=ADVANCED_FACE('',(#1158),#1167,.T.);
#1158=FACE_BOUND('',#1159,.T.);
#1159=EDGE_LOOP('',(#1160,#1165,#1166));
#1160=ORIENTED_EDGE('',*,*,#1161,.T.);
#1161=EDGE_CURVE('',#1059,#750,#1162,.T.);
#1162=LINE('',#1060,#1163);
#1163=VECTOR('',#1164,1.);
#1164=DIRECTION('',(-4.797361466446E-02,0.998848603291,0.));
#1165=ORIENTED_EDGE('',*,*,#874,.F.);
#1166=ORIENTED_EDGE('',*,*,#1063,.F.);
#1167=PLANE('',#1168);
#1168=AXIS2_PLACEMENT_3D('',#1169,#13,#14);
#1169=CARTESIAN_POINT('',(-6.638465432371,-3.066471072323E-03,4.999999620021));
#1170=ADVANCED_FACE('',(#1171),#1178,.T.);
#1171=FACE_BOUND('',#1172,.T.);
#1172=EDGE_LOOP('',(#1173,#1174,#1177));
#1173=ORIENTED_EDGE('',*,*,#905,.F.);
#1174=ORIENTED_EDGE('',*,*,#1175,.T.);
#1175=EDGE_CURVE('',#901,#885,#1176,.T.);
#1176=LINE('',#902,#299);
#1177=ORIENTED_EDGE('',*,*,#884,.F.);
#1178=PLANE('',#1179);
#1179=AXIS2_PLACEMENT_3D('',#1180,#55,#199);
#1180=CARTESIAN_POINT('',(-7.369798499295,0.29962216316,2.199999906123));
#1181=ADVANCED_FACE('',(#1182),#1197,.T.);
#1182=FACE_BOUND('',#1183,.T.);
#1183=EDGE_LOOP('',(#1184,#1191,#1192));
#1184=ORIENTED_EDGE('',*,*,#1185,.T.);
#1185=EDGE_CURVE('',#1186,#426,#1188,.T.);
#1186=VERTEX_POINT('',#1187);
#1187=CARTESIAN_POINT('',(-6.900000095367,6.751471996307,2.199999906123));
#1188=LINE('',#1187,#1189);
#1189=VECTOR('',#1190,1.);
#1190=DIRECTION('',(-7.016639612318E-03,-0.999975383081,0.));
#1191=ORIENTED_EDGE('',*,*,#891,.F.);
#1192=ORIENTED_EDGE('',*,*,#1193,.T.);
#1193=EDGE_CURVE('',#885,#1186,#1194,.T.);
#1194=LINE('',#886,#1195);
#1195=VECTOR('',#1196,1.);
#1196=DIRECTION('',(0.132418945847,-0.991193837138,0.));
#1197=PLANE('',#1198);
#1198=AXIS2_PLACEMENT_3D('',#1199,#55,#199);
#1199=CARTESIAN_POINT('',(-6.974994190993,1.574846621208E-03,2.199999906123));
#1200=ADVANCED_FACE('',(#1201),#1214,.T.);
#1201=FACE_BOUND('',#1202,.T.);
#1202=EDGE_LOOP('',(#1203,#1208,#1209));
#1203=ORIENTED_EDGE('',*,*,#1204,.T.);
#1204=EDGE_CURVE('',#1205,#917,#1207,.T.);
#1205=VERTEX_POINT('',#1206);
#1206=CARTESIAN_POINT('',(7.5,7.,2.199999906123));
#1207=LINE('',#1206,#82);
#1208=ORIENTED_EDGE('',*,*,#916,.F.);
#1209=ORIENTED_EDGE('',*,*,#1210,.T.);
#1210=EDGE_CURVE('',#668,#1205,#1211,.T.);
#1211=LINE('',#669,#1212);
#1212=VECTOR('',#1213,1.);
#1213=DIRECTION('',(0.,0.998371333649,-5.704980409602E-02));
#1214=PLANE('',#1215);
#1215=AXIS2_PLACEMENT_3D('',#1216,#14,#13);
#1216=CARTESIAN_POINT('',(7.5,0.194290416372,2.794290417862));
#1217=ADVANCED_FACE('',(#1218),#1229,.T.);
#1218=FACE_BOUND('',#1219,.T.);
#1219=EDGE_LOOP('',(#1220,#1225,#1228));
#1220=ORIENTED_EDGE('',*,*,#1221,.T.);
#1221=EDGE_CURVE('',#917,#1222,#1224,.T.);
#1222=VERTEX_POINT('',#1223);
#1223=CARTESIAN_POINT('',(7.,7.5,3.000000096858));
#1224=LINE('',#918,#101);
#1225=ORIENTED_EDGE('',*,*,#1226,.T.);
#1226=EDGE_CURVE('',#1222,#461,#1227,.T.);
#1227=LINE('',#1223,#118);
#1228=ORIENTED_EDGE('',*,*,#921,.F.);
#1229=PLANE('',#1230);
#1230=AXIS2_PLACEMENT_3D('',#1231,#13,#14);
#1231=CARTESIAN_POINT('',(7.220670859808,7.179193219012,3.000000096858));
#1232=ADVANCED_FACE('',(#1233),#1242,.T.);
#1233=FACE_BOUND('',#1234,.T.);
#1234=EDGE_LOOP('',(#1235,#1240,#1241));
#1235=ORIENTED_EDGE('',*,*,#1236,.T.);
#1236=EDGE_CURVE('',#1222,#932,#1237,.T.);
#1237=LINE('',#1223,#1238);
#1238=VECTOR('',#1239,1.);
#1239=DIRECTION('',(-0.38268313126,-0.923879657233,0.));
#1240=ORIENTED_EDGE('',*,*,#931,.F.);
#1241=ORIENTED_EDGE('',*,*,#1226,.F.);
#1242=PLANE('',#1243);
#1243=AXIS2_PLACEMENT_3D('',#1244,#13,#14);
#1244=CARTESIAN_POINT('',(7.073223330534,7.187924323763,3.000000096858));
#1245=ADVANCED_FACE('',(#1246),#1253,.T.);
#1246=FACE_BOUND('',#1247,.T.);
#1247=EDGE_LOOP('',(#1248,#1251,#1252));
#1248=ORIENTED_EDGE('',*,*,#1249,.T.);
#1249=EDGE_CURVE('',#932,#995,#1250,.T.);
#1250=LINE('',#933,#82);
#1251=ORIENTED_EDGE('',*,*,#994,.F.);
#1252=ORIENTED_EDGE('',*,*,#936,.F.);
#1253=PLANE('',#1254);
#1254=AXIS2_PLACEMENT_3D('',#1255,#273,#76);
#1255=CARTESIAN_POINT('',(7.021446664125,7.125000040739,3.323223391676));
#1256=ADVANCED_FACE('',(#1257),#1264,.T.);
#1257=FACE_BOUND('',#1258,.T.);
#1258=EDGE_LOOP('',(#1259,#1260,#1263));
#1259=ORIENTED_EDGE('',*,*,#947,.F.);
#1260=ORIENTED_EDGE('',*,*,#1261,.T.);
#1261=EDGE_CURVE('',#948,#1205,#1262,.T.);
#1262=LINE('',#949,#189);
#1263=ORIENTED_EDGE('',*,*,#1210,.F.);
#1264=PLANE('',#1265);
#1265=AXIS2_PLACEMENT_3D('',#1266,#14,#13);
#1266=CARTESIAN_POINT('',(7.5,-0.194290416372,2.405709585119));
#1267=ADVANCED_FACE('',(#1268),#1275,.T.);
#1268=FACE_BOUND('',#1269,.T.);
#1269=EDGE_LOOP('',(#1270,#1271,#1272));
#1270=ORIENTED_EDGE('',*,*,#1261,.F.);
#1271=ORIENTED_EDGE('',*,*,#965,.F.);
#1272=ORIENTED_EDGE('',*,*,#1273,.T.);
#1273=EDGE_CURVE('',#720,#1205,#1274,.T.);
#1274=LINE('',#721,#888);
#1275=PLANE('',#1276);
#1276=AXIS2_PLACEMENT_3D('',#1277,#55,#199);
#1277=CARTESIAN_POINT('',(7.369798499295,-0.29962216316,2.199999906123));
#1278=ADVANCED_FACE('',(#1279),#1292,.T.);
#1279=FACE_BOUND('',#1280,.T.);
#1280=EDGE_LOOP('',(#1281,#1288,#1291));
#1281=ORIENTED_EDGE('',*,*,#1282,.T.);
#1282=EDGE_CURVE('',#426,#1283,#1285,.T.);
#1283=VERTEX_POINT('',#1284);
#1284=CARTESIAN_POINT('',(-6.751471996307,-6.900000095367,2.199999906123));
#1285=LINE('',#427,#1286);
#1286=VECTOR('',#1287,1.);
#1287=DIRECTION('',(0.38268330852,0.92387958381,0.));
#1288=ORIENTED_EDGE('',*,*,#1289,.T.);
#1289=EDGE_CURVE('',#1283,#977,#1290,.T.);
#1290=LINE('',#1284,#34);
#1291=ORIENTED_EDGE('',*,*,#976,.F.);
#1292=PLANE('',#1293);
#1293=AXIS2_PLACEMENT_3D('',#1294,#55,#199);
#1294=CARTESIAN_POINT('',(-0.22121997618,-7.054895198825,2.199999906123));
#1295=ADVANCED_FACE('',(#1296),#1307,.T.);
#1296=FACE_BOUND('',#1297,.T.);
#1297=EDGE_LOOP('',(#1298,#1299,#1304));
#1298=ORIENTED_EDGE('',*,*,#983,.F.);
#1299=ORIENTED_EDGE('',*,*,#1300,.T.);
#1300=EDGE_CURVE('',#977,#1301,#1303,.T.);
#1301=VERTEX_POINT('',#1302);
#1302=CARTESIAN_POINT('',(6.900000095367,-6.751471996307,2.199999906123));
#1303=LINE('',#978,#299);
#1304=ORIENTED_EDGE('',*,*,#1305,.T.);
#1305=EDGE_CURVE('',#1301,#720,#1306,.T.);
#1306=LINE('',#1302,#1195);
#1307=PLANE('',#1308);
#1308=AXIS2_PLACEMENT_3D('',#1309,#55,#199);
#1309=CARTESIAN_POINT('',(6.903964833737,-7.116579021557,2.199999906123));
#1310=ADVANCED_FACE('',(#1311),#1324,.T.);
#1311=FACE_BOUND('',#1312,.T.);
#1312=EDGE_LOOP('',(#1313,#1314,#1319));
#1313=ORIENTED_EDGE('',*,*,#1018,.F.);
#1314=ORIENTED_EDGE('',*,*,#1315,.T.);
#1315=EDGE_CURVE('',#1012,#1316,#1318,.T.);
#1316=VERTEX_POINT('',#1317);
#1317=CARTESIAN_POINT('',(-2.700000047684,6.199999809265,5.499999620021));
#1318=LINE('',#1013,#82);
#1319=ORIENTED_EDGE('',*,*,#1320,.T.);
#1320=EDGE_CURVE('',#1316,#537,#1321,.T.);
#1321=LINE('',#1317,#1322);
#1322=VECTOR('',#1323,1.);
#1323=DIRECTION('',(0.995740674205,0.,-9.219820894642E-02));
#1324=PLANE('',#1325);
#1325=AXIS2_PLACEMENT_3D('',#1326,#190,#13);
#1326=CARTESIAN_POINT('',(-0.119225313806,6.199999809265,5.130774306215));
#1327=ADVANCED_FACE('',(#1328),#1341,.T.);
#1328=FACE_BOUND('',#1329,.T.);
#1329=EDGE_LOOP('',(#1330,#1335,#1340));
#1330=ORIENTED_EDGE('',*,*,#1331,.T.);
#1331=EDGE_CURVE('',#750,#1076,#1332,.T.);
#1332=LINE('',#751,#1333);
#1333=VECTOR('',#1334,1.);
#1334=DIRECTION('',(0.638614746445,-0.769526611381,0.));
#1335=ORIENTED_EDGE('',*,*,#1336,.T.);
#1336=EDGE_CURVE('',#1076,#1012,#1337,.T.);
#1337=LINE('',#1077,#1338);
#1338=VECTOR('',#1339,1.);
#1339=DIRECTION('',(0.107481810462,0.994207051081,0.));
#1340=ORIENTED_EDGE('',*,*,#1011,.F.);
#1341=PLANE('',#1342);
#1342=AXIS2_PLACEMENT_3D('',#1343,#13,#14);
#1343=CARTESIAN_POINT('',(-4.308712721191,5.165190267524,4.999999620021));
#1344=ADVANCED_FACE('',(#1345),#1352,.T.);
#1345=FACE_BOUND('',#1346,.T.);
#1346=EDGE_LOOP('',(#1347,#1350,#1351));
#1347=ORIENTED_EDGE('',*,*,#1348,.T.);
#1348=EDGE_CURVE('',#995,#816,#1349,.T.);
#1349=LINE('',#996,#228);
#1350=ORIENTED_EDGE('',*,*,#1108,.F.);
#1351=ORIENTED_EDGE('',*,*,#1030,.F.);
#1352=PLANE('',#1353);
#1353=AXIS2_PLACEMENT_3D('',#1354,#1037,#1038);
#1354=CARTESIAN_POINT('',(-0.328870407682,7.158019572667,3.894201910382));
#1355=ADVANCED_FACE('',(#1356),#1371,.T.);
#1356=FACE_BOUND('',#1357,.T.);
#1357=EDGE_LOOP('',(#1358,#1365,#1366));
#1358=ORIENTED_EDGE('',*,*,#1359,.T.);
#1359=EDGE_CURVE('',#1360,#767,#1362,.T.);
#1360=VERTEX_POINT('',#1361);
#1361=CARTESIAN_POINT('',(2.,5.5,5.499999620021));
#1362=LINE('',#1361,#1363);
#1363=VECTOR('',#1364,1.);
#1364=DIRECTION('',(5.972227191747E-02,-0.998215032063,0.));
#1365=ORIENTED_EDGE('',*,*,#1048,.F.);
#1366=ORIENTED_EDGE('',*,*,#1367,.T.);
#1367=EDGE_CURVE('',#1044,#1360,#1368,.T.);
#1368=LINE('',#1045,#1369);
#1369=VECTOR('',#1370,1.);
#1370=DIRECTION('',(-0.707106901606,-0.707106660767,0.));
#1371=PLANE('',#1372);
#1372=AXIS2_PLACEMENT_3D('',#1373,#13,#14);
#1373=CARTESIAN_POINT('',(2.522833546224,6.725702864331E-02,5.499999620021));
#1374=ADVANCED_FACE('',(#1375),#1382,.T.);
#1375=FACE_BOUND('',#1376,.T.);
#1376=EDGE_LOOP('',(#1377,#1380,#1381));
#1377=ORIENTED_EDGE('',*,*,#1378,.T.);
#1378=EDGE_CURVE('',#1316,#1044,#1379,.T.);
#1379=LINE('',#1317,#34);
#1380=ORIENTED_EDGE('',*,*,#1043,.F.);
#1381=ORIENTED_EDGE('',*,*,#1320,.F.);
#1382=PLANE('',#1383);
#1383=AXIS2_PLACEMENT_3D('',#1384,#190,#13);
#1384=CARTESIAN_POINT('',(0.119225313806,6.199999809265,5.369224933826));
#1385=ADVANCED_FACE('',(#1386),#1399,.T.);
#1386=FACE_BOUND('',#1387,.T.);
#1387=EDGE_LOOP('',(#1388,#1389,#1394));
#1388=ORIENTED_EDGE('',*,*,#1058,.F.);
#1389=ORIENTED_EDGE('',*,*,#1390,.T.);
#1390=EDGE_CURVE('',#784,#1391,#1393,.T.);
#1391=VERTEX_POINT('',#1392);
#1392=CARTESIAN_POINT('',(-3.099999904633,-2.5,9.6858000731E-08));
#1393=LINE('',#785,#54);
#1394=ORIENTED_EDGE('',*,*,#1395,.T.);
#1395=EDGE_CURVE('',#1391,#1059,#1396,.T.);
#1396=LINE('',#1392,#1397);
#1397=VECTOR('',#1398,1.);
#1398=DIRECTION('',(-0.539053767084,0.,0.842271355439));
#1399=PLANE('',#1400);
#1400=AXIS2_PLACEMENT_3D('',#1401,#190,#13);
#1401=CARTESIAN_POINT('',(-4.134082241483,-2.5,3.06591766464));
#1402=ADVANCED_FACE('',(#1403),#1412,.T.);
#1403=FACE_BOUND('',#1404,.T.);
#1404=EDGE_LOOP('',(#1405,#1406,#1407));
#1405=ORIENTED_EDGE('',*,*,#1390,.F.);
#1406=ORIENTED_EDGE('',*,*,#1082,.F.);
#1407=ORIENTED_EDGE('',*,*,#1408,.T.);
#1408=EDGE_CURVE('',#1076,#1391,#1409,.T.);
#1409=LINE('',#1077,#1410);
#1410=VECTOR('',#1411,1.);
#1411=DIRECTION('',(0.,-0.707106814904,-0.707106747469));
#1412=PLANE('',#1413);
#1413=AXIS2_PLACEMENT_3D('',#1414,#199,#55);
#1414=CARTESIAN_POINT('',(-3.099999904633,-0.732233012118,3.232232870557));
#1415=ADVANCED_FACE('',(#1416),#1423,.T.);
#1416=FACE_BOUND('',#1417,.T.);
#1417=EDGE_LOOP('',(#1418,#1419,#1422));
#1418=ORIENTED_EDGE('',*,*,#1075,.F.);
#1419=ORIENTED_EDGE('',*,*,#1420,.T.);
#1420=EDGE_CURVE('',#567,#1012,#1421,.T.);
#1421=LINE('',#568,#189);
#1422=ORIENTED_EDGE('',*,*,#1336,.F.);
#1423=PLANE('',#1424);
#1424=AXIS2_PLACEMENT_3D('',#1425,#13,#14);
#1425=CARTESIAN_POINT('',(-2.800123847613,3.092064340711E-03,4.999999620021));
#1426=ADVANCED_FACE('',(#1427),#1438,.T.);
#1427=FACE_BOUND('',#1428,.T.);
#1428=EDGE_LOOP('',(#1429,#1430,#1433));
#1429=ORIENTED_EDGE('',*,*,#1097,.F.);
#1430=ORIENTED_EDGE('',*,*,#1431,.T.);
#1431=EDGE_CURVE('',#1093,#1316,#1432,.T.);
#1432=LINE('',#1094,#189);
#1433=ORIENTED_EDGE('',*,*,#1434,.T.);
#1434=EDGE_CURVE('',#1316,#567,#1435,.T.);
#1435=LINE('',#1317,#1436);
#1436=VECTOR('',#1437,1.);
#1437=DIRECTION('',(0.,-0.999188034698,-4.028984134829E-02));
#1438=PLANE('',#1439);
#1439=AXIS2_PLACEMENT_3D('',#1440,#199,#55);
#1440=CARTESIAN_POINT('',(-2.700000047684,-0.122480862189,5.37248048221));
#1441=ADVANCED_FACE('',(#1442),#1457,.T.);
#1442=FACE_BOUND('',#1443,.T.);
#1443=EDGE_LOOP('',(#1444,#1451,#1452));
#1444=ORIENTED_EDGE('',*,*,#1445,.T.);
#1445=EDGE_CURVE('',#1446,#1093,#1448,.T.);
#1446=VERTEX_POINT('',#1447);
#1447=CARTESIAN_POINT('',(2.,-5.5,5.499999620021));
#1448=LINE('',#1447,#1449);
#1449=VECTOR('',#1450,1.);
#1450=DIRECTION('',(-0.989090183948,-0.147311262359,0.));
#1451=ORIENTED_EDGE('',*,*,#1092,.F.);
#1452=ORIENTED_EDGE('',*,*,#1453,.T.);
#1453=EDGE_CURVE('',#767,#1446,#1454,.T.);
#1454=LINE('',#768,#1455);
#1455=VECTOR('',#1456,1.);
#1456=DIRECTION('',(-0.707106901606,0.707106660767,0.));
#1457=PLANE('',#1458);
#1458=AXIS2_PLACEMENT_3D('',#1459,#13,#14);
#1459=CARTESIAN_POINT('',(5.952690630899E-02,-6.019631472404,5.499999620021));
#1460=ADVANCED_FACE('',(#1461),#1468,.T.);
#1461=FACE_BOUND('',#1462,.T.);
#1462=EDGE_LOOP('',(#1463,#1466,#1467));
#1463=ORIENTED_EDGE('',*,*,#1464,.T.);
#1464=EDGE_CURVE('',#834,#885,#1465,.T.);
#1465=LINE('',#835,#54);
#1466=ORIENTED_EDGE('',*,*,#1175,.F.);
#1467=ORIENTED_EDGE('',*,*,#1122,.F.);
#1468=PLANE('',#1469);
#1469=AXIS2_PLACEMENT_3D('',#1470,#92,#91);
#1470=CARTESIAN_POINT('',(-7.17232449619,7.32767550381,2.490150250539));
#1471=ADVANCED_FACE('',(#1472),#1477,.T.);
#1472=FACE_BOUND('',#1473,.T.);
#1473=EDGE_LOOP('',(#1474,#1475,#1476));
#1474=ORIENTED_EDGE('',*,*,#1348,.F.);
#1475=ORIENTED_EDGE('',*,*,#1249,.F.);
#1476=ORIENTED_EDGE('',*,*,#1137,.F.);
#1477=PLANE('',#1478);
#1478=AXIS2_PLACEMENT_3D('',#1479,#190,#13);
#1479=CARTESIAN_POINT('',(0.122735084338,7.25,3.372735181195));
#1480=ADVANCED_FACE('',(#1481),#1488,.T.);
#1481=FACE_BOUND('',#1482,.T.);
#1482=EDGE_LOOP('',(#1483,#1486,#1487));
#1483=ORIENTED_EDGE('',*,*,#1484,.T.);
#1484=EDGE_CURVE('',#1222,#834,#1485,.T.);
#1485=LINE('',#1223,#228);
#1486=ORIENTED_EDGE('',*,*,#1150,.F.);
#1487=ORIENTED_EDGE('',*,*,#1236,.F.);
#1488=PLANE('',#1489);
#1489=AXIS2_PLACEMENT_3D('',#1490,#13,#14);
#1490=CARTESIAN_POINT('',(4.119903100779E-02,7.437124384186,3.000000096858));
#1491=ADVANCED_FACE('',(#1492),#1505,.T.);
#1492=FACE_BOUND('',#1493,.T.);
#1493=EDGE_LOOP('',(#1494,#1495,#1500));
#1494=ORIENTED_EDGE('',*,*,#1161,.F.);
#1495=ORIENTED_EDGE('',*,*,#1496,.T.);
#1496=EDGE_CURVE('',#1059,#1497,#1499,.T.);
#1497=VERTEX_POINT('',#1498);
#1498=CARTESIAN_POINT('',(-6.300000190735,2.5,4.999999620021));
#1499=LINE('',#1060,#189);
#1500=ORIENTED_EDGE('',*,*,#1501,.T.);
#1501=EDGE_CURVE('',#1497,#750,#1502,.T.);
#1502=LINE('',#1498,#1503);
#1503=VECTOR('',#1504,1.);
#1504=DIRECTION('',(-0.102071317356,0.994777083659,0.));
#1505=PLANE('',#1506);
#1506=AXIS2_PLACEMENT_3D('',#1507,#13,#14);
#1507=CARTESIAN_POINT('',(-6.465808129611,2.203066518756,4.999999620021));
#1508=ADVANCED_FACE('',(#1509),#1520,.T.);
#1509=FACE_BOUND('',#1510,.T.);
#1510=EDGE_LOOP('',(#1511,#1516,#1517));
#1511=ORIENTED_EDGE('',*,*,#1512,.T.);
#1512=EDGE_CURVE('',#1513,#1186,#1515,.T.);
#1513=VERTEX_POINT('',#1514);
#1514=CARTESIAN_POINT('',(-6.751471996307,6.900000095367,2.199999906123));
#1515=LINE('',#1514,#157);
#1516=ORIENTED_EDGE('',*,*,#1193,.F.);
#1517=ORIENTED_EDGE('',*,*,#1518,.T.);
#1518=EDGE_CURVE('',#885,#1513,#1519,.T.);
#1519=LINE('',#886,#985);
#1520=PLANE('',#1521);
#1521=AXIS2_PLACEMENT_3D('',#1522,#55,#199);
#1522=CARTESIAN_POINT('',(-6.903964833737,7.116579021557,2.199999906123));
#1523=ADVANCED_FACE('',(#1524),#1537,.T.);
#1524=FACE_BOUND('',#1525,.T.);
#1525=EDGE_LOOP('',(#1526,#1527,#1532));
#1526=ORIENTED_EDGE('',*,*,#1185,.F.);
#1527=ORIENTED_EDGE('',*,*,#1528,.T.);
#1528=EDGE_CURVE('',#1186,#1529,#1531,.T.);
#1529=VERTEX_POINT('',#1530);
#1530=CARTESIAN_POINT('',(-6.900000095367,-6.751471996307,2.199999906123));
#1531=LINE('',#1187,#345);
#1532=ORIENTED_EDGE('',*,*,#1533,.T.);
#1533=EDGE_CURVE('',#1529,#426,#1534,.T.);
#1534=LINE('',#1530,#1535);
#1535=VECTOR('',#1536,1.);
#1536=DIRECTION('',(-0.132418945847,-0.991193837138,0.));
#1537=PLANE('',#1538);
#1538=AXIS2_PLACEMENT_3D('',#1539,#55,#199);
#1539=CARTESIAN_POINT('',(-6.926318958346,-0.375838848468,2.199999906123));
#1540=ADVANCED_FACE('',(#1541),#1554,.T.);
#1541=FACE_BOUND('',#1542,.T.);
#1542=EDGE_LOOP('',(#1543,#1544,#1549));
#1543=ORIENTED_EDGE('',*,*,#1204,.F.);
#1544=ORIENTED_EDGE('',*,*,#1545,.T.);
#1545=EDGE_CURVE('',#1205,#1546,#1548,.T.);
#1546=VERTEX_POINT('',#1547);
#1547=CARTESIAN_POINT('',(7.,7.5,2.199999906123));
#1548=LINE('',#1206,#101);
#1549=ORIENTED_EDGE('',*,*,#1550,.T.);
#1550=EDGE_CURVE('',#1546,#917,#1551,.T.);
#1551=LINE('',#1547,#1552);
#1552=VECTOR('',#1553,1.);
#1553=DIRECTION('',(0.46829284311,-0.46829284311,0.749268727616));
#1554=PLANE('',#1555);
#1555=AXIS2_PLACEMENT_3D('',#1556,#273,#76);
#1556=CARTESIAN_POINT('',(7.32767550381,7.17232449619,2.490150250539));
#1557=ADVANCED_FACE('',(#1558),#1565,.T.);
#1558=FACE_BOUND('',#1559,.T.);
#1559=EDGE_LOOP('',(#1560,#1563,#1564));
#1560=ORIENTED_EDGE('',*,*,#1561,.T.);
#1561=EDGE_CURVE('',#1546,#1222,#1562,.T.);
#1562=LINE('',#1547,#82);
#1563=ORIENTED_EDGE('',*,*,#1221,.F.);
#1564=ORIENTED_EDGE('',*,*,#1550,.F.);
#1565=PLANE('',#1566);
#1566=AXIS2_PLACEMENT_3D('',#1567,#273,#76);
#1567=CARTESIAN_POINT('',(7.17232449619,7.32767550381,2.709849752442));
#1568=ADVANCED_FACE('',(#1569),#1576,.T.);
#1569=FACE_BOUND('',#1570,.T.);
#1570=EDGE_LOOP('',(#1571,#1574,#1575));
#1571=ORIENTED_EDGE('',*,*,#1572,.T.);
#1572=EDGE_CURVE('',#720,#1546,#1573,.T.);
#1573=LINE('',#721,#189);
#1574=ORIENTED_EDGE('',*,*,#1545,.F.);
#1575=ORIENTED_EDGE('',*,*,#1273,.F.);
#1576=PLANE('',#1577);
#1577=AXIS2_PLACEMENT_3D('',#1578,#55,#199);
#1578=CARTESIAN_POINT('',(7.125892436432,4.962216315991E-02,2.199999906123));
#1579=ADVANCED_FACE('',(#1580),#1595,.T.);
#1580=FACE_BOUND('',#1581,.T.);
#1581=EDGE_LOOP('',(#1582,#1589,#1590));
#1582=ORIENTED_EDGE('',*,*,#1583,.T.);
#1583=EDGE_CURVE('',#1584,#977,#1586,.T.);
#1584=VERTEX_POINT('',#1585);
#1585=CARTESIAN_POINT('',(-5.,-6.900000095367,0.900000192225));
#1586=LINE('',#1585,#1587);
#1587=VECTOR('',#1588,1.);
#1588=DIRECTION('',(0.993936713791,0.,0.109953667419));
#1589=ORIENTED_EDGE('',*,*,#1289,.F.);
#1590=ORIENTED_EDGE('',*,*,#1591,.T.);
#1591=EDGE_CURVE('',#1283,#1584,#1592,.T.);
#1592=LINE('',#1284,#1593);
#1593=VECTOR('',#1594,1.);
#1594=DIRECTION('',(0.802983825624,0.,-0.596000818612));
#1595=PLANE('',#1596);
#1596=AXIS2_PLACEMENT_3D('',#1597,#64,#55);
#1597=CARTESIAN_POINT('',(-8.951134583661E-02,-6.900000095367,1.869075683135));
#1598=ADVANCED_FACE('',(#1599),#1606,.T.);
#1599=FACE_BOUND('',#1600,.T.);
#1600=EDGE_LOOP('',(#1601,#1602,#1605));
#1601=ORIENTED_EDGE('',*,*,#1533,.F.);
#1602=ORIENTED_EDGE('',*,*,#1603,.T.);
#1603=EDGE_CURVE('',#1529,#1283,#1604,.T.);
#1604=LINE('',#1530,#75);
#1605=ORIENTED_EDGE('',*,*,#1282,.F.);
#1606=PLANE('',#1607);
#1607=AXIS2_PLACEMENT_3D('',#1608,#55,#199);
#1608=CARTESIAN_POINT('',(-6.903964833737,-7.116579021557,2.199999906123));
#1609=ADVANCED_FACE('',(#1610),#1623,.T.);
#1610=FACE_BOUND('',#1611,.T.);
#1611=EDGE_LOOP('',(#1612,#1613,#1618));
#1612=ORIENTED_EDGE('',*,*,#1300,.F.);
#1613=ORIENTED_EDGE('',*,*,#1614,.T.);
#1614=EDGE_CURVE('',#977,#1615,#1617,.T.);
#1615=VERTEX_POINT('',#1616);
#1616=CARTESIAN_POINT('',(6.751471996307,-6.900000095367,9.6858000731E-08));
#1617=LINE('',#978,#54);
#1618=ORIENTED_EDGE('',*,*,#1619,.T.);
#1619=EDGE_CURVE('',#1615,#1301,#1620,.T.);
#1620=LINE('',#1616,#1621);
#1621=VECTOR('',#1622,1.);
#1622=DIRECTION('',(6.720714460867E-02,6.720714460867E-02,0.995472952635));
#1623=PLANE('',#1624);
#1624=AXIS2_PLACEMENT_3D('',#1625,#76,#273);
#1625=CARTESIAN_POINT('',(6.790372635762,-6.861099455913,1.15001141563));
#1626=ADVANCED_FACE('',(#1627),#1636,.T.);
#1627=FACE_BOUND('',#1628,.T.);
#1628=EDGE_LOOP('',(#1629,#1630,#1635));
#1629=ORIENTED_EDGE('',*,*,#1305,.F.);
#1630=ORIENTED_EDGE('',*,*,#1631,.T.);
#1631=EDGE_CURVE('',#1301,#1546,#1632,.T.);
#1632=LINE('',#1302,#1633);
#1633=VECTOR('',#1634,1.);
#1634=DIRECTION('',(7.016639612318E-03,0.999975383081,0.));
#1635=ORIENTED_EDGE('',*,*,#1572,.F.);
#1636=PLANE('',#1637);
#1637=AXIS2_PLACEMENT_3D('',#1638,#55,#199);
#1638=CARTESIAN_POINT('',(6.974994190993,-1.574846621208E-03,2.199999906123));
#1639=ADVANCED_FACE('',(#1640),#1645,.T.);
#1640=FACE_BOUND('',#1641,.T.);
#1641=EDGE_LOOP('',(#1642,#1643,#1644));
#1642=ORIENTED_EDGE('',*,*,#1315,.F.);
#1643=ORIENTED_EDGE('',*,*,#1420,.F.);
#1644=ORIENTED_EDGE('',*,*,#1434,.F.);
#1645=PLANE('',#1646);
#1646=AXIS2_PLACEMENT_3D('',#1647,#199,#55);
#1647=CARTESIAN_POINT('',(-2.700000047684,0.122480862189,5.127518757831));
#1648=ADVANCED_FACE('',(#1649),#1656,.T.);
#1649=FACE_BOUND('',#1650,.T.);
#1650=EDGE_LOOP('',(#1651,#1652,#1655));
#1651=ORIENTED_EDGE('',*,*,#1501,.F.);
#1652=ORIENTED_EDGE('',*,*,#1653,.T.);
#1653=EDGE_CURVE('',#1497,#1076,#1654,.T.);
#1654=LINE('',#1498,#34);
#1655=ORIENTED_EDGE('',*,*,#1331,.F.);
#1656=PLANE('',#1657);
#1657=AXIS2_PLACEMENT_3D('',#1658,#13,#14);
#1658=CARTESIAN_POINT('',(-5.402061146364,4.172299576139,4.999999620021));
#1659=ADVANCED_FACE('',(#1660),#1669,.T.);
#1660=FACE_BOUND('',#1661,.T.);
#1661=EDGE_LOOP('',(#1662,#1663,#1668));
#1662=ORIENTED_EDGE('',*,*,#1378,.F.);
#1663=ORIENTED_EDGE('',*,*,#1664,.T.);
#1664=EDGE_CURVE('',#1316,#1360,#1665,.T.);
#1665=LINE('',#1317,#1666);
#1666=VECTOR('',#1667,1.);
#1667=DIRECTION('',(0.989090183948,-0.147311262359,0.));
#1668=ORIENTED_EDGE('',*,*,#1367,.F.);
#1669=PLANE('',#1670);
#1670=AXIS2_PLACEMENT_3D('',#1671,#13,#14);
#1671=CARTESIAN_POINT('',(5.952690630899E-02,6.019631472404,5.499999620021));
#1672=ADVANCED_FACE('',(#1673),#1680,.T.);
#1673=FACE_BOUND('',#1674,.T.);
#1674=EDGE_LOOP('',(#1675,#1676,#1679));
#1675=ORIENTED_EDGE('',*,*,#1359,.F.);
#1676=ORIENTED_EDGE('',*,*,#1677,.T.);
#1677=EDGE_CURVE('',#1360,#1446,#1678,.T.);
#1678=LINE('',#1361,#345);
#1679=ORIENTED_EDGE('',*,*,#1453,.F.);
#1680=PLANE('',#1681);
#1681=AXIS2_PLACEMENT_3D('',#1682,#13,#14);
#1682=CARTESIAN_POINT('',(2.187627232232,-0.417256933276,5.499999620021));
#1683=ADVANCED_FACE('',(#1684),#1695,.T.);
#1684=FACE_BOUND('',#1685,.T.);
#1685=EDGE_LOOP('',(#1686,#1691,#1694));
#1686=ORIENTED_EDGE('',*,*,#1687,.T.);
#1687=EDGE_CURVE('',#1391,#1688,#1690,.T.);
#1688=VERTEX_POINT('',#1689);
#1689=CARTESIAN_POINT('',(-6.300000190735,-2.5,9.6858000731E-08));
#1690=LINE('',#1392,#228);
#1691=ORIENTED_EDGE('',*,*,#1692,.T.);
#1692=EDGE_CURVE('',#1688,#1059,#1693,.T.);
#1693=LINE('',#1689,#82);
#1694=ORIENTED_EDGE('',*,*,#1395,.F.);
#1695=PLANE('',#1696);
#1696=AXIS2_PLACEMENT_3D('',#1697,#190,#13);
#1697=CARTESIAN_POINT('',(-5.265917853885,-2.5,1.934082052238));
#1698=ADVANCED_FACE('',(#1699),#1710,.T.);
#1699=FACE_BOUND('',#1700,.T.);
#1700=EDGE_LOOP('',(#1701,#1706,#1709));
#1701=ORIENTED_EDGE('',*,*,#1702,.T.);
#1702=EDGE_CURVE('',#1076,#1703,#1705,.T.);
#1703=VERTEX_POINT('',#1704);
#1704=CARTESIAN_POINT('',(-3.099999904633,2.5,9.6858000731E-08));
#1705=LINE('',#1077,#54);
#1706=ORIENTED_EDGE('',*,*,#1707,.T.);
#1707=EDGE_CURVE('',#1703,#1391,#1708,.T.);
#1708=LINE('',#1704,#345);
#1709=ORIENTED_EDGE('',*,*,#1408,.F.);
#1710=PLANE('',#1711);
#1711=AXIS2_PLACEMENT_3D('',#1712,#199,#55);
#1712=CARTESIAN_POINT('',(-3.099999904633,0.732233012118,1.767766846321));
#1713=ADVANCED_FACE('',(#1714),#1729,.T.);
#1714=FACE_BOUND('',#1715,.T.);
#1715=EDGE_LOOP('',(#1716,#1723,#1724));
#1716=ORIENTED_EDGE('',*,*,#1717,.T.);
#1717=EDGE_CURVE('',#1718,#1316,#1720,.T.);
#1718=VERTEX_POINT('',#1719);
#1719=CARTESIAN_POINT('',(-2.,-5.5,5.499999620021));
#1720=LINE('',#1719,#1721);
#1721=VECTOR('',#1722,1.);
#1722=DIRECTION('',(-5.972227191747E-02,0.998215032063,0.));
#1723=ORIENTED_EDGE('',*,*,#1431,.F.);
#1724=ORIENTED_EDGE('',*,*,#1725,.T.);
#1725=EDGE_CURVE('',#1093,#1718,#1726,.T.);
#1726=LINE('',#1094,#1727);
#1727=VECTOR('',#1728,1.);
#1728=DIRECTION('',(0.707106901606,0.707106660767,0.));
#1729=PLANE('',#1730);
#1730=AXIS2_PLACEMENT_3D('',#1731,#13,#14);
#1731=CARTESIAN_POINT('',(-2.522833546224,-6.725702864331E-02,5.499999620021));
#1732=ADVANCED_FACE('',(#1733),#1740,.T.);
#1733=FACE_BOUND('',#1734,.T.);
#1734=EDGE_LOOP('',(#1735,#1738,#1739));
#1735=ORIENTED_EDGE('',*,*,#1736,.T.);
#1736=EDGE_CURVE('',#1446,#1718,#1737,.T.);
#1737=LINE('',#1447,#228);
#1738=ORIENTED_EDGE('',*,*,#1725,.F.);
#1739=ORIENTED_EDGE('',*,*,#1445,.F.);
#1740=PLANE('',#1741);
#1741=AXIS2_PLACEMENT_3D('',#1742,#13,#14);
#1742=CARTESIAN_POINT('',(-0.409526930151,-5.706289205484,5.499999620021));
#1743=ADVANCED_FACE('',(#1744),#1755,.T.);
#1744=FACE_BOUND('',#1745,.T.);
#1745=EDGE_LOOP('',(#1746,#1749,#1750));
#1746=ORIENTED_EDGE('',*,*,#1747,.T.);
#1747=EDGE_CURVE('',#1546,#885,#1748,.T.);
#1748=LINE('',#1547,#228);
#1749=ORIENTED_EDGE('',*,*,#1464,.F.);
#1750=ORIENTED_EDGE('',*,*,#1751,.T.);
#1751=EDGE_CURVE('',#834,#1546,#1752,.T.);
#1752=LINE('',#835,#1753);
#1753=VECTOR('',#1754,1.);
#1754=DIRECTION('',(0.998371333649,0.,-5.704980409602E-02));
#1755=PLANE('',#1756);
#1756=AXIS2_PLACEMENT_3D('',#1757,#190,#13);
#1757=CARTESIAN_POINT('',(-0.194290416372,7.5,2.405709585119));
#1758=ADVANCED_FACE('',(#1759),#1764,.T.);
#1759=FACE_BOUND('',#1760,.T.);
#1760=EDGE_LOOP('',(#1761,#1762,#1763));
#1761=ORIENTED_EDGE('',*,*,#1484,.F.);
#1762=ORIENTED_EDGE('',*,*,#1561,.F.);
#1763=ORIENTED_EDGE('',*,*,#1751,.F.);
#1764=PLANE('',#1765);
#1765=AXIS2_PLACEMENT_3D('',#1766,#190,#13);
#1766=CARTESIAN_POINT('',(0.194290416372,7.5,2.794290417862));
#1767=ADVANCED_FACE('',(#1768),#1781,.T.);
#1768=FACE_BOUND('',#1769,.T.);
#1769=EDGE_LOOP('',(#1770,#1775,#1776));
#1770=ORIENTED_EDGE('',*,*,#1771,.T.);
#1771=EDGE_CURVE('',#1772,#1497,#1774,.T.);
#1772=VERTEX_POINT('',#1773);
#1773=CARTESIAN_POINT('',(-6.300000190735,2.5,9.6858000731E-08));
#1774=LINE('',#1773,#82);
#1775=ORIENTED_EDGE('',*,*,#1496,.F.);
#1776=ORIENTED_EDGE('',*,*,#1777,.T.);
#1777=EDGE_CURVE('',#1059,#1772,#1778,.T.);
#1778=LINE('',#1060,#1779);
#1779=VECTOR('',#1780,1.);
#1780=DIRECTION('',(0.,0.707106814904,-0.707106747469));
#1781=PLANE('',#1782);
#1782=AXIS2_PLACEMENT_3D('',#1783,#14,#13);
#1783=CARTESIAN_POINT('',(-6.300000190735,0.732233012118,3.232232870557));
#1784=ADVANCED_FACE('',(#1785),#1798,.T.);
#1785=FACE_BOUND('',#1786,.T.);
#1786=EDGE_LOOP('',(#1787,#1792,#1793));
#1787=ORIENTED_EDGE('',*,*,#1788,.T.);
#1788=EDGE_CURVE('',#1789,#1513,#1791,.T.);
#1789=VERTEX_POINT('',#1790);
#1790=CARTESIAN_POINT('',(6.751471996307,6.900000095367,2.199999906123));
#1791=LINE('',#1790,#228);
#1792=ORIENTED_EDGE('',*,*,#1518,.F.);
#1793=ORIENTED_EDGE('',*,*,#1794,.T.);
#1794=EDGE_CURVE('',#885,#1789,#1795,.T.);
#1795=LINE('',#886,#1796);
#1796=VECTOR('',#1797,1.);
#1797=DIRECTION('',(0.999049494909,-4.359021360256E-02,0.));
#1798=PLANE('',#1799);
#1799=AXIS2_PLACEMENT_3D('',#1800,#55,#199);
#1800=CARTESIAN_POINT('',(-0.22121997618,7.054895198825,2.199999906123));
#1801=ADVANCED_FACE('',(#1802),#1815,.T.);
#1802=FACE_BOUND('',#1803,.T.);
#1803=EDGE_LOOP('',(#1804,#1805,#1810));
#1804=ORIENTED_EDGE('',*,*,#1512,.F.);
#1805=ORIENTED_EDGE('',*,*,#1806,.T.);
#1806=EDGE_CURVE('',#1513,#1807,#1809,.T.);
#1807=VERTEX_POINT('',#1808);
#1808=CARTESIAN_POINT('',(-6.751471996307,6.900000095367,9.6858000731E-08));
#1809=LINE('',#1514,#54);
#1810=ORIENTED_EDGE('',*,*,#1811,.T.);
#1811=EDGE_CURVE('',#1807,#1186,#1812,.T.);
#1812=LINE('',#1808,#1813);
#1813=VECTOR('',#1814,1.);
#1814=DIRECTION('',(-6.720714460867E-02,-6.720714460867E-02,0.995472952635));
#1815=PLANE('',#1816);
#1816=AXIS2_PLACEMENT_3D('',#1817,#92,#91);
#1817=CARTESIAN_POINT('',(-6.790372635762,6.861099455913,1.15001141563));
#1818=ADVANCED_FACE('',(#1819),#1832,.T.);
#1819=FACE_BOUND('',#1820,.T.);
#1820=EDGE_LOOP('',(#1821,#1826,#1827));
#1821=ORIENTED_EDGE('',*,*,#1822,.T.);
#1822=EDGE_CURVE('',#1823,#1529,#1825,.T.);
#1823=VERTEX_POINT('',#1824);
#1824=CARTESIAN_POINT('',(-6.900000095367,-6.751471996307,9.6858000731E-08));
#1825=LINE('',#1824,#82);
#1826=ORIENTED_EDGE('',*,*,#1528,.F.);
#1827=ORIENTED_EDGE('',*,*,#1828,.T.);
#1828=EDGE_CURVE('',#1186,#1823,#1829,.T.);
#1829=LINE('',#1187,#1830);
#1830=VECTOR('',#1831,1.);
#1831=DIRECTION('',(0.,-0.986985861044,-0.160807058611));
#1832=PLANE('',#1833);
#1833=AXIS2_PLACEMENT_3D('',#1834,#199,#55);
#1834=CARTESIAN_POINT('',(-6.900000095367,-0.505488375107,1.605488376597));
#1835=ADVANCED_FACE('',(#1836),#1849,.T.);
#1836=FACE_BOUND('',#1837,.T.);
#1837=EDGE_LOOP('',(#1838,#1843,#1848));
#1838=ORIENTED_EDGE('',*,*,#1839,.T.);
#1839=EDGE_CURVE('',#1283,#1840,#1842,.T.);
#1840=VERTEX_POINT('',#1841);
#1841=CARTESIAN_POINT('',(-6.751471996307,-6.900000095367,9.6858000731E-08));
#1842=LINE('',#1284,#54);
#1843=ORIENTED_EDGE('',*,*,#1844,.T.);
#1844=EDGE_CURVE('',#1840,#1584,#1845,.T.);
#1845=LINE('',#1841,#1846);
#1846=VECTOR('',#1847,1.);
#1847=DIRECTION('',(0.889444087102,0.,0.457043997794));
#1848=ORIENTED_EDGE('',*,*,#1591,.F.);
#1849=PLANE('',#1850);
#1850=AXIS2_PLACEMENT_3D('',#1851,#64,#55);
#1851=CARTESIAN_POINT('',(-6.179122393232,-6.900000095367,1.053007228184));
#1852=ADVANCED_FACE('',(#1853),#1872,.T.);
#1853=FACE_BOUND('',#1854,.T.);
#1854=EDGE_LOOP('',(#1855,#1856,#1861,#1863,#1867));
#1855=ORIENTED_EDGE('',*,*,#1583,.F.);
#1856=ORIENTED_EDGE('',*,*,#1857,.T.);
#1857=EDGE_CURVE('',#1584,#1858,#1860,.T.);
#1858=VERTEX_POINT('',#1859);
#1859=CARTESIAN_POINT('',(-2.,-6.900000095367,0.900000192225));
#1860=LINE('',#1585,#34);
#1861=ORIENTED_EDGE('',*,*,#1862,.T.);
#1862=EDGE_CURVE('',#1858,#22,#1860,.T.);
#1863=ORIENTED_EDGE('',*,*,#1864,.T.);
#1864=EDGE_CURVE('',#22,#1865,#1860,.T.);
#1865=VERTEX_POINT('',#1866);
#1866=CARTESIAN_POINT('',(5.,-6.900000095367,0.900000192225));
#1867=ORIENTED_EDGE('',*,*,#1868,.T.);
#1868=EDGE_CURVE('',#1865,#977,#1869,.T.);
#1869=LINE('',#1866,#1870);
#1870=VECTOR('',#1871,1.);
#1871=DIRECTION('',(0.802983825624,0.,0.596000818612));
#1872=PLANE('',#1873);
#1873=AXIS2_PLACEMENT_3D('',#1874,#64,#55);
#1874=CARTESIAN_POINT('',(0.96524734399,-6.900000095367,1.279216010439));
#1875=ADVANCED_FACE('',(#1876),#1885,.T.);
#1876=FACE_BOUND('',#1877,.T.);
#1877=EDGE_LOOP('',(#1878,#1879,#1880));
#1878=ORIENTED_EDGE('',*,*,#1603,.F.);
#1879=ORIENTED_EDGE('',*,*,#1822,.F.);
#1880=ORIENTED_EDGE('',*,*,#1881,.T.);
#1881=EDGE_CURVE('',#1823,#1283,#1882,.T.);
#1882=LINE('',#1824,#1883);
#1883=VECTOR('',#1884,1.);
#1884=DIRECTION('',(6.720714460867E-02,-6.720714460867E-02,0.995472952635));
#1885=PLANE('',#1886);
#1886=AXIS2_PLACEMENT_3D('',#1887,#91,#92);
#1887=CARTESIAN_POINT('',(-6.861099455913,-6.790372635762,1.15001141563));
#1888=ADVANCED_FACE('',(#1889),#1898,.T.);
#1889=FACE_BOUND('',#1890,.T.);
#1890=EDGE_LOOP('',(#1891,#1896,#1897));
#1891=ORIENTED_EDGE('',*,*,#1892,.T.);
#1892=EDGE_CURVE('',#1865,#1615,#1893,.T.);
#1893=LINE('',#1866,#1894);
#1894=VECTOR('',#1895,1.);
#1895=DIRECTION('',(0.889444087102,0.,-0.457043997794));
#1896=ORIENTED_EDGE('',*,*,#1614,.F.);
#1897=ORIENTED_EDGE('',*,*,#1868,.F.);
#1898=PLANE('',#1899);
#1899=AXIS2_PLACEMENT_3D('',#1900,#64,#55);
#1900=CARTESIAN_POINT('',(6.179122393232,-6.900000095367,1.053007228184));
#1901=ADVANCED_FACE('',(#1902),#1913,.T.);
#1902=FACE_BOUND('',#1903,.T.);
#1903=EDGE_LOOP('',(#1904,#1909,#1912));
#1904=ORIENTED_EDGE('',*,*,#1905,.T.);
#1905=EDGE_CURVE('',#1615,#1906,#1908,.T.);
#1906=VERTEX_POINT('',#1907);
#1907=CARTESIAN_POINT('',(6.900000095367,-6.751471996307,9.6858000731E-08));
#1908=LINE('',#1616,#299);
#1909=ORIENTED_EDGE('',*,*,#1910,.T.);
#1910=EDGE_CURVE('',#1906,#1301,#1911,.T.);
#1911=LINE('',#1907,#82);
#1912=ORIENTED_EDGE('',*,*,#1619,.F.);
#1913=PLANE('',#1914);
#1914=AXIS2_PLACEMENT_3D('',#1915,#76,#273);
#1915=CARTESIAN_POINT('',(6.861099455913,-6.790372635762,1.04998858735));
#1916=ADVANCED_FACE('',(#1917),#1930,.T.);
#1917=FACE_BOUND('',#1918,.T.);
#1918=EDGE_LOOP('',(#1919,#1920,#1925));
#1919=ORIENTED_EDGE('',*,*,#1631,.F.);
#1920=ORIENTED_EDGE('',*,*,#1921,.T.);
#1921=EDGE_CURVE('',#1301,#1922,#1924,.T.);
#1922=VERTEX_POINT('',#1923);
#1923=CARTESIAN_POINT('',(6.900000095367,6.751471996307,2.199999906123));
#1924=LINE('',#1302,#189);
#1925=ORIENTED_EDGE('',*,*,#1926,.T.);
#1926=EDGE_CURVE('',#1922,#1546,#1927,.T.);
#1927=LINE('',#1923,#1928);
#1928=VECTOR('',#1929,1.);
#1929=DIRECTION('',(0.132418945847,0.991193837138,0.));
#1930=PLANE('',#1931);
#1931=AXIS2_PLACEMENT_3D('',#1932,#55,#199);
#1932=CARTESIAN_POINT('',(6.926318958346,0.375838848468,2.199999906123));
#1933=ADVANCED_FACE('',(#1934),#1943,.T.);
#1934=FACE_BOUND('',#1935,.T.);
#1935=EDGE_LOOP('',(#1936,#1937,#1938));
#1936=ORIENTED_EDGE('',*,*,#1653,.F.);
#1937=ORIENTED_EDGE('',*,*,#1771,.F.);
#1938=ORIENTED_EDGE('',*,*,#1939,.T.);
#1939=EDGE_CURVE('',#1772,#1076,#1940,.T.);
#1940=LINE('',#1773,#1941);
#1941=VECTOR('',#1942,1.);
#1942=DIRECTION('',(0.539053767084,0.,0.842271355439));
#1943=PLANE('',#1944);
#1944=AXIS2_PLACEMENT_3D('',#1945,#64,#55);
#1945=CARTESIAN_POINT('',(-5.265917853885,2.5,3.06591766464));
#1946=ADVANCED_FACE('',(#1947),#1960,.T.);
#1947=FACE_BOUND('',#1948,.T.);
#1948=EDGE_LOOP('',(#1949,#1956,#1959));
#1949=ORIENTED_EDGE('',*,*,#1950,.T.);
#1950=EDGE_CURVE('',#1316,#1951,#1953,.T.);
#1951=VERTEX_POINT('',#1952);
#1952=CARTESIAN_POINT('',(-2.,5.5,5.499999620021));
#1953=LINE('',#1317,#1954);
#1954=VECTOR('',#1955,1.);
#1955=DIRECTION('',(0.707106901606,-0.707106660767,0.));
#1956=ORIENTED_EDGE('',*,*,#1957,.T.);
#1957=EDGE_CURVE('',#1951,#1360,#1958,.T.);
#1958=LINE('',#1952,#34);
#1959=ORIENTED_EDGE('',*,*,#1664,.F.);
#1960=PLANE('',#1961);
#1961=AXIS2_PLACEMENT_3D('',#1962,#13,#14);
#1962=CARTESIAN_POINT('',(-0.409526930151,5.706289205484,5.499999620021));
#1963=ADVANCED_FACE('',(#1964),#1977,.T.);
#1964=FACE_BOUND('',#1965,.T.);
#1965=EDGE_LOOP('',(#1966,#1971,#1972));
#1966=ORIENTED_EDGE('',*,*,#1967,.T.);
#1967=EDGE_CURVE('',#1968,#1446,#1970,.T.);
#1968=VERTEX_POINT('',#1969);
#1969=CARTESIAN_POINT('',(2.,-5.5,7.999999620021));
#1970=LINE('',#1969,#54);
#1971=ORIENTED_EDGE('',*,*,#1677,.F.);
#1972=ORIENTED_EDGE('',*,*,#1973,.T.);
#1973=EDGE_CURVE('',#1360,#1968,#1974,.T.);
#1974=LINE('',#1361,#1975);
#1975=VECTOR('',#1976,1.);
#1976=DIRECTION('',(0.,-0.975132855791,0.221621103589));
#1977=PLANE('',#1978);
#1978=AXIS2_PLACEMENT_3D('',#1979,#14,#13);
#1979=CARTESIAN_POINT('',(2.,-0.55487145683,6.19512816319));
#1980=ADVANCED_FACE('',(#1981),#1988,.T.);
#1981=FACE_BOUND('',#1982,.T.);
#1982=EDGE_LOOP('',(#1983,#1984,#1987));
#1983=ORIENTED_EDGE('',*,*,#1692,.F.);
#1984=ORIENTED_EDGE('',*,*,#1985,.T.);
#1985=EDGE_CURVE('',#1688,#1772,#1986,.T.);
#1986=LINE('',#1689,#189);
#1987=ORIENTED_EDGE('',*,*,#1777,.F.);
#1988=PLANE('',#1989);
#1989=AXIS2_PLACEMENT_3D('',#1990,#14,#13);
#1990=CARTESIAN_POINT('',(-6.300000190735,-0.732233012118,1.767766846321));
#1991=ADVANCED_FACE('',(#1992),#2007,.T.);
#1992=FACE_BOUND('',#1993,.T.);
#1993=EDGE_LOOP('',(#1994,#2001,#2002));
#1994=ORIENTED_EDGE('',*,*,#1995,.T.);
#1995=EDGE_CURVE('',#1996,#1688,#1998,.T.);
#1996=VERTEX_POINT('',#1997);
#1997=CARTESIAN_POINT('',(-5.,-6.900000095367,9.6858000731E-08));
#1998=LINE('',#1997,#1999);
#1999=VECTOR('',#2000,1.);
#2000=DIRECTION('',(-0.283346173604,0.959017698431,0.));
#2001=ORIENTED_EDGE('',*,*,#1687,.F.);
#2002=ORIENTED_EDGE('',*,*,#2003,.T.);
#2003=EDGE_CURVE('',#1391,#1996,#2004,.T.);
#2004=LINE('',#1392,#2005);
#2005=VECTOR('',#2006,1.);
#2006=DIRECTION('',(-0.396436025829,-0.918062349421,0.));
#2007=PLANE('',#2008);
#2008=AXIS2_PLACEMENT_3D('',#2009,#55,#199);
#2009=CARTESIAN_POINT('',(-4.798831306941,-4.140414070809,9.6858000731E-08));
#2010=ADVANCED_FACE('',(#2011),#2026,.T.);
#2011=FACE_BOUND('',#2012,.T.);
#2012=EDGE_LOOP('',(#2013,#2020,#2021));
#2013=ORIENTED_EDGE('',*,*,#2014,.T.);
#2014=EDGE_CURVE('',#2015,#1391,#2017,.T.);
#2015=VERTEX_POINT('',#2016);
#2016=CARTESIAN_POINT('',(-2.,6.900000095367,9.6858000731E-08));
#2017=LINE('',#2016,#2018);
#2018=VECTOR('',#2019,1.);
#2019=DIRECTION('',(-0.116228158391,-0.993222540621,0.));
#2020=ORIENTED_EDGE('',*,*,#1707,.F.);
#2021=ORIENTED_EDGE('',*,*,#2022,.T.);
#2022=EDGE_CURVE('',#1703,#2015,#2023,.T.);
#2023=LINE('',#1704,#2024);
#2024=VECTOR('',#2025,1.);
#2025=DIRECTION('',(0.242535600298,0.97014250633,0.));
#2026=PLANE('',#2027);
#2027=AXIS2_PLACEMENT_3D('',#2028,#55,#199);
#2028=CARTESIAN_POINT('',(-2.694740139866,2.217818377151,9.6858000731E-08));
#2029=ADVANCED_FACE('',(#2030),#2037,.T.);
#2030=FACE_BOUND('',#2031,.T.);
#2031=EDGE_LOOP('',(#2032,#2035,#2036));
#2032=ORIENTED_EDGE('',*,*,#2033,.T.);
#2033=EDGE_CURVE('',#1772,#1703,#2034,.T.);
#2034=LINE('',#1773,#34);
#2035=ORIENTED_EDGE('',*,*,#1702,.F.);
#2036=ORIENTED_EDGE('',*,*,#1939,.F.);
#2037=PLANE('',#2038);
#2038=AXIS2_PLACEMENT_3D('',#2039,#64,#55);
#2039=CARTESIAN_POINT('',(-4.134082241483,2.5,1.934082052238));
#2040=ADVANCED_FACE('',(#2041),#2048,.T.);
#2041=FACE_BOUND('',#2042,.T.);
#2042=EDGE_LOOP('',(#2043,#2044,#2047));
#2043=ORIENTED_EDGE('',*,*,#1717,.F.);
#2044=ORIENTED_EDGE('',*,*,#2045,.T.);
#2045=EDGE_CURVE('',#1718,#1951,#2046,.T.);
#2046=LINE('',#1719,#189);
#2047=ORIENTED_EDGE('',*,*,#1950,.F.);
#2048=PLANE('',#2049);
#2049=AXIS2_PLACEMENT_3D('',#2050,#13,#14);
#2050=CARTESIAN_POINT('',(-2.187627232232,0.417256933276,5.499999620021));
#2051=ADVANCED_FACE('',(#2052),#2061,.T.);
#2052=FACE_BOUND('',#2053,.T.);
#2053=EDGE_LOOP('',(#2054,#2055,#2056));
#2054=ORIENTED_EDGE('',*,*,#1736,.F.);
#2055=ORIENTED_EDGE('',*,*,#1967,.F.);
#2056=ORIENTED_EDGE('',*,*,#2057,.T.);
#2057=EDGE_CURVE('',#1968,#1718,#2058,.T.);
#2058=LINE('',#1969,#2059);
#2059=VECTOR('',#2060,1.);
#2060=DIRECTION('',(-0.847998304005,0.,-0.529998940003));
#2061=PLANE('',#2062);
#2062=AXIS2_PLACEMENT_3D('',#2063,#64,#55);
#2063=CARTESIAN_POINT('',(0.445752358493,-5.5,6.304247261528));
#2064=ADVANCED_FACE('',(#2065),#2074,.T.);
#2065=FACE_BOUND('',#2066,.T.);
#2066=EDGE_LOOP('',(#2067,#2068,#2069));
#2067=ORIENTED_EDGE('',*,*,#1794,.F.);
#2068=ORIENTED_EDGE('',*,*,#1747,.F.);
#2069=ORIENTED_EDGE('',*,*,#2070,.T.);
#2070=EDGE_CURVE('',#1546,#1789,#2071,.T.);
#2071=LINE('',#1547,#2072);
#2072=VECTOR('',#2073,1.);
#2073=DIRECTION('',(-0.38268330852,-0.92387958381,0.));
#2074=PLANE('',#2075);
#2075=AXIS2_PLACEMENT_3D('',#2076,#55,#199);
#2076=CARTESIAN_POINT('',(9.695597433345E-02,7.347814531495,2.199999906123));
#2077=ADVANCED_FACE('',(#2078),#2093,.T.);
#2078=FACE_BOUND('',#2079,.T.);
#2079=EDGE_LOOP('',(#2080,#2087,#2088));
#2080=ORIENTED_EDGE('',*,*,#2081,.T.);
#2081=EDGE_CURVE('',#2082,#1513,#2084,.T.);
#2082=VERTEX_POINT('',#2083);
#2083=CARTESIAN_POINT('',(5.,6.900000095367,0.900000192225));
#2084=LINE('',#2083,#2085);
#2085=VECTOR('',#2086,1.);
#2086=DIRECTION('',(-0.993936713791,0.,0.109953667419));
#2087=ORIENTED_EDGE('',*,*,#1788,.F.);
#2088=ORIENTED_EDGE('',*,*,#2089,.T.);
#2089=EDGE_CURVE('',#1789,#2082,#2090,.T.);
#2090=LINE('',#1790,#2091);
#2091=VECTOR('',#2092,1.);
#2092=DIRECTION('',(-0.802983825624,0.,-0.596000818612));
#2093=PLANE('',#2094);
#2094=AXIS2_PLACEMENT_3D('',#2095,#190,#13);
#2095=CARTESIAN_POINT('',(8.951134583661E-02,6.900000095367,1.869075683135));
#2096=ADVANCED_FACE('',(#2097),#2110,.T.);
#2097=FACE_BOUND('',#2098,.T.);
#2098=EDGE_LOOP('',(#2099,#2106,#2107));
#2099=ORIENTED_EDGE('',*,*,#2100,.T.);
#2100=EDGE_CURVE('',#2101,#1807,#2103,.T.);
#2101=VERTEX_POINT('',#2102);
#2102=CARTESIAN_POINT('',(-5.,6.900000095367,0.900000192225));
#2103=LINE('',#2102,#2104);
#2104=VECTOR('',#2105,1.);
#2105=DIRECTION('',(-0.889444087102,0.,-0.457043997794));
#2106=ORIENTED_EDGE('',*,*,#1806,.F.);
#2107=ORIENTED_EDGE('',*,*,#2108,.T.);
#2108=EDGE_CURVE('',#1513,#2101,#2109,.T.);
#2109=LINE('',#1514,#1593);
#2110=PLANE('',#2111);
#2111=AXIS2_PLACEMENT_3D('',#2112,#190,#13);
#2112=CARTESIAN_POINT('',(-6.179122393232,6.900000095367,1.053007228184));
#2113=ADVANCED_FACE('',(#2114),#2125,.T.);
#2114=FACE_BOUND('',#2115,.T.);
#2115=EDGE_LOOP('',(#2116,#2121,#2124));
#2116=ORIENTED_EDGE('',*,*,#2117,.T.);
#2117=EDGE_CURVE('',#1807,#2118,#2120,.T.);
#2118=VERTEX_POINT('',#2119);
#2119=CARTESIAN_POINT('',(-6.900000095367,6.751471996307,9.6858000731E-08));
#2120=LINE('',#1808,#157);
#2121=ORIENTED_EDGE('',*,*,#2122,.T.);
#2122=EDGE_CURVE('',#2118,#1186,#2123,.T.);
#2123=LINE('',#2119,#82);
#2124=ORIENTED_EDGE('',*,*,#1811,.F.);
#2125=PLANE('',#2126);
#2126=AXIS2_PLACEMENT_3D('',#2127,#92,#91);
#2127=CARTESIAN_POINT('',(-6.861099455913,6.790372635762,1.04998858735));
#2128=ADVANCED_FACE('',(#2129),#2136,.T.);
#2129=FACE_BOUND('',#2130,.T.);
#2130=EDGE_LOOP('',(#2131,#2132,#2135));
#2131=ORIENTED_EDGE('',*,*,#2122,.F.);
#2132=ORIENTED_EDGE('',*,*,#2133,.T.);
#2133=EDGE_CURVE('',#2118,#1823,#2134,.T.);
#2134=LINE('',#2119,#345);
#2135=ORIENTED_EDGE('',*,*,#1828,.F.);
#2136=PLANE('',#2137);
#2137=AXIS2_PLACEMENT_3D('',#2138,#199,#55);
#2138=CARTESIAN_POINT('',(-6.900000095367,0.505488375107,0.594511626384));
#2139=ADVANCED_FACE('',(#2140),#2149,.T.);
#2140=FACE_BOUND('',#2141,.T.);
#2141=EDGE_LOOP('',(#2142,#2145,#2148));
#2142=ORIENTED_EDGE('',*,*,#2143,.T.);
#2143=EDGE_CURVE('',#1840,#1996,#2144,.T.);
#2144=LINE('',#1841,#34);
#2145=ORIENTED_EDGE('',*,*,#2146,.T.);
#2146=EDGE_CURVE('',#1996,#1584,#2147,.T.);
#2147=LINE('',#1997,#82);
#2148=ORIENTED_EDGE('',*,*,#1844,.F.);
#2149=PLANE('',#2150);
#2150=AXIS2_PLACEMENT_3D('',#2151,#64,#55);
#2151=CARTESIAN_POINT('',(-5.705161988345,-6.900000095367,0.279426134733));
#2152=ADVANCED_FACE('',(#2153),#2160,.T.);
#2153=FACE_BOUND('',#2154,.T.);
#2154=EDGE_LOOP('',(#2155,#2158,#2159));
#2155=ORIENTED_EDGE('',*,*,#2156,.T.);
#2156=EDGE_CURVE('',#1823,#1840,#2157,.T.);
#2157=LINE('',#1824,#75);
#2158=ORIENTED_EDGE('',*,*,#1839,.F.);
#2159=ORIENTED_EDGE('',*,*,#1881,.F.);
#2160=PLANE('',#2161);
#2161=AXIS2_PLACEMENT_3D('',#2162,#91,#92);
#2162=CARTESIAN_POINT('',(-6.790372635762,-6.861099455913,1.04998858735));
#2163=ADVANCED_FACE('',(#2164),#2169,.F.);
#2164=FACE_BOUND('',#2165,.F.);
#2165=EDGE_LOOP('',(#1863,#2166));
#2166=ORIENTED_EDGE('',*,*,#2167,.F.);
#2167=EDGE_CURVE('',#22,#1865,#2168,.T.);
#2168=LINE('',#1859,#34);
#2169=PLANE('',#2170);
#2170=AXIS2_PLACEMENT_3D('',#2171,#55,#199);
#2171=CARTESIAN_POINT('',(0.,-6.900000095367,0.900000192225));
#2172=ADVANCED_FACE('',(#2173),#2184,.T.);
#2173=FACE_BOUND('',#2174,.T.);
#2174=EDGE_LOOP('',(#2175,#2180,#2183));
#2175=ORIENTED_EDGE('',*,*,#2176,.T.);
#2176=EDGE_CURVE('',#1865,#2177,#2179,.T.);
#2177=VERTEX_POINT('',#2178);
#2178=CARTESIAN_POINT('',(5.,-6.900000095367,9.6858000731E-08));
#2179=LINE('',#1866,#54);
#2180=ORIENTED_EDGE('',*,*,#2181,.T.);
#2181=EDGE_CURVE('',#2177,#1615,#2182,.T.);
#2182=LINE('',#2178,#34);
#2183=ORIENTED_EDGE('',*,*,#1892,.F.);
#2184=PLANE('',#2185);
#2185=AXIS2_PLACEMENT_3D('',#2186,#64,#55);
#2186=CARTESIAN_POINT('',(5.705161988345,-6.900000095367,0.279426134733));
#2187=ADVANCED_FACE('',(#2188),#2201,.T.);
#2188=FACE_BOUND('',#2189,.T.);
#2189=EDGE_LOOP('',(#2190,#2191,#2196));
#2190=ORIENTED_EDGE('',*,*,#1910,.F.);
#2191=ORIENTED_EDGE('',*,*,#2192,.T.);
#2192=EDGE_CURVE('',#1906,#2193,#2195,.T.);
#2193=VERTEX_POINT('',#2194);
#2194=CARTESIAN_POINT('',(6.900000095367,6.751471996307,9.6858000731E-08));
#2195=LINE('',#1907,#189);
#2196=ORIENTED_EDGE('',*,*,#2197,.T.);
#2197=EDGE_CURVE('',#2193,#1301,#2198,.T.);
#2198=LINE('',#2194,#2199);
#2199=VECTOR('',#2200,1.);
#2200=DIRECTION('',(0.,-0.986985861044,0.160807058611));
#2201=PLANE('',#2202);
#2202=AXIS2_PLACEMENT_3D('',#2203,#14,#13);
#2203=CARTESIAN_POINT('',(6.900000095367,-0.505488375107,0.594511626384));
#2204=ADVANCED_FACE('',(#2205),#2214,.T.);
#2205=FACE_BOUND('',#2206,.T.);
#2206=EDGE_LOOP('',(#2207,#2208,#2209));
#2207=ORIENTED_EDGE('',*,*,#2192,.F.);
#2208=ORIENTED_EDGE('',*,*,#1905,.F.);
#2209=ORIENTED_EDGE('',*,*,#2210,.T.);
#2210=EDGE_CURVE('',#1615,#2193,#2211,.T.);
#2211=LINE('',#1616,#2212);
#2212=VECTOR('',#2213,1.);
#2213=DIRECTION('',(1.08793621575E-02,0.999940817988,0.));
#2214=PLANE('',#2215);
#2215=AXIS2_PLACEMENT_3D('',#2216,#55,#199);
#2216=CARTESIAN_POINT('',(6.862380417932,-8.944264543639E-02,9.6858000731E-08));
#2217=ADVANCED_FACE('',(#2218),#2225,.T.);
#2218=FACE_BOUND('',#2219,.T.);
#2219=EDGE_LOOP('',(#2220,#2223,#2224));
#2220=ORIENTED_EDGE('',*,*,#2221,.T.);
#2221=EDGE_CURVE('',#2193,#1922,#2222,.T.);
#2222=LINE('',#2194,#82);
#2223=ORIENTED_EDGE('',*,*,#1921,.F.);
#2224=ORIENTED_EDGE('',*,*,#2197,.F.);
#2225=PLANE('',#2226);
#2226=AXIS2_PLACEMENT_3D('',#2227,#14,#13);
#2227=CARTESIAN_POINT('',(6.900000095367,0.505488375107,1.605488376597));
#2228=ADVANCED_FACE('',(#2229),#2236,.T.);
#2229=FACE_BOUND('',#2230,.T.);
#2230=EDGE_LOOP('',(#2231,#2232,#2235));
#2231=ORIENTED_EDGE('',*,*,#1926,.F.);
#2232=ORIENTED_EDGE('',*,*,#2233,.T.);
#2233=EDGE_CURVE('',#1922,#1789,#2234,.T.);
#2234=LINE('',#1923,#101);
#2235=ORIENTED_EDGE('',*,*,#2070,.F.);
#2236=PLANE('',#2237);
#2237=AXIS2_PLACEMENT_3D('',#2238,#55,#199);
#2238=CARTESIAN_POINT('',(6.903964833737,7.116579021557,2.199999906123));
#2239=ADVANCED_FACE('',(#2240),#2253,.T.);
#2240=FACE_BOUND('',#2241,.T.);
#2241=EDGE_LOOP('',(#2242,#2243,#2248));
#2242=ORIENTED_EDGE('',*,*,#1957,.F.);
#2243=ORIENTED_EDGE('',*,*,#2244,.T.);
#2244=EDGE_CURVE('',#1951,#2245,#2247,.T.);
#2245=VERTEX_POINT('',#2246);
#2246=CARTESIAN_POINT('',(-2.,5.5,7.999999620021));
#2247=LINE('',#1952,#82);
#2248=ORIENTED_EDGE('',*,*,#2249,.T.);
#2249=EDGE_CURVE('',#2245,#1360,#2250,.T.);
#2250=LINE('',#2246,#2251);
#2251=VECTOR('',#2252,1.);
#2252=DIRECTION('',(0.847998304005,0.,-0.529998940003));
#2253=PLANE('',#2254);
#2254=AXIS2_PLACEMENT_3D('',#2255,#190,#13);
#2255=CARTESIAN_POINT('',(-0.445752358493,5.5,6.304247261528));
#2256=ADVANCED_FACE('',(#2257),#2268,.T.);
#2257=FACE_BOUND('',#2258,.T.);
#2258=EDGE_LOOP('',(#2259,#2264,#2267));
#2259=ORIENTED_EDGE('',*,*,#2260,.T.);
#2260=EDGE_CURVE('',#1360,#2261,#2263,.T.);
#2261=VERTEX_POINT('',#2262);
#2262=CARTESIAN_POINT('',(2.,5.5,7.999999620021));
#2263=LINE('',#1361,#82);
#2264=ORIENTED_EDGE('',*,*,#2265,.T.);
#2265=EDGE_CURVE('',#2261,#1968,#2266,.T.);
#2266=LINE('',#2262,#345);
#2267=ORIENTED_EDGE('',*,*,#1973,.F.);
#2268=PLANE('',#2269);
#2269=AXIS2_PLACEMENT_3D('',#2270,#14,#13);
#2270=CARTESIAN_POINT('',(2.,0.55487145683,7.304871076851));
#2271=ADVANCED_FACE('',(#2272),#2283,.T.);
#2272=FACE_BOUND('',#2273,.T.);
#2273=EDGE_LOOP('',(#2274,#2279,#2280));
#2274=ORIENTED_EDGE('',*,*,#2275,.T.);
#2275=EDGE_CURVE('',#1840,#1772,#2276,.T.);
#2276=LINE('',#1841,#2277);
#2277=VECTOR('',#2278,1.);
#2278=DIRECTION('',(4.797361466446E-02,0.998848603291,0.));
#2279=ORIENTED_EDGE('',*,*,#1985,.F.);
#2280=ORIENTED_EDGE('',*,*,#2281,.T.);
#2281=EDGE_CURVE('',#1688,#1840,#2282,.T.);
#2282=LINE('',#1689,#1065);
#2283=PLANE('',#2284);
#2284=AXIS2_PLACEMENT_3D('',#2285,#55,#199);
#2285=CARTESIAN_POINT('',(-6.465808129611,-2.203066518756,9.6858000731E-08));
#2286=ADVANCED_FACE('',(#2287),#2300,.T.);
#2287=FACE_BOUND('',#2288,.T.);
#2288=EDGE_LOOP('',(#2289,#2294,#2295));
#2289=ORIENTED_EDGE('',*,*,#2290,.T.);
#2290=EDGE_CURVE('',#2291,#1996,#2293,.T.);
#2291=VERTEX_POINT('',#2292);
#2292=CARTESIAN_POINT('',(-2.,-6.900000095367,9.6858000731E-08));
#2293=LINE('',#2292,#228);
#2294=ORIENTED_EDGE('',*,*,#2003,.F.);
#2295=ORIENTED_EDGE('',*,*,#2296,.T.);
#2296=EDGE_CURVE('',#1391,#2291,#2297,.T.);
#2297=LINE('',#1392,#2298);
#2298=VECTOR('',#2299,1.);
#2299=DIRECTION('',(0.242535600298,-0.97014250633,0.));
#2300=PLANE('',#2301);
#2301=AXIS2_PLACEMENT_3D('',#2302,#55,#199);
#2302=CARTESIAN_POINT('',(-3.364321615896,-5.235361529215,9.6858000731E-08));
#2303=ADVANCED_FACE('',(#2304),#2309,.T.);
#2304=FACE_BOUND('',#2305,.T.);
#2305=EDGE_LOOP('',(#2306,#2307,#2308));
#2306=ORIENTED_EDGE('',*,*,#2143,.F.);
#2307=ORIENTED_EDGE('',*,*,#2281,.F.);
#2308=ORIENTED_EDGE('',*,*,#1995,.F.);
#2309=PLANE('',#2310);
#2310=AXIS2_PLACEMENT_3D('',#2311,#55,#199);
#2311=CARTESIAN_POINT('',(-6.046636479601,-5.058021147922,9.6858000731E-08));
#2312=ADVANCED_FACE('',(#2313),#2326,.T.);
#2313=FACE_BOUND('',#2314,.T.);
#2314=EDGE_LOOP('',(#2315,#2322,#2325));
#2315=ORIENTED_EDGE('',*,*,#2316,.T.);
#2316=EDGE_CURVE('',#1703,#2317,#2319,.T.);
#2317=VERTEX_POINT('',#2318);
#2318=CARTESIAN_POINT('',(-5.,6.900000095367,9.6858000731E-08));
#2319=LINE('',#1704,#2320);
#2320=VECTOR('',#2321,1.);
#2321=DIRECTION('',(-0.396436025829,0.918062349421,0.));
#2322=ORIENTED_EDGE('',*,*,#2323,.T.);
#2323=EDGE_CURVE('',#2317,#2015,#2324,.T.);
#2324=LINE('',#2318,#34);
#2325=ORIENTED_EDGE('',*,*,#2022,.F.);
#2326=PLANE('',#2327);
#2327=AXIS2_PLACEMENT_3D('',#2328,#55,#199);
#2328=CARTESIAN_POINT('',(-3.364321615896,5.235361529215,9.6858000731E-08));
#2329=ADVANCED_FACE('',(#2330),#2337,.T.);
#2330=FACE_BOUND('',#2331,.T.);
#2331=EDGE_LOOP('',(#2332,#2333,#2334));
#2332=ORIENTED_EDGE('',*,*,#2296,.F.);
#2333=ORIENTED_EDGE('',*,*,#2014,.F.);
#2334=ORIENTED_EDGE('',*,*,#2335,.T.);
#2335=EDGE_CURVE('',#2015,#2291,#2336,.T.);
#2336=LINE('',#2016,#345);
#2337=PLANE('',#2338);
#2338=AXIS2_PLACEMENT_3D('',#2339,#55,#199);
#2339=CARTESIAN_POINT('',(-2.276974062196,-1.781832946701E-02,9.6858000731E-08));
#2340=ADVANCED_FACE('',(#2341),#2350,.T.);
#2341=FACE_BOUND('',#2342,.T.);
#2342=EDGE_LOOP('',(#2343,#2344,#2349));
#2343=ORIENTED_EDGE('',*,*,#2033,.F.);
#2344=ORIENTED_EDGE('',*,*,#2345,.T.);
#2345=EDGE_CURVE('',#1772,#2317,#2346,.T.);
#2346=LINE('',#1773,#2347);
#2347=VECTOR('',#2348,1.);
#2348=DIRECTION('',(0.283346173604,0.959017698431,0.));
#2349=ORIENTED_EDGE('',*,*,#2316,.F.);
#2350=PLANE('',#2351);
#2351=AXIS2_PLACEMENT_3D('',#2352,#55,#199);
#2352=CARTESIAN_POINT('',(-4.798831306941,4.140414070809,9.6858000731E-08));
#2353=ADVANCED_FACE('',(#2354),#2363,.T.);
#2354=FACE_BOUND('',#2355,.T.);
#2355=EDGE_LOOP('',(#2356,#2357,#2358));
#2356=ORIENTED_EDGE('',*,*,#2244,.F.);
#2357=ORIENTED_EDGE('',*,*,#2045,.F.);
#2358=ORIENTED_EDGE('',*,*,#2359,.T.);
#2359=EDGE_CURVE('',#1718,#2245,#2360,.T.);
#2360=LINE('',#1719,#2361);
#2361=VECTOR('',#2362,1.);
#2362=DIRECTION('',(0.,0.975132855791,0.221621103589));
#2363=PLANE('',#2364);
#2364=AXIS2_PLACEMENT_3D('',#2365,#199,#55);
#2365=CARTESIAN_POINT('',(-2.,0.55487145683,6.19512816319));
#2366=ADVANCED_FACE('',(#2367),#2378,.T.);
#2367=FACE_BOUND('',#2368,.T.);
#2368=EDGE_LOOP('',(#2369,#2374,#2377));
#2369=ORIENTED_EDGE('',*,*,#2370,.T.);
#2370=EDGE_CURVE('',#1968,#2371,#2373,.T.);
#2371=VERTEX_POINT('',#2372);
#2372=CARTESIAN_POINT('',(-2.,-5.5,7.999999620021));
#2373=LINE('',#1969,#228);
#2374=ORIENTED_EDGE('',*,*,#2375,.T.);
#2375=EDGE_CURVE('',#2371,#1718,#2376,.T.);
#2376=LINE('',#2372,#54);
#2377=ORIENTED_EDGE('',*,*,#2057,.F.);
#2378=PLANE('',#2379);
#2379=AXIS2_PLACEMENT_3D('',#2380,#64,#55);
#2380=CARTESIAN_POINT('',(-0.445752358493,-5.5,7.195751978513));
#2381=ADVANCED_FACE('',(#2382),#2395,.T.);
#2382=FACE_BOUND('',#2383,.T.);
#2383=EDGE_LOOP('',(#2384,#2389,#2394));
#2384=ORIENTED_EDGE('',*,*,#2385,.T.);
#2385=EDGE_CURVE('',#1789,#2386,#2388,.T.);
#2386=VERTEX_POINT('',#2387);
#2387=CARTESIAN_POINT('',(6.751471996307,6.900000095367,9.6858000731E-08));
#2388=LINE('',#1790,#54);
#2389=ORIENTED_EDGE('',*,*,#2390,.T.);
#2390=EDGE_CURVE('',#2386,#2082,#2391,.T.);
#2391=LINE('',#2387,#2392);
#2392=VECTOR('',#2393,1.);
#2393=DIRECTION('',(-0.889444087102,0.,0.457043997794));
#2394=ORIENTED_EDGE('',*,*,#2089,.F.);
#2395=PLANE('',#2396);
#2396=AXIS2_PLACEMENT_3D('',#2397,#190,#13);
#2397=CARTESIAN_POINT('',(6.179122393232,6.900000095367,1.053007228184));
#2398=ADVANCED_FACE('',(#2399),#2414,.T.);
#2399=FACE_BOUND('',#2400,.T.);
#2400=EDGE_LOOP('',(#2401,#2402,#2407,#2411,#2413));
#2401=ORIENTED_EDGE('',*,*,#2081,.F.);
#2402=ORIENTED_EDGE('',*,*,#2403,.T.);
#2403=EDGE_CURVE('',#2082,#2404,#2406,.T.);
#2404=VERTEX_POINT('',#2405);
#2405=CARTESIAN_POINT('',(2.,6.900000095367,0.900000192225));
#2406=LINE('',#2083,#228);
#2407=ORIENTED_EDGE('',*,*,#2408,.T.);
#2408=EDGE_CURVE('',#2404,#2409,#2406,.T.);
#2409=VERTEX_POINT('',#2410);
#2410=CARTESIAN_POINT('',(-2.,6.900000095367,0.900000192225));
#2411=ORIENTED_EDGE('',*,*,#2412,.T.);
#2412=EDGE_CURVE('',#2409,#2101,#2406,.T.);
#2413=ORIENTED_EDGE('',*,*,#2108,.F.);
#2414=PLANE('',#2415);
#2415=AXIS2_PLACEMENT_3D('',#2416,#190,#13);
#2416=CARTESIAN_POINT('',(-0.96524734399,6.900000095367,1.279216010439));
#2417=ADVANCED_FACE('',(#2418),#2427,.T.);
#2418=FACE_BOUND('',#2419,.T.);
#2419=EDGE_LOOP('',(#2420,#2423,#2426));
#2420=ORIENTED_EDGE('',*,*,#2421,.T.);
#2421=EDGE_CURVE('',#2101,#2317,#2422,.T.);
#2422=LINE('',#2102,#54);
#2423=ORIENTED_EDGE('',*,*,#2424,.T.);
#2424=EDGE_CURVE('',#2317,#1807,#2425,.T.);
#2425=LINE('',#2318,#228);
#2426=ORIENTED_EDGE('',*,*,#2100,.F.);
#2427=PLANE('',#2428);
#2428=AXIS2_PLACEMENT_3D('',#2429,#190,#13);
#2429=CARTESIAN_POINT('',(-5.705161988345,6.900000095367,0.279426134733));
#2430=ADVANCED_FACE('',(#2431),#2440,.T.);
#2431=FACE_BOUND('',#2432,.T.);
#2432=EDGE_LOOP('',(#2433,#2434,#2435));
#2433=ORIENTED_EDGE('',*,*,#2133,.F.);
#2434=ORIENTED_EDGE('',*,*,#2117,.F.);
#2435=ORIENTED_EDGE('',*,*,#2436,.T.);
#2436=EDGE_CURVE('',#1807,#1823,#2437,.T.);
#2437=LINE('',#1808,#2438);
#2438=VECTOR('',#2439,1.);
#2439=DIRECTION('',(-1.08793621575E-02,-0.999940817988,0.));
#2440=PLANE('',#2441);
#2441=AXIS2_PLACEMENT_3D('',#2442,#55,#199);
#2442=CARTESIAN_POINT('',(-6.862380417932,8.944264543639E-02,9.6858000731E-08));
#2443=ADVANCED_FACE('',(#2444),#2451,.T.);
#2444=FACE_BOUND('',#2445,.T.);
#2445=EDGE_LOOP('',(#2446,#2447,#2448));
#2446=ORIENTED_EDGE('',*,*,#2156,.F.);
#2447=ORIENTED_EDGE('',*,*,#2436,.F.);
#2448=ORIENTED_EDGE('',*,*,#2449,.T.);
#2449=EDGE_CURVE('',#1807,#1840,#2450,.T.);
#2450=LINE('',#1808,#345);
#2451=PLANE('',#2452);
#2452=AXIS2_PLACEMENT_3D('',#2453,#55,#199);
#2453=CARTESIAN_POINT('',(-6.788687689043,-1.517859590636E-02,9.6858000731E-08));
#2454=ADVANCED_FACE('',(#2455),#2461,.F.);
#2455=FACE_BOUND('',#2456,.F.);
#2456=EDGE_LOOP('',(#2457,#2458));
#2457=ORIENTED_EDGE('',*,*,#2167,.T.);
#2458=ORIENTED_EDGE('',*,*,#2459,.F.);
#2459=EDGE_CURVE('',#22,#1865,#2460,.T.);
#2460=LINE('',#23,#34);
#2461=PLANE('',#2462);
#2462=AXIS2_PLACEMENT_3D('',#2463,#55,#199);
#2463=CARTESIAN_POINT('',(1.5,-6.900000095367,0.900000192225));
#2464=ADVANCED_FACE('',(#2465),#2480,.T.);
#2465=FACE_BOUND('',#2466,.T.);
#2466=EDGE_LOOP('',(#2467,#2468,#2475));
#2467=ORIENTED_EDGE('',*,*,#2181,.F.);
#2468=ORIENTED_EDGE('',*,*,#2469,.T.);
#2469=EDGE_CURVE('',#2177,#2470,#2472,.T.);
#2470=VERTEX_POINT('',#2471);
#2471=CARTESIAN_POINT('',(6.479555606842,-0.155291423202,9.6858000731E-08));
#2472=LINE('',#2178,#2473);
#2473=VECTOR('',#2474,1.);
#2474=DIRECTION('',(0.214270483491,0.976774364889,0.));
#2475=ORIENTED_EDGE('',*,*,#2476,.T.);
#2476=EDGE_CURVE('',#2470,#1615,#2477,.T.);
#2477=LINE('',#2471,#2478);
#2478=VECTOR('',#2479,1.);
#2479=DIRECTION('',(4.028278956281E-02,-0.99918831902,0.));
#2480=PLANE('',#2481);
#2481=AXIS2_PLACEMENT_3D('',#2482,#55,#199);
#2482=CARTESIAN_POINT('',(6.138921814064,-3.911022315201,9.6858000731E-08));
#2483=ADVANCED_FACE('',(#2484),#2493,.T.);
#2484=FACE_BOUND('',#2485,.T.);
#2485=EDGE_LOOP('',(#2486,#2489,#2492));
#2486=ORIENTED_EDGE('',*,*,#2487,.T.);
#2487=EDGE_CURVE('',#1615,#2386,#2488,.T.);
#2488=LINE('',#1616,#189);
#2489=ORIENTED_EDGE('',*,*,#2490,.T.);
#2490=EDGE_CURVE('',#2386,#2193,#2491,.T.);
#2491=LINE('',#2387,#75);
#2492=ORIENTED_EDGE('',*,*,#2210,.F.);
#2493=PLANE('',#2494);
#2494=AXIS2_PLACEMENT_3D('',#2495,#55,#199);
#2495=CARTESIAN_POINT('',(6.788687689043,1.517859590636E-02,9.6858000731E-08));
#2496=ADVANCED_FACE('',(#2497),#2504,.T.);
#2497=FACE_BOUND('',#2498,.T.);
#2498=EDGE_LOOP('',(#2499,#2500,#2501));
#2499=ORIENTED_EDGE('',*,*,#2221,.F.);
#2500=ORIENTED_EDGE('',*,*,#2490,.F.);
#2501=ORIENTED_EDGE('',*,*,#2502,.T.);
#2502=EDGE_CURVE('',#2386,#1922,#2503,.T.);
#2503=LINE('',#2387,#1883);
#2504=PLANE('',#2505);
#2505=AXIS2_PLACEMENT_3D('',#2506,#273,#76);
#2506=CARTESIAN_POINT('',(6.861099455913,6.790372635762,1.04998858735));
#2507=ADVANCED_FACE('',(#2508),#2513,.T.);
#2508=FACE_BOUND('',#2509,.T.);
#2509=EDGE_LOOP('',(#2510,#2511,#2512));
#2510=ORIENTED_EDGE('',*,*,#2385,.F.);
#2511=ORIENTED_EDGE('',*,*,#2233,.F.);
#2512=ORIENTED_EDGE('',*,*,#2502,.F.);
#2513=PLANE('',#2514);
#2514=AXIS2_PLACEMENT_3D('',#2515,#273,#76);
#2515=CARTESIAN_POINT('',(6.790372635762,6.861099455913,1.15001141563));
#2516=ADVANCED_FACE('',(#2517),#2524,.T.);
#2517=FACE_BOUND('',#2518,.T.);
#2518=EDGE_LOOP('',(#2519,#2522,#2523));
#2519=ORIENTED_EDGE('',*,*,#2520,.T.);
#2520=EDGE_CURVE('',#2245,#2261,#2521,.T.);
#2521=LINE('',#2246,#34);
#2522=ORIENTED_EDGE('',*,*,#2260,.F.);
#2523=ORIENTED_EDGE('',*,*,#2249,.F.);
#2524=PLANE('',#2525);
#2525=AXIS2_PLACEMENT_3D('',#2526,#190,#13);
#2526=CARTESIAN_POINT('',(0.445752358493,5.5,7.195751978513));
#2527=ADVANCED_FACE('',(#2528),#2543,.T.);
#2528=FACE_BOUND('',#2529,.T.);
#2529=EDGE_LOOP('',(#2530,#2537,#2538));
#2530=ORIENTED_EDGE('',*,*,#2531,.T.);
#2531=EDGE_CURVE('',#2532,#1968,#2534,.T.);
#2532=VERTEX_POINT('',#2533);
#2533=CARTESIAN_POINT('',(1.5,3.349999904633,7.999999620021));
#2534=LINE('',#2533,#2535);
#2535=VECTOR('',#2536,1.);
#2536=DIRECTION('',(5.640722349433E-02,-0.99840784509,0.));
#2537=ORIENTED_EDGE('',*,*,#2265,.F.);
#2538=ORIENTED_EDGE('',*,*,#2539,.T.);
#2539=EDGE_CURVE('',#2261,#2532,#2540,.T.);
#2540=LINE('',#2262,#2541);
#2541=VECTOR('',#2542,1.);
#2542=DIRECTION('',(-0.226513485128,-0.974008029256,0.));
#2543=PLANE('',#2544);
#2544=AXIS2_PLACEMENT_3D('',#2545,#13,#14);
#2545=CARTESIAN_POINT('',(1.874595139173,1.081524050958E-02,7.999999620021));
#2546=ADVANCED_FACE('',(#2547),#2556,.T.);
#2547=FACE_BOUND('',#2548,.T.);
#2548=EDGE_LOOP('',(#2549,#2550,#2551));
#2549=ORIENTED_EDGE('',*,*,#2275,.F.);
#2550=ORIENTED_EDGE('',*,*,#2449,.F.);
#2551=ORIENTED_EDGE('',*,*,#2552,.T.);
#2552=EDGE_CURVE('',#1807,#1772,#2553,.T.);
#2553=LINE('',#1808,#2554);
#2554=VECTOR('',#2555,1.);
#2555=DIRECTION('',(0.102071317356,-0.994777083659,0.));
#2556=PLANE('',#2557);
#2557=AXIS2_PLACEMENT_3D('',#2558,#55,#199);
#2558=CARTESIAN_POINT('',(-6.638465432371,3.066471072323E-03,9.6858000731E-08));
#2559=ADVANCED_FACE('',(#2560),#2575,.T.);
#2560=FACE_BOUND('',#2561,.T.);
#2561=EDGE_LOOP('',(#2562,#2569,#2570));
#2562=ORIENTED_EDGE('',*,*,#2563,.T.);
#2563=EDGE_CURVE('',#2564,#2291,#2566,.T.);
#2564=VERTEX_POINT('',#2565);
#2565=CARTESIAN_POINT('',(-1.600000023842,0.,9.6858000731E-08));
#2566=LINE('',#2565,#2567);
#2567=VECTOR('',#2568,1.);
#2568=DIRECTION('',(-5.787384527913E-02,-0.998323904368,0.));
#2569=ORIENTED_EDGE('',*,*,#2335,.F.);
#2570=ORIENTED_EDGE('',*,*,#2571,.T.);
#2571=EDGE_CURVE('',#2015,#2564,#2572,.T.);
#2572=LINE('',#2016,#2573);
#2573=VECTOR('',#2574,1.);
#2574=DIRECTION('',(5.787384527913E-02,-0.998323904368,0.));
#2575=PLANE('',#2576);
#2576=AXIS2_PLACEMENT_3D('',#2577,#55,#199);
#2577=CARTESIAN_POINT('',(-1.899916130893,0.,9.6858000731E-08));
#2578=ADVANCED_FACE('',(#2579),#2584,.T.);
#2579=FACE_BOUND('',#2580,.T.);
#2580=EDGE_LOOP('',(#2581,#2582,#2583));
#2581=ORIENTED_EDGE('',*,*,#2552,.F.);
#2582=ORIENTED_EDGE('',*,*,#2424,.F.);
#2583=ORIENTED_EDGE('',*,*,#2345,.F.);
#2584=PLANE('',#2585);
#2585=AXIS2_PLACEMENT_3D('',#2586,#55,#199);
#2586=CARTESIAN_POINT('',(-6.046636479601,5.058021147922,9.6858000731E-08));
#2587=ADVANCED_FACE('',(#2588),#2595,.T.);
#2588=FACE_BOUND('',#2589,.T.);
#2589=EDGE_LOOP('',(#2590,#2591,#2594));
#2590=ORIENTED_EDGE('',*,*,#2375,.F.);
#2591=ORIENTED_EDGE('',*,*,#2592,.T.);
#2592=EDGE_CURVE('',#2371,#2245,#2593,.T.);
#2593=LINE('',#2372,#189);
#2594=ORIENTED_EDGE('',*,*,#2359,.F.);
#2595=PLANE('',#2596);
#2596=AXIS2_PLACEMENT_3D('',#2597,#199,#55);
#2597=CARTESIAN_POINT('',(-2.,-0.55487145683,7.304871076851));
#2598=ADVANCED_FACE('',(#2599),#2614,.T.);
#2599=FACE_BOUND('',#2600,.T.);
#2600=EDGE_LOOP('',(#2601,#2608,#2609));
#2601=ORIENTED_EDGE('',*,*,#2602,.T.);
#2602=EDGE_CURVE('',#2603,#2371,#2605,.T.);
#2603=VERTEX_POINT('',#2604);
#2604=CARTESIAN_POINT('',(1.5,-3.349999904633,7.999999620021));
#2605=LINE('',#2604,#2606);
#2606=VECTOR('',#2607,1.);
#2607=DIRECTION('',(-0.852075975953,-0.523418122731,0.));
#2608=ORIENTED_EDGE('',*,*,#2370,.F.);
#2609=ORIENTED_EDGE('',*,*,#2610,.T.);
#2610=EDGE_CURVE('',#1968,#2603,#2611,.T.);
#2611=LINE('',#1969,#2612);
#2612=VECTOR('',#2613,1.);
#2613=DIRECTION('',(-0.226513485128,0.974008029256,0.));
#2614=PLANE('',#2615);
#2615=AXIS2_PLACEMENT_3D('',#2616,#13,#14);
#2616=CARTESIAN_POINT('',(0.274939792182,-4.841869052135,7.999999620021));
#2617=ADVANCED_FACE('',(#2618),#2629,.T.);
#2618=FACE_BOUND('',#2619,.T.);
#2619=EDGE_LOOP('',(#2620,#2625,#2628));
#2620=ORIENTED_EDGE('',*,*,#2621,.T.);
#2621=EDGE_CURVE('',#2386,#2622,#2624,.T.);
#2622=VERTEX_POINT('',#2623);
#2623=CARTESIAN_POINT('',(5.,6.900000095367,9.6858000731E-08));
#2624=LINE('',#2387,#228);
#2625=ORIENTED_EDGE('',*,*,#2626,.T.);
#2626=EDGE_CURVE('',#2622,#2082,#2627,.T.);
#2627=LINE('',#2623,#82);
#2628=ORIENTED_EDGE('',*,*,#2390,.F.);
#2629=PLANE('',#2630);
#2630=AXIS2_PLACEMENT_3D('',#2631,#190,#13);
#2631=CARTESIAN_POINT('',(5.705161988345,6.900000095367,0.279426134733));
#2632=ADVANCED_FACE('',(#2633),#2638,.F.);
#2633=FACE_BOUND('',#2634,.F.);
#2634=EDGE_LOOP('',(#2411,#2635));
#2635=ORIENTED_EDGE('',*,*,#2636,.F.);
#2636=EDGE_CURVE('',#2409,#2101,#2637,.T.);
#2637=LINE('',#2405,#228);
#2638=PLANE('',#2639);
#2639=AXIS2_PLACEMENT_3D('',#2640,#55,#199);
#2640=CARTESIAN_POINT('',(0.,6.900000095367,0.900000192225));
#2641=ADVANCED_FACE('',(#2642),#2653,.T.);
#2642=FACE_BOUND('',#2643,.T.);
#2643=EDGE_LOOP('',(#2644,#2645,#2648));
#2644=ORIENTED_EDGE('',*,*,#1862,.F.);
#2645=ORIENTED_EDGE('',*,*,#2646,.T.);
#2646=EDGE_CURVE('',#1858,#2291,#2647,.T.);
#2647=LINE('',#1859,#54);
#2648=ORIENTED_EDGE('',*,*,#2649,.T.);
#2649=EDGE_CURVE('',#2291,#22,#2650,.T.);
#2650=LINE('',#2292,#2651);
#2651=VECTOR('',#2652,1.);
#2652=DIRECTION('',(0.975609751116,0.,0.219512217261));
#2653=PLANE('',#2654);
#2654=AXIS2_PLACEMENT_3D('',#2655,#64,#55);
#2655=CARTESIAN_POINT('',(-0.200000018608,-6.900000095367,0.65000016315));
#2656=ADVANCED_FACE('',(#2657),#2672,.T.);
#2657=FACE_BOUND('',#2658,.T.);
#2658=EDGE_LOOP('',(#2659,#2666,#2671));
#2659=ORIENTED_EDGE('',*,*,#2660,.T.);
#2660=EDGE_CURVE('',#2177,#2661,#2663,.T.);
#2661=VERTEX_POINT('',#2662);
#2662=CARTESIAN_POINT('',(6.419615268707,-0.300000011921,9.6858000731E-08));
#2663=LINE('',#2178,#2664);
#2664=VECTOR('',#2665,1.);
#2665=DIRECTION('',(0.210283817535,0.977640381778,0.));
#2666=ORIENTED_EDGE('',*,*,#2667,.T.);
#2667=EDGE_CURVE('',#2661,#2470,#2668,.T.);
#2668=LINE('',#2662,#2669);
#2669=VECTOR('',#2670,1.);
#2670=DIRECTION('',(0.382683857941,0.923879356232,0.));
#2671=ORIENTED_EDGE('',*,*,#2469,.F.);
#2672=PLANE('',#2673);
#2673=AXIS2_PLACEMENT_3D('',#2674,#55,#199);
#2674=CARTESIAN_POINT('',(5.733178869496,-3.525587955502,9.6858000731E-08));
#2675=ADVANCED_FACE('',(#2676),#2691,.T.);
#2676=FACE_BOUND('',#2677,.T.);
#2677=EDGE_LOOP('',(#2678,#2685,#2690));
#2678=ORIENTED_EDGE('',*,*,#2679,.T.);
#2679=EDGE_CURVE('',#2470,#2680,#2682,.T.);
#2680=VERTEX_POINT('',#2681);
#2681=CARTESIAN_POINT('',(6.5,0.,9.6858000731E-08));
#2682=LINE('',#2471,#2683);
#2683=VECTOR('',#2684,1.);
#2684=DIRECTION('',(0.130525498382,0.991444952719,0.));
#2685=ORIENTED_EDGE('',*,*,#2686,.T.);
#2686=EDGE_CURVE('',#2680,#1615,#2687,.T.);
#2687=LINE('',#2681,#2688);
#2688=VECTOR('',#2689,1.);
#2689=DIRECTION('',(3.64210361893E-02,-0.999336533968,0.));
#2690=ORIENTED_EDGE('',*,*,#2476,.F.);
#2691=PLANE('',#2692);
#2692=AXIS2_PLACEMENT_3D('',#2693,#55,#199);
#2693=CARTESIAN_POINT('',(6.619198133165,-3.44970366228,9.6858000731E-08));
#2694=ADVANCED_FACE('',(#2695),#2704,.T.);
#2695=FACE_BOUND('',#2696,.T.);
#2696=EDGE_LOOP('',(#2697,#2698,#2703));
#2697=ORIENTED_EDGE('',*,*,#2686,.F.);
#2698=ORIENTED_EDGE('',*,*,#2699,.T.);
#2699=EDGE_CURVE('',#2680,#2386,#2700,.T.);
#2700=LINE('',#2681,#2701);
#2701=VECTOR('',#2702,1.);
#2702=DIRECTION('',(3.64210361893E-02,0.999336533968,0.));
#2703=ORIENTED_EDGE('',*,*,#2487,.F.);
#2704=PLANE('',#2705);
#2705=AXIS2_PLACEMENT_3D('',#2706,#55,#199);
#2706=CARTESIAN_POINT('',(6.688583134919,0.,9.6858000731E-08));
#2707=ADVANCED_FACE('',(#2708),#2717,.T.);
#2708=FACE_BOUND('',#2709,.T.);
#2709=EDGE_LOOP('',(#2710,#2711,#2716));
#2710=ORIENTED_EDGE('',*,*,#2520,.F.);
#2711=ORIENTED_EDGE('',*,*,#2712,.T.);
#2712=EDGE_CURVE('',#2245,#2532,#2713,.T.);
#2713=LINE('',#2246,#2714);
#2714=VECTOR('',#2715,1.);
#2715=DIRECTION('',(0.852075975953,-0.523418122731,0.));
#2716=ORIENTED_EDGE('',*,*,#2539,.F.);
#2717=PLANE('',#2718);
#2718=AXIS2_PLACEMENT_3D('',#2719,#13,#14);
#2719=CARTESIAN_POINT('',(0.274939792182,4.841869052135,7.999999620021));
#2720=ADVANCED_FACE('',(#2721),#2736,.T.);
#2721=FACE_BOUND('',#2722,.T.);
#2722=EDGE_LOOP('',(#2723,#2724,#2729,#2733,#2735));
#2723=ORIENTED_EDGE('',*,*,#2531,.F.);
#2724=ORIENTED_EDGE('',*,*,#2725,.T.);
#2725=EDGE_CURVE('',#2532,#2726,#2728,.T.);
#2726=VERTEX_POINT('',#2727);
#2727=CARTESIAN_POINT('',(1.5,2.349999904633,7.999999620021));
#2728=LINE('',#2533,#345);
#2729=ORIENTED_EDGE('',*,*,#2730,.T.);
#2730=EDGE_CURVE('',#2726,#2731,#2728,.T.);
#2731=VERTEX_POINT('',#2732);
#2732=CARTESIAN_POINT('',(1.5,-2.349999904633,7.999999620021));
#2733=ORIENTED_EDGE('',*,*,#2734,.T.);
#2734=EDGE_CURVE('',#2731,#2603,#2728,.T.);
#2735=ORIENTED_EDGE('',*,*,#2610,.F.);
#2736=PLANE('',#2737);
#2737=AXIS2_PLACEMENT_3D('',#2738,#13,#14);
#2738=CARTESIAN_POINT('',(1.655747900209,-1.085815288193,7.999999620021));
#2739=ADVANCED_FACE('',(#2740),#2755,.T.);
#2740=FACE_BOUND('',#2741,.T.);
#2741=EDGE_LOOP('',(#2742,#2749,#2750));
#2742=ORIENTED_EDGE('',*,*,#2743,.T.);
#2743=EDGE_CURVE('',#2744,#2564,#2746,.T.);
#2744=VERTEX_POINT('',#2745);
#2745=CARTESIAN_POINT('',(-1.545481324196,0.414110481739,9.6858000731E-08));
#2746=LINE('',#2745,#2747);
#2747=VECTOR('',#2748,1.);
#2748=DIRECTION('',(-0.130526240342,-0.991444855038,0.));
#2749=ORIENTED_EDGE('',*,*,#2571,.F.);
#2750=ORIENTED_EDGE('',*,*,#2751,.T.);
#2751=EDGE_CURVE('',#2015,#2744,#2752,.T.);
#2752=LINE('',#2016,#2753);
#2753=VECTOR('',#2754,1.);
#2754=DIRECTION('',(6.990663431568E-02,-0.997553538653,0.));
#2755=PLANE('',#2756);
#2756=AXIS2_PLACEMENT_3D('',#2757,#55,#199);
#2757=CARTESIAN_POINT('',(-1.780322764104,3.449400335279,9.6858000731E-08));
#2758=ADVANCED_FACE('',(#2759),#2774,.T.);
#2759=FACE_BOUND('',#2760,.T.);
#2760=EDGE_LOOP('',(#2761,#2762,#2769));
#2761=ORIENTED_EDGE('',*,*,#2563,.F.);
#2762=ORIENTED_EDGE('',*,*,#2763,.T.);
#2763=EDGE_CURVE('',#2564,#2764,#2766,.T.);
#2764=VERTEX_POINT('',#2765);
#2765=CARTESIAN_POINT('',(-1.545481324196,-0.414110481739,9.6858000731E-08));
#2766=LINE('',#2565,#2767);
#2767=VECTOR('',#2768,1.);
#2768=DIRECTION('',(0.130526240342,-0.991444855038,0.));
#2769=ORIENTED_EDGE('',*,*,#2770,.T.);
#2770=EDGE_CURVE('',#2764,#2291,#2771,.T.);
#2771=LINE('',#2765,#2772);
#2772=VECTOR('',#2773,1.);
#2773=DIRECTION('',(-6.990663431568E-02,-0.997553538653,0.));
#2774=PLANE('',#2775);
#2775=AXIS2_PLACEMENT_3D('',#2776,#55,#199);
#2776=CARTESIAN_POINT('',(-1.780322764104,-3.449400335279,9.6858000731E-08));
#2777=ADVANCED_FACE('',(#2778),#2793,.T.);
#2778=FACE_BOUND('',#2779,.T.);
#2779=EDGE_LOOP('',(#2780,#2787,#2788));
#2780=ORIENTED_EDGE('',*,*,#2781,.T.);
#2781=EDGE_CURVE('',#2782,#2245,#2784,.T.);
#2782=VERTEX_POINT('',#2783);
#2783=CARTESIAN_POINT('',(-1.5,-3.349999904633,7.999999620021));
#2784=LINE('',#2783,#2785);
#2785=VECTOR('',#2786,1.);
#2786=DIRECTION('',(-5.640722349433E-02,0.99840784509,0.));
#2787=ORIENTED_EDGE('',*,*,#2592,.F.);
#2788=ORIENTED_EDGE('',*,*,#2789,.T.);
#2789=EDGE_CURVE('',#2371,#2782,#2790,.T.);
#2790=LINE('',#2372,#2791);
#2791=VECTOR('',#2792,1.);
#2792=DIRECTION('',(0.226513485128,0.974008029256,0.));
#2793=PLANE('',#2794);
#2794=AXIS2_PLACEMENT_3D('',#2795,#13,#14);
#2795=CARTESIAN_POINT('',(-1.874595139173,-1.081524050958E-02,7.999999620021));
#2796=ADVANCED_FACE('',(#2797),#2804,.T.);
#2797=FACE_BOUND('',#2798,.T.);
#2798=EDGE_LOOP('',(#2799,#2802,#2803));
#2799=ORIENTED_EDGE('',*,*,#2800,.T.);
#2800=EDGE_CURVE('',#2603,#2782,#2801,.T.);
#2801=LINE('',#2604,#228);
#2802=ORIENTED_EDGE('',*,*,#2789,.F.);
#2803=ORIENTED_EDGE('',*,*,#2602,.F.);
#2804=PLANE('',#2805);
#2805=AXIS2_PLACEMENT_3D('',#2806,#13,#14);
#2806=CARTESIAN_POINT('',(-0.524939792182,-4.078783748157,7.999999620021));
#2807=ADVANCED_FACE('',(#2808),#2823,.T.);
#2808=FACE_BOUND('',#2809,.T.);
#2809=EDGE_LOOP('',(#2810,#2817,#2818));
#2810=ORIENTED_EDGE('',*,*,#2811,.T.);
#2811=EDGE_CURVE('',#2812,#2622,#2814,.T.);
#2812=VERTEX_POINT('',#2813);
#2813=CARTESIAN_POINT('',(6.479555606842,0.155291423202,9.6858000731E-08));
#2814=LINE('',#2813,#2815);
#2815=VECTOR('',#2816,1.);
#2816=DIRECTION('',(-0.214270483491,0.976774364889,0.));
#2817=ORIENTED_EDGE('',*,*,#2621,.F.);
#2818=ORIENTED_EDGE('',*,*,#2819,.T.);
#2819=EDGE_CURVE('',#2386,#2812,#2820,.T.);
#2820=LINE('',#2387,#2821);
#2821=VECTOR('',#2822,1.);
#2822=DIRECTION('',(-4.028278956281E-02,-0.99918831902,0.));
#2823=PLANE('',#2824);
#2824=AXIS2_PLACEMENT_3D('',#2825,#55,#199);
#2825=CARTESIAN_POINT('',(6.138921814064,3.911022315201,9.6858000731E-08));
#2826=ADVANCED_FACE('',(#2827),#2833,.F.);
#2827=FACE_BOUND('',#2828,.F.);
#2828=EDGE_LOOP('',(#2829,#2830));
#2829=ORIENTED_EDGE('',*,*,#2636,.T.);
#2830=ORIENTED_EDGE('',*,*,#2831,.F.);
#2831=EDGE_CURVE('',#2409,#2101,#2832,.T.);
#2832=LINE('',#2410,#228);
#2833=PLANE('',#2834);
#2834=AXIS2_PLACEMENT_3D('',#2835,#55,#199);
#2835=CARTESIAN_POINT('',(-1.5,6.900000095367,0.900000192225));
#2836=ADVANCED_FACE('',(#2837),#2852,.T.);
#2837=FACE_BOUND('',#2838,.T.);
#2838=EDGE_LOOP('',(#2839,#2844,#2848,#2851));
#2839=ORIENTED_EDGE('',*,*,#2840,.T.);
#2840=EDGE_CURVE('',#2291,#2841,#2843,.T.);
#2841=VERTEX_POINT('',#2842);
#2842=CARTESIAN_POINT('',(-1.7763568394E-15,-6.900000095367,9.6858000731E-08));
#2843=LINE('',#2292,#34);
#2844=ORIENTED_EDGE('',*,*,#2845,.T.);
#2845=EDGE_CURVE('',#2841,#2846,#2843,.T.);
#2846=VERTEX_POINT('',#2847);
#2847=CARTESIAN_POINT('',(2.,-6.900000095367,9.6858000731E-08));
#2848=ORIENTED_EDGE('',*,*,#2849,.T.);
#2849=EDGE_CURVE('',#2846,#22,#2850,.T.);
#2850=LINE('',#2847,#82);
#2851=ORIENTED_EDGE('',*,*,#2649,.F.);
#2852=PLANE('',#2853);
#2853=AXIS2_PLACEMENT_3D('',#2854,#64,#55);
#2854=CARTESIAN_POINT('',(0.200000018608,-6.900000095367,0.250000125933));
#2855=ADVANCED_FACE('',(#2856),#2867,.T.);
#2856=FACE_BOUND('',#2857,.T.);
#2857=EDGE_LOOP('',(#2858,#2859,#2864));
#2858=ORIENTED_EDGE('',*,*,#2667,.F.);
#2859=ORIENTED_EDGE('',*,*,#2860,.T.);
#2860=EDGE_CURVE('',#2661,#2812,#2861,.T.);
#2861=LINE('',#2662,#2862);
#2862=VECTOR('',#2863,1.);
#2863=DIRECTION('',(0.130526371104,0.991444837823,0.));
#2864=ORIENTED_EDGE('',*,*,#2865,.T.);
#2865=EDGE_CURVE('',#2812,#2470,#2866,.T.);
#2866=LINE('',#2813,#345);
#2867=PLANE('',#2868);
#2868=AXIS2_PLACEMENT_3D('',#2869,#55,#199);
#2869=CARTESIAN_POINT('',(6.459632797625,-7.4352840899E-02,9.6858000731E-08));
#2870=ADVANCED_FACE('',(#2871),#2886,.T.);
#2871=FACE_BOUND('',#2872,.T.);
#2872=EDGE_LOOP('',(#2873,#2880,#2885));
#2873=ORIENTED_EDGE('',*,*,#2874,.T.);
#2874=EDGE_CURVE('',#2177,#2875,#2877,.T.);
#2875=VERTEX_POINT('',#2876);
#2876=CARTESIAN_POINT('',(6.32426404953,-0.424264073372,9.6858000731E-08));
#2877=LINE('',#2178,#2878);
#2878=VECTOR('',#2879,1.);
#2879=DIRECTION('',(0.200350010996,0.979724386291,0.));
#2880=ORIENTED_EDGE('',*,*,#2881,.T.);
#2881=EDGE_CURVE('',#2875,#2661,#2882,.T.);
#2882=LINE('',#2876,#2883);
#2883=VECTOR('',#2884,1.);
#2884=DIRECTION('',(0.608761634711,0.79335318245,0.));
#2885=ORIENTED_EDGE('',*,*,#2660,.F.);
#2886=PLANE('',#2887);
#2887=AXIS2_PLACEMENT_3D('',#2888,#55,#199);
#2888=CARTESIAN_POINT('',(5.694167471161,-3.592862950111,9.6858000731E-08));
#2889=ADVANCED_FACE('',(#2890),#2899,.T.);
#2890=FACE_BOUND('',#2891,.T.);
#2891=EDGE_LOOP('',(#2892,#2897,#2898));
#2892=ORIENTED_EDGE('',*,*,#2893,.T.);
#2893=EDGE_CURVE('',#2812,#2680,#2894,.T.);
#2894=LINE('',#2813,#2895);
#2895=VECTOR('',#2896,1.);
#2896=DIRECTION('',(0.130525498382,-0.991444952719,0.));
#2897=ORIENTED_EDGE('',*,*,#2679,.F.);
#2898=ORIENTED_EDGE('',*,*,#2865,.F.);
#2899=PLANE('',#2900);
#2900=AXIS2_PLACEMENT_3D('',#2901,#55,#199);
#2901=CARTESIAN_POINT('',(6.484688661896,0.,9.6858000731E-08));
#2902=ADVANCED_FACE('',(#2903),#2908,.T.);
#2903=FACE_BOUND('',#2904,.T.);
#2904=EDGE_LOOP('',(#2905,#2906,#2907));
#2905=ORIENTED_EDGE('',*,*,#2893,.F.);
#2906=ORIENTED_EDGE('',*,*,#2819,.F.);
#2907=ORIENTED_EDGE('',*,*,#2699,.F.);
#2908=PLANE('',#2909);
#2909=AXIS2_PLACEMENT_3D('',#2910,#55,#199);
#2910=CARTESIAN_POINT('',(6.619198133165,3.44970366228,9.6858000731E-08));
#2911=ADVANCED_FACE('',(#2912),#2925,.T.);
#2912=FACE_BOUND('',#2913,.T.);
#2913=EDGE_LOOP('',(#2914,#2921,#2924));
#2914=ORIENTED_EDGE('',*,*,#2915,.T.);
#2915=EDGE_CURVE('',#2245,#2916,#2918,.T.);
#2916=VERTEX_POINT('',#2917);
#2917=CARTESIAN_POINT('',(-1.5,3.349999904633,7.999999620021));
#2918=LINE('',#2246,#2919);
#2919=VECTOR('',#2920,1.);
#2920=DIRECTION('',(0.226513485128,-0.974008029256,0.));
#2921=ORIENTED_EDGE('',*,*,#2922,.T.);
#2922=EDGE_CURVE('',#2916,#2532,#2923,.T.);
#2923=LINE('',#2917,#34);
#2924=ORIENTED_EDGE('',*,*,#2712,.F.);
#2925=PLANE('',#2926);
#2926=AXIS2_PLACEMENT_3D('',#2927,#13,#14);
#2927=CARTESIAN_POINT('',(-0.524939792182,4.078783748157,7.999999620021));
#2928=ADVANCED_FACE('',(#2929),#2934,.F.);
#2929=FACE_BOUND('',#2930,.F.);
#2930=EDGE_LOOP('',(#2733,#2931));
#2931=ORIENTED_EDGE('',*,*,#2932,.F.);
#2932=EDGE_CURVE('',#2731,#2603,#2933,.T.);
#2933=LINE('',#2727,#345);
#2934=PLANE('',#2935);
#2935=AXIS2_PLACEMENT_3D('',#2936,#55,#199);
#2936=CARTESIAN_POINT('',(1.5,0.,7.999999620021));
#2937=ADVANCED_FACE('',(#2938),#2953,.T.);
#2938=FACE_BOUND('',#2939,.T.);
#2939=EDGE_LOOP('',(#2940,#2947,#2948));
#2940=ORIENTED_EDGE('',*,*,#2941,.T.);
#2941=EDGE_CURVE('',#2942,#2744,#2944,.T.);
#2942=VERTEX_POINT('',#2943);
#2943=CARTESIAN_POINT('',(-1.385640621185,0.800000011921,9.6858000731E-08));
#2944=LINE('',#2943,#2945);
#2945=VECTOR('',#2946,1.);
#2946=DIRECTION('',(-0.382683485561,-0.923879510477,0.));
#2947=ORIENTED_EDGE('',*,*,#2751,.F.);
#2948=ORIENTED_EDGE('',*,*,#2949,.T.);
#2949=EDGE_CURVE('',#2015,#2942,#2950,.T.);
#2950=LINE('',#2016,#2951);
#2951=VECTOR('',#2952,1.);
#2952=DIRECTION('',(0.1002077077,-0.994966539798,0.));
#2953=PLANE('',#2954);
#2954=AXIS2_PLACEMENT_3D('',#2955,#55,#199);
#2955=CARTESIAN_POINT('',(-1.725363776366,3.650080876694,9.6858000731E-08));
#2956=ADVANCED_FACE('',(#2957),#2970,.T.);
#2957=FACE_BOUND('',#2958,.T.);
#2958=EDGE_LOOP('',(#2959,#2964,#2965));
#2959=ORIENTED_EDGE('',*,*,#2960,.T.);
#2960=EDGE_CURVE('',#2961,#2564,#2963,.T.);
#2961=VERTEX_POINT('',#2962);
#2962=CARTESIAN_POINT('',(-1.600000023842,0.,-2.64999999851));
#2963=LINE('',#2962,#82);
#2964=ORIENTED_EDGE('',*,*,#2743,.F.);
#2965=ORIENTED_EDGE('',*,*,#2966,.T.);
#2966=EDGE_CURVE('',#2744,#2961,#2967,.T.);
#2967=LINE('',#2745,#2968);
#2968=VECTOR('',#2969,1.);
#2969=DIRECTION('',(-2.032221003702E-02,-0.154362452573,-0.987805264723));
#2970=PLANE('',#2971);
#2971=AXIS2_PLACEMENT_3D('',#2972,#2973,#2748);
#2972=CARTESIAN_POINT('',(-1.585302807429,0.111636400146,-1.228757744072));
#2973=DIRECTION('',(-0.991444855038,0.130526240342,0.));
#2974=ADVANCED_FACE('',(#2975),#2988,.T.);
#2975=FACE_BOUND('',#2976,.T.);
#2976=EDGE_LOOP('',(#2977,#2982,#2983));
#2977=ORIENTED_EDGE('',*,*,#2978,.T.);
#2978=EDGE_CURVE('',#2979,#2764,#2981,.T.);
#2979=VERTEX_POINT('',#2980);
#2980=CARTESIAN_POINT('',(-1.545481324196,-0.414110481739,-2.64999999851));
#2981=LINE('',#2980,#82);
#2982=ORIENTED_EDGE('',*,*,#2763,.F.);
#2983=ORIENTED_EDGE('',*,*,#2984,.T.);
#2984=EDGE_CURVE('',#2564,#2979,#2985,.T.);
#2985=LINE('',#2565,#2986);
#2986=VECTOR('',#2987,1.);
#2987=DIRECTION('',(2.032221003702E-02,-0.154362452573,-0.987805264723));
#2988=PLANE('',#2989);
#2989=AXIS2_PLACEMENT_3D('',#2990,#2991,#2768);
#2990=CARTESIAN_POINT('',(-1.560178540609,-0.302474081593,-1.228757744072));
#2991=DIRECTION('',(-0.991444855038,-0.130526240342,0.));
#2992=ADVANCED_FACE('',(#2993),#3008,.T.);
#2993=FACE_BOUND('',#2994,.T.);
#2994=EDGE_LOOP('',(#2995,#2996,#3003));
#2995=ORIENTED_EDGE('',*,*,#2770,.F.);
#2996=ORIENTED_EDGE('',*,*,#2997,.T.);
#2997=EDGE_CURVE('',#2764,#2998,#3000,.T.);
#2998=VERTEX_POINT('',#2999);
#2999=CARTESIAN_POINT('',(-1.385640621185,-0.800000011921,9.6858000731E-08));
#3000=LINE('',#2765,#3001);
#3001=VECTOR('',#3002,1.);
#3002=DIRECTION('',(0.382683485561,-0.923879510477,0.));
#3003=ORIENTED_EDGE('',*,*,#3004,.T.);
#3004=EDGE_CURVE('',#2998,#2291,#3005,.T.);
#3005=LINE('',#2999,#3006);
#3006=VECTOR('',#3007,1.);
#3007=DIRECTION('',(-0.1002077077,-0.994966539798,0.));
#3008=PLANE('',#3009);
#3009=AXIS2_PLACEMENT_3D('',#3010,#55,#199);
#3010=CARTESIAN_POINT('',(-1.725363776366,-3.650080876694,9.6858000731E-08));
#3011=ADVANCED_FACE('',(#3012),#3025,.T.);
#3012=FACE_BOUND('',#3013,.T.);
#3013=EDGE_LOOP('',(#3014,#3015,#3020));
#3014=ORIENTED_EDGE('',*,*,#2781,.F.);
#3015=ORIENTED_EDGE('',*,*,#3016,.T.);
#3016=EDGE_CURVE('',#2782,#3017,#3019,.T.);
#3017=VERTEX_POINT('',#3018);
#3018=CARTESIAN_POINT('',(-1.5,-2.349999904633,7.999999620021));
#3019=LINE('',#2783,#189);
#3020=ORIENTED_EDGE('',*,*,#3021,.T.);
#3021=EDGE_CURVE('',#3017,#2245,#3022,.T.);
#3022=LINE('',#3018,#3023);
#3023=VECTOR('',#3024,1.);
#3024=DIRECTION('',(-6.356545754907E-02,0.997977671397,0.));
#3025=PLANE('',#3026);
#3026=AXIS2_PLACEMENT_3D('',#3027,#13,#14);
#3027=CARTESIAN_POINT('',(-1.735899621333,1.075448649805,7.999999620021));
#3028=ADVANCED_FACE('',(#3029),#3042,.T.);
#3029=FACE_BOUND('',#3030,.T.);
#3030=EDGE_LOOP('',(#3031,#3032,#3037));
#3031=ORIENTED_EDGE('',*,*,#2800,.F.);
#3032=ORIENTED_EDGE('',*,*,#3033,.T.);
#3033=EDGE_CURVE('',#2603,#3034,#3036,.T.);
#3034=VERTEX_POINT('',#3035);
#3035=CARTESIAN_POINT('',(1.5,-3.349999904633,6.999999620021));
#3036=LINE('',#2604,#54);
#3037=ORIENTED_EDGE('',*,*,#3038,.T.);
#3038=EDGE_CURVE('',#3034,#2782,#3039,.T.);
#3039=LINE('',#3035,#3040);
#3040=VECTOR('',#3041,1.);
#3041=DIRECTION('',(-0.948683298051,0.,0.316227766017));
#3042=PLANE('',#3043);
#3043=AXIS2_PLACEMENT_3D('',#3044,#190,#13);
#3044=CARTESIAN_POINT('',(0.209430584958,-3.349999904633,7.709430204978));
#3045=ADVANCED_FACE('',(#3046),#3061,.T.);
#3046=FACE_BOUND('',#3047,.T.);
#3047=EDGE_LOOP('',(#3048,#3055,#3060));
#3048=ORIENTED_EDGE('',*,*,#3049,.T.);
#3049=EDGE_CURVE('',#2812,#3050,#3052,.T.);
#3050=VERTEX_POINT('',#3051);
#3051=CARTESIAN_POINT('',(6.419615268707,0.300000011921,9.6858000731E-08));
#3052=LINE('',#2813,#3053);
#3053=VECTOR('',#3054,1.);
#3054=DIRECTION('',(-0.382683857941,0.923879356232,0.));
#3055=ORIENTED_EDGE('',*,*,#3056,.T.);
#3056=EDGE_CURVE('',#3050,#2622,#3057,.T.);
#3057=LINE('',#3051,#3058);
#3058=VECTOR('',#3059,1.);
#3059=DIRECTION('',(-0.210283817535,0.977640381778,0.));
#3060=ORIENTED_EDGE('',*,*,#2811,.F.);
#3061=PLANE('',#3062);
#3062=AXIS2_PLACEMENT_3D('',#3063,#55,#199);
#3063=CARTESIAN_POINT('',(5.733178869496,3.525587955502,9.6858000731E-08));
#3064=ADVANCED_FACE('',(#3065),#3078,.T.);
#3065=FACE_BOUND('',#3066,.T.);
#3066=EDGE_LOOP('',(#3067,#3068,#3073));
#3067=ORIENTED_EDGE('',*,*,#2408,.F.);
#3068=ORIENTED_EDGE('',*,*,#3069,.T.);
#3069=EDGE_CURVE('',#2404,#3070,#3072,.T.);
#3070=VERTEX_POINT('',#3071);
#3071=CARTESIAN_POINT('',(2.,6.900000095367,9.6858000731E-08));
#3072=LINE('',#2405,#54);
#3073=ORIENTED_EDGE('',*,*,#3074,.T.);
#3074=EDGE_CURVE('',#3070,#2409,#3075,.T.);
#3075=LINE('',#3071,#3076);
#3076=VECTOR('',#3077,1.);
#3077=DIRECTION('',(-0.975609751116,0.,0.219512217261));
#3078=PLANE('',#3079);
#3079=AXIS2_PLACEMENT_3D('',#3080,#190,#13);
#3080=CARTESIAN_POINT('',(0.200000018608,6.900000095367,0.65000016315));
#3081=ADVANCED_FACE('',(#3082),#3087,.F.);
#3082=FACE_BOUND('',#3083,.F.);
#3083=EDGE_LOOP('',(#2844,#3084));
#3084=ORIENTED_EDGE('',*,*,#3085,.F.);
#3085=EDGE_CURVE('',#2841,#2846,#3086,.T.);
#3086=LINE('',#2842,#34);
#3087=PLANE('',#3088);
#3088=AXIS2_PLACEMENT_3D('',#3089,#55,#199);
#3089=CARTESIAN_POINT('',(0.,-6.900000095367,9.6858000731E-08));
#3090=ADVANCED_FACE('',(#3091),#3098,.T.);
#3091=FACE_BOUND('',#3092,.T.);
#3092=EDGE_LOOP('',(#3093,#3096,#3097));
#3093=ORIENTED_EDGE('',*,*,#3094,.T.);
#3094=EDGE_CURVE('',#2661,#3050,#3095,.T.);
#3095=LINE('',#2662,#189);
#3096=ORIENTED_EDGE('',*,*,#3049,.F.);
#3097=ORIENTED_EDGE('',*,*,#2860,.F.);
#3098=PLANE('',#3099);
#3099=AXIS2_PLACEMENT_3D('',#3100,#55,#199);
#3100=CARTESIAN_POINT('',(6.434795720368,1.998546539318E-03,9.6858000731E-08));
#3101=ADVANCED_FACE('',(#3102),#3111,.T.);
#3102=FACE_BOUND('',#3103,.T.);
#3103=EDGE_LOOP('',(#3104,#3105,#3110));
#3104=ORIENTED_EDGE('',*,*,#2881,.F.);
#3105=ORIENTED_EDGE('',*,*,#3106,.T.);
#3106=EDGE_CURVE('',#2875,#3050,#3107,.T.);
#3107=LINE('',#2876,#3108);
#3108=VECTOR('',#3109,1.);
#3109=DIRECTION('',(0.130526250666,0.991444853679,0.));
#3110=ORIENTED_EDGE('',*,*,#3094,.F.);
#3111=PLANE('',#3112);
#3112=AXIS2_PLACEMENT_3D('',#3113,#55,#199);
#3113=CARTESIAN_POINT('',(6.391174745663,-6.866146555355E-02,9.6858000731E-08));
#3114=ADVANCED_FACE('',(#3115),#3130,.T.);
#3115=FACE_BOUND('',#3116,.T.);
#3116=EDGE_LOOP('',(#3117,#3124,#3129));
#3117=ORIENTED_EDGE('',*,*,#3118,.T.);
#3118=EDGE_CURVE('',#2177,#3119,#3121,.T.);
#3119=VERTEX_POINT('',#3120);
#3120=CARTESIAN_POINT('',(6.199999809265,-0.519615232944,9.6858000731E-08));
#3121=LINE('',#2178,#3122);
#3122=VECTOR('',#3123,1.);
#3123=DIRECTION('',(0.184835735306,0.982769429192,0.));
#3124=ORIENTED_EDGE('',*,*,#3125,.T.);
#3125=EDGE_CURVE('',#3119,#2875,#3126,.T.);
#3126=LINE('',#3120,#3127);
#3127=VECTOR('',#3128,1.);
#3128=DIRECTION('',(0.793353789311,0.608760843834,0.));
#3129=ORIENTED_EDGE('',*,*,#2874,.F.);
#3130=PLANE('',#3131);
#3131=AXIS2_PLACEMENT_3D('',#3132,#55,#199);
#3132=CARTESIAN_POINT('',(5.638796413451,-3.647789504197,9.6858000731E-08));
#3133=ADVANCED_FACE('',(#3134),#3147,.T.);
#3134=FACE_BOUND('',#3135,.T.);
#3135=EDGE_LOOP('',(#3136,#3137,#3142));
#3136=ORIENTED_EDGE('',*,*,#2922,.F.);
#3137=ORIENTED_EDGE('',*,*,#3138,.T.);
#3138=EDGE_CURVE('',#2916,#3139,#3141,.T.);
#3139=VERTEX_POINT('',#3140);
#3140=CARTESIAN_POINT('',(-1.5,3.349999904633,6.999999620021));
#3141=LINE('',#2917,#54);
#3142=ORIENTED_EDGE('',*,*,#3143,.T.);
#3143=EDGE_CURVE('',#3139,#2532,#3144,.T.);
#3144=LINE('',#3140,#3145);
#3145=VECTOR('',#3146,1.);
#3146=DIRECTION('',(0.948683298051,0.,0.316227766017));
#3147=PLANE('',#3148);
#3148=AXIS2_PLACEMENT_3D('',#3149,#64,#55);
#3149=CARTESIAN_POINT('',(-0.209430584958,3.349999904633,7.709430204978));
#3150=ADVANCED_FACE('',(#3151),#3164,.T.);
#3151=FACE_BOUND('',#3152,.T.);
#3152=EDGE_LOOP('',(#3153,#3160,#3163));
#3153=ORIENTED_EDGE('',*,*,#3154,.T.);
#3154=EDGE_CURVE('',#2245,#3155,#3157,.T.);
#3155=VERTEX_POINT('',#3156);
#3156=CARTESIAN_POINT('',(-1.5,2.849999904633,7.999999620021));
#3157=LINE('',#2246,#3158);
#3158=VECTOR('',#3159,1.);
#3159=DIRECTION('',(0.185407852755,-0.982661654964,0.));
#3160=ORIENTED_EDGE('',*,*,#3161,.T.);
#3161=EDGE_CURVE('',#3155,#2916,#3162,.T.);
#3162=LINE('',#3156,#189);
#3163=ORIENTED_EDGE('',*,*,#2915,.F.);
#3164=PLANE('',#3165);
#3165=AXIS2_PLACEMENT_3D('',#3166,#13,#14);
#3166=CARTESIAN_POINT('',(-1.726869548806,4.177654125468,7.999999620021));
#3167=ADVANCED_FACE('',(#3168),#3174,.F.);
#3168=FACE_BOUND('',#3169,.F.);
#3169=EDGE_LOOP('',(#3170,#3171));
#3170=ORIENTED_EDGE('',*,*,#2932,.T.);
#3171=ORIENTED_EDGE('',*,*,#3172,.F.);
#3172=EDGE_CURVE('',#2731,#2603,#3173,.T.);
#3173=LINE('',#2732,#345);
#3174=PLANE('',#3175);
#3175=AXIS2_PLACEMENT_3D('',#3176,#55,#199);
#3176=CARTESIAN_POINT('',(1.5,-0.5,7.999999620021));
#3177=ADVANCED_FACE('',(#3178),#3191,.T.);
#3178=FACE_BOUND('',#3179,.T.);
#3179=EDGE_LOOP('',(#3180,#3185,#3186));
#3180=ORIENTED_EDGE('',*,*,#3181,.T.);
#3181=EDGE_CURVE('',#3182,#2726,#3184,.T.);
#3182=VERTEX_POINT('',#3183);
#3183=CARTESIAN_POINT('',(1.5,2.349999904633,6.999999620021));
#3184=LINE('',#3183,#82);
#3185=ORIENTED_EDGE('',*,*,#2725,.F.);
#3186=ORIENTED_EDGE('',*,*,#3187,.T.);
#3187=EDGE_CURVE('',#2532,#3182,#3188,.T.);
#3188=LINE('',#2533,#3189);
#3189=VECTOR('',#3190,1.);
#3190=DIRECTION('',(0.,-0.707106781187,-0.707106781187));
#3191=PLANE('',#3192);
#3192=AXIS2_PLACEMENT_3D('',#3193,#199,#55);
#3193=CARTESIAN_POINT('',(1.5,2.703553295226,7.646446229427));
#3194=ADVANCED_FACE('',(#3195),#3210,.T.);
#3195=FACE_BOUND('',#3196,.T.);
#3196=EDGE_LOOP('',(#3197,#3204,#3205));
#3197=ORIENTED_EDGE('',*,*,#3198,.T.);
#3198=EDGE_CURVE('',#3199,#2942,#3201,.T.);
#3199=VERTEX_POINT('',#3200);
#3200=CARTESIAN_POINT('',(-1.131370902061,1.131370902061,9.6858000731E-08));
#3201=LINE('',#3200,#3202);
#3202=VECTOR('',#3203,1.);
#3203=DIRECTION('',(-0.608761266396,-0.793353465068,0.));
#3204=ORIENTED_EDGE('',*,*,#2949,.F.);
#3205=ORIENTED_EDGE('',*,*,#3206,.T.);
#3206=EDGE_CURVE('',#2015,#3199,#3207,.T.);
#3207=LINE('',#2016,#3208);
#3208=VECTOR('',#3209,1.);
#3209=DIRECTION('',(0.14889948449,-0.988852336559,0.));
#3210=PLANE('',#3211);
#3211=AXIS2_PLACEMENT_3D('',#3212,#55,#199);
#3212=CARTESIAN_POINT('',(-1.618272371222,3.83076448152,9.6858000731E-08));
#3213=ADVANCED_FACE('',(#3214),#3227,.T.);
#3214=FACE_BOUND('',#3215,.T.);
#3215=EDGE_LOOP('',(#3216,#3221,#3222));
#3216=ORIENTED_EDGE('',*,*,#3217,.T.);
#3217=EDGE_CURVE('',#3218,#2744,#3220,.T.);
#3218=VERTEX_POINT('',#3219);
#3219=CARTESIAN_POINT('',(-1.545481324196,0.414110481739,-2.64999999851));
#3220=LINE('',#3219,#82);
#3221=ORIENTED_EDGE('',*,*,#2941,.F.);
#3222=ORIENTED_EDGE('',*,*,#3223,.T.);
#3223=EDGE_CURVE('',#2942,#3218,#3224,.T.);
#3224=LINE('',#2943,#3225);
#3225=VECTOR('',#3226,1.);
#3226=DIRECTION('',(-5.958169142159E-02,-0.143842904073,-0.987805264713));
#3227=PLANE('',#3228);
#3228=AXIS2_PLACEMENT_3D('',#3229,#3230,#2946);
#3229=CARTESIAN_POINT('',(-1.502391275843,0.518139043933,-1.228757744036));
#3230=DIRECTION('',(-0.923879510477,0.382683485561,0.));
#3231=ADVANCED_FACE('',(#3232),#3239,.T.);
#3232=FACE_BOUND('',#3233,.T.);
#3233=EDGE_LOOP('',(#3234,#3235,#3238));
#3234=ORIENTED_EDGE('',*,*,#3217,.F.);
#3235=ORIENTED_EDGE('',*,*,#3236,.T.);
#3236=EDGE_CURVE('',#3218,#2961,#3237,.T.);
#3237=LINE('',#3219,#2747);
#3238=ORIENTED_EDGE('',*,*,#2966,.F.);
#3239=PLANE('',#3240);
#3240=AXIS2_PLACEMENT_3D('',#3241,#2973,#2748);
#3241=CARTESIAN_POINT('',(-1.560178540609,0.302474081593,-1.42124215758));
#3242=ADVANCED_FACE('',(#3243),#3250,.T.);
#3243=FACE_BOUND('',#3244,.T.);
#3244=EDGE_LOOP('',(#3245,#3246,#3249));
#3245=ORIENTED_EDGE('',*,*,#2960,.F.);
#3246=ORIENTED_EDGE('',*,*,#3247,.T.);
#3247=EDGE_CURVE('',#2961,#2979,#3248,.T.);
#3248=LINE('',#2962,#2767);
#3249=ORIENTED_EDGE('',*,*,#2984,.F.);
#3250=PLANE('',#3251);
#3251=AXIS2_PLACEMENT_3D('',#3252,#2991,#2768);
#3252=CARTESIAN_POINT('',(-1.585302807429,-0.111636400146,-1.42124215758));
#3253=ADVANCED_FACE('',(#3254),#3267,.T.);
#3254=FACE_BOUND('',#3255,.T.);
#3255=EDGE_LOOP('',(#3256,#3257,#3262));
#3256=ORIENTED_EDGE('',*,*,#2978,.F.);
#3257=ORIENTED_EDGE('',*,*,#3258,.T.);
#3258=EDGE_CURVE('',#2979,#3259,#3261,.T.);
#3259=VERTEX_POINT('',#3260);
#3260=CARTESIAN_POINT('',(-1.385640621185,-0.800000011921,-2.64999999851));
#3261=LINE('',#2980,#3001);
#3262=ORIENTED_EDGE('',*,*,#3263,.T.);
#3263=EDGE_CURVE('',#3259,#2764,#3264,.T.);
#3264=LINE('',#3260,#3265);
#3265=VECTOR('',#3266,1.);
#3266=DIRECTION('',(-5.958169142159E-02,0.143842904073,0.987805264713));
#3267=PLANE('',#3268);
#3268=AXIS2_PLACEMENT_3D('',#3269,#3270,#3002);
#3269=CARTESIAN_POINT('',(-1.502391275843,-0.518139043933,-1.421242157616));
#3270=DIRECTION('',(-0.923879510477,-0.382683485561,0.));
#3271=ADVANCED_FACE('',(#3272),#3279,.T.);
#3272=FACE_BOUND('',#3273,.T.);
#3273=EDGE_LOOP('',(#3274,#3277,#3278));
#3274=ORIENTED_EDGE('',*,*,#3275,.T.);
#3275=EDGE_CURVE('',#3259,#2998,#3276,.T.);
#3276=LINE('',#3260,#82);
#3277=ORIENTED_EDGE('',*,*,#2997,.F.);
#3278=ORIENTED_EDGE('',*,*,#3263,.F.);
#3279=PLANE('',#3280);
#3280=AXIS2_PLACEMENT_3D('',#3281,#3270,#3002);
#3281=CARTESIAN_POINT('',(-1.428730669538,-0.695971449727,-1.228757744036));
#3282=ADVANCED_FACE('',(#3283),#3298,.T.);
#3283=FACE_BOUND('',#3284,.T.);
#3284=EDGE_LOOP('',(#3285,#3286,#3293));
#3285=ORIENTED_EDGE('',*,*,#3004,.F.);
#3286=ORIENTED_EDGE('',*,*,#3287,.T.);
#3287=EDGE_CURVE('',#2998,#3288,#3290,.T.);
#3288=VERTEX_POINT('',#3289);
#3289=CARTESIAN_POINT('',(-1.131370902061,-1.131370902061,9.6858000731E-08));
#3290=LINE('',#2999,#3291);
#3291=VECTOR('',#3292,1.);
#3292=DIRECTION('',(0.608761266396,-0.793353465068,0.));
#3293=ORIENTED_EDGE('',*,*,#3294,.T.);
#3294=EDGE_CURVE('',#3288,#2291,#3295,.T.);
#3295=LINE('',#3289,#3296);
#3296=VECTOR('',#3297,1.);
#3297=DIRECTION('',(-0.14889948449,-0.988852336559,0.));
#3298=PLANE('',#3299);
#3299=AXIS2_PLACEMENT_3D('',#3300,#55,#199);
#3300=CARTESIAN_POINT('',(-1.618272371222,-3.83076448152,9.6858000731E-08));
#3301=ADVANCED_FACE('',(#3302),#3315,.T.);
#3302=FACE_BOUND('',#3303,.T.);
#3303=EDGE_LOOP('',(#3304,#3309,#3310));
#3304=ORIENTED_EDGE('',*,*,#3305,.T.);
#3305=EDGE_CURVE('',#3306,#3017,#3308,.T.);
#3306=VERTEX_POINT('',#3307);
#3307=CARTESIAN_POINT('',(-1.5,-2.349999904633,6.999999620021));
#3308=LINE('',#3307,#82);
#3309=ORIENTED_EDGE('',*,*,#3016,.F.);
#3310=ORIENTED_EDGE('',*,*,#3311,.T.);
#3311=EDGE_CURVE('',#2782,#3306,#3312,.T.);
#3312=LINE('',#2783,#3313);
#3313=VECTOR('',#3314,1.);
#3314=DIRECTION('',(0.,0.707106781187,-0.707106781187));
#3315=PLANE('',#3316);
#3316=AXIS2_PLACEMENT_3D('',#3317,#14,#13);
#3317=CARTESIAN_POINT('',(-1.5,-2.703553295226,7.646446229427));
#3318=ADVANCED_FACE('',(#3319),#3332,.T.);
#3319=FACE_BOUND('',#3320,.T.);
#3320=EDGE_LOOP('',(#3321,#3322,#3327));
#3321=ORIENTED_EDGE('',*,*,#3021,.F.);
#3322=ORIENTED_EDGE('',*,*,#3323,.T.);
#3323=EDGE_CURVE('',#3017,#3324,#3326,.T.);
#3324=VERTEX_POINT('',#3325);
#3325=CARTESIAN_POINT('',(-1.5,2.349999904633,7.999999620021));
#3326=LINE('',#3018,#189);
#3327=ORIENTED_EDGE('',*,*,#3328,.T.);
#3328=EDGE_CURVE('',#3324,#2245,#3329,.T.);
#3329=LINE('',#3325,#3330);
#3330=VECTOR('',#3331,1.);
#3331=DIRECTION('',(-0.156767539571,0.987635529199,0.));
#3332=PLANE('',#3333);
#3333=AXIS2_PLACEMENT_3D('',#3334,#13,#14);
#3334=CARTESIAN_POINT('',(-1.675422127816,1.580882106722,7.999999620021));
#3335=ADVANCED_FACE('',(#3336),#3342,.T.);
#3336=FACE_BOUND('',#3337,.T.);
#3337=EDGE_LOOP('',(#3338,#3171,#3339));
#3338=ORIENTED_EDGE('',*,*,#3033,.F.);
#3339=ORIENTED_EDGE('',*,*,#3340,.T.);
#3340=EDGE_CURVE('',#2731,#3034,#3341,.T.);
#3341=LINE('',#2732,#3189);
#3342=PLANE('',#3343);
#3343=AXIS2_PLACEMENT_3D('',#3344,#199,#55);
#3344=CARTESIAN_POINT('',(1.5,-2.996446514039,7.646446229427));
#3345=ADVANCED_FACE('',(#3346),#3357,.T.);
#3346=FACE_BOUND('',#3347,.T.);
#3347=EDGE_LOOP('',(#3348,#3353,#3356));
#3348=ORIENTED_EDGE('',*,*,#3349,.T.);
#3349=EDGE_CURVE('',#3034,#3350,#3352,.T.);
#3350=VERTEX_POINT('',#3351);
#3351=CARTESIAN_POINT('',(-1.5,-3.349999904633,6.999999620021));
#3352=LINE('',#3035,#228);
#3353=ORIENTED_EDGE('',*,*,#3354,.T.);
#3354=EDGE_CURVE('',#3350,#2782,#3355,.T.);
#3355=LINE('',#3351,#82);
#3356=ORIENTED_EDGE('',*,*,#3038,.F.);
#3357=PLANE('',#3358);
#3358=AXIS2_PLACEMENT_3D('',#3359,#190,#13);
#3359=CARTESIAN_POINT('',(-0.209430584958,-3.349999904633,7.290569035063));
#3360=ADVANCED_FACE('',(#3361),#3376,.T.);
#3361=FACE_BOUND('',#3362,.T.);
#3362=EDGE_LOOP('',(#3363,#3370,#3375));
#3363=ORIENTED_EDGE('',*,*,#3364,.T.);
#3364=EDGE_CURVE('',#3050,#3365,#3367,.T.);
#3365=VERTEX_POINT('',#3366);
#3366=CARTESIAN_POINT('',(6.32426404953,0.424264073372,9.6858000731E-08));
#3367=LINE('',#3051,#3368);
#3368=VECTOR('',#3369,1.);
#3369=DIRECTION('',(-0.608761634711,0.79335318245,0.));
#3370=ORIENTED_EDGE('',*,*,#3371,.T.);
#3371=EDGE_CURVE('',#3365,#2622,#3372,.T.);
#3372=LINE('',#3366,#3373);
#3373=VECTOR('',#3374,1.);
#3374=DIRECTION('',(-0.200350010996,0.979724386291,0.));
#3375=ORIENTED_EDGE('',*,*,#3056,.F.);
#3376=PLANE('',#3377);
#3377=AXIS2_PLACEMENT_3D('',#3378,#55,#199);
#3378=CARTESIAN_POINT('',(5.694167471161,3.592862950111,9.6858000731E-08));
#3379=ADVANCED_FACE('',(#3380),#3389,.T.);
#3380=FACE_BOUND('',#3381,.T.);
#3381=EDGE_LOOP('',(#3382,#3385,#3388));
#3382=ORIENTED_EDGE('',*,*,#3383,.T.);
#3383=EDGE_CURVE('',#3070,#2015,#3384,.T.);
#3384=LINE('',#3071,#228);
#3385=ORIENTED_EDGE('',*,*,#3386,.T.);
#3386=EDGE_CURVE('',#2015,#2409,#3387,.T.);
#3387=LINE('',#2016,#82);
#3388=ORIENTED_EDGE('',*,*,#3074,.F.);
#3389=PLANE('',#3390);
#3390=AXIS2_PLACEMENT_3D('',#3391,#190,#13);
#3391=CARTESIAN_POINT('',(-0.200000018608,6.900000095367,0.250000125933));
#3392=ADVANCED_FACE('',(#3393),#3407,.T.);
#3393=FACE_BOUND('',#3394,.T.);
#3394=EDGE_LOOP('',(#3084,#3395,#3402));
#3395=ORIENTED_EDGE('',*,*,#3396,.T.);
#3396=EDGE_CURVE('',#2841,#3397,#3399,.T.);
#3397=VERTEX_POINT('',#3398);
#3398=CARTESIAN_POINT('',(0.636396110058,-6.136395931244,9.6858000731E-08));
#3399=LINE('',#2842,#3400);
#3400=VECTOR('',#3401,1.);
#3401=DIRECTION('',(0.640219609907,0.768191936362,0.));
#3402=ORIENTED_EDGE('',*,*,#3403,.T.);
#3403=EDGE_CURVE('',#3397,#2846,#3404,.T.);
#3404=LINE('',#3398,#3405);
#3405=VECTOR('',#3406,1.);
#3406=DIRECTION('',(0.87250983868,-0.488596542566,0.));
#3407=PLANE('',#3408);
#3408=AXIS2_PLACEMENT_3D('',#3409,#55,#199);
#3409=CARTESIAN_POINT('',(0.960404138463,-6.685769721341,9.6858000731E-08));
#3410=ADVANCED_FACE('',(#3411),#3424,.T.);
#3411=FACE_BOUND('',#3412,.T.);
#3412=EDGE_LOOP('',(#3413,#3414,#3421));
#3413=ORIENTED_EDGE('',*,*,#2840,.F.);
#3414=ORIENTED_EDGE('',*,*,#3415,.T.);
#3415=EDGE_CURVE('',#2291,#3416,#3418,.T.);
#3416=VERTEX_POINT('',#3417);
#3417=CARTESIAN_POINT('',(-1.7763568394E-15,-6.400000095367,9.6858000731E-08));
#3418=LINE('',#2292,#3419);
#3419=VECTOR('',#3420,1.);
#3420=DIRECTION('',(0.970142500145,0.242535625036,0.));
#3421=ORIENTED_EDGE('',*,*,#3422,.T.);
#3422=EDGE_CURVE('',#3416,#2841,#3423,.T.);
#3423=LINE('',#3417,#345);
#3424=PLANE('',#3425);
#3425=AXIS2_PLACEMENT_3D('',#3426,#55,#199);
#3426=CARTESIAN_POINT('',(-0.890388203202,-6.759611892165,9.6858000731E-08));
#3427=ADVANCED_FACE('',(#3428),#3435,.T.);
#3428=FACE_BOUND('',#3429,.T.);
#3429=EDGE_LOOP('',(#3430,#3433,#3434));
#3430=ORIENTED_EDGE('',*,*,#3431,.T.);
#3431=EDGE_CURVE('',#2875,#3365,#3432,.T.);
#3432=LINE('',#2876,#189);
#3433=ORIENTED_EDGE('',*,*,#3364,.F.);
#3434=ORIENTED_EDGE('',*,*,#3106,.F.);
#3435=PLANE('',#3436);
#3436=AXIS2_PLACEMENT_3D('',#3437,#55,#199);
#3437=CARTESIAN_POINT('',(6.34863222229,6.529434828072E-03,9.6858000731E-08));
#3438=ADVANCED_FACE('',(#3439),#3448,.T.);
#3439=FACE_BOUND('',#3440,.T.);
#3440=EDGE_LOOP('',(#3441,#3442,#3447));
#3441=ORIENTED_EDGE('',*,*,#3125,.F.);
#3442=ORIENTED_EDGE('',*,*,#3443,.T.);
#3443=EDGE_CURVE('',#3119,#3365,#3444,.T.);
#3444=LINE('',#3120,#3445);
#3445=VECTOR('',#3446,1.);
#3446=DIRECTION('',(0.130526369982,0.991444837971,0.));
#3447=ORIENTED_EDGE('',*,*,#3431,.F.);
#3448=PLANE('',#3449);
#3449=AXIS2_PLACEMENT_3D('',#3450,#55,#199);
#3450=CARTESIAN_POINT('',(6.289069028818,-6.095949950641E-02,9.6858000731E-08));
#3451=ADVANCED_FACE('',(#3452),#3467,.T.);
#3452=FACE_BOUND('',#3453,.T.);
#3453=EDGE_LOOP('',(#3454,#3461,#3466));
#3454=ORIENTED_EDGE('',*,*,#3455,.T.);
#3455=EDGE_CURVE('',#2177,#3456,#3458,.T.);
#3456=VERTEX_POINT('',#3457);
#3457=CARTESIAN_POINT('',(6.055291652679,-0.579555511475,9.6858000731E-08));
#3458=LINE('',#2178,#3459);
#3459=VECTOR('',#3460,1.);
#3460=DIRECTION('',(0.164685078245,0.986346199366,0.));
#3461=ORIENTED_EDGE('',*,*,#3462,.T.);
#3462=EDGE_CURVE('',#3456,#3119,#3463,.T.);
#3463=LINE('',#3457,#3464);
#3464=VECTOR('',#3465,1.);
#3465=DIRECTION('',(0.923879086737,0.382684508557,0.));
#3466=ORIENTED_EDGE('',*,*,#3118,.F.);
#3467=PLANE('',#3468);
#3468=AXIS2_PLACEMENT_3D('',#3469,#55,#199);
#3469=CARTESIAN_POINT('',(5.570820156387,-3.686605826462,9.6858000731E-08));
#3470=ADVANCED_FACE('',(#3471),#3480,.T.);
#3471=FACE_BOUND('',#3472,.T.);
#3472=EDGE_LOOP('',(#3473,#3474,#3475));
#3473=ORIENTED_EDGE('',*,*,#3138,.F.);
#3474=ORIENTED_EDGE('',*,*,#3161,.F.);
#3475=ORIENTED_EDGE('',*,*,#3476,.T.);
#3476=EDGE_CURVE('',#3155,#3139,#3477,.T.);
#3477=LINE('',#3156,#3478);
#3478=VECTOR('',#3479,1.);
#3479=DIRECTION('',(0.,0.4472135955,-0.894427191));
#3480=PLANE('',#3481);
#3481=AXIS2_PLACEMENT_3D('',#3482,#14,#13);
#3482=CARTESIAN_POINT('',(-1.5,3.195491407445,7.595491122833));
#3483=ADVANCED_FACE('',(#3484),#3495,.T.);
#3484=FACE_BOUND('',#3485,.T.);
#3485=EDGE_LOOP('',(#3486,#3491,#3494));
#3486=ORIENTED_EDGE('',*,*,#3487,.T.);
#3487=EDGE_CURVE('',#3139,#3488,#3490,.T.);
#3488=VERTEX_POINT('',#3489);
#3489=CARTESIAN_POINT('',(1.5,3.349999904633,6.999999620021));
#3490=LINE('',#3140,#34);
#3491=ORIENTED_EDGE('',*,*,#3492,.T.);
#3492=EDGE_CURVE('',#3488,#2532,#3493,.T.);
#3493=LINE('',#3489,#82);
#3494=ORIENTED_EDGE('',*,*,#3143,.F.);
#3495=PLANE('',#3496);
#3496=AXIS2_PLACEMENT_3D('',#3497,#64,#55);
#3497=CARTESIAN_POINT('',(0.209430584958,3.349999904633,7.290569035063));
#3498=ADVANCED_FACE('',(#3499),#3506,.T.);
#3499=FACE_BOUND('',#3500,.T.);
#3500=EDGE_LOOP('',(#3501,#3502,#3505));
#3501=ORIENTED_EDGE('',*,*,#3328,.F.);
#3502=ORIENTED_EDGE('',*,*,#3503,.T.);
#3503=EDGE_CURVE('',#3324,#3155,#3504,.T.);
#3504=LINE('',#3325,#189);
#3505=ORIENTED_EDGE('',*,*,#3154,.F.);
#3506=PLANE('',#3507);
#3507=AXIS2_PLACEMENT_3D('',#3508,#13,#14);
#3508=CARTESIAN_POINT('',(-1.730426523855,3.926830358515,7.999999620021));
#3509=ADVANCED_FACE('',(#3510),#3521,.T.);
#3510=FACE_BOUND('',#3511,.T.);
#3511=EDGE_LOOP('',(#3512,#3513,#3516));
#3512=ORIENTED_EDGE('',*,*,#2730,.F.);
#3513=ORIENTED_EDGE('',*,*,#3514,.T.);
#3514=EDGE_CURVE('',#2726,#3324,#3515,.T.);
#3515=LINE('',#2727,#228);
#3516=ORIENTED_EDGE('',*,*,#3517,.T.);
#3517=EDGE_CURVE('',#3324,#2731,#3518,.T.);
#3518=LINE('',#3325,#3519);
#3519=VECTOR('',#3520,1.);
#3520=DIRECTION('',(0.538035468436,-0.842922199675,0.));
#3521=PLANE('',#3522);
#3522=AXIS2_PLACEMENT_3D('',#3523,#13,#14);
#3523=CARTESIAN_POINT('',(0.531039806565,0.531039806565,7.999999620021));
#3524=ADVANCED_FACE('',(#3525),#3532,.T.);
#3525=FACE_BOUND('',#3526,.T.);
#3526=EDGE_LOOP('',(#3527,#3528,#3531));
#3527=ORIENTED_EDGE('',*,*,#3492,.F.);
#3528=ORIENTED_EDGE('',*,*,#3529,.T.);
#3529=EDGE_CURVE('',#3488,#3182,#3530,.T.);
#3530=LINE('',#3489,#345);
#3531=ORIENTED_EDGE('',*,*,#3187,.F.);
#3532=PLANE('',#3533);
#3533=AXIS2_PLACEMENT_3D('',#3534,#199,#55);
#3534=CARTESIAN_POINT('',(1.5,2.996446514039,7.353553010614));
#3535=ADVANCED_FACE('',(#3536),#3543,.T.);
#3536=FACE_BOUND('',#3537,.T.);
#3537=EDGE_LOOP('',(#3538,#3539,#3540));
#3538=ORIENTED_EDGE('',*,*,#3514,.F.);
#3539=ORIENTED_EDGE('',*,*,#3181,.F.);
#3540=ORIENTED_EDGE('',*,*,#3541,.T.);
#3541=EDGE_CURVE('',#3182,#3324,#3542,.T.);
#3542=LINE('',#3183,#3040);
#3543=PLANE('',#3544);
#3544=AXIS2_PLACEMENT_3D('',#3545,#190,#13);
#3545=CARTESIAN_POINT('',(0.209430584958,2.349999904633,7.709430204978));
#3546=ADVANCED_FACE('',(#3547),#3562,.T.);
#3547=FACE_BOUND('',#3548,.T.);
#3548=EDGE_LOOP('',(#3549,#3556,#3557));
#3549=ORIENTED_EDGE('',*,*,#3550,.T.);
#3550=EDGE_CURVE('',#3551,#3199,#3553,.T.);
#3551=VERTEX_POINT('',#3552);
#3552=CARTESIAN_POINT('',(-0.899999976158,5.5,9.6858000731E-08));
#3553=LINE('',#3552,#3554);
#3554=VECTOR('',#3555,1.);
#3555=DIRECTION('',(-5.288778430721E-02,-0.998600461782,0.));
#3556=ORIENTED_EDGE('',*,*,#3206,.F.);
#3557=ORIENTED_EDGE('',*,*,#3558,.T.);
#3558=EDGE_CURVE('',#2015,#3551,#3559,.T.);
#3559=LINE('',#2016,#3560);
#3560=VECTOR('',#3561,1.);
#3561=DIRECTION('',(0.61782153419,-0.786318352762,0.));
#3562=PLANE('',#3563);
#3563=AXIS2_PLACEMENT_3D('',#3564,#55,#199);
#3564=CARTESIAN_POINT('',(-1.347809425179,4.084644108647,9.6858000731E-08));
#3565=ADVANCED_FACE('',(#3566),#3579,.T.);
#3566=FACE_BOUND('',#3567,.T.);
#3567=EDGE_LOOP('',(#3568,#3573,#3574));
#3568=ORIENTED_EDGE('',*,*,#3569,.T.);
#3569=EDGE_CURVE('',#3570,#2942,#3572,.T.);
#3570=VERTEX_POINT('',#3571);
#3571=CARTESIAN_POINT('',(-1.385640621185,0.800000011921,-2.64999999851));
#3572=LINE('',#3571,#82);
#3573=ORIENTED_EDGE('',*,*,#3198,.F.);
#3574=ORIENTED_EDGE('',*,*,#3575,.T.);
#3575=EDGE_CURVE('',#3199,#3570,#3576,.T.);
#3576=LINE('',#3200,#3577);
#3577=VECTOR('',#3578,1.);
#3578=DIRECTION('',(-9.478073908268E-02,-0.123520716451,-0.987805266288));
#3579=PLANE('',#3580);
#3580=AXIS2_PLACEMENT_3D('',#3581,#3582,#3203);
#3581=CARTESIAN_POINT('',(-1.31709428578,0.889331373348,-1.228757749834));
#3582=DIRECTION('',(-0.793353465068,0.608761266396,0.));
#3583=ADVANCED_FACE('',(#3584),#3591,.T.);
#3584=FACE_BOUND('',#3585,.T.);
#3585=EDGE_LOOP('',(#3586,#3587,#3590));
#3586=ORIENTED_EDGE('',*,*,#3569,.F.);
#3587=ORIENTED_EDGE('',*,*,#3588,.T.);
#3588=EDGE_CURVE('',#3570,#3218,#3589,.T.);
#3589=LINE('',#3571,#2945);
#3590=ORIENTED_EDGE('',*,*,#3223,.F.);
#3591=PLANE('',#3592);
#3592=AXIS2_PLACEMENT_3D('',#3593,#3230,#2946);
#3593=CARTESIAN_POINT('',(-1.428730669538,0.695971449727,-1.421242157616));
#3594=ADVANCED_FACE('',(#3595),#3610,.T.);
#3595=FACE_BOUND('',#3596,.T.);
#3596=EDGE_LOOP('',(#3597,#3604,#3605));
#3597=ORIENTED_EDGE('',*,*,#3598,.T.);
#3598=EDGE_CURVE('',#3599,#2961,#3601,.T.);
#3599=VERTEX_POINT('',#3600);
#3600=CARTESIAN_POINT('',(-1.424999952316,0.,-3.));
#3601=LINE('',#3600,#3602);
#3602=VECTOR('',#3603,1.);
#3603=DIRECTION('',(-0.447213740204,0.,0.894427118648));
#3604=ORIENTED_EDGE('',*,*,#3236,.F.);
#3605=ORIENTED_EDGE('',*,*,#3606,.T.);
#3606=EDGE_CURVE('',#3218,#3599,#3607,.T.);
#3607=LINE('',#3219,#3608);
#3608=VECTOR('',#3609,1.);
#3609=DIRECTION('',(0.216915222215,-0.745566437091,-0.630141630314));
#3610=PLANE('',#3611);
#3611=AXIS2_PLACEMENT_3D('',#3612,#3613,#3614);
#3612=CARTESIAN_POINT('',(-1.519844378654,0.147672643961,-2.771428280383));
#3613=DIRECTION('',(-0.888289845601,0.116945620617,-0.444145102439));
#3614=DIRECTION('',(0.447213740204,1.111957748101E-13,-0.894427118648));
#3615=ADVANCED_FACE('',(#3616),#3631,.T.);
#3616=FACE_BOUND('',#3617,.T.);
#3617=EDGE_LOOP('',(#3618,#3625,#3626));
#3618=ORIENTED_EDGE('',*,*,#3619,.T.);
#3619=EDGE_CURVE('',#3620,#2979,#3622,.T.);
#3620=VERTEX_POINT('',#3621);
#3621=CARTESIAN_POINT('',(-1.376444339752,-0.368817150593,-3.));
#3622=LINE('',#3621,#3623);
#3623=VECTOR('',#3624,1.);
#3624=DIRECTION('',(-0.431975087434,-0.115747395438,0.894427226937));
#3625=ORIENTED_EDGE('',*,*,#3247,.F.);
#3626=ORIENTED_EDGE('',*,*,#3627,.T.);
#3627=EDGE_CURVE('',#2961,#3620,#3628,.T.);
#3628=LINE('',#2962,#3629);
#3629=VECTOR('',#3630,1.);
#3630=DIRECTION('',(0.402490704731,-0.664020132001,-0.630141648284));
#3631=PLANE('',#3632);
#3632=AXIS2_PLACEMENT_3D('',#3633,#3634,#3635);
#3633=CARTESIAN_POINT('',(-1.506277461369,-0.250723858352,-2.771428277901));
#3634=DIRECTION('',(-0.888289950413,-0.116945634416,-0.444144889181));
#3635=DIRECTION('',(0.447213526204,4.365258154948E-14,-0.894427225648));
#3636=ADVANCED_FACE('',(#3637),#3652,.T.);
#3637=FACE_BOUND('',#3638,.T.);
#3638=EDGE_LOOP('',(#3639,#3646,#3647));
#3639=ORIENTED_EDGE('',*,*,#3640,.T.);
#3640=EDGE_CURVE('',#3641,#3259,#3643,.T.);
#3641=VERTEX_POINT('',#3642);
#3642=CARTESIAN_POINT('',(-1.234086155891,-0.712499976158,-3.));
#3643=LINE('',#3642,#3644);
#3644=VECTOR('',#3645,1.);
#3645=DIRECTION('',(-0.38729836803,-0.223606879466,0.894427156104));
#3646=ORIENTED_EDGE('',*,*,#3258,.F.);
#3647=ORIENTED_EDGE('',*,*,#3648,.T.);
#3648=EDGE_CURVE('',#2979,#3641,#3649,.T.);
#3649=LINE('',#2980,#3650);
#3650=VECTOR('',#3651,1.);
#3651=DIRECTION('',(0.560637318963,-0.537221842807,-0.630141641377));
#3652=PLANE('',#3653);
#3653=AXIS2_PLACEMENT_3D('',#3654,#3655,#3656);
#3654=CARTESIAN_POINT('',(-1.390060148457,-0.6320339332,-2.771428279342));
#3655=DIRECTION('',(-0.827754380647,-0.342867146616,-0.444145027093));
#3656=DIRECTION('',(0.472804595684,-1.182665076982E-13,-0.881167302106));
#3657=ADVANCED_FACE('',(#3658),#3671,.T.);
#3658=FACE_BOUND('',#3659,.T.);
#3659=EDGE_LOOP('',(#3660,#3661,#3666));
#3660=ORIENTED_EDGE('',*,*,#3275,.F.);
#3661=ORIENTED_EDGE('',*,*,#3662,.T.);
#3662=EDGE_CURVE('',#3259,#3663,#3665,.T.);
#3663=VERTEX_POINT('',#3664);
#3664=CARTESIAN_POINT('',(-1.131370902061,-1.131370902061,-2.64999999851));
#3665=LINE('',#3260,#3291);
#3666=ORIENTED_EDGE('',*,*,#3667,.T.);
#3667=EDGE_CURVE('',#3663,#2998,#3668,.T.);
#3668=LINE('',#3664,#3669);
#3669=VECTOR('',#3670,1.);
#3670=DIRECTION('',(-9.478073908268E-02,0.123520716451,0.987805266288));
#3671=PLANE('',#3672);
#3672=AXIS2_PLACEMENT_3D('',#3673,#3674,#3292);
#3673=CARTESIAN_POINT('',(-1.31709428578,-0.889331373348,-1.421242151818));
#3674=DIRECTION('',(-0.793353465068,-0.608761266396,0.));
#3675=ADVANCED_FACE('',(#3676),#3683,.T.);
#3676=FACE_BOUND('',#3677,.T.);
#3677=EDGE_LOOP('',(#3678,#3681,#3682));
#3678=ORIENTED_EDGE('',*,*,#3679,.T.);
#3679=EDGE_CURVE('',#3663,#3288,#3680,.T.);
#3680=LINE('',#3664,#82);
#3681=ORIENTED_EDGE('',*,*,#3287,.F.);
#3682=ORIENTED_EDGE('',*,*,#3667,.F.);
#3683=PLANE('',#3684);
#3684=AXIS2_PLACEMENT_3D('',#3685,#3674,#3292);
#3685=CARTESIAN_POINT('',(-1.199917237467,-1.042039540634,-1.228757749834));
#3686=ADVANCED_FACE('',(#3687),#3702,.T.);
#3687=FACE_BOUND('',#3688,.T.);
#3688=EDGE_LOOP('',(#3689,#3690,#3697));
#3689=ORIENTED_EDGE('',*,*,#3294,.F.);
#3690=ORIENTED_EDGE('',*,*,#3691,.T.);
#3691=EDGE_CURVE('',#3288,#3692,#3694,.T.);
#3692=VERTEX_POINT('',#3693);
#3693=CARTESIAN_POINT('',(-0.899999976158,-5.5,9.6858000731E-08));
#3694=LINE('',#3289,#3695);
#3695=VECTOR('',#3696,1.);
#3696=DIRECTION('',(5.288778430721E-02,-0.998600461782,0.));
#3697=ORIENTED_EDGE('',*,*,#3698,.T.);
#3698=EDGE_CURVE('',#3692,#2291,#3699,.T.);
#3699=LINE('',#3693,#3700);
#3700=VECTOR('',#3701,1.);
#3701=DIRECTION('',(-0.61782153419,-0.786318352762,0.));
#3702=PLANE('',#3703);
#3703=AXIS2_PLACEMENT_3D('',#3704,#55,#199);
#3704=CARTESIAN_POINT('',(-1.347809425179,-4.084644108647,9.6858000731E-08));
#3705=ADVANCED_FACE('',(#3706),#3713,.T.);
#3706=FACE_BOUND('',#3707,.T.);
#3707=EDGE_LOOP('',(#3708,#3709,#3712));
#3708=ORIENTED_EDGE('',*,*,#3354,.F.);
#3709=ORIENTED_EDGE('',*,*,#3710,.T.);
#3710=EDGE_CURVE('',#3350,#3306,#3711,.T.);
#3711=LINE('',#3351,#189);
#3712=ORIENTED_EDGE('',*,*,#3311,.F.);
#3713=PLANE('',#3714);
#3714=AXIS2_PLACEMENT_3D('',#3715,#14,#13);
#3715=CARTESIAN_POINT('',(-1.5,-2.996446514039,7.353553010614));
#3716=ADVANCED_FACE('',(#3717),#3726,.T.);
#3717=FACE_BOUND('',#3718,.T.);
#3718=EDGE_LOOP('',(#3719,#3722,#3723));
#3719=ORIENTED_EDGE('',*,*,#3720,.T.);
#3720=EDGE_CURVE('',#2731,#3017,#3721,.T.);
#3721=LINE('',#2732,#228);
#3722=ORIENTED_EDGE('',*,*,#3305,.F.);
#3723=ORIENTED_EDGE('',*,*,#3724,.T.);
#3724=EDGE_CURVE('',#3306,#2731,#3725,.T.);
#3725=LINE('',#3307,#3145);
#3726=PLANE('',#3727);
#3727=AXIS2_PLACEMENT_3D('',#3728,#64,#55);
#3728=CARTESIAN_POINT('',(-0.209430584958,-2.349999904633,7.709430204978));
#3729=ADVANCED_FACE('',(#3730),#3735,.T.);
#3730=FACE_BOUND('',#3731,.T.);
#3731=EDGE_LOOP('',(#3732,#3733,#3734));
#3732=ORIENTED_EDGE('',*,*,#3323,.F.);
#3733=ORIENTED_EDGE('',*,*,#3720,.F.);
#3734=ORIENTED_EDGE('',*,*,#3517,.F.);
#3735=PLANE('',#3736);
#3736=AXIS2_PLACEMENT_3D('',#3737,#13,#14);
#3737=CARTESIAN_POINT('',(-0.531039806565,-0.531039806565,7.999999620021));
#3738=ADVANCED_FACE('',(#3739),#3750,.T.);
#3739=FACE_BOUND('',#3740,.T.);
#3740=EDGE_LOOP('',(#3741,#3746,#3749));
#3741=ORIENTED_EDGE('',*,*,#3742,.T.);
#3742=EDGE_CURVE('',#2731,#3743,#3745,.T.);
#3743=VERTEX_POINT('',#3744);
#3744=CARTESIAN_POINT('',(1.5,-2.349999904633,6.999999620021));
#3745=LINE('',#2732,#54);
#3746=ORIENTED_EDGE('',*,*,#3747,.T.);
#3747=EDGE_CURVE('',#3743,#3034,#3748,.T.);
#3748=LINE('',#3744,#345);
#3749=ORIENTED_EDGE('',*,*,#3340,.F.);
#3750=PLANE('',#3751);
#3751=AXIS2_PLACEMENT_3D('',#3752,#199,#55);
#3752=CARTESIAN_POINT('',(1.5,-2.703553295226,7.353553010614));
#3753=ADVANCED_FACE('',(#3754),#3763,.T.);
#3754=FACE_BOUND('',#3755,.T.);
#3755=EDGE_LOOP('',(#3756,#3757,#3758));
#3756=ORIENTED_EDGE('',*,*,#3710,.F.);
#3757=ORIENTED_EDGE('',*,*,#3349,.F.);
#3758=ORIENTED_EDGE('',*,*,#3759,.T.);
#3759=EDGE_CURVE('',#3034,#3306,#3760,.T.);
#3760=LINE('',#3035,#3761);
#3761=VECTOR('',#3762,1.);
#3762=DIRECTION('',(-0.948683298051,0.316227766017,0.));
#3763=PLANE('',#3764);
#3764=AXIS2_PLACEMENT_3D('',#3765,#13,#14);
#3765=CARTESIAN_POINT('',(-0.209430584958,-3.05943048959,6.999999620021));
#3766=ADVANCED_FACE('',(#3767),#3782,.T.);
#3767=FACE_BOUND('',#3768,.T.);
#3768=EDGE_LOOP('',(#3769,#3776,#3781));
#3769=ORIENTED_EDGE('',*,*,#3770,.T.);
#3770=EDGE_CURVE('',#3365,#3771,#3773,.T.);
#3771=VERTEX_POINT('',#3772);
#3772=CARTESIAN_POINT('',(6.199999809265,0.519615232944,9.6858000731E-08));
#3773=LINE('',#3366,#3774);
#3774=VECTOR('',#3775,1.);
#3775=DIRECTION('',(-0.793353789311,0.608760843834,0.));
#3776=ORIENTED_EDGE('',*,*,#3777,.T.);
#3777=EDGE_CURVE('',#3771,#2622,#3778,.T.);
#3778=LINE('',#3772,#3779);
#3779=VECTOR('',#3780,1.);
#3780=DIRECTION('',(-0.184835735306,0.982769429192,0.));
#3781=ORIENTED_EDGE('',*,*,#3371,.F.);
#3782=PLANE('',#3783);
#3783=AXIS2_PLACEMENT_3D('',#3784,#55,#199);
#3784=CARTESIAN_POINT('',(5.638796413451,3.647789504197,9.6858000731E-08));
#3785=ADVANCED_FACE('',(#3786),#3801,.T.);
#3786=FACE_BOUND('',#3787,.T.);
#3787=EDGE_LOOP('',(#3788,#3795,#3796));
#3788=ORIENTED_EDGE('',*,*,#3789,.T.);
#3789=EDGE_CURVE('',#3790,#2015,#3792,.T.);
#3790=VERTEX_POINT('',#3791);
#3791=CARTESIAN_POINT('',(0.232937142253,6.369333267212,9.6858000731E-08));
#3792=LINE('',#3791,#3793);
#3793=VECTOR('',#3794,1.);
#3794=DIRECTION('',(-0.972902818755,0.231214414039,0.));
#3795=ORIENTED_EDGE('',*,*,#3383,.F.);
#3796=ORIENTED_EDGE('',*,*,#3797,.T.);
#3797=EDGE_CURVE('',#3070,#3790,#3798,.T.);
#3798=LINE('',#3071,#3799);
#3799=VECTOR('',#3800,1.);
#3800=DIRECTION('',(-0.957744503598,-0.287620350164,0.));
#3801=PLANE('',#3802);
#3802=AXIS2_PLACEMENT_3D('',#3803,#55,#199);
#3803=CARTESIAN_POINT('',(3.942735859407E-03,6.765049185009,9.6858000731E-08));
#3804=ADVANCED_FACE('',(#3805),#3820,.T.);
#3805=FACE_BOUND('',#3806,.T.);
#3806=EDGE_LOOP('',(#3807,#3814,#3819));
#3807=ORIENTED_EDGE('',*,*,#3808,.T.);
#3808=EDGE_CURVE('',#2841,#3809,#3811,.T.);
#3809=VERTEX_POINT('',#3810);
#3810=CARTESIAN_POINT('',(0.449999988079,-6.27942276001,9.6858000731E-08));
#3811=LINE('',#2842,#3812);
#3812=VECTOR('',#3813,1.);
#3813=DIRECTION('',(0.587037189627,0.809559965657,0.));
#3814=ORIENTED_EDGE('',*,*,#3815,.T.);
#3815=EDGE_CURVE('',#3809,#3397,#3816,.T.);
#3816=LINE('',#3810,#3817);
#3817=VECTOR('',#3818,1.);
#3818=DIRECTION('',(0.793353229458,0.608761573449,0.));
#3819=ORIENTED_EDGE('',*,*,#3396,.F.);
#3820=PLANE('',#3821);
#3821=AXIS2_PLACEMENT_3D('',#3822,#55,#199);
#3822=CARTESIAN_POINT('',(0.308887822571,-6.509136770611,9.6858000731E-08));
#3823=ADVANCED_FACE('',(#3824),#3839,.T.);
#3824=FACE_BOUND('',#3825,.T.);
#3825=EDGE_LOOP('',(#3826,#3827,#3834));
#3826=ORIENTED_EDGE('',*,*,#3403,.F.);
#3827=ORIENTED_EDGE('',*,*,#3828,.T.);
#3828=EDGE_CURVE('',#3397,#3829,#3831,.T.);
#3829=VERTEX_POINT('',#3830);
#3830=CARTESIAN_POINT('',(0.779422879219,-5.949999809265,9.6858000731E-08));
#3831=LINE('',#3398,#3832);
#3832=VECTOR('',#3833,1.);
#3833=DIRECTION('',(0.608761413772,0.793353351983,0.));
#3834=ORIENTED_EDGE('',*,*,#3835,.T.);
#3835=EDGE_CURVE('',#3829,#2846,#3836,.T.);
#3836=LINE('',#3830,#3837);
#3837=VECTOR('',#3838,1.);
#3838=DIRECTION('',(0.789144589559,-0.614207470461,0.));
#3839=PLANE('',#3840);
#3840=AXIS2_PLACEMENT_3D('',#3841,#55,#199);
#3841=CARTESIAN_POINT('',(1.308398359316,-6.441729308856,9.6858000731E-08));
#3842=ADVANCED_FACE('',(#3843),#3858,.T.);
#3843=FACE_BOUND('',#3844,.T.);
#3844=EDGE_LOOP('',(#3845,#3852,#3857));
#3845=ORIENTED_EDGE('',*,*,#3846,.T.);
#3846=EDGE_CURVE('',#2291,#3847,#3849,.T.);
#3847=VERTEX_POINT('',#3848);
#3848=CARTESIAN_POINT('',(-0.232937142253,-6.369333267212,9.6858000731E-08));
#3849=LINE('',#2292,#3850);
#3850=VECTOR('',#3851,1.);
#3851=DIRECTION('',(0.957744503598,0.287620350164,0.));
#3852=ORIENTED_EDGE('',*,*,#3853,.T.);
#3853=EDGE_CURVE('',#3847,#3416,#3854,.T.);
#3854=LINE('',#3848,#3855);
#3855=VECTOR('',#3856,1.);
#3856=DIRECTION('',(0.991444821938,-0.130526491765,0.));
#3857=ORIENTED_EDGE('',*,*,#3415,.F.);
#3858=PLANE('',#3859);
#3859=AXIS2_PLACEMENT_3D('',#3860,#55,#199);
#3860=CARTESIAN_POINT('',(-1.00176366548,-6.628116885153,9.6858000731E-08));
#3861=ADVANCED_FACE('',(#3862),#3877,.T.);
#3862=FACE_BOUND('',#3863,.T.);
#3863=EDGE_LOOP('',(#3864,#3865,#3872));
#3864=ORIENTED_EDGE('',*,*,#3422,.F.);
#3865=ORIENTED_EDGE('',*,*,#3866,.T.);
#3866=EDGE_CURVE('',#3416,#3867,#3869,.T.);
#3867=VERTEX_POINT('',#3868);
#3868=CARTESIAN_POINT('',(0.232937142253,-6.369333267212,9.6858000731E-08));
#3869=LINE('',#3417,#3870);
#3870=VECTOR('',#3871,1.);
#3871=DIRECTION('',(0.991444821938,0.130526491765,0.));
#3872=ORIENTED_EDGE('',*,*,#3873,.T.);
#3873=EDGE_CURVE('',#3867,#2841,#3874,.T.);
#3874=LINE('',#3868,#3875);
#3875=VECTOR('',#3876,1.);
#3876=DIRECTION('',(-0.401934308917,-0.915668505146,0.));
#3877=PLANE('',#3878);
#3878=AXIS2_PLACEMENT_3D('',#3879,#55,#199);
#3879=CARTESIAN_POINT('',(7.216667695583E-02,-6.595814974676,9.6858000731E-08));
#3880=ADVANCED_FACE('',(#3881),#3888,.T.);
#3881=FACE_BOUND('',#3882,.T.);
#3882=EDGE_LOOP('',(#3883,#3886,#3887));
#3883=ORIENTED_EDGE('',*,*,#3884,.T.);
#3884=EDGE_CURVE('',#3119,#3771,#3885,.T.);
#3885=LINE('',#3120,#189);
#3886=ORIENTED_EDGE('',*,*,#3770,.F.);
#3887=ORIENTED_EDGE('',*,*,#3443,.F.);
#3888=PLANE('',#3889);
#3889=AXIS2_PLACEMENT_3D('',#3890,#55,#199);
#3890=CARTESIAN_POINT('',(6.232070003094,1.328391972011E-02,9.6858000731E-08));
#3891=ADVANCED_FACE('',(#3892),#3901,.T.);
#3892=FACE_BOUND('',#3893,.T.);
#3893=EDGE_LOOP('',(#3894,#3895,#3900));
#3894=ORIENTED_EDGE('',*,*,#3462,.F.);
#3895=ORIENTED_EDGE('',*,*,#3896,.T.);
#3896=EDGE_CURVE('',#3456,#3771,#3897,.T.);
#3897=LINE('',#3457,#3898);
#3898=VECTOR('',#3899,1.);
#3899=DIRECTION('',(0.130525822327,0.991444910071,0.));
#3900=ORIENTED_EDGE('',*,*,#3884,.F.);
#3901=PLANE('',#3902);
#3902=AXIS2_PLACEMENT_3D('',#3903,#55,#199);
#3903=CARTESIAN_POINT('',(6.160274071466,-5.17716718855E-02,9.6858000731E-08));
#3904=ADVANCED_FACE('',(#3905),#3920,.T.);
#3905=FACE_BOUND('',#3906,.T.);
#3906=EDGE_LOOP('',(#3907,#3914,#3919));
#3907=ORIENTED_EDGE('',*,*,#3908,.T.);
#3908=EDGE_CURVE('',#2177,#3909,#3911,.T.);
#3909=VERTEX_POINT('',#3910);
#3910=CARTESIAN_POINT('',(5.900000095367,-0.600000023842,9.6858000731E-08));
#3911=LINE('',#2178,#3912);
#3912=VECTOR('',#3913,1.);
#3913=DIRECTION('',(0.14142136935,0.989949491788,0.));
#3914=ORIENTED_EDGE('',*,*,#3915,.T.);
#3915=EDGE_CURVE('',#3909,#3456,#3916,.T.);
#3916=LINE('',#3910,#3917);
#3917=VECTOR('',#3918,1.);
#3918=DIRECTION('',(0.991444868815,0.130526135695,0.));
#3919=ORIENTED_EDGE('',*,*,#3455,.F.);
#3920=PLANE('',#3921);
#3921=AXIS2_PLACEMENT_3D('',#3922,#55,#199);
#3922=CARTESIAN_POINT('',(5.494877173784,-3.706646783664,9.6858000731E-08));
#3923=ADVANCED_FACE('',(#3924),#3936,.T.);
#3924=FACE_BOUND('',#3925,.T.);
#3925=EDGE_LOOP('',(#3926,#3931,#3935));
#3926=ORIENTED_EDGE('',*,*,#3927,.T.);
#3927=EDGE_CURVE('',#3155,#3928,#3930,.T.);
#3928=VERTEX_POINT('',#3929);
#3929=CARTESIAN_POINT('',(-1.5,2.849999904633,6.999999620021));
#3930=LINE('',#3156,#54);
#3931=ORIENTED_EDGE('',*,*,#3932,.T.);
#3932=EDGE_CURVE('',#3928,#3139,#3933,.T.);
#3933=LINE('',#3934,#189);
#3934=CARTESIAN_POINT('',(-1.5,2.349999904633,6.999999620021));
#3935=ORIENTED_EDGE('',*,*,#3476,.F.);
#3936=PLANE('',#3937);
#3937=AXIS2_PLACEMENT_3D('',#3938,#14,#13);
#3938=CARTESIAN_POINT('',(-1.5,3.00450840182,7.404508117208));
#3939=ADVANCED_FACE('',(#3940),#3949,.T.);
#3940=FACE_BOUND('',#3941,.T.);
#3941=EDGE_LOOP('',(#3942,#3943,#3944));
#3942=ORIENTED_EDGE('',*,*,#3529,.F.);
#3943=ORIENTED_EDGE('',*,*,#3487,.F.);
#3944=ORIENTED_EDGE('',*,*,#3945,.T.);
#3945=EDGE_CURVE('',#3139,#3182,#3946,.T.);
#3946=LINE('',#3140,#3947);
#3947=VECTOR('',#3948,1.);
#3948=DIRECTION('',(0.948683298051,-0.316227766017,0.));
#3949=PLANE('',#3950);
#3950=AXIS2_PLACEMENT_3D('',#3951,#13,#14);
#3951=CARTESIAN_POINT('',(0.209430584958,3.05943048959,6.999999620021));
#3952=ADVANCED_FACE('',(#3953),#3960,.T.);
#3953=FACE_BOUND('',#3954,.T.);
#3954=EDGE_LOOP('',(#3955,#3956,#3957));
#3955=ORIENTED_EDGE('',*,*,#3927,.F.);
#3956=ORIENTED_EDGE('',*,*,#3503,.F.);
#3957=ORIENTED_EDGE('',*,*,#3958,.T.);
#3958=EDGE_CURVE('',#3324,#3928,#3959,.T.);
#3959=LINE('',#3325,#3478);
#3960=PLANE('',#3961);
#3961=AXIS2_PLACEMENT_3D('',#3962,#14,#13);
#3962=CARTESIAN_POINT('',(-1.5,2.695491407445,7.595491122833));
#3963=ADVANCED_FACE('',(#3964),#3974,.T.);
#3964=FACE_BOUND('',#3965,.T.);
#3965=EDGE_LOOP('',(#3966,#3970,#3973));
#3966=ORIENTED_EDGE('',*,*,#3967,.T.);
#3967=EDGE_CURVE('',#3182,#3968,#3969,.T.);
#3968=VERTEX_POINT('',#3934);
#3969=LINE('',#3183,#228);
#3970=ORIENTED_EDGE('',*,*,#3971,.T.);
#3971=EDGE_CURVE('',#3968,#3324,#3972,.T.);
#3972=LINE('',#3934,#82);
#3973=ORIENTED_EDGE('',*,*,#3541,.F.);
#3974=PLANE('',#3975);
#3975=AXIS2_PLACEMENT_3D('',#3976,#190,#13);
#3976=CARTESIAN_POINT('',(-0.209430584958,2.349999904633,7.290569035063));
#3977=ADVANCED_FACE('',(#3978),#3993,.T.);
#3978=FACE_BOUND('',#3979,.T.);
#3979=EDGE_LOOP('',(#3980,#3987,#3988));
#3980=ORIENTED_EDGE('',*,*,#3981,.T.);
#3981=EDGE_CURVE('',#3982,#3551,#3984,.T.);
#3982=VERTEX_POINT('',#3983);
#3983=CARTESIAN_POINT('',(-0.869333267212,5.732937335968,9.6858000731E-08));
#3984=LINE('',#3983,#3985);
#3985=VECTOR('',#3986,1.);
#3986=DIRECTION('',(-0.130525886323,-0.991444901646,0.));
#3987=ORIENTED_EDGE('',*,*,#3558,.F.);
#3988=ORIENTED_EDGE('',*,*,#3989,.T.);
#3989=EDGE_CURVE('',#2015,#3982,#3990,.T.);
#3990=LINE('',#2016,#3991);
#3991=VECTOR('',#3992,1.);
#3992=DIRECTION('',(0.695818925486,-0.718217253299,0.));
#3993=PLANE('',#3994);
#3994=AXIS2_PLACEMENT_3D('',#3995,#55,#199);
#3995=CARTESIAN_POINT('',(-1.40666904188,6.214327253907,9.6858000731E-08));
#3996=ADVANCED_FACE('',(#3997),#4012,.T.);
#3997=FACE_BOUND('',#3998,.T.);
#3998=EDGE_LOOP('',(#3999,#4000,#4007));
#3999=ORIENTED_EDGE('',*,*,#3550,.F.);
#4000=ORIENTED_EDGE('',*,*,#4001,.T.);
#4001=EDGE_CURVE('',#3551,#4002,#4004,.T.);
#4002=VERTEX_POINT('',#4003);
#4003=CARTESIAN_POINT('',(-0.869333267212,5.267062664032,9.6858000731E-08));
#4004=LINE('',#3552,#4005);
#4005=VECTOR('',#4006,1.);
#4006=DIRECTION('',(0.130525886323,-0.991444901646,0.));
#4007=ORIENTED_EDGE('',*,*,#4008,.T.);
#4008=EDGE_CURVE('',#4002,#3199,#4009,.T.);
#4009=LINE('',#4003,#4010);
#4010=VECTOR('',#4011,1.);
#4011=DIRECTION('',(-6.323325183823E-02,-0.997998775481,0.));
#4012=PLANE('',#4013);
#4013=AXIS2_PLACEMENT_3D('',#4014,#55,#199);
#4014=CARTESIAN_POINT('',(-1.004910123122,3.316049924481,9.6858000731E-08));
#4015=ADVANCED_FACE('',(#4016),#4027,.T.);
#4016=FACE_BOUND('',#4017,.T.);
#4017=EDGE_LOOP('',(#4018,#4023,#4026));
#4018=ORIENTED_EDGE('',*,*,#4019,.T.);
#4019=EDGE_CURVE('',#3199,#4020,#4022,.T.);
#4020=VERTEX_POINT('',#4021);
#4021=CARTESIAN_POINT('',(-1.131370902061,1.131370902061,-2.64999999851));
#4022=LINE('',#3200,#54);
#4023=ORIENTED_EDGE('',*,*,#4024,.T.);
#4024=EDGE_CURVE('',#4020,#3570,#4025,.T.);
#4025=LINE('',#4021,#3202);
#4026=ORIENTED_EDGE('',*,*,#3575,.F.);
#4027=PLANE('',#4028);
#4028=AXIS2_PLACEMENT_3D('',#4029,#3582,#3203);
#4029=CARTESIAN_POINT('',(-1.199917237467,1.042039540634,-1.421242151818));
#4030=ADVANCED_FACE('',(#4031),#4046,.T.);
#4031=FACE_BOUND('',#4032,.T.);
#4032=EDGE_LOOP('',(#4033,#4034,#4041));
#4033=ORIENTED_EDGE('',*,*,#3588,.F.);
#4034=ORIENTED_EDGE('',*,*,#4035,.T.);
#4035=EDGE_CURVE('',#3570,#4036,#4038,.T.);
#4036=VERTEX_POINT('',#4037);
#4037=CARTESIAN_POINT('',(-1.234086155891,0.712499976158,-3.));
#4038=LINE('',#3571,#4039);
#4039=VECTOR('',#4040,1.);
#4040=DIRECTION('',(0.38729836803,-0.223606879466,-0.894427156104));
#4041=ORIENTED_EDGE('',*,*,#4042,.T.);
#4042=EDGE_CURVE('',#4036,#3218,#4043,.T.);
#4043=LINE('',#4037,#4044);
#4044=VECTOR('',#4045,1.);
#4045=DIRECTION('',(-0.560637318963,-0.537221842807,0.630141641377));
#4046=PLANE('',#4047);
#4047=AXIS2_PLACEMENT_3D('',#4048,#4049,#4050);
#4048=CARTESIAN_POINT('',(-1.390060148457,0.6320339332,-2.771428279342));
#4049=DIRECTION('',(-0.827754380647,0.342867146616,-0.444145027093));
#4050=DIRECTION('',(0.472804595684,1.182665076982E-13,-0.881167302106));
#4051=ADVANCED_FACE('',(#4052),#4067,.T.);
#4052=FACE_BOUND('',#4053,.T.);
#4053=EDGE_LOOP('',(#4054,#4061,#4066));
#4054=ORIENTED_EDGE('',*,*,#4055,.T.);
#4055=EDGE_CURVE('',#3218,#4056,#4058,.T.);
#4056=VERTEX_POINT('',#4057);
#4057=CARTESIAN_POINT('',(-1.376444339752,0.368817150593,-3.));
#4058=LINE('',#3219,#4059);
#4059=VECTOR('',#4060,1.);
#4060=DIRECTION('',(0.431975087434,-0.115747395438,-0.894427226937));
#4061=ORIENTED_EDGE('',*,*,#4062,.T.);
#4062=EDGE_CURVE('',#4056,#3599,#4063,.T.);
#4063=LINE('',#4057,#4064);
#4064=VECTOR('',#4065,1.);
#4065=DIRECTION('',(-0.130525963748,-0.991444891453,0.));
#4066=ORIENTED_EDGE('',*,*,#3606,.F.);
#4067=PLANE('',#4068);
#4068=AXIS2_PLACEMENT_3D('',#4069,#4070,#4071);
#4069=CARTESIAN_POINT('',(-1.454195114156,0.255386684269,-2.874365172834));
#4070=DIRECTION('',(-0.888289989475,0.116945387448,-0.444144876086));
#4071=DIRECTION('',(0.447213499923,8.312794896881E-14,-0.894427238788));
#4072=ADVANCED_FACE('',(#4073),#4082,.T.);
#4073=FACE_BOUND('',#4074,.T.);
#4074=EDGE_LOOP('',(#4075,#4076,#4081));
#4075=ORIENTED_EDGE('',*,*,#3598,.F.);
#4076=ORIENTED_EDGE('',*,*,#4077,.T.);
#4077=EDGE_CURVE('',#3599,#3620,#4078,.T.);
#4078=LINE('',#3600,#4079);
#4079=VECTOR('',#4080,1.);
#4080=DIRECTION('',(0.130525963748,-0.991444891453,0.));
#4081=ORIENTED_EDGE('',*,*,#3627,.F.);
#4082=PLANE('',#4083);
#4083=AXIS2_PLACEMENT_3D('',#4084,#4085,#4086);
#4084=CARTESIAN_POINT('',(-1.470743567436,-0.129688803311,-2.874365171653));
#4085=DIRECTION('',(-0.888289871791,-0.116945371954,-0.444145115534));
#4086=DIRECTION('',(0.447213740204,-1.128402926653E-13,-0.894427118648));
#4087=ADVANCED_FACE('',(#4088),#4097,.T.);
#4088=FACE_BOUND('',#4089,.T.);
#4089=EDGE_LOOP('',(#4090,#4091,#4096));
#4090=ORIENTED_EDGE('',*,*,#3619,.F.);
#4091=ORIENTED_EDGE('',*,*,#4092,.T.);
#4092=EDGE_CURVE('',#3620,#3641,#4093,.T.);
#4093=LINE('',#3621,#4094);
#4094=VECTOR('',#4095,1.);
#4095=DIRECTION('',(0.382683653456,-0.923879440932,0.));
#4096=ORIENTED_EDGE('',*,*,#3648,.F.);
#4097=PLANE('',#4098);
#4098=AXIS2_PLACEMENT_3D('',#4099,#4100,#4101);
#4099=CARTESIAN_POINT('',(-1.387063250178,-0.505926207003,-2.874365173073));
#4100=DIRECTION('',(-0.827754385867,-0.342867325014,-0.444144879646));
#4101=DIRECTION('',(0.472804471495,-5.592748486549E-14,-0.881167368741));
#4102=ADVANCED_FACE('',(#4103),#4118,.T.);
#4103=FACE_BOUND('',#4104,.T.);
#4104=EDGE_LOOP('',(#4105,#4106,#4113));
#4105=ORIENTED_EDGE('',*,*,#3640,.F.);
#4106=ORIENTED_EDGE('',*,*,#4107,.T.);
#4107=EDGE_CURVE('',#3641,#4108,#4110,.T.);
#4108=VERTEX_POINT('',#4109);
#4109=CARTESIAN_POINT('',(-1.007627129555,-1.007627129555,-3.));
#4110=LINE('',#3642,#4111);
#4111=VECTOR('',#4112,1.);
#4112=DIRECTION('',(0.608761423341,-0.79335334464,0.));
#4113=ORIENTED_EDGE('',*,*,#4114,.T.);
#4114=EDGE_CURVE('',#4108,#3259,#4115,.T.);
#4115=LINE('',#4109,#4116);
#4116=VECTOR('',#4117,1.);
#4117=DIRECTION('',(-0.68057728378,0.373812847655,0.630141663224));
#4118=PLANE('',#4119);
#4119=AXIS2_PLACEMENT_3D('',#4120,#4121,#4122);
#4120=CARTESIAN_POINT('',(-1.208856851573,-0.847685560579,-2.874365171376));
#4121=DIRECTION('',(-0.710808818376,-0.545422781565,-0.444145036074));
#4122=DIRECTION('',(0.608761423341,-0.79335334464,-5.034028749407E-13));
#4123=ADVANCED_FACE('',(#4124),#4133,.T.);
#4124=FACE_BOUND('',#4125,.T.);
#4125=EDGE_LOOP('',(#4126,#4131,#4132));
#4126=ORIENTED_EDGE('',*,*,#4127,.T.);
#4127=EDGE_CURVE('',#4108,#3663,#4128,.T.);
#4128=LINE('',#4109,#4129);
#4129=VECTOR('',#4130,1.);
#4130=DIRECTION('',(-0.316227940348,-0.316227940348,0.894427067729));
#4131=ORIENTED_EDGE('',*,*,#3662,.F.);
#4132=ORIENTED_EDGE('',*,*,#4114,.F.);
#4133=PLANE('',#4134);
#4134=AXIS2_PLACEMENT_3D('',#4135,#4136,#4137);
#4135=CARTESIAN_POINT('',(-1.179112589358,-0.970271958301,-2.771428282548));
#4136=DIRECTION('',(-0.710808863149,-0.545422592512,-0.444145196581));
#4137=DIRECTION('',(0.608761266396,-0.793353465068,-3.470557174978E-13));
#4138=ADVANCED_FACE('',(#4139),#4153,.T.);
#4139=FACE_BOUND('',#4140,.T.);
#4140=EDGE_LOOP('',(#4141,#4147,#4148));
#4141=ORIENTED_EDGE('',*,*,#4142,.T.);
#4142=EDGE_CURVE('',#4143,#3288,#4145,.T.);
#4143=VERTEX_POINT('',#4144);
#4144=CARTESIAN_POINT('',(-0.800000011921,-1.385640621185,9.6858000731E-08));
#4145=LINE('',#4144,#4146);
#4146=VECTOR('',#3582,1.);
#4147=ORIENTED_EDGE('',*,*,#3679,.F.);
#4148=ORIENTED_EDGE('',*,*,#4149,.T.);
#4149=EDGE_CURVE('',#3663,#4143,#4150,.T.);
#4150=LINE('',#3664,#4151);
#4151=VECTOR('',#4152,1.);
#4152=DIRECTION('',(0.123520716451,-9.478073908268E-02,0.987805266288));
#4153=PLANE('',#4154);
#4154=AXIS2_PLACEMENT_3D('',#4155,#3203,#3582);
#4155=CARTESIAN_POINT('',(-1.042039540634,-1.199917237467,-1.228757749834));
#4156=ADVANCED_FACE('',(#4157),#4170,.T.);
#4157=FACE_BOUND('',#4158,.T.);
#4158=EDGE_LOOP('',(#4159,#4164,#4165));
#4159=ORIENTED_EDGE('',*,*,#4160,.T.);
#4160=EDGE_CURVE('',#4161,#3692,#4163,.T.);
#4161=VERTEX_POINT('',#4162);
#4162=CARTESIAN_POINT('',(-0.869333267212,-5.267062664032,9.6858000731E-08));
#4163=LINE('',#4162,#3985);
#4164=ORIENTED_EDGE('',*,*,#3691,.F.);
#4165=ORIENTED_EDGE('',*,*,#4166,.T.);
#4166=EDGE_CURVE('',#3288,#4161,#4167,.T.);
#4167=LINE('',#3289,#4168);
#4168=VECTOR('',#4169,1.);
#4169=DIRECTION('',(6.323325183823E-02,-0.997998775481,0.));
#4170=PLANE('',#4171);
#4171=AXIS2_PLACEMENT_3D('',#4172,#55,#199);
#4172=CARTESIAN_POINT('',(-1.004910123122,-3.316049924481,9.6858000731E-08));
#4173=ADVANCED_FACE('',(#4174),#4187,.T.);
#4174=FACE_BOUND('',#4175,.T.);
#4175=EDGE_LOOP('',(#4176,#4177,#4182));
#4176=ORIENTED_EDGE('',*,*,#3698,.F.);
#4177=ORIENTED_EDGE('',*,*,#4178,.T.);
#4178=EDGE_CURVE('',#3692,#4179,#4181,.T.);
#4179=VERTEX_POINT('',#4180);
#4180=CARTESIAN_POINT('',(-0.869333267212,-5.732937335968,9.6858000731E-08));
#4181=LINE('',#3693,#4005);
#4182=ORIENTED_EDGE('',*,*,#4183,.T.);
#4183=EDGE_CURVE('',#4179,#2291,#4184,.T.);
#4184=LINE('',#4180,#4185);
#4185=VECTOR('',#4186,1.);
#4186=DIRECTION('',(-0.695818925486,-0.718217253299,0.));
#4187=PLANE('',#4188);
#4188=AXIS2_PLACEMENT_3D('',#4189,#55,#199);
#4189=CARTESIAN_POINT('',(-1.40666904188,-6.214327253907,9.6858000731E-08));
#4190=ADVANCED_FACE('',(#4191),#4198,.T.);
#4191=FACE_BOUND('',#4192,.T.);
#4192=EDGE_LOOP('',(#4193,#4196,#4197));
#4193=ORIENTED_EDGE('',*,*,#4194,.T.);
#4194=EDGE_CURVE('',#3306,#3743,#4195,.T.);
#4195=LINE('',#3307,#34);
#4196=ORIENTED_EDGE('',*,*,#3742,.F.);
#4197=ORIENTED_EDGE('',*,*,#3724,.F.);
#4198=PLANE('',#4199);
#4199=AXIS2_PLACEMENT_3D('',#4200,#64,#55);
#4200=CARTESIAN_POINT('',(0.209430584958,-2.349999904633,7.290569035063));
#4201=ADVANCED_FACE('',(#4202),#4207,.T.);
#4202=FACE_BOUND('',#4203,.T.);
#4203=EDGE_LOOP('',(#4204,#4205,#4206));
#4204=ORIENTED_EDGE('',*,*,#3747,.F.);
#4205=ORIENTED_EDGE('',*,*,#4194,.F.);
#4206=ORIENTED_EDGE('',*,*,#3759,.F.);
#4207=PLANE('',#4208);
#4208=AXIS2_PLACEMENT_3D('',#4209,#13,#14);
#4209=CARTESIAN_POINT('',(0.209430584958,-2.640569319675,6.999999620021));
#4210=ADVANCED_FACE('',(#4211),#4226,.T.);
#4211=FACE_BOUND('',#4212,.T.);
#4212=EDGE_LOOP('',(#4213,#4220,#4225));
#4213=ORIENTED_EDGE('',*,*,#4214,.T.);
#4214=EDGE_CURVE('',#3771,#4215,#4217,.T.);
#4215=VERTEX_POINT('',#4216);
#4216=CARTESIAN_POINT('',(6.055291652679,0.579555511475,9.6858000731E-08));
#4217=LINE('',#3772,#4218);
#4218=VECTOR('',#4219,1.);
#4219=DIRECTION('',(-0.923879086737,0.382684508557,0.));
#4220=ORIENTED_EDGE('',*,*,#4221,.T.);
#4221=EDGE_CURVE('',#4215,#2622,#4222,.T.);
#4222=LINE('',#4216,#4223);
#4223=VECTOR('',#4224,1.);
#4224=DIRECTION('',(-0.164685078245,0.986346199366,0.));
#4225=ORIENTED_EDGE('',*,*,#3777,.F.);
#4226=PLANE('',#4227);
#4227=AXIS2_PLACEMENT_3D('',#4228,#55,#199);
#4228=CARTESIAN_POINT('',(5.570820156387,3.686605826462,9.6858000731E-08));
#4229=ADVANCED_FACE('',(#4230),#4245,.T.);
#4230=FACE_BOUND('',#4231,.T.);
#4231=EDGE_LOOP('',(#4232,#4239,#4244));
#4232=ORIENTED_EDGE('',*,*,#4233,.T.);
#4233=EDGE_CURVE('',#3070,#4234,#4236,.T.);
#4234=VERTEX_POINT('',#4235);
#4235=CARTESIAN_POINT('',(0.449999988079,6.27942276001,9.6858000731E-08));
#4236=LINE('',#3071,#4237);
#4237=VECTOR('',#4238,1.);
#4238=DIRECTION('',(-0.928357406298,-0.371688749051,0.));
#4239=ORIENTED_EDGE('',*,*,#4240,.T.);
#4240=EDGE_CURVE('',#4234,#3790,#4241,.T.);
#4241=LINE('',#4235,#4242);
#4242=VECTOR('',#4243,1.);
#4243=DIRECTION('',(-0.923879333012,0.382683914,0.));
#4244=ORIENTED_EDGE('',*,*,#3797,.F.);
#4245=PLANE('',#4246);
#4246=AXIS2_PLACEMENT_3D('',#4247,#55,#199);
#4247=CARTESIAN_POINT('',(1.116234329339,6.595206496101,9.6858000731E-08));
#4248=ADVANCED_FACE('',(#4249),#4264,.T.);
#4249=FACE_BOUND('',#4250,.T.);
#4250=EDGE_LOOP('',(#4251,#4258,#4263));
#4251=ORIENTED_EDGE('',*,*,#4252,.T.);
#4252=EDGE_CURVE('',#3790,#4253,#4255,.T.);
#4253=VERTEX_POINT('',#4254);
#4254=CARTESIAN_POINT('',(-1.7763568394E-15,6.400000095367,9.6858000731E-08));
#4255=LINE('',#3791,#4256);
#4256=VECTOR('',#4257,1.);
#4257=DIRECTION('',(-0.991444821938,0.130526491765,0.));
#4258=ORIENTED_EDGE('',*,*,#4259,.T.);
#4259=EDGE_CURVE('',#4253,#2015,#4260,.T.);
#4260=LINE('',#4254,#4261);
#4261=VECTOR('',#4262,1.);
#4262=DIRECTION('',(-0.970142500145,0.242535625036,0.));
#4263=ORIENTED_EDGE('',*,*,#3789,.F.);
#4264=PLANE('',#4265);
#4265=AXIS2_PLACEMENT_3D('',#4266,#55,#199);
#4266=CARTESIAN_POINT('',(-0.8846549852,6.628758941679,9.6858000731E-08));
#4267=ADVANCED_FACE('',(#4268),#4281,.T.);
#4268=FACE_BOUND('',#4269,.T.);
#4269=EDGE_LOOP('',(#4270,#4271,#4276));
#4270=ORIENTED_EDGE('',*,*,#3815,.F.);
#4271=ORIENTED_EDGE('',*,*,#4272,.T.);
#4272=EDGE_CURVE('',#3809,#4273,#4275,.T.);
#4273=VERTEX_POINT('',#4274);
#4274=CARTESIAN_POINT('',(0.449999988079,-6.27942276001,-2.64999999851));
#4275=LINE('',#3810,#54);
#4276=ORIENTED_EDGE('',*,*,#4277,.T.);
#4277=EDGE_CURVE('',#4273,#3397,#4278,.T.);
#4278=LINE('',#4274,#4279);
#4279=VECTOR('',#4280,1.);
#4280=DIRECTION('',(7.006333019601E-02,5.376150439359E-02,0.996092782027));
#4281=PLANE('',#4282);
#4282=AXIS2_PLACEMENT_3D('',#4283,#4284,#4285);
#4283=CARTESIAN_POINT('',(0.498660694212,-6.242084072865,-1.268861835793));
#4284=DIRECTION('',(0.608761573449,-0.793353229458,0.));
#4285=DIRECTION('',(-0.793353229458,-0.608761573449,0.));
#4286=ADVANCED_FACE('',(#4287),#4296,.T.);
#4287=FACE_BOUND('',#4288,.T.);
#4288=EDGE_LOOP('',(#4289,#4290,#4295));
#4289=ORIENTED_EDGE('',*,*,#3873,.F.);
#4290=ORIENTED_EDGE('',*,*,#4291,.T.);
#4291=EDGE_CURVE('',#3867,#3809,#4292,.T.);
#4292=LINE('',#3868,#4293);
#4293=VECTOR('',#4294,1.);
#4294=DIRECTION('',(0.923879333012,0.382683914,0.));
#4295=ORIENTED_EDGE('',*,*,#3808,.F.);
#4296=PLANE('',#4297);
#4297=AXIS2_PLACEMENT_3D('',#4298,#55,#199);
#4298=CARTESIAN_POINT('',(0.202524802908,-6.566760867758,9.6858000731E-08));
#4299=ADVANCED_FACE('',(#4300),#4313,.T.);
#4300=FACE_BOUND('',#4301,.T.);
#4301=EDGE_LOOP('',(#4302,#4307,#4308));
#4302=ORIENTED_EDGE('',*,*,#4303,.T.);
#4303=EDGE_CURVE('',#4304,#3829,#4306,.T.);
#4304=VERTEX_POINT('',#4305);
#4305=CARTESIAN_POINT('',(0.779422879219,-5.949999809265,-2.64999999851));
#4306=LINE('',#4305,#82);
#4307=ORIENTED_EDGE('',*,*,#3828,.F.);
#4308=ORIENTED_EDGE('',*,*,#4309,.T.);
#4309=EDGE_CURVE('',#3397,#4304,#4310,.T.);
#4310=LINE('',#3398,#4311);
#4311=VECTOR('',#4312,1.);
#4312=DIRECTION('',(5.376148205388E-02,7.006333028037E-02,-0.996092783227));
#4313=PLANE('',#4314);
#4314=AXIS2_PLACEMENT_3D('',#4315,#4316,#3833);
#4315=CARTESIAN_POINT('',(0.742084207878,-5.998660515081,-1.268861844063));
#4316=DIRECTION('',(0.793353351983,-0.608761413772,0.));
#4317=ADVANCED_FACE('',(#4318),#4331,.T.);
#4318=FACE_BOUND('',#4319,.T.);
#4319=EDGE_LOOP('',(#4320,#4321,#4328));
#4320=ORIENTED_EDGE('',*,*,#3835,.F.);
#4321=ORIENTED_EDGE('',*,*,#4322,.T.);
#4322=EDGE_CURVE('',#3829,#4323,#4325,.T.);
#4323=VERTEX_POINT('',#4324);
#4324=CARTESIAN_POINT('',(0.869333267212,-5.732937335968,9.6858000731E-08));
#4325=LINE('',#3830,#4326);
#4326=VECTOR('',#4327,1.);
#4327=DIRECTION('',(0.382684041508,0.923879280196,0.));
#4328=ORIENTED_EDGE('',*,*,#4329,.T.);
#4329=EDGE_CURVE('',#4323,#2846,#4330,.T.);
#4330=LINE('',#4324,#3991);
#4331=PLANE('',#4332);
#4332=AXIS2_PLACEMENT_3D('',#4333,#55,#199);
#4333=CARTESIAN_POINT('',(1.372165031162,-6.332985622515,9.6858000731E-08));
#4334=ADVANCED_FACE('',(#4335),#4348,.T.);
#4335=FACE_BOUND('',#4336,.T.);
#4336=EDGE_LOOP('',(#4337,#4338,#4343));
#4337=ORIENTED_EDGE('',*,*,#3853,.F.);
#4338=ORIENTED_EDGE('',*,*,#4339,.T.);
#4339=EDGE_CURVE('',#3847,#4340,#4342,.T.);
#4340=VERTEX_POINT('',#4341);
#4341=CARTESIAN_POINT('',(-0.232937142253,-6.369333267212,-2.64999999851));
#4342=LINE('',#3848,#54);
#4343=ORIENTED_EDGE('',*,*,#4344,.T.);
#4344=EDGE_CURVE('',#4340,#3416,#4345,.T.);
#4345=LINE('',#4341,#4346);
#4346=VECTOR('',#4347,1.);
#4347=DIRECTION('',(8.75573577605E-02,-1.15271717435E-02,0.996092783537));
#4348=PLANE('',#4349);
#4349=AXIS2_PLACEMENT_3D('',#4350,#4351,#4257);
#4350=CARTESIAN_POINT('',(-0.172126404276,-6.377339171438,-1.268861846195));
#4351=DIRECTION('',(-0.130526491765,-0.991444821938,0.));
#4352=ADVANCED_FACE('',(#4353),#4368,.T.);
#4353=FACE_BOUND('',#4354,.T.);
#4354=EDGE_LOOP('',(#4355,#4362,#4367));
#4355=ORIENTED_EDGE('',*,*,#4356,.T.);
#4356=EDGE_CURVE('',#2291,#4357,#4359,.T.);
#4357=VERTEX_POINT('',#4358);
#4358=CARTESIAN_POINT('',(-0.449999988079,-6.27942276001,9.6858000731E-08));
#4359=LINE('',#2292,#4360);
#4360=VECTOR('',#4361,1.);
#4361=DIRECTION('',(0.928357406298,0.371688749051,0.));
#4362=ORIENTED_EDGE('',*,*,#4363,.T.);
#4363=EDGE_CURVE('',#4357,#3847,#4364,.T.);
#4364=LINE('',#4358,#4365);
#4365=VECTOR('',#4366,1.);
#4366=DIRECTION('',(0.923879333012,-0.382683914,0.));
#4367=ORIENTED_EDGE('',*,*,#3846,.F.);
#4368=PLANE('',#4369);
#4369=AXIS2_PLACEMENT_3D('',#4370,#55,#199);
#4370=CARTESIAN_POINT('',(-1.116234329339,-6.595206496101,9.6858000731E-08));
#4371=ADVANCED_FACE('',(#4372),#4387,.T.);
#4372=FACE_BOUND('',#4373,.T.);
#4373=EDGE_LOOP('',(#4374,#4375,#4382));
#4374=ORIENTED_EDGE('',*,*,#3866,.F.);
#4375=ORIENTED_EDGE('',*,*,#4376,.T.);
#4376=EDGE_CURVE('',#3416,#4377,#4379,.T.);
#4377=VERTEX_POINT('',#4378);
#4378=CARTESIAN_POINT('',(-3.552713678801E-15,-6.400000095367,-2.64999999851));
#4379=LINE('',#3417,#4380);
#4380=VECTOR('',#4381,1.);
#4381=DIRECTION('',(-6.703233114993E-16,0.,-1.));
#4382=ORIENTED_EDGE('',*,*,#4383,.T.);
#4383=EDGE_CURVE('',#4377,#3867,#4384,.T.);
#4384=LINE('',#4378,#4385);
#4385=VECTOR('',#4386,1.);
#4386=DIRECTION('',(8.75573577605E-02,1.15271717435E-02,0.996092783537));
#4387=PLANE('',#4388);
#4388=AXIS2_PLACEMENT_3D('',#4389,#4390,#4391);
#4389=CARTESIAN_POINT('',(6.081073797709E-02,-6.391994191141,-1.268861846195));
#4390=DIRECTION('',(0.130526491765,-0.991444821938,0.));
#4391=DIRECTION('',(-0.991444821938,-0.130526491765,0.));
#4392=ADVANCED_FACE('',(#4393),#4400,.T.);
#4393=FACE_BOUND('',#4394,.T.);
#4394=EDGE_LOOP('',(#4395,#4398,#4399));
#4395=ORIENTED_EDGE('',*,*,#4396,.T.);
#4396=EDGE_CURVE('',#3456,#4215,#4397,.T.);
#4397=LINE('',#3457,#189);
#4398=ORIENTED_EDGE('',*,*,#4214,.F.);
#4399=ORIENTED_EDGE('',*,*,#3896,.F.);
#4400=PLANE('',#4401);
#4401=AXIS2_PLACEMENT_3D('',#4402,#55,#199);
#4402=CARTESIAN_POINT('',(6.093053049385,2.180153262043E-02,9.6858000731E-08));
#4403=ADVANCED_FACE('',(#4404),#4419,.T.);
#4404=FACE_BOUND('',#4405,.T.);
#4405=EDGE_LOOP('',(#4406,#4407,#4414));
#4406=ORIENTED_EDGE('',*,*,#3915,.F.);
#4407=ORIENTED_EDGE('',*,*,#4408,.T.);
#4408=EDGE_CURVE('',#3909,#4409,#4411,.T.);
#4409=VERTEX_POINT('',#4410);
#4410=CARTESIAN_POINT('',(6.,-0.40000000596,9.6858000731E-08));
#4411=LINE('',#3910,#4412);
#4412=VECTOR('',#4413,1.);
#4413=DIRECTION('',(0.447213222316,0.894427377592,0.));
#4414=ORIENTED_EDGE('',*,*,#4415,.T.);
#4415=EDGE_CURVE('',#4409,#3456,#4416,.T.);
#4416=LINE('',#4410,#4417);
#4417=VECTOR('',#4418,1.);
#4418=DIRECTION('',(0.294298834832,-0.95571344859,0.));
#4419=PLANE('',#4420);
#4420=AXIS2_PLACEMENT_3D('',#4421,#55,#199);
#4421=CARTESIAN_POINT('',(5.983299651076,-0.521371622762,9.6858000731E-08));
#4422=ADVANCED_FACE('',(#4423),#4438,.T.);
#4423=FACE_BOUND('',#4424,.T.);
#4424=EDGE_LOOP('',(#4425,#4432,#4437));
#4425=ORIENTED_EDGE('',*,*,#4426,.T.);
#4426=EDGE_CURVE('',#2177,#4427,#4429,.T.);
#4427=VERTEX_POINT('',#4428);
#4428=CARTESIAN_POINT('',(5.744708538055,-0.579555511475,9.6858000731E-08));
#4429=LINE('',#2178,#4430);
#4430=VECTOR('',#4431,1.);
#4431=DIRECTION('',(0.117015885932,0.993130043066,0.));
#4432=ORIENTED_EDGE('',*,*,#4433,.T.);
#4433=EDGE_CURVE('',#4427,#3909,#4434,.T.);
#4434=LINE('',#4428,#4435);
#4435=VECTOR('',#4436,1.);
#4436=DIRECTION('',(0.991444868815,-0.130526135695,0.));
#4437=ORIENTED_EDGE('',*,*,#3908,.F.);
#4438=PLANE('',#4439);
#4439=AXIS2_PLACEMENT_3D('',#4440,#55,#199);
#4440=CARTESIAN_POINT('',(5.416174951621,-3.706534233411,9.6858000731E-08));
#4441=ADVANCED_FACE('',(#4442),#4449,.F.);
#4442=FACE_BOUND('',#4443,.F.);
#4443=EDGE_LOOP('',(#4444,#4446));
#4444=ORIENTED_EDGE('',*,*,#4445,.F.);
#4445=EDGE_CURVE('',#3968,#3928,#3933,.T.);
#4446=ORIENTED_EDGE('',*,*,#4447,.F.);
#4447=EDGE_CURVE('',#3928,#3968,#4448,.T.);
#4448=LINE('',#3929,#345);
#4449=PLANE('',#4450);
#4450=AXIS2_PLACEMENT_3D('',#3929,#55,#199);
#4451=ADVANCED_FACE('',(#4452),#4457,.T.);
#4452=FACE_BOUND('',#4453,.T.);
#4453=EDGE_LOOP('',(#4444,#4454,#4455,#4456));
#4454=ORIENTED_EDGE('',*,*,#3967,.F.);
#4455=ORIENTED_EDGE('',*,*,#3945,.F.);
#4456=ORIENTED_EDGE('',*,*,#3932,.F.);
#4457=PLANE('',#4458);
#4458=AXIS2_PLACEMENT_3D('',#4459,#13,#14);
#4459=CARTESIAN_POINT('',(-0.209430584958,2.640569319675,6.999999620021));
#4460=ADVANCED_FACE('',(#4461),#4465,.T.);
#4461=FACE_BOUND('',#4462,.T.);
#4462=EDGE_LOOP('',(#4463,#4446,#4464));
#4463=ORIENTED_EDGE('',*,*,#3971,.F.);
#4464=ORIENTED_EDGE('',*,*,#3958,.F.);
#4465=PLANE('',#4466);
#4466=AXIS2_PLACEMENT_3D('',#4467,#14,#13);
#4467=CARTESIAN_POINT('',(-1.5,2.50450840182,7.404508117208));
#4468=ADVANCED_FACE('',(#4469),#4482,.T.);
#4469=FACE_BOUND('',#4470,.T.);
#4470=EDGE_LOOP('',(#4471,#4478,#4479));
#4471=ORIENTED_EDGE('',*,*,#4472,.T.);
#4472=EDGE_CURVE('',#4473,#3982,#4475,.T.);
#4473=VERTEX_POINT('',#4474);
#4474=CARTESIAN_POINT('',(-0.779422879219,5.949999809265,9.6858000731E-08));
#4475=LINE('',#4474,#4476);
#4476=VECTOR('',#4477,1.);
#4477=DIRECTION('',(-0.382684041508,-0.923879280196,0.));
#4478=ORIENTED_EDGE('',*,*,#3989,.F.);
#4479=ORIENTED_EDGE('',*,*,#4480,.T.);
#4480=EDGE_CURVE('',#2015,#4473,#4481,.T.);
#4481=LINE('',#2016,#3837);
#4482=PLANE('',#4483);
#4483=AXIS2_PLACEMENT_3D('',#4484,#55,#199);
#4484=CARTESIAN_POINT('',(-1.372165031162,6.332985622515,9.6858000731E-08));
#4485=ADVANCED_FACE('',(#4486),#4499,.T.);
#4486=FACE_BOUND('',#4487,.T.);
#4487=EDGE_LOOP('',(#4488,#4493,#4494));
#4488=ORIENTED_EDGE('',*,*,#4489,.T.);
#4489=EDGE_CURVE('',#4490,#3551,#4492,.T.);
#4490=VERTEX_POINT('',#4491);
#4491=CARTESIAN_POINT('',(-0.899999976158,5.5,-2.64999999851));
#4492=LINE('',#4491,#82);
#4493=ORIENTED_EDGE('',*,*,#3981,.F.);
#4494=ORIENTED_EDGE('',*,*,#4495,.T.);
#4495=EDGE_CURVE('',#3982,#4490,#4496,.T.);
#4496=LINE('',#3983,#4497);
#4497=VECTOR('',#4498,1.);
#4498=DIRECTION('',(-1.152712686709E-02,-8.755743006192E-02,-0.996092777701));
#4499=PLANE('',#4500);
#4500=AXIS2_PLACEMENT_3D('',#4501,#4502,#3986);
#4501=CARTESIAN_POINT('',(-0.891994102799,5.560810790476,-1.268861805968));
#4502=DIRECTION('',(-0.991444901646,0.130525886323,0.));
#4503=ADVANCED_FACE('',(#4504),#4517,.T.);
#4504=FACE_BOUND('',#4505,.T.);
#4505=EDGE_LOOP('',(#4506,#4511,#4512));
#4506=ORIENTED_EDGE('',*,*,#4507,.T.);
#4507=EDGE_CURVE('',#4508,#4002,#4510,.T.);
#4508=VERTEX_POINT('',#4509);
#4509=CARTESIAN_POINT('',(-0.869333267212,5.267062664032,-2.64999999851));
#4510=LINE('',#4509,#82);
#4511=ORIENTED_EDGE('',*,*,#4001,.F.);
#4512=ORIENTED_EDGE('',*,*,#4513,.T.);
#4513=EDGE_CURVE('',#3551,#4508,#4514,.T.);
#4514=LINE('',#3552,#4515);
#4515=VECTOR('',#4516,1.);
#4516=DIRECTION('',(1.152712686709E-02,-8.755743006192E-02,-0.996092777701));
#4517=PLANE('',#4518);
#4518=AXIS2_PLACEMENT_3D('',#4519,#4520,#4006);
#4519=CARTESIAN_POINT('',(-0.877339140571,5.327873454508,-1.268861805968));
#4520=DIRECTION('',(-0.991444901646,-0.130525886323,0.));
#4521=ADVANCED_FACE('',(#4522),#4536,.T.);
#4522=FACE_BOUND('',#4523,.T.);
#4523=EDGE_LOOP('',(#4524,#4530,#4531));
#4524=ORIENTED_EDGE('',*,*,#4525,.T.);
#4525=EDGE_CURVE('',#4526,#3199,#4528,.T.);
#4526=VERTEX_POINT('',#4527);
#4527=CARTESIAN_POINT('',(-0.800000011921,1.385640621185,9.6858000731E-08));
#4528=LINE('',#4527,#4529);
#4529=VECTOR('',#3674,1.);
#4530=ORIENTED_EDGE('',*,*,#4008,.F.);
#4531=ORIENTED_EDGE('',*,*,#4532,.T.);
#4532=EDGE_CURVE('',#4002,#4526,#4533,.T.);
#4533=LINE('',#4003,#4534);
#4534=VECTOR('',#4535,1.);
#4535=DIRECTION('',(1.785999968495E-02,-0.999840497485,0.));
#4536=PLANE('',#4537);
#4537=AXIS2_PLACEMENT_3D('',#4538,#55,#199);
#4538=CARTESIAN_POINT('',(-0.92246245659,3.161666844381,9.6858000731E-08));
#4539=ADVANCED_FACE('',(#4540),#4555,.T.);
#4540=FACE_BOUND('',#4541,.T.);
#4541=EDGE_LOOP('',(#4542,#4543,#4550));
#4542=ORIENTED_EDGE('',*,*,#4024,.F.);
#4543=ORIENTED_EDGE('',*,*,#4544,.T.);
#4544=EDGE_CURVE('',#4020,#4545,#4547,.T.);
#4545=VERTEX_POINT('',#4546);
#4546=CARTESIAN_POINT('',(-1.007627129555,1.007627129555,-3.));
#4547=LINE('',#4021,#4548);
#4548=VECTOR('',#4549,1.);
#4549=DIRECTION('',(0.316227940348,-0.316227940348,-0.894427067729));
#4550=ORIENTED_EDGE('',*,*,#4551,.T.);
#4551=EDGE_CURVE('',#4545,#3570,#4552,.T.);
#4552=LINE('',#4546,#4553);
#4553=VECTOR('',#4554,1.);
#4554=DIRECTION('',(-0.68057728378,-0.373812847655,0.630141663224));
#4555=PLANE('',#4556);
#4556=AXIS2_PLACEMENT_3D('',#4557,#4558,#4559);
#4557=CARTESIAN_POINT('',(-1.179112589358,0.970271958301,-2.771428282548));
#4558=DIRECTION('',(-0.710808863149,0.545422592512,-0.444145196581));
#4559=DIRECTION('',(-0.608761266396,-0.793353465068,3.470557174978E-13));
#4560=ADVANCED_FACE('',(#4561),#4574,.T.);
#4561=FACE_BOUND('',#4562,.T.);
#4562=EDGE_LOOP('',(#4563,#4568,#4569));
#4563=ORIENTED_EDGE('',*,*,#4564,.T.);
#4564=EDGE_CURVE('',#4565,#4020,#4567,.T.);
#4565=VERTEX_POINT('',#4566);
#4566=CARTESIAN_POINT('',(-0.800000011921,1.385640621185,-2.64999999851));
#4567=LINE('',#4566,#4529);
#4568=ORIENTED_EDGE('',*,*,#4019,.F.);
#4569=ORIENTED_EDGE('',*,*,#4570,.T.);
#4570=EDGE_CURVE('',#3199,#4565,#4571,.T.);
#4571=LINE('',#3200,#4572);
#4572=VECTOR('',#4573,1.);
#4573=DIRECTION('',(0.123520716451,9.478073908268E-02,-0.987805266288));
#4574=PLANE('',#4575);
#4575=AXIS2_PLACEMENT_3D('',#4576,#4577,#4578);
#4576=CARTESIAN_POINT('',(-1.042039540634,1.199917237467,-1.421242151818));
#4577=DIRECTION('',(-0.608761266396,0.793353465068,0.));
#4578=DIRECTION('',(0.793353465068,0.608761266396,0.));
#4579=ADVANCED_FACE('',(#4580),#4589,.T.);
#4580=FACE_BOUND('',#4581,.T.);
#4581=EDGE_LOOP('',(#4582,#4587,#4588));
#4582=ORIENTED_EDGE('',*,*,#4583,.T.);
#4583=EDGE_CURVE('',#4545,#4036,#4584,.T.);
#4584=LINE('',#4546,#4585);
#4585=VECTOR('',#4586,1.);
#4586=DIRECTION('',(-0.608761423341,-0.79335334464,0.));
#4587=ORIENTED_EDGE('',*,*,#4035,.F.);
#4588=ORIENTED_EDGE('',*,*,#4551,.F.);
#4589=PLANE('',#4590);
#4590=AXIS2_PLACEMENT_3D('',#4591,#4592,#4593);
#4591=CARTESIAN_POINT('',(-1.208856851573,0.847685560579,-2.874365171376));
#4592=DIRECTION('',(-0.710808818376,0.545422781565,-0.444145036074));
#4593=DIRECTION('',(-0.608761423341,-0.79335334464,5.034028749407E-13));
#4594=ADVANCED_FACE('',(#4595),#4604,.T.);
#4595=FACE_BOUND('',#4596,.T.);
#4596=EDGE_LOOP('',(#4597,#4602,#4603));
#4597=ORIENTED_EDGE('',*,*,#4598,.T.);
#4598=EDGE_CURVE('',#4036,#4056,#4599,.T.);
#4599=LINE('',#4037,#4600);
#4600=VECTOR('',#4601,1.);
#4601=DIRECTION('',(-0.382683653456,-0.923879440932,0.));
#4602=ORIENTED_EDGE('',*,*,#4055,.F.);
#4603=ORIENTED_EDGE('',*,*,#4042,.F.);
#4604=PLANE('',#4605);
#4605=AXIS2_PLACEMENT_3D('',#4606,#4607,#4608);
#4606=CARTESIAN_POINT('',(-1.387063250178,0.505926207003,-2.874365173073));
#4607=DIRECTION('',(-0.827754385867,0.342867325014,-0.444144879646));
#4608=DIRECTION('',(0.472804471495,5.592748486549E-14,-0.881167368741));
#4609=ADVANCED_FACE('',(#4610),#4617,.T.);
#4610=FACE_BOUND('',#4611,.T.);
#4611=EDGE_LOOP('',(#4612,#4613,#4614));
#4612=ORIENTED_EDGE('',*,*,#4077,.F.);
#4613=ORIENTED_EDGE('',*,*,#4062,.F.);
#4614=ORIENTED_EDGE('',*,*,#4615,.T.);
#4615=EDGE_CURVE('',#4056,#3620,#4616,.T.);
#4616=LINE('',#4057,#345);
#4617=PLANE('',#4618);
#4618=AXIS2_PLACEMENT_3D('',#4619,#55,#199);
#4619=CARTESIAN_POINT('',(-1.388635390776,0.,-3.));
#4620=ADVANCED_FACE('',(#4621),#4632,.T.);
#4621=FACE_BOUND('',#4622,.T.);
#4622=EDGE_LOOP('',(#4623,#4624,#4629));
#4623=ORIENTED_EDGE('',*,*,#4092,.F.);
#4624=ORIENTED_EDGE('',*,*,#4625,.T.);
#4625=EDGE_CURVE('',#3620,#4036,#4626,.T.);
#4626=LINE('',#3621,#4627);
#4627=VECTOR('',#4628,1.);
#4628=DIRECTION('',(0.130526267422,0.991444851473,0.));
#4629=ORIENTED_EDGE('',*,*,#4630,.T.);
#4630=EDGE_CURVE('',#4036,#3641,#4631,.T.);
#4631=LINE('',#4037,#345);
#4632=PLANE('',#4633);
#4633=AXIS2_PLACEMENT_3D('',#4634,#55,#199);
#4634=CARTESIAN_POINT('',(-1.270139697754,-4.746541830688E-03,-3.));
#4635=ADVANCED_FACE('',(#4636),#4647,.T.);
#4636=FACE_BOUND('',#4637,.T.);
#4637=EDGE_LOOP('',(#4638,#4639,#4644));
#4638=ORIENTED_EDGE('',*,*,#4107,.F.);
#4639=ORIENTED_EDGE('',*,*,#4640,.T.);
#4640=EDGE_CURVE('',#3641,#4545,#4641,.T.);
#4641=LINE('',#3642,#4642);
#4642=VECTOR('',#4643,1.);
#4643=DIRECTION('',(0.130526190351,0.99144486162,0.));
#4644=ORIENTED_EDGE('',*,*,#4645,.T.);
#4645=EDGE_CURVE('',#4545,#4108,#4646,.T.);
#4646=LINE('',#4546,#345);
#4647=PLANE('',#4648);
#4648=AXIS2_PLACEMENT_3D('',#4649,#55,#199);
#4649=CARTESIAN_POINT('',(-1.065501508255,-1.550739287208E-02,-3.));
#4650=ADVANCED_FACE('',(#4651),#4664,.T.);
#4651=FACE_BOUND('',#4652,.T.);
#4652=EDGE_LOOP('',(#4653,#4658,#4659));
#4653=ORIENTED_EDGE('',*,*,#4654,.T.);
#4654=EDGE_CURVE('',#4655,#3663,#4657,.T.);
#4655=VERTEX_POINT('',#4656);
#4656=CARTESIAN_POINT('',(-0.800000011921,-1.385640621185,-2.64999999851));
#4657=LINE('',#4656,#4146);
#4658=ORIENTED_EDGE('',*,*,#4127,.F.);
#4659=ORIENTED_EDGE('',*,*,#4660,.T.);
#4660=EDGE_CURVE('',#4108,#4655,#4661,.T.);
#4661=LINE('',#4109,#4662);
#4662=VECTOR('',#4663,1.);
#4663=DIRECTION('',(0.373812847655,-0.68057728378,0.630141663224));
#4664=PLANE('',#4665);
#4665=AXIS2_PLACEMENT_3D('',#4666,#4667,#4668);
#4666=CARTESIAN_POINT('',(-0.970271958301,-1.179112589358,-2.771428282548));
#4667=DIRECTION('',(-0.545422592512,-0.710808863149,-0.444145196581));
#4668=DIRECTION('',(-0.793353465068,0.608761266396,-3.470557174978E-13));
#4669=ADVANCED_FACE('',(#4670),#4677,.T.);
#4670=FACE_BOUND('',#4671,.T.);
#4671=EDGE_LOOP('',(#4672,#4673,#4676));
#4672=ORIENTED_EDGE('',*,*,#4654,.F.);
#4673=ORIENTED_EDGE('',*,*,#4674,.T.);
#4674=EDGE_CURVE('',#4655,#4143,#4675,.T.);
#4675=LINE('',#4656,#82);
#4676=ORIENTED_EDGE('',*,*,#4149,.F.);
#4677=PLANE('',#4678);
#4678=AXIS2_PLACEMENT_3D('',#4679,#3203,#3582);
#4679=CARTESIAN_POINT('',(-0.889331373348,-1.31709428578,-1.421242151818));
#4680=ADVANCED_FACE('',(#4681),#4690,.T.);
#4681=FACE_BOUND('',#4682,.T.);
#4682=EDGE_LOOP('',(#4683,#4684,#4685));
#4683=ORIENTED_EDGE('',*,*,#4166,.F.);
#4684=ORIENTED_EDGE('',*,*,#4142,.F.);
#4685=ORIENTED_EDGE('',*,*,#4686,.T.);
#4686=EDGE_CURVE('',#4143,#4161,#4687,.T.);
#4687=LINE('',#4144,#4688);
#4688=VECTOR('',#4689,1.);
#4689=DIRECTION('',(-1.785999968495E-02,-0.999840497485,0.));
#4690=PLANE('',#4691);
#4691=AXIS2_PLACEMENT_3D('',#4692,#55,#199);
#4692=CARTESIAN_POINT('',(-0.92246245659,-3.161666844381,9.6858000731E-08));
#4693=ADVANCED_FACE('',(#4694),#4705,.T.);
#4694=FACE_BOUND('',#4695,.T.);
#4695=EDGE_LOOP('',(#4696,#4701,#4702));
#4696=ORIENTED_EDGE('',*,*,#4697,.T.);
#4697=EDGE_CURVE('',#4698,#3692,#4700,.T.);
#4698=VERTEX_POINT('',#4699);
#4699=CARTESIAN_POINT('',(-0.899999976158,-5.5,-2.64999999851));
#4700=LINE('',#4699,#82);
#4701=ORIENTED_EDGE('',*,*,#4160,.F.);
#4702=ORIENTED_EDGE('',*,*,#4703,.T.);
#4703=EDGE_CURVE('',#4161,#4698,#4704,.T.);
#4704=LINE('',#4162,#4497);
#4705=PLANE('',#4706);
#4706=AXIS2_PLACEMENT_3D('',#4707,#4502,#3986);
#4707=CARTESIAN_POINT('',(-0.891994102799,-5.439189209524,-1.268861805968));
#4708=ADVANCED_FACE('',(#4709),#4720,.T.);
#4709=FACE_BOUND('',#4710,.T.);
#4710=EDGE_LOOP('',(#4711,#4716,#4717));
#4711=ORIENTED_EDGE('',*,*,#4712,.T.);
#4712=EDGE_CURVE('',#4713,#4179,#4715,.T.);
#4713=VERTEX_POINT('',#4714);
#4714=CARTESIAN_POINT('',(-0.869333267212,-5.732937335968,-2.64999999851));
#4715=LINE('',#4714,#82);
#4716=ORIENTED_EDGE('',*,*,#4178,.F.);
#4717=ORIENTED_EDGE('',*,*,#4718,.T.);
#4718=EDGE_CURVE('',#3692,#4713,#4719,.T.);
#4719=LINE('',#3693,#4515);
#4720=PLANE('',#4721);
#4721=AXIS2_PLACEMENT_3D('',#4722,#4520,#4006);
#4722=CARTESIAN_POINT('',(-0.877339140571,-5.672126545492,-1.268861805968));
#4723=ADVANCED_FACE('',(#4724),#4739,.T.);
#4724=FACE_BOUND('',#4725,.T.);
#4725=EDGE_LOOP('',(#4726,#4727,#4734));
#4726=ORIENTED_EDGE('',*,*,#4183,.F.);
#4727=ORIENTED_EDGE('',*,*,#4728,.T.);
#4728=EDGE_CURVE('',#4179,#4729,#4731,.T.);
#4729=VERTEX_POINT('',#4730);
#4730=CARTESIAN_POINT('',(-0.779422879219,-5.949999809265,9.6858000731E-08));
#4731=LINE('',#4180,#4732);
#4732=VECTOR('',#4733,1.);
#4733=DIRECTION('',(0.382684041508,-0.923879280196,0.));
#4734=ORIENTED_EDGE('',*,*,#4735,.T.);
#4735=EDGE_CURVE('',#4729,#2291,#4736,.T.);
#4736=LINE('',#4730,#4737);
#4737=VECTOR('',#4738,1.);
#4738=DIRECTION('',(-0.789144589559,-0.614207470461,0.));
#4739=PLANE('',#4740);
#4740=AXIS2_PLACEMENT_3D('',#4741,#55,#199);
#4741=CARTESIAN_POINT('',(-1.372165031162,-6.332985622515,9.6858000731E-08));
#4742=ADVANCED_FACE('',(#4743),#4758,.T.);
#4743=FACE_BOUND('',#4744,.T.);
#4744=EDGE_LOOP('',(#4745,#4752,#4757));
#4745=ORIENTED_EDGE('',*,*,#4746,.T.);
#4746=EDGE_CURVE('',#4215,#4747,#4749,.T.);
#4747=VERTEX_POINT('',#4748);
#4748=CARTESIAN_POINT('',(5.900000095367,0.600000023842,9.6858000731E-08));
#4749=LINE('',#4216,#4750);
#4750=VECTOR('',#4751,1.);
#4751=DIRECTION('',(-0.991444868815,0.130526135695,0.));
#4752=ORIENTED_EDGE('',*,*,#4753,.T.);
#4753=EDGE_CURVE('',#4747,#2622,#4754,.T.);
#4754=LINE('',#4748,#4755);
#4755=VECTOR('',#4756,1.);
#4756=DIRECTION('',(-0.14142136935,0.989949491788,0.));
#4757=ORIENTED_EDGE('',*,*,#4221,.F.);
#4758=PLANE('',#4759);
#4759=AXIS2_PLACEMENT_3D('',#4760,#55,#199);
#4760=CARTESIAN_POINT('',(5.494877173784,3.706646783664,9.6858000731E-08));
#4761=ADVANCED_FACE('',(#4762),#4775,.T.);
#4762=FACE_BOUND('',#4763,.T.);
#4763=EDGE_LOOP('',(#4764,#4765,#4770));
#4764=ORIENTED_EDGE('',*,*,#4240,.F.);
#4765=ORIENTED_EDGE('',*,*,#4766,.T.);
#4766=EDGE_CURVE('',#4234,#4767,#4769,.T.);
#4767=VERTEX_POINT('',#4768);
#4768=CARTESIAN_POINT('',(0.449999988079,6.27942276001,-2.64999999851));
#4769=LINE('',#4235,#54);
#4770=ORIENTED_EDGE('',*,*,#4771,.T.);
#4771=EDGE_CURVE('',#4767,#3790,#4772,.T.);
#4772=LINE('',#4768,#4773);
#4773=VECTOR('',#4774,1.);
#4774=DIRECTION('',(-8.159046277021E-02,3.379592607205E-02,0.996092782709));
#4775=PLANE('',#4776);
#4776=AXIS2_PLACEMENT_3D('',#4777,#4778,#4366);
#4777=CARTESIAN_POINT('',(0.393333405096,6.302894861825,-1.268861840494));
#4778=DIRECTION('',(0.382683914,0.923879333012,0.));
#4779=ADVANCED_FACE('',(#4780),#4795,.T.);
#4780=FACE_BOUND('',#4781,.T.);
#4781=EDGE_LOOP('',(#4782,#4789,#4794));
#4782=ORIENTED_EDGE('',*,*,#4783,.T.);
#4783=EDGE_CURVE('',#3070,#4784,#4786,.T.);
#4784=VERTEX_POINT('',#4785);
#4785=CARTESIAN_POINT('',(0.636396110058,6.136395931244,9.6858000731E-08));
#4786=LINE('',#3071,#4787);
#4787=VECTOR('',#4788,1.);
#4788=DIRECTION('',(-0.87250983868,-0.488596542566,0.));
#4789=ORIENTED_EDGE('',*,*,#4790,.T.);
#4790=EDGE_CURVE('',#4784,#4234,#4791,.T.);
#4791=LINE('',#4785,#4792);
#4792=VECTOR('',#4793,1.);
#4793=DIRECTION('',(-0.793353229458,0.608761573449,0.));
#4794=ORIENTED_EDGE('',*,*,#4233,.F.);
#4795=PLANE('',#4796);
#4796=AXIS2_PLACEMENT_3D('',#4797,#55,#199);
#4797=CARTESIAN_POINT('',(1.220808782861,6.53160813539,9.6858000731E-08));
#4798=ADVANCED_FACE('',(#4799),#4813,.T.);
#4799=FACE_BOUND('',#4800,.T.);
#4800=EDGE_LOOP('',(#4801,#4807,#4812));
#4801=ORIENTED_EDGE('',*,*,#4802,.T.);
#4802=EDGE_CURVE('',#4253,#4803,#4805,.T.);
#4803=VERTEX_POINT('',#4804);
#4804=CARTESIAN_POINT('',(-0.232937142253,6.369333267212,9.6858000731E-08));
#4805=LINE('',#4254,#4806);
#4806=VECTOR('',#4391,1.);
#4807=ORIENTED_EDGE('',*,*,#4808,.T.);
#4808=EDGE_CURVE('',#4803,#2015,#4809,.T.);
#4809=LINE('',#4804,#4810);
#4810=VECTOR('',#4811,1.);
#4811=DIRECTION('',(-0.957744503598,0.287620350164,0.));
#4812=ORIENTED_EDGE('',*,*,#4259,.F.);
#4813=PLANE('',#4814);
#4814=AXIS2_PLACEMENT_3D('',#4815,#55,#199);
#4815=CARTESIAN_POINT('',(-1.00176366548,6.628116885153,9.6858000731E-08));
#4816=ADVANCED_FACE('',(#4817),#4830,.T.);
#4817=FACE_BOUND('',#4818,.T.);
#4818=EDGE_LOOP('',(#4819,#4820,#4825));
#4819=ORIENTED_EDGE('',*,*,#4252,.F.);
#4820=ORIENTED_EDGE('',*,*,#4821,.T.);
#4821=EDGE_CURVE('',#3790,#4822,#4824,.T.);
#4822=VERTEX_POINT('',#4823);
#4823=CARTESIAN_POINT('',(0.232937142253,6.369333267212,-2.64999999851));
#4824=LINE('',#3791,#54);
#4825=ORIENTED_EDGE('',*,*,#4826,.T.);
#4826=EDGE_CURVE('',#4822,#4253,#4827,.T.);
#4827=LINE('',#4823,#4828);
#4828=VECTOR('',#4829,1.);
#4829=DIRECTION('',(-8.75573577605E-02,1.15271717435E-02,0.996092783537));
#4830=PLANE('',#4831);
#4831=AXIS2_PLACEMENT_3D('',#4832,#4833,#3856);
#4832=CARTESIAN_POINT('',(0.172126404276,6.377339171438,-1.268861846195));
#4833=DIRECTION('',(0.130526491765,0.991444821938,0.));
#4834=ADVANCED_FACE('',(#4835),#4848,.T.);
#4835=FACE_BOUND('',#4836,.T.);
#4836=EDGE_LOOP('',(#4837,#4842,#4843));
#4837=ORIENTED_EDGE('',*,*,#4838,.T.);
#4838=EDGE_CURVE('',#4839,#4273,#4841,.T.);
#4839=VERTEX_POINT('',#4840);
#4840=CARTESIAN_POINT('',(0.232937142253,-6.369333267212,-2.64999999851));
#4841=LINE('',#4840,#4293);
#4842=ORIENTED_EDGE('',*,*,#4272,.F.);
#4843=ORIENTED_EDGE('',*,*,#4844,.T.);
#4844=EDGE_CURVE('',#3809,#4839,#4845,.T.);
#4845=LINE('',#3810,#4846);
#4846=VECTOR('',#4847,1.);
#4847=DIRECTION('',(-8.159046277021E-02,-3.379592607205E-02,-0.996092782709));
#4848=PLANE('',#4849);
#4849=AXIS2_PLACEMENT_3D('',#4850,#4851,#4852);
#4850=CARTESIAN_POINT('',(0.393333405096,-6.302894861825,-1.381138061158));
#4851=DIRECTION('',(0.382683914,-0.923879333012,0.));
#4852=DIRECTION('',(-0.923879333012,-0.382683914,0.));
#4853=ADVANCED_FACE('',(#4854),#4865,.T.);
#4854=FACE_BOUND('',#4855,.T.);
#4855=EDGE_LOOP('',(#4856,#4861,#4864));
#4856=ORIENTED_EDGE('',*,*,#4857,.T.);
#4857=EDGE_CURVE('',#4273,#4858,#4860,.T.);
#4858=VERTEX_POINT('',#4859);
#4859=CARTESIAN_POINT('',(0.636396110058,-6.136395931244,-2.64999999851));
#4860=LINE('',#4274,#3817);
#4861=ORIENTED_EDGE('',*,*,#4862,.T.);
#4862=EDGE_CURVE('',#4858,#3397,#4863,.T.);
#4863=LINE('',#4859,#82);
#4864=ORIENTED_EDGE('',*,*,#4277,.F.);
#4865=PLANE('',#4866);
#4866=AXIS2_PLACEMENT_3D('',#4867,#4284,#4285);
#4867=CARTESIAN_POINT('',(0.587735403925,-6.173734618389,-1.381138065859));
#4868=ADVANCED_FACE('',(#4869),#4876,.T.);
#4869=FACE_BOUND('',#4870,.T.);
#4870=EDGE_LOOP('',(#4871,#4872,#4875));
#4871=ORIENTED_EDGE('',*,*,#4291,.F.);
#4872=ORIENTED_EDGE('',*,*,#4873,.T.);
#4873=EDGE_CURVE('',#3867,#4839,#4874,.T.);
#4874=LINE('',#3868,#54);
#4875=ORIENTED_EDGE('',*,*,#4844,.F.);
#4876=PLANE('',#4877);
#4877=AXIS2_PLACEMENT_3D('',#4878,#4851,#4852);
#4878=CARTESIAN_POINT('',(0.289603725236,-6.345861165397,-1.268861840494));
#4879=ADVANCED_FACE('',(#4880),#4887,.T.);
#4880=FACE_BOUND('',#4881,.T.);
#4881=EDGE_LOOP('',(#4882,#4883,#4886));
#4882=ORIENTED_EDGE('',*,*,#4862,.F.);
#4883=ORIENTED_EDGE('',*,*,#4884,.T.);
#4884=EDGE_CURVE('',#4858,#4304,#4885,.T.);
#4885=LINE('',#4859,#3832);
#4886=ORIENTED_EDGE('',*,*,#4309,.F.);
#4887=PLANE('',#4888);
#4888=AXIS2_PLACEMENT_3D('',#4889,#4316,#3833);
#4889=CARTESIAN_POINT('',(0.673734781399,-6.087735225429,-1.381138057589));
#4890=ADVANCED_FACE('',(#4891),#4904,.T.);
#4891=FACE_BOUND('',#4892,.T.);
#4892=EDGE_LOOP('',(#4893,#4894,#4899));
#4893=ORIENTED_EDGE('',*,*,#4303,.F.);
#4894=ORIENTED_EDGE('',*,*,#4895,.T.);
#4895=EDGE_CURVE('',#4304,#4896,#4898,.T.);
#4896=VERTEX_POINT('',#4897);
#4897=CARTESIAN_POINT('',(0.869333267212,-5.732937335968,-2.64999999851));
#4898=LINE('',#4305,#4326);
#4899=ORIENTED_EDGE('',*,*,#4900,.T.);
#4900=EDGE_CURVE('',#4896,#3829,#4901,.T.);
#4901=LINE('',#4897,#4902);
#4902=VECTOR('',#4903,1.);
#4903=DIRECTION('',(-3.379588170044E-02,-8.159032379814E-02,0.996092795598));
#4904=PLANE('',#4905);
#4905=AXIS2_PLACEMENT_3D('',#4906,#4907,#4327);
#4906=CARTESIAN_POINT('',(0.80289494827,-5.893333327502,-1.381137972316));
#4907=DIRECTION('',(0.923879280196,-0.382684041508,0.));
#4908=ADVANCED_FACE('',(#4909),#4916,.T.);
#4909=FACE_BOUND('',#4910,.T.);
#4910=EDGE_LOOP('',(#4911,#4914,#4915));
#4911=ORIENTED_EDGE('',*,*,#4912,.T.);
#4912=EDGE_CURVE('',#4896,#4323,#4913,.T.);
#4913=LINE('',#4897,#82);
#4914=ORIENTED_EDGE('',*,*,#4322,.F.);
#4915=ORIENTED_EDGE('',*,*,#4900,.F.);
#4916=PLANE('',#4917);
#4917=AXIS2_PLACEMENT_3D('',#4918,#4907,#4327);
#4918=CARTESIAN_POINT('',(0.845861198161,-5.789603817731,-1.268861929336));
#4919=ADVANCED_FACE('',(#4920),#4933,.T.);
#4920=FACE_BOUND('',#4921,.T.);
#4921=EDGE_LOOP('',(#4922,#4923,#4930));
#4922=ORIENTED_EDGE('',*,*,#4329,.F.);
#4923=ORIENTED_EDGE('',*,*,#4924,.T.);
#4924=EDGE_CURVE('',#4323,#4925,#4927,.T.);
#4925=VERTEX_POINT('',#4926);
#4926=CARTESIAN_POINT('',(0.899999976158,-5.5,9.6858000731E-08));
#4927=LINE('',#4324,#4928);
#4928=VECTOR('',#4929,1.);
#4929=DIRECTION('',(0.130525886323,0.991444901646,0.));
#4930=ORIENTED_EDGE('',*,*,#4931,.T.);
#4931=EDGE_CURVE('',#4925,#2846,#4932,.T.);
#4932=LINE('',#4926,#3560);
#4933=PLANE('',#4934);
#4934=AXIS2_PLACEMENT_3D('',#4935,#55,#199);
#4935=CARTESIAN_POINT('',(1.40666904188,-6.214327253907,9.6858000731E-08));
#4936=ADVANCED_FACE('',(#4937),#4950,.T.);
#4937=FACE_BOUND('',#4938,.T.);
#4938=EDGE_LOOP('',(#4939,#4944,#4945));
#4939=ORIENTED_EDGE('',*,*,#4940,.T.);
#4940=EDGE_CURVE('',#4941,#4340,#4943,.T.);
#4941=VERTEX_POINT('',#4942);
#4942=CARTESIAN_POINT('',(-0.449999988079,-6.27942276001,-2.64999999851));
#4943=LINE('',#4942,#4365);
#4944=ORIENTED_EDGE('',*,*,#4339,.F.);
#4945=ORIENTED_EDGE('',*,*,#4946,.T.);
#4946=EDGE_CURVE('',#3847,#4941,#4947,.T.);
#4947=LINE('',#3848,#4948);
#4948=VECTOR('',#4949,1.);
#4949=DIRECTION('',(-8.159046277021E-02,3.379592607205E-02,-0.996092782709));
#4950=PLANE('',#4951);
#4951=AXIS2_PLACEMENT_3D('',#4952,#4953,#4243);
#4952=CARTESIAN_POINT('',(-0.289603725236,-6.345861165397,-1.381138061158));
#4953=DIRECTION('',(-0.382683914,-0.923879333012,0.));
#4954=ADVANCED_FACE('',(#4955),#4962,.T.);
#4955=FACE_BOUND('',#4956,.T.);
#4956=EDGE_LOOP('',(#4957,#4960,#4961));
#4957=ORIENTED_EDGE('',*,*,#4958,.T.);
#4958=EDGE_CURVE('',#4340,#4377,#4959,.T.);
#4959=LINE('',#4341,#3855);
#4960=ORIENTED_EDGE('',*,*,#4376,.F.);
#4961=ORIENTED_EDGE('',*,*,#4344,.F.);
#4962=PLANE('',#4963);
#4963=AXIS2_PLACEMENT_3D('',#4964,#4351,#4257);
#4964=CARTESIAN_POINT('',(-6.081073797709E-02,-6.391994191141,-1.381138055457));
#4965=ADVANCED_FACE('',(#4966),#4973,.T.);
#4966=FACE_BOUND('',#4967,.T.);
#4967=EDGE_LOOP('',(#4968,#4969,#4972));
#4968=ORIENTED_EDGE('',*,*,#4363,.F.);
#4969=ORIENTED_EDGE('',*,*,#4970,.T.);
#4970=EDGE_CURVE('',#4357,#4941,#4971,.T.);
#4971=LINE('',#4358,#54);
#4972=ORIENTED_EDGE('',*,*,#4946,.F.);
#4973=PLANE('',#4974);
#4974=AXIS2_PLACEMENT_3D('',#4975,#4953,#4243);
#4975=CARTESIAN_POINT('',(-0.393333405096,-6.302894861825,-1.268861840494));
#4976=ADVANCED_FACE('',(#4977),#4992,.T.);
#4977=FACE_BOUND('',#4978,.T.);
#4978=EDGE_LOOP('',(#4979,#4986,#4991));
#4979=ORIENTED_EDGE('',*,*,#4980,.T.);
#4980=EDGE_CURVE('',#2291,#4981,#4983,.T.);
#4981=VERTEX_POINT('',#4982);
#4982=CARTESIAN_POINT('',(-0.636396110058,-6.136395931244,9.6858000731E-08));
#4983=LINE('',#2292,#4984);
#4984=VECTOR('',#4985,1.);
#4985=DIRECTION('',(0.87250983868,0.488596542566,0.));
#4986=ORIENTED_EDGE('',*,*,#4987,.T.);
#4987=EDGE_CURVE('',#4981,#4357,#4988,.T.);
#4988=LINE('',#4982,#4989);
#4989=VECTOR('',#4990,1.);
#4990=DIRECTION('',(0.793353229458,-0.608761573449,0.));
#4991=ORIENTED_EDGE('',*,*,#4356,.F.);
#4992=PLANE('',#4993);
#4993=AXIS2_PLACEMENT_3D('',#4994,#55,#199);
#4994=CARTESIAN_POINT('',(-1.220808782861,-6.53160813539,9.6858000731E-08));
#4995=ADVANCED_FACE('',(#4996),#5003,.T.);
#4996=FACE_BOUND('',#4997,.T.);
#4997=EDGE_LOOP('',(#4998,#5001,#5002));
#4998=ORIENTED_EDGE('',*,*,#4999,.T.);
#4999=EDGE_CURVE('',#4377,#4839,#5000,.T.);
#5000=LINE('',#4378,#3870);
#5001=ORIENTED_EDGE('',*,*,#4873,.F.);
#5002=ORIENTED_EDGE('',*,*,#4383,.F.);
#5003=PLANE('',#5004);
#5004=AXIS2_PLACEMENT_3D('',#5005,#4390,#4391);
#5005=CARTESIAN_POINT('',(0.172126404276,-6.377339171438,-1.381138055457));
#5006=ADVANCED_FACE('',(#5007),#5016,.T.);
#5007=FACE_BOUND('',#5008,.T.);
#5008=EDGE_LOOP('',(#5009,#5010,#5015));
#5009=ORIENTED_EDGE('',*,*,#4415,.F.);
#5010=ORIENTED_EDGE('',*,*,#5011,.T.);
#5011=EDGE_CURVE('',#4409,#4215,#5012,.T.);
#5012=LINE('',#4410,#5013);
#5013=VECTOR('',#5014,1.);
#5014=DIRECTION('',(5.635594810377E-02,0.998410740684,0.));
#5015=ORIENTED_EDGE('',*,*,#4396,.F.);
#5016=PLANE('',#5017);
#5017=AXIS2_PLACEMENT_3D('',#5018,#55,#199);
#5018=CARTESIAN_POINT('',(6.041410080071,-1.69028226406E-03,9.6858000731E-08));
#5019=ADVANCED_FACE('',(#5020),#5033,.T.);
#5020=FACE_BOUND('',#5021,.T.);
#5021=EDGE_LOOP('',(#5022,#5029,#5032));
#5022=ORIENTED_EDGE('',*,*,#5023,.T.);
#5023=EDGE_CURVE('',#3909,#5024,#5026,.T.);
#5024=VERTEX_POINT('',#5025);
#5025=CARTESIAN_POINT('',(5.800000190735,-0.40000000596,9.6858000731E-08));
#5026=LINE('',#3910,#5027);
#5027=VECTOR('',#5028,1.);
#5028=DIRECTION('',(-0.447213222316,0.894427377592,0.));
#5029=ORIENTED_EDGE('',*,*,#5030,.T.);
#5030=EDGE_CURVE('',#5024,#4409,#5031,.T.);
#5031=LINE('',#5025,#34);
#5032=ORIENTED_EDGE('',*,*,#4408,.F.);
#5033=PLANE('',#5034);
#5034=AXIS2_PLACEMENT_3D('',#5035,#55,#199);
#5035=CARTESIAN_POINT('',(5.900000095367,-0.469098330519,9.6858000731E-08));
#5036=ADVANCED_FACE('',(#5037),#5046,.T.);
#5037=FACE_BOUND('',#5038,.T.);
#5038=EDGE_LOOP('',(#5039,#5040,#5045));
#5039=ORIENTED_EDGE('',*,*,#4433,.F.);
#5040=ORIENTED_EDGE('',*,*,#5041,.T.);
#5041=EDGE_CURVE('',#4427,#5024,#5042,.T.);
#5042=LINE('',#4428,#5043);
#5043=VECTOR('',#5044,1.);
#5044=DIRECTION('',(0.294298834832,0.95571344859,0.));
#5045=ORIENTED_EDGE('',*,*,#5023,.F.);
#5046=PLANE('',#5047);
#5047=AXIS2_PLACEMENT_3D('',#5048,#55,#199);
#5048=CARTESIAN_POINT('',(5.816700539659,-0.521371622762,9.6858000731E-08));
#5049=ADVANCED_FACE('',(#5050),#5065,.T.);
#5050=FACE_BOUND('',#5051,.T.);
#5051=EDGE_LOOP('',(#5052,#5059,#5064));
#5052=ORIENTED_EDGE('',*,*,#5053,.T.);
#5053=EDGE_CURVE('',#2177,#5054,#5056,.T.);
#5054=VERTEX_POINT('',#5055);
#5055=CARTESIAN_POINT('',(5.599999904633,-0.519615232944,9.6858000731E-08));
#5056=LINE('',#2178,#5057);
#5057=VECTOR('',#5058,1.);
#5058=DIRECTION('',(9.362513857633E-02,0.995607519772,0.));
#5059=ORIENTED_EDGE('',*,*,#5060,.T.);
#5060=EDGE_CURVE('',#5054,#4427,#5061,.T.);
#5061=LINE('',#5055,#5062);
#5062=VECTOR('',#5063,1.);
#5063=DIRECTION('',(0.92387953257,-0.382683432223,0.));
#5064=ORIENTED_EDGE('',*,*,#4426,.F.);
#5065=PLANE('',#5066);
#5066=AXIS2_PLACEMENT_3D('',#5067,#55,#199);
#5067=CARTESIAN_POINT('',(5.340125560054,-3.686275481368,9.6858000731E-08));
#5068=ADVANCED_FACE('',(#5069),#5082,.T.);
#5069=FACE_BOUND('',#5070,.T.);
#5070=EDGE_LOOP('',(#5071,#5078,#5079));
#5071=ORIENTED_EDGE('',*,*,#5072,.T.);
#5072=EDGE_CURVE('',#5073,#4473,#5075,.T.);
#5073=VERTEX_POINT('',#5074);
#5074=CARTESIAN_POINT('',(-0.636396110058,6.136395931244,9.6858000731E-08));
#5075=LINE('',#5074,#5076);
#5076=VECTOR('',#5077,1.);
#5077=DIRECTION('',(-0.608761413772,-0.793353351983,0.));
#5078=ORIENTED_EDGE('',*,*,#4480,.F.);
#5079=ORIENTED_EDGE('',*,*,#5080,.T.);
#5080=EDGE_CURVE('',#2015,#5073,#5081,.T.);
#5081=LINE('',#2016,#3405);
#5082=PLANE('',#5083);
#5083=AXIS2_PLACEMENT_3D('',#5084,#55,#199);
#5084=CARTESIAN_POINT('',(-1.308398359316,6.441729308856,9.6858000731E-08));
#5085=ADVANCED_FACE('',(#5086),#5099,.T.);
#5086=FACE_BOUND('',#5087,.T.);
#5087=EDGE_LOOP('',(#5088,#5093,#5094));
#5088=ORIENTED_EDGE('',*,*,#5089,.T.);
#5089=EDGE_CURVE('',#5090,#3982,#5092,.T.);
#5090=VERTEX_POINT('',#5091);
#5091=CARTESIAN_POINT('',(-0.869333267212,5.732937335968,-2.64999999851));
#5092=LINE('',#5091,#82);
#5093=ORIENTED_EDGE('',*,*,#4472,.F.);
#5094=ORIENTED_EDGE('',*,*,#5095,.T.);
#5095=EDGE_CURVE('',#4473,#5090,#5096,.T.);
#5096=LINE('',#4474,#5097);
#5097=VECTOR('',#5098,1.);
#5098=DIRECTION('',(-3.379588170044E-02,-8.159032379814E-02,-0.996092795598));
#5099=PLANE('',#5100);
#5100=AXIS2_PLACEMENT_3D('',#5101,#5102,#4477);
#5101=CARTESIAN_POINT('',(-0.845861198161,5.789603817731,-1.268861929336));
#5102=DIRECTION('',(-0.923879280196,0.382684041508,0.));
#5103=ADVANCED_FACE('',(#5104),#5111,.T.);
#5104=FACE_BOUND('',#5105,.T.);
#5105=EDGE_LOOP('',(#5106,#5107,#5110));
#5106=ORIENTED_EDGE('',*,*,#5089,.F.);
#5107=ORIENTED_EDGE('',*,*,#5108,.T.);
#5108=EDGE_CURVE('',#5090,#4490,#5109,.T.);
#5109=LINE('',#5091,#3985);
#5110=ORIENTED_EDGE('',*,*,#4495,.F.);
#5111=PLANE('',#5112);
#5112=AXIS2_PLACEMENT_3D('',#5113,#4502,#3986);
#5113=CARTESIAN_POINT('',(-0.877339140571,5.672126545492,-1.381138095684));
#5114=ADVANCED_FACE('',(#5115),#5122,.T.);
#5115=FACE_BOUND('',#5116,.T.);
#5116=EDGE_LOOP('',(#5117,#5118,#5121));
#5117=ORIENTED_EDGE('',*,*,#4489,.F.);
#5118=ORIENTED_EDGE('',*,*,#5119,.T.);
#5119=EDGE_CURVE('',#4490,#4508,#5120,.T.);
#5120=LINE('',#4491,#4005);
#5121=ORIENTED_EDGE('',*,*,#4513,.F.);
#5122=PLANE('',#5123);
#5123=AXIS2_PLACEMENT_3D('',#5124,#4520,#4006);
#5124=CARTESIAN_POINT('',(-0.891994102799,5.439189209524,-1.381138095684));
#5125=ADVANCED_FACE('',(#5126),#5139,.T.);
#5126=FACE_BOUND('',#5127,.T.);
#5127=EDGE_LOOP('',(#5128,#5129,#5134));
#5128=ORIENTED_EDGE('',*,*,#4507,.F.);
#5129=ORIENTED_EDGE('',*,*,#5130,.T.);
#5130=EDGE_CURVE('',#4508,#5131,#5133,.T.);
#5131=VERTEX_POINT('',#5132);
#5132=CARTESIAN_POINT('',(-0.779422879219,5.050000190735,-2.64999999851));
#5133=LINE('',#4509,#4732);
#5134=ORIENTED_EDGE('',*,*,#5135,.T.);
#5135=EDGE_CURVE('',#5131,#4002,#5136,.T.);
#5136=LINE('',#5132,#5137);
#5137=VECTOR('',#5138,1.);
#5138=DIRECTION('',(-3.379588170044E-02,8.159032379814E-02,0.996092795598));
#5139=PLANE('',#5140);
#5140=AXIS2_PLACEMENT_3D('',#5141,#5142,#4733);
#5141=CARTESIAN_POINT('',(-0.845861198161,5.210396182269,-1.381137972316));
#5142=DIRECTION('',(-0.923879280196,-0.382684041508,0.));
#5143=ADVANCED_FACE('',(#5144),#5157,.T.);
#5144=FACE_BOUND('',#5145,.T.);
#5145=EDGE_LOOP('',(#5146,#5147,#5152));
#5146=ORIENTED_EDGE('',*,*,#4532,.F.);
#5147=ORIENTED_EDGE('',*,*,#5148,.T.);
#5148=EDGE_CURVE('',#4002,#5149,#5151,.T.);
#5149=VERTEX_POINT('',#5150);
#5150=CARTESIAN_POINT('',(-0.779422879219,5.050000190735,9.6858000731E-08));
#5151=LINE('',#4003,#4732);
#5152=ORIENTED_EDGE('',*,*,#5153,.T.);
#5153=EDGE_CURVE('',#5149,#4526,#5154,.T.);
#5154=LINE('',#5150,#5155);
#5155=VECTOR('',#5156,1.);
#5156=DIRECTION('',(-5.615390052058E-03,-0.999984233573,0.));
#5157=PLANE('',#5158);
#5158=AXIS2_PLACEMENT_3D('',#5159,#55,#199);
#5159=CARTESIAN_POINT('',(-0.813185705184,3.330561809755,9.6858000731E-08));
#5160=ADVANCED_FACE('',(#5161),#5168,.T.);
#5161=FACE_BOUND('',#5162,.T.);
#5162=EDGE_LOOP('',(#5163,#5164,#5167));
#5163=ORIENTED_EDGE('',*,*,#4525,.F.);
#5164=ORIENTED_EDGE('',*,*,#5165,.T.);
#5165=EDGE_CURVE('',#4526,#4565,#5166,.T.);
#5166=LINE('',#4527,#54);
#5167=ORIENTED_EDGE('',*,*,#4570,.F.);
#5168=PLANE('',#5169);
#5169=AXIS2_PLACEMENT_3D('',#5170,#4577,#4578);
#5170=CARTESIAN_POINT('',(-0.889331373348,1.31709428578,-1.228757749834));
#5171=ADVANCED_FACE('',(#5172),#5187,.T.);
#5172=FACE_BOUND('',#5173,.T.);
#5173=EDGE_LOOP('',(#5174,#5181,#5182));
#5174=ORIENTED_EDGE('',*,*,#5175,.T.);
#5175=EDGE_CURVE('',#5176,#4545,#5178,.T.);
#5176=VERTEX_POINT('',#5177);
#5177=CARTESIAN_POINT('',(-0.712499976158,1.234086155891,-3.));
#5178=LINE('',#5177,#5179);
#5179=VECTOR('',#5180,1.);
#5180=DIRECTION('',(-0.79335334464,-0.608761423341,0.));
#5181=ORIENTED_EDGE('',*,*,#4544,.F.);
#5182=ORIENTED_EDGE('',*,*,#5183,.T.);
#5183=EDGE_CURVE('',#4020,#5176,#5184,.T.);
#5184=LINE('',#4021,#5185);
#5185=VECTOR('',#5186,1.);
#5186=DIRECTION('',(0.754137133715,0.184929013502,-0.630141605925));
#5187=PLANE('',#5188);
#5188=AXIS2_PLACEMENT_3D('',#5189,#5190,#5191);
#5189=CARTESIAN_POINT('',(-0.948268917784,1.131676567661,-2.874365168038));
#5190=DIRECTION('',(-0.545422730325,0.710808751599,-0.444145205866));
#5191=DIRECTION('',(0.79335334464,0.608761423341,6.815104036662E-13));
#5192=ADVANCED_FACE('',(#5193),#5202,.T.);
#5193=FACE_BOUND('',#5194,.T.);
#5194=EDGE_LOOP('',(#5195,#5196,#5201));
#5195=ORIENTED_EDGE('',*,*,#4564,.F.);
#5196=ORIENTED_EDGE('',*,*,#5197,.T.);
#5197=EDGE_CURVE('',#4565,#5176,#5198,.T.);
#5198=LINE('',#4566,#5199);
#5199=VECTOR('',#5200,1.);
#5200=DIRECTION('',(0.223606879466,-0.38729836803,-0.894427156104));
#5201=ORIENTED_EDGE('',*,*,#5183,.F.);
#5202=PLANE('',#5203);
#5203=AXIS2_PLACEMENT_3D('',#5204,#5205,#5206);
#5204=CARTESIAN_POINT('',(-0.887810466265,1.242387522703,-2.771428283013));
#5205=DIRECTION('',(-0.545422638147,0.710808922622,-0.44414504536));
#5206=DIRECTION('',(0.793353465068,0.608761266396,5.355993426548E-13));
#5207=ADVANCED_FACE('',(#5208),#5213,.T.);
#5208=FACE_BOUND('',#5209,.T.);
#5209=EDGE_LOOP('',(#5210,#5211,#5212));
#5210=ORIENTED_EDGE('',*,*,#4630,.F.);
#5211=ORIENTED_EDGE('',*,*,#4583,.F.);
#5212=ORIENTED_EDGE('',*,*,#4640,.F.);
#5213=PLANE('',#5214);
#5214=AXIS2_PLACEMENT_3D('',#5215,#55,#199);
#5215=CARTESIAN_POINT('',(-1.166539949529,0.16307096957,-3.));
#5216=ADVANCED_FACE('',(#5217),#5222,.T.);
#5217=FACE_BOUND('',#5218,.T.);
#5218=EDGE_LOOP('',(#5219,#5220,#5221));
#5219=ORIENTED_EDGE('',*,*,#4615,.F.);
#5220=ORIENTED_EDGE('',*,*,#4598,.F.);
#5221=ORIENTED_EDGE('',*,*,#4625,.F.);
#5222=PLANE('',#5223);
#5223=AXIS2_PLACEMENT_3D('',#5224,#55,#199);
#5224=CARTESIAN_POINT('',(-1.329127710096,0.176587954613,-3.));
#5225=ADVANCED_FACE('',(#5226),#5235,.T.);
#5226=FACE_BOUND('',#5227,.T.);
#5227=EDGE_LOOP('',(#5228,#5229,#5230));
#5228=ORIENTED_EDGE('',*,*,#4645,.F.);
#5229=ORIENTED_EDGE('',*,*,#5175,.F.);
#5230=ORIENTED_EDGE('',*,*,#5231,.T.);
#5231=EDGE_CURVE('',#5176,#4108,#5232,.T.);
#5232=LINE('',#5177,#5233);
#5233=VECTOR('',#5234,1.);
#5234=DIRECTION('',(-0.130526192434,-0.991444861346,0.));
#5235=PLANE('',#5236);
#5236=AXIS2_PLACEMENT_3D('',#5237,#55,#199);
#5237=CARTESIAN_POINT('',(-0.924039077961,0.144778751036,-3.));
#5238=ADVANCED_FACE('',(#5239),#5254,.T.);
#5239=FACE_BOUND('',#5240,.T.);
#5240=EDGE_LOOP('',(#5241,#5248,#5253));
#5241=ORIENTED_EDGE('',*,*,#5242,.T.);
#5242=EDGE_CURVE('',#4108,#5243,#5245,.T.);
#5243=VERTEX_POINT('',#5244);
#5244=CARTESIAN_POINT('',(-0.712499976158,-1.234086155891,-3.));
#5245=LINE('',#4109,#5246);
#5246=VECTOR('',#5247,1.);
#5247=DIRECTION('',(0.79335334464,-0.608761423341,0.));
#5248=ORIENTED_EDGE('',*,*,#5249,.T.);
#5249=EDGE_CURVE('',#5243,#4655,#5250,.T.);
#5250=LINE('',#5244,#5251);
#5251=VECTOR('',#5252,1.);
#5252=DIRECTION('',(-0.223606879466,-0.38729836803,0.894427156104));
#5253=ORIENTED_EDGE('',*,*,#4660,.F.);
#5254=PLANE('',#5255);
#5255=AXIS2_PLACEMENT_3D('',#5256,#5257,#5258);
#5256=CARTESIAN_POINT('',(-0.847685560579,-1.208856851573,-2.874365171376));
#5257=DIRECTION('',(-0.545422781565,-0.710808818376,-0.444145036074));
#5258=DIRECTION('',(-0.79335334464,0.608761423341,-5.034028749407E-13));
#5259=ADVANCED_FACE('',(#5260),#5274,.T.);
#5260=FACE_BOUND('',#5261,.T.);
#5261=EDGE_LOOP('',(#5262,#5268,#5269));
#5262=ORIENTED_EDGE('',*,*,#5263,.T.);
#5263=EDGE_CURVE('',#5264,#4143,#5266,.T.);
#5264=VERTEX_POINT('',#5265);
#5265=CARTESIAN_POINT('',(-0.414110481739,-1.545481324196,9.6858000731E-08));
#5266=LINE('',#5265,#5267);
#5267=VECTOR('',#3230,1.);
#5268=ORIENTED_EDGE('',*,*,#4674,.F.);
#5269=ORIENTED_EDGE('',*,*,#5270,.T.);
#5270=EDGE_CURVE('',#4655,#5264,#5271,.T.);
#5271=LINE('',#4656,#5272);
#5272=VECTOR('',#5273,1.);
#5273=DIRECTION('',(0.143842904073,-5.958169142159E-02,0.987805264713));
#5274=PLANE('',#5275);
#5275=AXIS2_PLACEMENT_3D('',#5276,#2946,#3230);
#5276=CARTESIAN_POINT('',(-0.695971449727,-1.428730669538,-1.228757744036));
#5277=ADVANCED_FACE('',(#5278),#5291,.T.);
#5278=FACE_BOUND('',#5279,.T.);
#5279=EDGE_LOOP('',(#5280,#5285,#5286));
#5280=ORIENTED_EDGE('',*,*,#5281,.T.);
#5281=EDGE_CURVE('',#5282,#4161,#5284,.T.);
#5282=VERTEX_POINT('',#5283);
#5283=CARTESIAN_POINT('',(-0.779422879219,-5.050000190735,9.6858000731E-08));
#5284=LINE('',#5283,#4476);
#5285=ORIENTED_EDGE('',*,*,#4686,.F.);
#5286=ORIENTED_EDGE('',*,*,#5287,.T.);
#5287=EDGE_CURVE('',#4143,#5282,#5288,.T.);
#5288=LINE('',#4144,#5289);
#5289=VECTOR('',#5290,1.);
#5290=DIRECTION('',(5.615390052058E-03,-0.999984233573,0.));
#5291=PLANE('',#5292);
#5292=AXIS2_PLACEMENT_3D('',#5293,#55,#199);
#5293=CARTESIAN_POINT('',(-0.813185705184,-3.330561809755,9.6858000731E-08));
#5294=ADVANCED_FACE('',(#5295),#5306,.T.);
#5295=FACE_BOUND('',#5296,.T.);
#5296=EDGE_LOOP('',(#5297,#5302,#5305));
#5297=ORIENTED_EDGE('',*,*,#5298,.T.);
#5298=EDGE_CURVE('',#4161,#5299,#5301,.T.);
#5299=VERTEX_POINT('',#5300);
#5300=CARTESIAN_POINT('',(-0.869333267212,-5.267062664032,-2.64999999851));
#5301=LINE('',#4162,#54);
#5302=ORIENTED_EDGE('',*,*,#5303,.T.);
#5303=EDGE_CURVE('',#5299,#4698,#5304,.T.);
#5304=LINE('',#5300,#3985);
#5305=ORIENTED_EDGE('',*,*,#4703,.F.);
#5306=PLANE('',#5307);
#5307=AXIS2_PLACEMENT_3D('',#5308,#4502,#3986);
#5308=CARTESIAN_POINT('',(-0.877339140571,-5.327873454508,-1.381138095684));
#5309=ADVANCED_FACE('',(#5310),#5317,.T.);
#5310=FACE_BOUND('',#5311,.T.);
#5311=EDGE_LOOP('',(#5312,#5313,#5316));
#5312=ORIENTED_EDGE('',*,*,#4697,.F.);
#5313=ORIENTED_EDGE('',*,*,#5314,.T.);
#5314=EDGE_CURVE('',#4698,#4713,#5315,.T.);
#5315=LINE('',#4699,#4005);
#5316=ORIENTED_EDGE('',*,*,#4718,.F.);
#5317=PLANE('',#5318);
#5318=AXIS2_PLACEMENT_3D('',#5319,#4520,#4006);
#5319=CARTESIAN_POINT('',(-0.891994102799,-5.560810790476,-1.381138095684));
#5320=ADVANCED_FACE('',(#5321),#5332,.T.);
#5321=FACE_BOUND('',#5322,.T.);
#5322=EDGE_LOOP('',(#5323,#5324,#5329));
#5323=ORIENTED_EDGE('',*,*,#4712,.F.);
#5324=ORIENTED_EDGE('',*,*,#5325,.T.);
#5325=EDGE_CURVE('',#4713,#5326,#5328,.T.);
#5326=VERTEX_POINT('',#5327);
#5327=CARTESIAN_POINT('',(-0.779422879219,-5.949999809265,-2.64999999851));
#5328=LINE('',#4714,#4732);
#5329=ORIENTED_EDGE('',*,*,#5330,.T.);
#5330=EDGE_CURVE('',#5326,#4179,#5331,.T.);
#5331=LINE('',#5327,#5137);
#5332=PLANE('',#5333);
#5333=AXIS2_PLACEMENT_3D('',#5334,#5142,#4733);
#5334=CARTESIAN_POINT('',(-0.845861198161,-5.789603817731,-1.381137972316));
#5335=ADVANCED_FACE('',(#5336),#5343,.T.);
#5336=FACE_BOUND('',#5337,.T.);
#5337=EDGE_LOOP('',(#5338,#5341,#5342));
#5338=ORIENTED_EDGE('',*,*,#5339,.T.);
#5339=EDGE_CURVE('',#5326,#4729,#5340,.T.);
#5340=LINE('',#5327,#82);
#5341=ORIENTED_EDGE('',*,*,#4728,.F.);
#5342=ORIENTED_EDGE('',*,*,#5330,.F.);
#5343=PLANE('',#5344);
#5344=AXIS2_PLACEMENT_3D('',#5345,#5142,#4733);
#5345=CARTESIAN_POINT('',(-0.80289494827,-5.893333327502,-1.268861929336));
#5346=ADVANCED_FACE('',(#5347),#5356,.T.);
#5347=FACE_BOUND('',#5348,.T.);
#5348=EDGE_LOOP('',(#5349,#5350,#5355));
#5349=ORIENTED_EDGE('',*,*,#4735,.F.);
#5350=ORIENTED_EDGE('',*,*,#5351,.T.);
#5351=EDGE_CURVE('',#4729,#4981,#5352,.T.);
#5352=LINE('',#4730,#5353);
#5353=VECTOR('',#5354,1.);
#5354=DIRECTION('',(0.608761413772,-0.793353351983,0.));
#5355=ORIENTED_EDGE('',*,*,#4980,.F.);
#5356=PLANE('',#5357);
#5357=AXIS2_PLACEMENT_3D('',#5358,#55,#199);
#5358=CARTESIAN_POINT('',(-1.308398359316,-6.441729308856,9.6858000731E-08));
#5359=ADVANCED_FACE('',(#5360),#5375,.T.);
#5360=FACE_BOUND('',#5361,.T.);
#5361=EDGE_LOOP('',(#5362,#5369,#5374));
#5362=ORIENTED_EDGE('',*,*,#5363,.T.);
#5363=EDGE_CURVE('',#4747,#5364,#5366,.T.);
#5364=VERTEX_POINT('',#5365);
#5365=CARTESIAN_POINT('',(5.744708538055,0.579555511475,9.6858000731E-08));
#5366=LINE('',#4748,#5367);
#5367=VECTOR('',#5368,1.);
#5368=DIRECTION('',(-0.991444868815,-0.130526135695,0.));
#5369=ORIENTED_EDGE('',*,*,#5370,.T.);
#5370=EDGE_CURVE('',#5364,#2622,#5371,.T.);
#5371=LINE('',#5365,#5372);
#5372=VECTOR('',#5373,1.);
#5373=DIRECTION('',(-0.117015885932,0.993130043066,0.));
#5374=ORIENTED_EDGE('',*,*,#4753,.F.);
#5375=PLANE('',#5376);
#5376=AXIS2_PLACEMENT_3D('',#5377,#55,#199);
#5377=CARTESIAN_POINT('',(5.416174951621,3.706534233411,9.6858000731E-08));
#5378=ADVANCED_FACE('',(#5379),#5392,.T.);
#5379=FACE_BOUND('',#5380,.T.);
#5380=EDGE_LOOP('',(#5381,#5386,#5387));
#5381=ORIENTED_EDGE('',*,*,#5382,.T.);
#5382=EDGE_CURVE('',#5383,#4747,#5385,.T.);
#5383=VERTEX_POINT('',#5384);
#5384=CARTESIAN_POINT('',(6.,0.40000000596,9.6858000731E-08));
#5385=LINE('',#5384,#5027);
#5386=ORIENTED_EDGE('',*,*,#4746,.F.);
#5387=ORIENTED_EDGE('',*,*,#5388,.T.);
#5388=EDGE_CURVE('',#4215,#5383,#5389,.T.);
#5389=LINE('',#4216,#5390);
#5390=VECTOR('',#5391,1.);
#5391=DIRECTION('',(-0.294298834832,-0.95571344859,0.));
#5392=PLANE('',#5393);
#5393=AXIS2_PLACEMENT_3D('',#5394,#55,#199);
#5394=CARTESIAN_POINT('',(5.983299651076,0.521371622762,9.6858000731E-08));
#5395=ADVANCED_FACE('',(#5396),#5409,.T.);
#5396=FACE_BOUND('',#5397,.T.);
#5397=EDGE_LOOP('',(#5398,#5403,#5404));
#5398=ORIENTED_EDGE('',*,*,#5399,.T.);
#5399=EDGE_CURVE('',#5400,#4767,#5402,.T.);
#5400=VERTEX_POINT('',#5401);
#5401=CARTESIAN_POINT('',(0.636396110058,6.136395931244,-2.64999999851));
#5402=LINE('',#5401,#4792);
#5403=ORIENTED_EDGE('',*,*,#4766,.F.);
#5404=ORIENTED_EDGE('',*,*,#5405,.T.);
#5405=EDGE_CURVE('',#4234,#5400,#5406,.T.);
#5406=LINE('',#4235,#5407);
#5407=VECTOR('',#5408,1.);
#5408=DIRECTION('',(7.006333019601E-02,-5.376150439359E-02,-0.996092782027));
#5409=PLANE('',#5410);
#5410=AXIS2_PLACEMENT_3D('',#5411,#5412,#4990);
#5411=CARTESIAN_POINT('',(0.498660694212,6.242084072865,-1.381138065859));
#5412=DIRECTION('',(0.608761573449,0.793353229458,0.));
#5413=ADVANCED_FACE('',(#5414),#5421,.T.);
#5414=FACE_BOUND('',#5415,.T.);
#5415=EDGE_LOOP('',(#5416,#5419,#5420));
#5416=ORIENTED_EDGE('',*,*,#5417,.T.);
#5417=EDGE_CURVE('',#4767,#4822,#5418,.T.);
#5418=LINE('',#4768,#4242);
#5419=ORIENTED_EDGE('',*,*,#4821,.F.);
#5420=ORIENTED_EDGE('',*,*,#4771,.F.);
#5421=PLANE('',#5422);
#5422=AXIS2_PLACEMENT_3D('',#5423,#4778,#4366);
#5423=CARTESIAN_POINT('',(0.289603725236,6.345861165397,-1.381138061158));
#5424=ADVANCED_FACE('',(#5425),#5432,.T.);
#5425=FACE_BOUND('',#5426,.T.);
#5426=EDGE_LOOP('',(#5427,#5428,#5431));
#5427=ORIENTED_EDGE('',*,*,#4790,.F.);
#5428=ORIENTED_EDGE('',*,*,#5429,.T.);
#5429=EDGE_CURVE('',#4784,#5400,#5430,.T.);
#5430=LINE('',#4785,#54);
#5431=ORIENTED_EDGE('',*,*,#5405,.F.);
#5432=PLANE('',#5433);
#5433=AXIS2_PLACEMENT_3D('',#5434,#5412,#4990);
#5434=CARTESIAN_POINT('',(0.587735403925,6.173734618389,-1.268861835793));
#5435=ADVANCED_FACE('',(#5436),#5449,.T.);
#5436=FACE_BOUND('',#5437,.T.);
#5437=EDGE_LOOP('',(#5438,#5443,#5448));
#5438=ORIENTED_EDGE('',*,*,#5439,.T.);
#5439=EDGE_CURVE('',#3070,#5440,#5442,.T.);
#5440=VERTEX_POINT('',#5441);
#5441=CARTESIAN_POINT('',(0.779422879219,5.949999809265,9.6858000731E-08));
#5442=LINE('',#3071,#4737);
#5443=ORIENTED_EDGE('',*,*,#5444,.T.);
#5444=EDGE_CURVE('',#5440,#4784,#5445,.T.);
#5445=LINE('',#5441,#5446);
#5446=VECTOR('',#5447,1.);
#5447=DIRECTION('',(-0.608761413772,0.793353351983,0.));
#5448=ORIENTED_EDGE('',*,*,#4783,.F.);
#5449=PLANE('',#5450);
#5450=AXIS2_PLACEMENT_3D('',#5451,#55,#199);
#5451=CARTESIAN_POINT('',(1.308398359316,6.441729308856,9.6858000731E-08));
#5452=ADVANCED_FACE('',(#5453),#5467,.T.);
#5453=FACE_BOUND('',#5454,.T.);
#5454=EDGE_LOOP('',(#5455,#5461,#5466));
#5455=ORIENTED_EDGE('',*,*,#5456,.T.);
#5456=EDGE_CURVE('',#4803,#5457,#5459,.T.);
#5457=VERTEX_POINT('',#5458);
#5458=CARTESIAN_POINT('',(-0.449999988079,6.27942276001,9.6858000731E-08));
#5459=LINE('',#4804,#5460);
#5460=VECTOR('',#4852,1.);
#5461=ORIENTED_EDGE('',*,*,#5462,.T.);
#5462=EDGE_CURVE('',#5457,#2015,#5463,.T.);
#5463=LINE('',#5458,#5464);
#5464=VECTOR('',#5465,1.);
#5465=DIRECTION('',(-0.928357406298,0.371688749051,0.));
#5466=ORIENTED_EDGE('',*,*,#4808,.F.);
#5467=PLANE('',#5468);
#5468=AXIS2_PLACEMENT_3D('',#5469,#55,#199);
#5469=CARTESIAN_POINT('',(-1.116234329339,6.595206496101,9.6858000731E-08));
#5470=ADVANCED_FACE('',(#5471),#5484,.T.);
#5471=FACE_BOUND('',#5472,.T.);
#5472=EDGE_LOOP('',(#5473,#5474,#5479));
#5473=ORIENTED_EDGE('',*,*,#4802,.F.);
#5474=ORIENTED_EDGE('',*,*,#5475,.T.);
#5475=EDGE_CURVE('',#4253,#5476,#5478,.T.);
#5476=VERTEX_POINT('',#5477);
#5477=CARTESIAN_POINT('',(-3.552713678801E-15,6.400000095367,-2.64999999851));
#5478=LINE('',#4254,#4380);
#5479=ORIENTED_EDGE('',*,*,#5480,.T.);
#5480=EDGE_CURVE('',#5476,#4803,#5481,.T.);
#5481=LINE('',#5477,#5482);
#5482=VECTOR('',#5483,1.);
#5483=DIRECTION('',(-8.75573577605E-02,-1.15271717435E-02,0.996092783537));
#5484=PLANE('',#5485);
#5485=AXIS2_PLACEMENT_3D('',#5486,#5487,#3871);
#5486=CARTESIAN_POINT('',(-6.081073797709E-02,6.391994191141,-1.268861846195));
#5487=DIRECTION('',(-0.130526491765,0.991444821938,0.));
#5488=ADVANCED_FACE('',(#5489),#5496,.T.);
#5489=FACE_BOUND('',#5490,.T.);
#5490=EDGE_LOOP('',(#5491,#5494,#5495));
#5491=ORIENTED_EDGE('',*,*,#5492,.T.);
#5492=EDGE_CURVE('',#4822,#5476,#5493,.T.);
#5493=LINE('',#4823,#4256);
#5494=ORIENTED_EDGE('',*,*,#5475,.F.);
#5495=ORIENTED_EDGE('',*,*,#4826,.F.);
#5496=PLANE('',#5497);
#5497=AXIS2_PLACEMENT_3D('',#5498,#4833,#3856);
#5498=CARTESIAN_POINT('',(6.081073797709E-02,6.391994191141,-1.381138055457));
#5499=ADVANCED_FACE('',(#5500),#5515,.T.);
#5500=FACE_BOUND('',#5501,.T.);
#5501=EDGE_LOOP('',(#5502,#5503,#5510));
#5502=ORIENTED_EDGE('',*,*,#4838,.F.);
#5503=ORIENTED_EDGE('',*,*,#5504,.T.);
#5504=EDGE_CURVE('',#4839,#5505,#5507,.T.);
#5505=VERTEX_POINT('',#5506);
#5506=CARTESIAN_POINT('',(0.187643811107,-6.200296401978,-3.));
#5507=LINE('',#4840,#5508);
#5508=VECTOR('',#5509,1.);
#5509=DIRECTION('',(-0.11574741067,0.431974839641,-0.89442734464));
#5510=ORIENTED_EDGE('',*,*,#5511,.T.);
#5511=EDGE_CURVE('',#5505,#4273,#5512,.T.);
#5512=LINE('',#5506,#5513);
#5513=VECTOR('',#5514,1.);
#5514=DIRECTION('',(0.59021045083,-0.178006875941,0.787378673732));
#5515=PLANE('',#5516);
#5516=AXIS2_PLACEMENT_3D('',#5517,#5518,#5519);
#5517=CARTESIAN_POINT('',(0.28412836867,-6.274833312237,-2.786601760203));
#5518=DIRECTION('',(0.342867603894,-0.827754398887,-0.444144640093));
#5519=DIRECTION('',(7.255307465925E-14,0.472804267716,-0.881167478082));
#5520=ADVANCED_FACE('',(#5521),#5536,.T.);
#5521=FACE_BOUND('',#5522,.T.);
#5522=EDGE_LOOP('',(#5523,#5524,#5531));
#5523=ORIENTED_EDGE('',*,*,#4857,.F.);
#5524=ORIENTED_EDGE('',*,*,#5525,.T.);
#5525=EDGE_CURVE('',#4273,#5526,#5528,.T.);
#5526=VERTEX_POINT('',#5527);
#5527=CARTESIAN_POINT('',(0.362500011921,-6.127868652344,-3.));
#5528=LINE('',#4274,#5529);
#5529=VECTOR('',#5530,1.);
#5530=DIRECTION('',(-0.22360681391,0.387297604389,-0.894427503159));
#5531=ORIENTED_EDGE('',*,*,#5532,.T.);
#5532=EDGE_CURVE('',#5526,#4858,#5533,.T.);
#5533=LINE('',#5527,#5534);
#5534=VECTOR('',#5535,1.);
#5535=DIRECTION('',(0.616171206132,-1.918341940851E-02,0.787378588199));
#5536=PLANE('',#5537);
#5537=AXIS2_PLACEMENT_3D('',#5538,#5539,#5540);
#5538=CARTESIAN_POINT('',(0.474988548155,-6.174893635401,-2.786601756816));
#5539=DIRECTION('',(0.54542311718,-0.710808977289,-0.444144369604));
#5540=DIRECTION('',(-0.793353229458,-0.608761573449,3.521904989867E-13));
#5541=ADVANCED_FACE('',(#5542),#5557,.T.);
#5542=FACE_BOUND('',#5543,.T.);
#5543=EDGE_LOOP('',(#5544,#5545,#5552));
#5544=ORIENTED_EDGE('',*,*,#4884,.F.);
#5545=ORIENTED_EDGE('',*,*,#5546,.T.);
#5546=EDGE_CURVE('',#4858,#5547,#5549,.T.);
#5547=VERTEX_POINT('',#5548);
#5548=CARTESIAN_POINT('',(0.512652397156,-6.012652397156,-3.));
#5549=LINE('',#4859,#5550);
#5550=VECTOR('',#5551,1.);
#5551=DIRECTION('',(-0.316227864188,0.316227407228,-0.894427283142));
#5552=ORIENTED_EDGE('',*,*,#5553,.T.);
#5553=EDGE_CURVE('',#5547,#4304,#5554,.T.);
#5554=LINE('',#5548,#5555);
#5555=VECTOR('',#5556,1.);
#5556=DIRECTION('',(0.600140966203,0.140946570779,0.787378488956));
#5557=PLANE('',#5558);
#5558=AXIS2_PLACEMENT_3D('',#5559,#5560,#5561);
#5559=CARTESIAN_POINT('',(0.633479019484,-6.028960987124,-2.786601766906));
#5560=DIRECTION('',(0.710808913912,-0.545422841251,-0.444144809881));
#5561=DIRECTION('',(0.608761413772,0.793353351983,2.568778523226E-13));
#5562=ADVANCED_FACE('',(#5563),#5578,.T.);
#5563=FACE_BOUND('',#5564,.T.);
#5564=EDGE_LOOP('',(#5565,#5566,#5573));
#5565=ORIENTED_EDGE('',*,*,#4895,.F.);
#5566=ORIENTED_EDGE('',*,*,#5567,.T.);
#5567=EDGE_CURVE('',#4304,#5568,#5570,.T.);
#5568=VERTEX_POINT('',#5569);
#5569=CARTESIAN_POINT('',(0.627868413925,-5.862500190735,-3.));
#5570=LINE('',#4305,#5571);
#5571=VECTOR('',#5572,1.);
#5572=DIRECTION('',(-0.387298460369,0.223605866537,-0.894427369352));
#5573=ORIENTED_EDGE('',*,*,#5574,.T.);
#5574=EDGE_CURVE('',#5568,#4896,#5575,.T.);
#5575=LINE('',#5569,#5576);
#5576=VECTOR('',#5577,1.);
#5577=DIRECTION('',(0.543212125875,0.291471461848,0.787378545066));
#5578=PLANE('',#5579);
#5579=AXIS2_PLACEMENT_3D('',#5580,#5581,#5582);
#5580=CARTESIAN_POINT('',(0.748798939738,-5.846980839712,-2.786601812147));
#5581=DIRECTION('',(0.827754311656,-0.342867701604,-0.444144727236));
#5582=DIRECTION('',(0.472804378432,-1.63341562498E-13,0.881167418676));
#5583=ADVANCED_FACE('',(#5584),#5597,.T.);
#5584=FACE_BOUND('',#5585,.T.);
#5585=EDGE_LOOP('',(#5586,#5587,#5592));
#5586=ORIENTED_EDGE('',*,*,#4912,.F.);
#5587=ORIENTED_EDGE('',*,*,#5588,.T.);
#5588=EDGE_CURVE('',#4896,#5589,#5591,.T.);
#5589=VERTEX_POINT('',#5590);
#5590=CARTESIAN_POINT('',(0.899999976158,-5.5,-2.64999999851));
#5591=LINE('',#4897,#4928);
#5592=ORIENTED_EDGE('',*,*,#5593,.T.);
#5593=EDGE_CURVE('',#5589,#4323,#5594,.T.);
#5594=LINE('',#5590,#5595);
#5595=VECTOR('',#5596,1.);
#5596=DIRECTION('',(-1.152712686709E-02,-8.755743006192E-02,0.996092777701));
#5597=PLANE('',#5598);
#5598=AXIS2_PLACEMENT_3D('',#5599,#5600,#4929);
#5599=CARTESIAN_POINT('',(0.877339140571,-5.672126545492,-1.381138095684));
#5600=DIRECTION('',(0.991444901646,-0.130525886323,0.));
#5601=ADVANCED_FACE('',(#5602),#5609,.T.);
#5602=FACE_BOUND('',#5603,.T.);
#5603=EDGE_LOOP('',(#5604,#5607,#5608));
#5604=ORIENTED_EDGE('',*,*,#5605,.T.);
#5605=EDGE_CURVE('',#5589,#4925,#5606,.T.);
#5606=LINE('',#5590,#82);
#5607=ORIENTED_EDGE('',*,*,#4924,.F.);
#5608=ORIENTED_EDGE('',*,*,#5593,.F.);
#5609=PLANE('',#5610);
#5610=AXIS2_PLACEMENT_3D('',#5611,#5600,#4929);
#5611=CARTESIAN_POINT('',(0.891994102799,-5.560810790476,-1.268861805968));
#5612=ADVANCED_FACE('',(#5613),#5626,.T.);
#5613=FACE_BOUND('',#5614,.T.);
#5614=EDGE_LOOP('',(#5615,#5616,#5623));
#5615=ORIENTED_EDGE('',*,*,#4931,.F.);
#5616=ORIENTED_EDGE('',*,*,#5617,.T.);
#5617=EDGE_CURVE('',#4925,#5618,#5620,.T.);
#5618=VERTEX_POINT('',#5619);
#5619=CARTESIAN_POINT('',(1.600000023842,0.,9.6858000731E-08));
#5620=LINE('',#4926,#5621);
#5621=VECTOR('',#5622,1.);
#5622=DIRECTION('',(0.126254288137,0.991997910646,0.));
#5623=ORIENTED_EDGE('',*,*,#5624,.T.);
#5624=EDGE_CURVE('',#5618,#2846,#5625,.T.);
#5625=LINE('',#5619,#2573);
#5626=PLANE('',#5627);
#5627=AXIS2_PLACEMENT_3D('',#5628,#55,#199);
#5628=CARTESIAN_POINT('',(1.542030380338,-3.521308747925,9.6858000731E-08));
#5629=ADVANCED_FACE('',(#5630),#5645,.T.);
#5630=FACE_BOUND('',#5631,.T.);
#5631=EDGE_LOOP('',(#5632,#5633,#5640));
#5632=ORIENTED_EDGE('',*,*,#4940,.F.);
#5633=ORIENTED_EDGE('',*,*,#5634,.T.);
#5634=EDGE_CURVE('',#4941,#5635,#5637,.T.);
#5635=VERTEX_POINT('',#5636);
#5636=CARTESIAN_POINT('',(-0.362500011921,-6.127868652344,-3.));
#5637=LINE('',#4942,#5638);
#5638=VECTOR('',#5639,1.);
#5639=DIRECTION('',(0.22360681391,0.387297604389,-0.894427503159));
#5640=ORIENTED_EDGE('',*,*,#5641,.T.);
#5641=EDGE_CURVE('',#5635,#4340,#5642,.T.);
#5642=LINE('',#5636,#5643);
#5643=VECTOR('',#5644,1.);
#5644=DIRECTION('',(0.291471577444,-0.543211742476,0.787378766781));
#5645=PLANE('',#5646);
#5646=AXIS2_PLACEMENT_3D('',#5647,#5648,#5649);
#5647=CARTESIAN_POINT('',(-0.346980761264,-6.248799027934,-2.786601755832));
#5648=DIRECTION('',(-0.34286766404,-0.827754544094,-0.444144323039));
#5649=DIRECTION('',(-9.858780458671E-14,0.472803941252,-0.881167653251));
#5650=ADVANCED_FACE('',(#5651),#5666,.T.);
#5651=FACE_BOUND('',#5652,.T.);
#5652=EDGE_LOOP('',(#5653,#5654,#5661));
#5653=ORIENTED_EDGE('',*,*,#4958,.F.);
#5654=ORIENTED_EDGE('',*,*,#5655,.T.);
#5655=EDGE_CURVE('',#4340,#5656,#5658,.T.);
#5656=VERTEX_POINT('',#5657);
#5657=CARTESIAN_POINT('',(-0.187643811107,-6.200296401978,-3.));
#5658=LINE('',#4341,#5659);
#5659=VECTOR('',#5660,1.);
#5660=DIRECTION('',(0.11574741067,0.431974839641,-0.89442734464));
#5661=ORIENTED_EDGE('',*,*,#5662,.T.);
#5662=EDGE_CURVE('',#5656,#4377,#5663,.T.);
#5663=LINE('',#5657,#5664);
#5664=VECTOR('',#5665,1.);
#5665=DIRECTION('',(0.422133504834,-0.449264057907,0.787378632152));
#5666=PLANE('',#5667);
#5667=AXIS2_PLACEMENT_3D('',#5668,#5669,#5670);
#5668=CARTESIAN_POINT('',(-0.141354248805,-6.313089584352,-2.786601764235));
#5669=DIRECTION('',(-0.116945874624,-0.888290034271,-0.444144658217));
#5670=DIRECTION('',(5.823813653549E-14,0.447213306381,-0.894427335559));
#5671=ADVANCED_FACE('',(#5672),#5685,.T.);
#5672=FACE_BOUND('',#5673,.T.);
#5673=EDGE_LOOP('',(#5674,#5679,#5680));
#5674=ORIENTED_EDGE('',*,*,#5675,.T.);
#5675=EDGE_CURVE('',#5676,#4941,#5678,.T.);
#5676=VERTEX_POINT('',#5677);
#5677=CARTESIAN_POINT('',(-0.636396110058,-6.136395931244,-2.64999999851));
#5678=LINE('',#5677,#4989);
#5679=ORIENTED_EDGE('',*,*,#4970,.F.);
#5680=ORIENTED_EDGE('',*,*,#5681,.T.);
#5681=EDGE_CURVE('',#4357,#5676,#5682,.T.);
#5682=LINE('',#4358,#5683);
#5683=VECTOR('',#5684,1.);
#5684=DIRECTION('',(-7.006333019601E-02,5.376150439359E-02,-0.996092782027));
#5685=PLANE('',#5686);
#5686=AXIS2_PLACEMENT_3D('',#5687,#5688,#4793);
#5687=CARTESIAN_POINT('',(-0.498660694212,-6.242084072865,-1.381138065859));
#5688=DIRECTION('',(-0.608761573449,-0.793353229458,0.));
#5689=ADVANCED_FACE('',(#5690),#5697,.T.);
#5690=FACE_BOUND('',#5691,.T.);
#5691=EDGE_LOOP('',(#5692,#5693,#5696));
#5692=ORIENTED_EDGE('',*,*,#4987,.F.);
#5693=ORIENTED_EDGE('',*,*,#5694,.T.);
#5694=EDGE_CURVE('',#4981,#5676,#5695,.T.);
#5695=LINE('',#4982,#54);
#5696=ORIENTED_EDGE('',*,*,#5681,.F.);
#5697=PLANE('',#5698);
#5698=AXIS2_PLACEMENT_3D('',#5699,#5688,#4793);
#5699=CARTESIAN_POINT('',(-0.587735403925,-6.173734618389,-1.268861835793));
#5700=ADVANCED_FACE('',(#5701),#5716,.T.);
#5701=FACE_BOUND('',#5702,.T.);
#5702=EDGE_LOOP('',(#5703,#5704,#5711));
#5703=ORIENTED_EDGE('',*,*,#4999,.F.);
#5704=ORIENTED_EDGE('',*,*,#5705,.T.);
#5705=EDGE_CURVE('',#4377,#5706,#5708,.T.);
#5706=VERTEX_POINT('',#5707);
#5707=CARTESIAN_POINT('',(-4.440892098501E-15,-6.224999904633,-3.));
#5708=LINE('',#4378,#5709);
#5709=VECTOR('',#5710,1.);
#5710=DIRECTION('',(-2.269745009044E-15,0.447213983916,-0.894426996792));
#5711=ORIENTED_EDGE('',*,*,#5712,.T.);
#5712=EDGE_CURVE('',#5706,#4839,#5713,.T.);
#5713=LINE('',#5707,#5714);
#5714=VECTOR('',#5715,1.);
#5715=DIRECTION('',(0.524027704753,-0.324699959741,0.787378499069));
#5716=PLANE('',#5717);
#5717=AXIS2_PLACEMENT_3D('',#5718,#5719,#5720);
#5718=CARTESIAN_POINT('',(7.390531740519E-02,-6.32196929194,-2.786601772387));
#5719=DIRECTION('',(0.116945830936,-0.88828970243,-0.444145333403));
#5720=DIRECTION('',(1.562569518221E-13,0.447213983916,-0.894426996792));
#5721=ADVANCED_FACE('',(#5722),#5729,.T.);
#5722=FACE_BOUND('',#5723,.T.);
#5723=EDGE_LOOP('',(#5724,#5725,#5728));
#5724=ORIENTED_EDGE('',*,*,#5011,.F.);
#5725=ORIENTED_EDGE('',*,*,#5726,.T.);
#5726=EDGE_CURVE('',#4409,#5383,#5727,.T.);
#5727=LINE('',#4410,#189);
#5728=ORIENTED_EDGE('',*,*,#5388,.F.);
#5729=PLANE('',#5730);
#5730=AXIS2_PLACEMENT_3D('',#5731,#55,#199);
#5731=CARTESIAN_POINT('',(6.016413339614,9.146803502113E-02,9.6858000731E-08));
#5732=ADVANCED_FACE('',(#5733),#5746,.T.);
#5733=FACE_BOUND('',#5734,.T.);
#5734=EDGE_LOOP('',(#5735,#5736,#5741));
#5735=ORIENTED_EDGE('',*,*,#5030,.F.);
#5736=ORIENTED_EDGE('',*,*,#5737,.T.);
#5737=EDGE_CURVE('',#5024,#5738,#5740,.T.);
#5738=VERTEX_POINT('',#5739);
#5739=CARTESIAN_POINT('',(5.800000190735,-0.40000000596,-2.64999999851));
#5740=LINE('',#5025,#54);
#5741=ORIENTED_EDGE('',*,*,#5742,.T.);
#5742=EDGE_CURVE('',#5738,#4409,#5743,.T.);
#5743=LINE('',#5739,#5744);
#5744=VECTOR('',#5745,1.);
#5745=DIRECTION('',(7.525759541283E-02,0.,0.997164126076));
#5746=PLANE('',#5747);
#5747=AXIS2_PLACEMENT_3D('',#5748,#64,#55);
#5748=CARTESIAN_POINT('',(5.851884252691,-0.40000000596,-1.276884108149));
#5749=ADVANCED_FACE('',(#5750),#5761,.T.);
#5750=FACE_BOUND('',#5751,.T.);
#5751=EDGE_LOOP('',(#5752,#5757,#5760));
#5752=ORIENTED_EDGE('',*,*,#5753,.T.);
#5753=EDGE_CURVE('',#4427,#5754,#5756,.T.);
#5754=VERTEX_POINT('',#5755);
#5755=CARTESIAN_POINT('',(5.800000190735,0.40000000596,9.6858000731E-08));
#5756=LINE('',#4428,#5013);
#5757=ORIENTED_EDGE('',*,*,#5758,.T.);
#5758=EDGE_CURVE('',#5754,#5024,#5759,.T.);
#5759=LINE('',#5755,#345);
#5760=ORIENTED_EDGE('',*,*,#5041,.F.);
#5761=PLANE('',#5762);
#5762=AXIS2_PLACEMENT_3D('',#5763,#55,#199);
#5763=CARTESIAN_POINT('',(5.783586851121,-9.146803502113E-02,9.6858000731E-08));
#5764=ADVANCED_FACE('',(#5765),#5776,.T.);
#5765=FACE_BOUND('',#5766,.T.);
#5766=EDGE_LOOP('',(#5767,#5768,#5773));
#5767=ORIENTED_EDGE('',*,*,#5060,.F.);
#5768=ORIENTED_EDGE('',*,*,#5769,.T.);
#5769=EDGE_CURVE('',#5054,#5364,#5770,.T.);
#5770=LINE('',#5055,#5771);
#5771=VECTOR('',#5772,1.);
#5772=DIRECTION('',(0.130526245103,0.991444854412,0.));
#5773=ORIENTED_EDGE('',*,*,#5774,.T.);
#5774=EDGE_CURVE('',#5364,#4427,#5775,.T.);
#5775=LINE('',#5365,#345);
#5776=PLANE('',#5777);
#5777=AXIS2_PLACEMENT_3D('',#5778,#55,#199);
#5778=CARTESIAN_POINT('',(5.706947009746,-2.180162719552E-02,9.6858000731E-08));
#5779=ADVANCED_FACE('',(#5780),#5795,.T.);
#5780=FACE_BOUND('',#5781,.T.);
#5781=EDGE_LOOP('',(#5782,#5789,#5794));
#5782=ORIENTED_EDGE('',*,*,#5783,.T.);
#5783=EDGE_CURVE('',#2177,#5784,#5786,.T.);
#5784=VERTEX_POINT('',#5785);
#5785=CARTESIAN_POINT('',(5.475736141205,-0.424264073372,9.6858000731E-08));
#5786=LINE('',#2178,#5787);
#5787=VECTOR('',#5788,1.);
#5788=DIRECTION('',(7.326696672946E-02,0.9973123641,0.));
#5789=ORIENTED_EDGE('',*,*,#5790,.T.);
#5790=EDGE_CURVE('',#5784,#5054,#5791,.T.);
#5791=LINE('',#5785,#5792);
#5792=VECTOR('',#5793,1.);
#5793=DIRECTION('',(0.793352661112,-0.608762314132,0.));
#5794=ORIENTED_EDGE('',*,*,#5053,.F.);
#5795=PLANE('',#5796);
#5796=AXIS2_PLACEMENT_3D('',#5797,#55,#199);
#5797=CARTESIAN_POINT('',(5.271958406909,-3.647263974747,9.6858000731E-08));
#5798=ADVANCED_FACE('',(#5799),#5807,.T.);
#5799=FACE_BOUND('',#5800,.T.);
#5800=EDGE_LOOP('',(#5801,#5805,#5806));
#5801=ORIENTED_EDGE('',*,*,#5802,.T.);
#5802=EDGE_CURVE('',#5457,#5073,#5803,.T.);
#5803=LINE('',#5458,#5804);
#5804=VECTOR('',#4285,1.);
#5805=ORIENTED_EDGE('',*,*,#5080,.F.);
#5806=ORIENTED_EDGE('',*,*,#5462,.F.);
#5807=PLANE('',#5808);
#5808=AXIS2_PLACEMENT_3D('',#5809,#55,#199);
#5809=CARTESIAN_POINT('',(-1.220808782861,6.53160813539,9.6858000731E-08));
#5810=ADVANCED_FACE('',(#5811),#5824,.T.);
#5811=FACE_BOUND('',#5812,.T.);
#5812=EDGE_LOOP('',(#5813,#5818,#5819));
#5813=ORIENTED_EDGE('',*,*,#5814,.T.);
#5814=EDGE_CURVE('',#5815,#4473,#5817,.T.);
#5815=VERTEX_POINT('',#5816);
#5816=CARTESIAN_POINT('',(-0.779422879219,5.949999809265,-2.64999999851));
#5817=LINE('',#5816,#82);
#5818=ORIENTED_EDGE('',*,*,#5072,.F.);
#5819=ORIENTED_EDGE('',*,*,#5820,.T.);
#5820=EDGE_CURVE('',#5073,#5815,#5821,.T.);
#5821=LINE('',#5074,#5822);
#5822=VECTOR('',#5823,1.);
#5823=DIRECTION('',(-5.376148205388E-02,-7.006333028037E-02,-0.996092783227));
#5824=PLANE('',#5825);
#5825=AXIS2_PLACEMENT_3D('',#5826,#5827,#5077);
#5826=CARTESIAN_POINT('',(-0.742084207878,5.998660515081,-1.268861844063));
#5827=DIRECTION('',(-0.793353351983,0.608761413772,0.));
#5828=ADVANCED_FACE('',(#5829),#5836,.T.);
#5829=FACE_BOUND('',#5830,.T.);
#5830=EDGE_LOOP('',(#5831,#5832,#5835));
#5831=ORIENTED_EDGE('',*,*,#5814,.F.);
#5832=ORIENTED_EDGE('',*,*,#5833,.T.);
#5833=EDGE_CURVE('',#5815,#5090,#5834,.T.);
#5834=LINE('',#5816,#4476);
#5835=ORIENTED_EDGE('',*,*,#5095,.F.);
#5836=PLANE('',#5837);
#5837=AXIS2_PLACEMENT_3D('',#5838,#5102,#4477);
#5838=CARTESIAN_POINT('',(-0.80289494827,5.893333327502,-1.381137972316));
#5839=ADVANCED_FACE('',(#5840),#5855,.T.);
#5840=FACE_BOUND('',#5841,.T.);
#5841=EDGE_LOOP('',(#5842,#5849,#5850));
#5842=ORIENTED_EDGE('',*,*,#5843,.T.);
#5843=EDGE_CURVE('',#5844,#4490,#5846,.T.);
#5844=VERTEX_POINT('',#5845);
#5845=CARTESIAN_POINT('',(-0.725000023842,5.5,-3.));
#5846=LINE('',#5845,#5847);
#5847=VECTOR('',#5848,1.);
#5848=DIRECTION('',(-0.447213496492,0.,0.894427240504));
#5849=ORIENTED_EDGE('',*,*,#5108,.F.);
#5850=ORIENTED_EDGE('',*,*,#5851,.T.);
#5851=EDGE_CURVE('',#5090,#5844,#5852,.T.);
#5852=LINE('',#5091,#5853);
#5853=VECTOR('',#5854,1.);
#5854=DIRECTION('',(0.324699645685,-0.524028066505,-0.78737838782));
#5855=PLANE('',#5856);
#5856=AXIS2_PLACEMENT_3D('',#5857,#5858,#5859);
#5857=CARTESIAN_POINT('',(-0.821969313428,5.573905395738,-2.786601748299));
#5858=DIRECTION('',(-0.888289998486,0.116945318063,-0.444144876332));
#5859=DIRECTION('',(0.447213496492,6.103451077877E-14,-0.894427240504));
#5860=ADVANCED_FACE('',(#5861),#5876,.T.);
#5861=FACE_BOUND('',#5862,.T.);
#5862=EDGE_LOOP('',(#5863,#5870,#5871));
#5863=ORIENTED_EDGE('',*,*,#5864,.T.);
#5864=EDGE_CURVE('',#5865,#4508,#5867,.T.);
#5865=VERTEX_POINT('',#5866);
#5866=CARTESIAN_POINT('',(-0.700296223164,5.312355995178,-3.));
#5867=LINE('',#5866,#5868);
#5868=VECTOR('',#5869,1.);
#5869=DIRECTION('',(-0.431975211331,-0.115747387822,0.894427168085));
#5870=ORIENTED_EDGE('',*,*,#5119,.F.);
#5871=ORIENTED_EDGE('',*,*,#5872,.T.);
#5872=EDGE_CURVE('',#4490,#5865,#5873,.T.);
#5873=LINE('',#4491,#5874);
#5874=VECTOR('',#5875,1.);
#5875=DIRECTION('',(0.449264082285,-0.422133837539,-0.787378439871));
#5876=PLANE('',#5877);
#5877=AXIS2_PLACEMENT_3D('',#5878,#5879,#5880);
#5878=CARTESIAN_POINT('',(-0.813089485187,5.358645622889,-2.786601748382));
#5879=DIRECTION('',(-0.888289940727,-0.116945310458,-0.444144993854));
#5880=DIRECTION('',(0.447213614422,-9.74914593499E-15,-0.894427181539));
#5881=ADVANCED_FACE('',(#5882),#5897,.T.);
#5882=FACE_BOUND('',#5883,.T.);
#5883=EDGE_LOOP('',(#5884,#5891,#5892));
#5884=ORIENTED_EDGE('',*,*,#5885,.T.);
#5885=EDGE_CURVE('',#5886,#5131,#5888,.T.);
#5886=VERTEX_POINT('',#5887);
#5887=CARTESIAN_POINT('',(-0.627868413925,5.137499809265,-3.));
#5888=LINE('',#5887,#5889);
#5889=VECTOR('',#5890,1.);
#5890=DIRECTION('',(-0.387298460369,-0.223605866537,0.894427369352));
#5891=ORIENTED_EDGE('',*,*,#5130,.F.);
#5892=ORIENTED_EDGE('',*,*,#5893,.T.);
#5893=EDGE_CURVE('',#4508,#5886,#5894,.T.);
#5894=LINE('',#4509,#5895);
#5895=VECTOR('',#5896,1.);
#5896=DIRECTION('',(0.543212125875,-0.291471461848,-0.787378545066));
#5897=PLANE('',#5898);
#5898=AXIS2_PLACEMENT_3D('',#5899,#5900,#5901);
#5899=CARTESIAN_POINT('',(-0.748798939738,5.153019160288,-2.786601812147));
#5900=DIRECTION('',(-0.827754311656,-0.342867701604,-0.444144727236));
#5901=DIRECTION('',(0.472804378432,1.633138069224E-13,-0.881167418676));
#5902=ADVANCED_FACE('',(#5903),#5910,.T.);
#5903=FACE_BOUND('',#5904,.T.);
#5904=EDGE_LOOP('',(#5905,#5908,#5909));
#5905=ORIENTED_EDGE('',*,*,#5906,.T.);
#5906=EDGE_CURVE('',#5131,#5149,#5907,.T.);
#5907=LINE('',#5132,#82);
#5908=ORIENTED_EDGE('',*,*,#5148,.F.);
#5909=ORIENTED_EDGE('',*,*,#5135,.F.);
#5910=PLANE('',#5911);
#5911=AXIS2_PLACEMENT_3D('',#5912,#5142,#4733);
#5912=CARTESIAN_POINT('',(-0.80289494827,5.106666672498,-1.268861929336));
#5913=ADVANCED_FACE('',(#5914),#5927,.T.);
#5914=FACE_BOUND('',#5915,.T.);
#5915=EDGE_LOOP('',(#5916,#5917,#5922));
#5916=ORIENTED_EDGE('',*,*,#5153,.F.);
#5917=ORIENTED_EDGE('',*,*,#5918,.T.);
#5918=EDGE_CURVE('',#5149,#5919,#5921,.T.);
#5919=VERTEX_POINT('',#5920);
#5920=CARTESIAN_POINT('',(-0.636396110058,4.863604068756,9.6858000731E-08));
#5921=LINE('',#5150,#5353);
#5922=ORIENTED_EDGE('',*,*,#5923,.T.);
#5923=EDGE_CURVE('',#5919,#4526,#5924,.T.);
#5924=LINE('',#5920,#5925);
#5925=VECTOR('',#5926,1.);
#5926=DIRECTION('',(-4.698818571513E-02,-0.998895445181,0.));
#5927=PLANE('',#5928);
#5928=AXIS2_PLACEMENT_3D('',#5929,#55,#199);
#5929=CARTESIAN_POINT('',(-0.75337371517,3.229210322438,9.6858000731E-08));
#5930=ADVANCED_FACE('',(#5931),#5945,.T.);
#5931=FACE_BOUND('',#5932,.T.);
#5932=EDGE_LOOP('',(#5933,#5939,#5940));
#5933=ORIENTED_EDGE('',*,*,#5934,.T.);
#5934=EDGE_CURVE('',#5935,#4565,#5937,.T.);
#5935=VERTEX_POINT('',#5936);
#5936=CARTESIAN_POINT('',(-0.414110481739,1.545481324196,-2.64999999851));
#5937=LINE('',#5936,#5938);
#5938=VECTOR('',#3270,1.);
#5939=ORIENTED_EDGE('',*,*,#5165,.F.);
#5940=ORIENTED_EDGE('',*,*,#5941,.T.);
#5941=EDGE_CURVE('',#4526,#5935,#5942,.T.);
#5942=LINE('',#4527,#5943);
#5943=VECTOR('',#5944,1.);
#5944=DIRECTION('',(0.143842904073,5.958169142159E-02,-0.987805264713));
#5945=PLANE('',#5946);
#5946=AXIS2_PLACEMENT_3D('',#5947,#5948,#5949);
#5947=CARTESIAN_POINT('',(-0.695971449727,1.428730669538,-1.421242157616));
#5948=DIRECTION('',(-0.382683485561,0.923879510477,0.));
#5949=DIRECTION('',(0.923879510477,0.382683485561,0.));
#5950=ADVANCED_FACE('',(#5951),#5966,.T.);
#5951=FACE_BOUND('',#5952,.T.);
#5952=EDGE_LOOP('',(#5953,#5960,#5961));
#5953=ORIENTED_EDGE('',*,*,#5954,.T.);
#5954=EDGE_CURVE('',#5955,#5176,#5957,.T.);
#5955=VERTEX_POINT('',#5956);
#5956=CARTESIAN_POINT('',(-0.368817150593,1.376444339752,-3.));
#5957=LINE('',#5956,#5958);
#5958=VECTOR('',#5959,1.);
#5959=DIRECTION('',(-0.923879440932,-0.382683653456,0.));
#5960=ORIENTED_EDGE('',*,*,#5197,.F.);
#5961=ORIENTED_EDGE('',*,*,#5962,.T.);
#5962=EDGE_CURVE('',#4565,#5955,#5963,.T.);
#5963=LINE('',#4566,#5964);
#5964=VECTOR('',#5965,1.);
#5965=DIRECTION('',(0.776303654566,-1.655702841004E-02,-0.630141651312));
#5966=PLANE('',#5967);
#5967=AXIS2_PLACEMENT_3D('',#5968,#5969,#5970);
#5968=CARTESIAN_POINT('',(-0.623057984842,1.338545676311,-2.874365172241));
#5969=DIRECTION('',(-0.342867295424,0.827754314431,-0.444145035623));
#5970=DIRECTION('',(-8.185119249049E-14,0.472804632101,0.881167282565));
#5971=ADVANCED_FACE('',(#5972),#5979,.T.);
#5972=FACE_BOUND('',#5973,.T.);
#5973=EDGE_LOOP('',(#5974,#5975,#5976));
#5974=ORIENTED_EDGE('',*,*,#5242,.F.);
#5975=ORIENTED_EDGE('',*,*,#5231,.F.);
#5976=ORIENTED_EDGE('',*,*,#5977,.T.);
#5977=EDGE_CURVE('',#5176,#5243,#5978,.T.);
#5978=LINE('',#5177,#345);
#5979=PLANE('',#5980);
#5980=AXIS2_PLACEMENT_3D('',#5981,#55,#199);
#5981=CARTESIAN_POINT('',(-0.788666573354,-3.154923786734E-02,-3.));
#5982=ADVANCED_FACE('',(#5983),#5996,.T.);
#5983=FACE_BOUND('',#5984,.T.);
#5984=EDGE_LOOP('',(#5985,#5990,#5991));
#5985=ORIENTED_EDGE('',*,*,#5986,.T.);
#5986=EDGE_CURVE('',#5987,#4655,#5989,.T.);
#5987=VERTEX_POINT('',#5988);
#5988=CARTESIAN_POINT('',(-0.414110481739,-1.545481324196,-2.64999999851));
#5989=LINE('',#5988,#5267);
#5990=ORIENTED_EDGE('',*,*,#5249,.F.);
#5991=ORIENTED_EDGE('',*,*,#5992,.T.);
#5992=EDGE_CURVE('',#5243,#5987,#5993,.T.);
#5993=LINE('',#5244,#5994);
#5994=VECTOR('',#5995,1.);
#5995=DIRECTION('',(0.537221842807,-0.560637318963,0.630141641377));
#5996=PLANE('',#5997);
#5997=AXIS2_PLACEMENT_3D('',#5998,#5999,#6000);
#5998=CARTESIAN_POINT('',(-0.6320339332,-1.390060148457,-2.771428279342));
#5999=DIRECTION('',(-0.342867146616,-0.827754380647,-0.444145027093));
#6000=DIRECTION('',(-1.182665076982E-13,0.472804595684,-0.881167302106));
#6001=ADVANCED_FACE('',(#6002),#6009,.T.);
#6002=FACE_BOUND('',#6003,.T.);
#6003=EDGE_LOOP('',(#6004,#6005,#6008));
#6004=ORIENTED_EDGE('',*,*,#5986,.F.);
#6005=ORIENTED_EDGE('',*,*,#6006,.T.);
#6006=EDGE_CURVE('',#5987,#5264,#6007,.T.);
#6007=LINE('',#5988,#82);
#6008=ORIENTED_EDGE('',*,*,#5270,.F.);
#6009=PLANE('',#6010);
#6010=AXIS2_PLACEMENT_3D('',#6011,#2946,#3230);
#6011=CARTESIAN_POINT('',(-0.518139043933,-1.502391275843,-1.421242157616));
#6012=ADVANCED_FACE('',(#6013),#6028,.T.);
#6013=FACE_BOUND('',#6014,.T.);
#6014=EDGE_LOOP('',(#6015,#6022,#6023));
#6015=ORIENTED_EDGE('',*,*,#6016,.T.);
#6016=EDGE_CURVE('',#6017,#4143,#6019,.T.);
#6017=VERTEX_POINT('',#6018);
#6018=CARTESIAN_POINT('',(-0.449999988079,-4.72057723999,9.6858000731E-08));
#6019=LINE('',#6018,#6020);
#6020=VECTOR('',#6021,1.);
#6021=DIRECTION('',(-0.104376280875,0.99453787861,0.));
#6022=ORIENTED_EDGE('',*,*,#5263,.F.);
#6023=ORIENTED_EDGE('',*,*,#6024,.T.);
#6024=EDGE_CURVE('',#5264,#6017,#6025,.T.);
#6025=LINE('',#5265,#6026);
#6026=VECTOR('',#6027,1.);
#6027=DIRECTION('',(-1.130271801249E-02,-0.999936122243,0.));
#6028=PLANE('',#6029);
#6029=AXIS2_PLACEMENT_3D('',#6030,#55,#199);
#6030=CARTESIAN_POINT('',(-0.535721059949,-2.994181740284,9.6858000731E-08));
#6031=ADVANCED_FACE('',(#6032),#6045,.T.);
#6032=FACE_BOUND('',#6033,.T.);
#6033=EDGE_LOOP('',(#6034,#6039,#6040));
#6034=ORIENTED_EDGE('',*,*,#6035,.T.);
#6035=EDGE_CURVE('',#6036,#5282,#6038,.T.);
#6036=VERTEX_POINT('',#6037);
#6037=CARTESIAN_POINT('',(-0.636396110058,-4.863604068756,9.6858000731E-08));
#6038=LINE('',#6037,#5076);
#6039=ORIENTED_EDGE('',*,*,#5287,.F.);
#6040=ORIENTED_EDGE('',*,*,#6041,.T.);
#6041=EDGE_CURVE('',#4143,#6036,#6042,.T.);
#6042=LINE('',#4144,#6043);
#6043=VECTOR('',#6044,1.);
#6044=DIRECTION('',(4.698818571513E-02,-0.998895445181,0.));
#6045=PLANE('',#6046);
#6046=AXIS2_PLACEMENT_3D('',#6047,#55,#199);
#6047=CARTESIAN_POINT('',(-0.75337371517,-3.229210322438,9.6858000731E-08));
#6048=ADVANCED_FACE('',(#6049),#6056,.T.);
#6049=FACE_BOUND('',#6050,.T.);
#6050=EDGE_LOOP('',(#6051,#6052,#6053));
#6051=ORIENTED_EDGE('',*,*,#5298,.F.);
#6052=ORIENTED_EDGE('',*,*,#5281,.F.);
#6053=ORIENTED_EDGE('',*,*,#6054,.T.);
#6054=EDGE_CURVE('',#5282,#5299,#6055,.T.);
#6055=LINE('',#5283,#5097);
#6056=PLANE('',#6057);
#6057=AXIS2_PLACEMENT_3D('',#6058,#5102,#4477);
#6058=CARTESIAN_POINT('',(-0.845861198161,-5.210396182269,-1.268861929336));
#6059=ADVANCED_FACE('',(#6060),#6075,.T.);
#6060=FACE_BOUND('',#6061,.T.);
#6061=EDGE_LOOP('',(#6062,#6063,#6070));
#6062=ORIENTED_EDGE('',*,*,#5303,.F.);
#6063=ORIENTED_EDGE('',*,*,#6064,.T.);
#6064=EDGE_CURVE('',#5299,#6065,#6067,.T.);
#6065=VERTEX_POINT('',#6066);
#6066=CARTESIAN_POINT('',(-0.700296223164,-5.312355995178,-3.));
#6067=LINE('',#5300,#6068);
#6068=VECTOR('',#6069,1.);
#6069=DIRECTION('',(0.431975211331,-0.115747387822,-0.894427168085));
#6070=ORIENTED_EDGE('',*,*,#6071,.T.);
#6071=EDGE_CURVE('',#6065,#4698,#6072,.T.);
#6072=LINE('',#6066,#6073);
#6073=VECTOR('',#6074,1.);
#6074=DIRECTION('',(-0.449264082285,-0.422133837539,0.787378439871));
#6075=PLANE('',#6076);
#6076=AXIS2_PLACEMENT_3D('',#6077,#6078,#6079);
#6077=CARTESIAN_POINT('',(-0.813089485187,-5.358645622889,-2.786601748382));
#6078=DIRECTION('',(-0.888289940727,0.116945310458,-0.444144993854));
#6079=DIRECTION('',(0.447213614422,9.74914593499E-15,-0.894427181539));
#6080=ADVANCED_FACE('',(#6081),#6092,.T.);
#6081=FACE_BOUND('',#6082,.T.);
#6082=EDGE_LOOP('',(#6083,#6088,#6089));
#6083=ORIENTED_EDGE('',*,*,#6084,.T.);
#6084=EDGE_CURVE('',#6085,#4713,#6087,.T.);
#6085=VERTEX_POINT('',#6086);
#6086=CARTESIAN_POINT('',(-0.700296223164,-5.687644004822,-3.));
#6087=LINE('',#6086,#5868);
#6088=ORIENTED_EDGE('',*,*,#5314,.F.);
#6089=ORIENTED_EDGE('',*,*,#6090,.T.);
#6090=EDGE_CURVE('',#4698,#6085,#6091,.T.);
#6091=LINE('',#4699,#5874);
#6092=PLANE('',#6093);
#6093=AXIS2_PLACEMENT_3D('',#6094,#5879,#5880);
#6094=CARTESIAN_POINT('',(-0.813089485187,-5.641354377111,-2.786601748382));
#6095=ADVANCED_FACE('',(#6096),#6107,.T.);
#6096=FACE_BOUND('',#6097,.T.);
#6097=EDGE_LOOP('',(#6098,#6103,#6104));
#6098=ORIENTED_EDGE('',*,*,#6099,.T.);
#6099=EDGE_CURVE('',#6100,#5326,#6102,.T.);
#6100=VERTEX_POINT('',#6101);
#6101=CARTESIAN_POINT('',(-0.627868413925,-5.862500190735,-3.));
#6102=LINE('',#6101,#5889);
#6103=ORIENTED_EDGE('',*,*,#5325,.F.);
#6104=ORIENTED_EDGE('',*,*,#6105,.T.);
#6105=EDGE_CURVE('',#4713,#6100,#6106,.T.);
#6106=LINE('',#4714,#5895);
#6107=PLANE('',#6108);
#6108=AXIS2_PLACEMENT_3D('',#6109,#5900,#5901);
#6109=CARTESIAN_POINT('',(-0.748798939738,-5.846980839712,-2.786601812147));
#6110=ADVANCED_FACE('',(#6111),#6122,.T.);
#6111=FACE_BOUND('',#6112,.T.);
#6112=EDGE_LOOP('',(#6113,#6114,#6117));
#6113=ORIENTED_EDGE('',*,*,#5339,.F.);
#6114=ORIENTED_EDGE('',*,*,#6115,.T.);
#6115=EDGE_CURVE('',#5326,#5676,#6116,.T.);
#6116=LINE('',#5327,#5353);
#6117=ORIENTED_EDGE('',*,*,#6118,.T.);
#6118=EDGE_CURVE('',#5676,#4729,#6119,.T.);
#6119=LINE('',#5677,#6120);
#6120=VECTOR('',#6121,1.);
#6121=DIRECTION('',(-5.376148205388E-02,7.006333028037E-02,0.996092783227));
#6122=PLANE('',#6123);
#6123=AXIS2_PLACEMENT_3D('',#6124,#6125,#5354);
#6124=CARTESIAN_POINT('',(-0.742084207878,-5.998660515081,-1.381138057589));
#6125=DIRECTION('',(-0.793353351983,-0.608761413772,0.));
#6126=ADVANCED_FACE('',(#6127),#6132,.T.);
#6127=FACE_BOUND('',#6128,.T.);
#6128=EDGE_LOOP('',(#6129,#6130,#6131));
#6129=ORIENTED_EDGE('',*,*,#5694,.F.);
#6130=ORIENTED_EDGE('',*,*,#5351,.F.);
#6131=ORIENTED_EDGE('',*,*,#6118,.F.);
#6132=PLANE('',#6133);
#6133=AXIS2_PLACEMENT_3D('',#6134,#6125,#5354);
#6134=CARTESIAN_POINT('',(-0.673734781399,-6.087735225429,-1.268861844063));
#6135=ADVANCED_FACE('',(#6136),#6151,.T.);
#6136=FACE_BOUND('',#6137,.T.);
#6137=EDGE_LOOP('',(#6138,#6145,#6150));
#6138=ORIENTED_EDGE('',*,*,#6139,.T.);
#6139=EDGE_CURVE('',#5364,#6140,#6142,.T.);
#6140=VERTEX_POINT('',#6141);
#6141=CARTESIAN_POINT('',(5.599999904633,0.519615232944,9.6858000731E-08));
#6142=LINE('',#5365,#6143);
#6143=VECTOR('',#6144,1.);
#6144=DIRECTION('',(-0.92387953257,-0.382683432223,0.));
#6145=ORIENTED_EDGE('',*,*,#6146,.T.);
#6146=EDGE_CURVE('',#6140,#2622,#6147,.T.);
#6147=LINE('',#6141,#6148);
#6148=VECTOR('',#6149,1.);
#6149=DIRECTION('',(-9.362513857633E-02,0.995607519772,0.));
#6150=ORIENTED_EDGE('',*,*,#5370,.F.);
#6151=PLANE('',#6152);
#6152=AXIS2_PLACEMENT_3D('',#6153,#55,#199);
#6153=CARTESIAN_POINT('',(5.340125560054,3.686275481368,9.6858000731E-08));
#6154=ADVANCED_FACE('',(#6155),#6168,.T.);
#6155=FACE_BOUND('',#6156,.T.);
#6156=EDGE_LOOP('',(#6157,#6162,#6163));
#6157=ORIENTED_EDGE('',*,*,#6158,.T.);
#6158=EDGE_CURVE('',#5754,#5364,#6159,.T.);
#6159=LINE('',#5755,#6160);
#6160=VECTOR('',#6161,1.);
#6161=DIRECTION('',(-0.294298834832,0.95571344859,0.));
#6162=ORIENTED_EDGE('',*,*,#5363,.F.);
#6163=ORIENTED_EDGE('',*,*,#6164,.T.);
#6164=EDGE_CURVE('',#4747,#5754,#6165,.T.);
#6165=LINE('',#4748,#6166);
#6166=VECTOR('',#6167,1.);
#6167=DIRECTION('',(-0.447213222316,-0.894427377592,0.));
#6168=PLANE('',#6169);
#6169=AXIS2_PLACEMENT_3D('',#6170,#55,#199);
#6170=CARTESIAN_POINT('',(5.816700539659,0.521371622762,9.6858000731E-08));
#6171=ADVANCED_FACE('',(#6172),#6179,.T.);
#6172=FACE_BOUND('',#6173,.T.);
#6173=EDGE_LOOP('',(#6174,#6177,#6178));
#6174=ORIENTED_EDGE('',*,*,#6175,.T.);
#6175=EDGE_CURVE('',#5383,#5754,#6176,.T.);
#6176=LINE('',#5384,#228);
#6177=ORIENTED_EDGE('',*,*,#6164,.F.);
#6178=ORIENTED_EDGE('',*,*,#5382,.F.);
#6179=PLANE('',#6180);
#6180=AXIS2_PLACEMENT_3D('',#6181,#55,#199);
#6181=CARTESIAN_POINT('',(5.900000095367,0.469098330519,9.6858000731E-08));
#6182=ADVANCED_FACE('',(#6183),#6198,.T.);
#6183=FACE_BOUND('',#6184,.T.);
#6184=EDGE_LOOP('',(#6185,#6186,#6193));
#6185=ORIENTED_EDGE('',*,*,#5399,.F.);
#6186=ORIENTED_EDGE('',*,*,#6187,.T.);
#6187=EDGE_CURVE('',#5400,#6188,#6190,.T.);
#6188=VERTEX_POINT('',#6189);
#6189=CARTESIAN_POINT('',(0.512652397156,6.012652397156,-3.));
#6190=LINE('',#5401,#6191);
#6191=VECTOR('',#6192,1.);
#6192=DIRECTION('',(-0.316227864188,-0.316227407228,-0.894427283142));
#6193=ORIENTED_EDGE('',*,*,#6194,.T.);
#6194=EDGE_CURVE('',#6188,#4767,#6195,.T.);
#6195=LINE('',#6189,#6196);
#6196=VECTOR('',#6197,1.);
#6197=DIRECTION('',(-0.140946199185,0.60014082864,0.787378660325));
#6198=PLANE('',#6199);
#6199=AXIS2_PLACEMENT_3D('',#6200,#6201,#6202);
#6200=CARTESIAN_POINT('',(0.528961100935,6.133478930758,-2.786601758808));
#6201=DIRECTION('',(0.545423001933,0.710808827096,-0.444144751501));
#6202=DIRECTION('',(0.793353229458,-0.608761573449,-1.919853165333E-13));
#6203=ADVANCED_FACE('',(#6204),#6219,.T.);
#6204=FACE_BOUND('',#6205,.T.);
#6205=EDGE_LOOP('',(#6206,#6207,#6214));
#6206=ORIENTED_EDGE('',*,*,#5417,.F.);
#6207=ORIENTED_EDGE('',*,*,#6208,.T.);
#6208=EDGE_CURVE('',#4767,#6209,#6211,.T.);
#6209=VERTEX_POINT('',#6210);
#6210=CARTESIAN_POINT('',(0.362500011921,6.127868652344,-3.));
#6211=LINE('',#4768,#6212);
#6212=VECTOR('',#6213,1.);
#6213=DIRECTION('',(-0.22360681391,-0.387297604389,-0.894427503159));
#6214=ORIENTED_EDGE('',*,*,#6215,.T.);
#6215=EDGE_CURVE('',#6209,#4822,#6216,.T.);
#6216=LINE('',#6210,#6217);
#6217=VECTOR('',#6218,1.);
#6218=DIRECTION('',(-0.291471577444,0.543211742476,0.787378766781));
#6219=PLANE('',#6220);
#6220=AXIS2_PLACEMENT_3D('',#6221,#6222,#6223);
#6221=CARTESIAN_POINT('',(0.346980761264,6.248799027934,-2.786601755832));
#6222=DIRECTION('',(0.34286766404,0.827754544094,-0.444144323039));
#6223=DIRECTION('',(-9.858780458671E-14,0.472803941252,0.881167653251));
#6224=ADVANCED_FACE('',(#6225),#6234,.T.);
#6225=FACE_BOUND('',#6226,.T.);
#6226=EDGE_LOOP('',(#6227,#6228,#6229));
#6227=ORIENTED_EDGE('',*,*,#5429,.F.);
#6228=ORIENTED_EDGE('',*,*,#5444,.F.);
#6229=ORIENTED_EDGE('',*,*,#6230,.T.);
#6230=EDGE_CURVE('',#5440,#5400,#6231,.T.);
#6231=LINE('',#5441,#6232);
#6232=VECTOR('',#6233,1.);
#6233=DIRECTION('',(-5.376148205388E-02,7.006333028037E-02,-0.996092783227));
#6234=PLANE('',#6235);
#6235=AXIS2_PLACEMENT_3D('',#6236,#6237,#5447);
#6236=CARTESIAN_POINT('',(0.673734781399,6.087735225429,-1.268861844063));
#6237=DIRECTION('',(0.793353351983,0.608761413772,0.));
#6238=ADVANCED_FACE('',(#6239),#6252,.T.);
#6239=FACE_BOUND('',#6240,.T.);
#6240=EDGE_LOOP('',(#6241,#6246,#6251));
#6241=ORIENTED_EDGE('',*,*,#6242,.T.);
#6242=EDGE_CURVE('',#3070,#6243,#6245,.T.);
#6243=VERTEX_POINT('',#6244);
#6244=CARTESIAN_POINT('',(0.869333267212,5.732937335968,9.6858000731E-08));
#6245=LINE('',#3071,#4185);
#6246=ORIENTED_EDGE('',*,*,#6247,.T.);
#6247=EDGE_CURVE('',#6243,#5440,#6248,.T.);
#6248=LINE('',#6244,#6249);
#6249=VECTOR('',#6250,1.);
#6250=DIRECTION('',(-0.382684041508,0.923879280196,0.));
#6251=ORIENTED_EDGE('',*,*,#5439,.F.);
#6252=PLANE('',#6253);
#6253=AXIS2_PLACEMENT_3D('',#6254,#55,#199);
#6254=CARTESIAN_POINT('',(1.372165031162,6.332985622515,9.6858000731E-08));
#6255=ADVANCED_FACE('',(#6256),#6269,.T.);
#6256=FACE_BOUND('',#6257,.T.);
#6257=EDGE_LOOP('',(#6258,#6259,#6264));
#6258=ORIENTED_EDGE('',*,*,#5456,.F.);
#6259=ORIENTED_EDGE('',*,*,#6260,.T.);
#6260=EDGE_CURVE('',#4803,#6261,#6263,.T.);
#6261=VERTEX_POINT('',#6262);
#6262=CARTESIAN_POINT('',(-0.232937142253,6.369333267212,-2.64999999851));
#6263=LINE('',#4804,#54);
#6264=ORIENTED_EDGE('',*,*,#6265,.T.);
#6265=EDGE_CURVE('',#6261,#5457,#6266,.T.);
#6266=LINE('',#6262,#6267);
#6267=VECTOR('',#6268,1.);
#6268=DIRECTION('',(-8.159046277021E-02,-3.379592607205E-02,0.996092782709));
#6269=PLANE('',#6270);
#6270=AXIS2_PLACEMENT_3D('',#6271,#6272,#4294);
#6271=CARTESIAN_POINT('',(-0.289603725236,6.345861165397,-1.268861840494));
#6272=DIRECTION('',(-0.382683914,0.923879333012,0.));
#6273=ADVANCED_FACE('',(#6274),#6281,.T.);
#6274=FACE_BOUND('',#6275,.T.);
#6275=EDGE_LOOP('',(#6276,#6279,#6280));
#6276=ORIENTED_EDGE('',*,*,#6277,.T.);
#6277=EDGE_CURVE('',#5476,#6261,#6278,.T.);
#6278=LINE('',#5477,#4806);
#6279=ORIENTED_EDGE('',*,*,#6260,.F.);
#6280=ORIENTED_EDGE('',*,*,#5480,.F.);
#6281=PLANE('',#6282);
#6282=AXIS2_PLACEMENT_3D('',#6283,#5487,#3871);
#6283=CARTESIAN_POINT('',(-0.172126404276,6.377339171438,-1.381138055457));
#6284=ADVANCED_FACE('',(#6285),#6300,.T.);
#6285=FACE_BOUND('',#6286,.T.);
#6286=EDGE_LOOP('',(#6287,#6288,#6295));
#6287=ORIENTED_EDGE('',*,*,#5492,.F.);
#6288=ORIENTED_EDGE('',*,*,#6289,.T.);
#6289=EDGE_CURVE('',#4822,#6290,#6292,.T.);
#6290=VERTEX_POINT('',#6291);
#6291=CARTESIAN_POINT('',(0.187643811107,6.200296401978,-3.));
#6292=LINE('',#4823,#6293);
#6293=VECTOR('',#6294,1.);
#6294=DIRECTION('',(-0.11574741067,-0.431974839641,-0.89442734464));
#6295=ORIENTED_EDGE('',*,*,#6296,.T.);
#6296=EDGE_CURVE('',#6290,#5476,#6297,.T.);
#6297=LINE('',#6291,#6298);
#6298=VECTOR('',#6299,1.);
#6299=DIRECTION('',(-0.422133504834,0.449264057907,0.787378632152));
#6300=PLANE('',#6301);
#6301=AXIS2_PLACEMENT_3D('',#6302,#6303,#6304);
#6302=CARTESIAN_POINT('',(0.141354248805,6.313089584352,-2.786601764235));
#6303=DIRECTION('',(0.116945874624,0.888290034271,-0.444144658217));
#6304=DIRECTION('',(5.823813653549E-14,0.447213306381,0.894427335559));
#6305=ADVANCED_FACE('',(#6306),#6315,.T.);
#6306=FACE_BOUND('',#6307,.T.);
#6307=EDGE_LOOP('',(#6308,#6313,#6314));
#6308=ORIENTED_EDGE('',*,*,#6309,.T.);
#6309=EDGE_CURVE('',#5706,#5505,#6310,.T.);
#6310=LINE('',#5707,#6311);
#6311=VECTOR('',#6312,1.);
#6312=DIRECTION('',(0.99144504854,0.130524770545,0.));
#6313=ORIENTED_EDGE('',*,*,#5504,.F.);
#6314=ORIENTED_EDGE('',*,*,#5712,.F.);
#6315=PLANE('',#6316);
#6316=AXIS2_PLACEMENT_3D('',#6317,#6318,#6319);
#6317=CARTESIAN_POINT('',(0.148102394851,-6.276846771475,-2.857310417521));
#6318=DIRECTION('',(0.116944337761,-0.888290277347,-0.444144576728));
#6319=DIRECTION('',(1.368280488911E-13,0.447213142838,-0.894427417331));
#6320=ADVANCED_FACE('',(#6321),#6330,.T.);
#6321=FACE_BOUND('',#6322,.T.);
#6322=EDGE_LOOP('',(#6323,#6328,#6329));
#6323=ORIENTED_EDGE('',*,*,#6324,.T.);
#6324=EDGE_CURVE('',#5505,#5526,#6325,.T.);
#6325=LINE('',#5506,#6326);
#6326=VECTOR('',#6327,1.);
#6327=DIRECTION('',(0.923879644984,0.382683160832,0.));
#6328=ORIENTED_EDGE('',*,*,#5525,.F.);
#6329=ORIENTED_EDGE('',*,*,#5511,.F.);
#6330=PLANE('',#6331);
#6331=AXIS2_PLACEMENT_3D('',#6332,#6333,#6334);
#6332=CARTESIAN_POINT('',(0.34411865478,-6.212044686495,-2.857310425386));
#6333=DIRECTION('',(0.342866996495,-0.827754841132,-0.444144284774));
#6334=DIRECTION('',(2.484679129111E-13,0.472803777887,-0.881167740907));
#6335=ADVANCED_FACE('',(#6336),#6345,.T.);
#6336=FACE_BOUND('',#6337,.T.);
#6337=EDGE_LOOP('',(#6338,#6343,#6344));
#6338=ORIENTED_EDGE('',*,*,#6339,.T.);
#6339=EDGE_CURVE('',#5526,#5547,#6340,.T.);
#6340=LINE('',#5527,#6341);
#6341=VECTOR('',#6342,1.);
#6342=DIRECTION('',(0.793352631685,0.608762352481,0.));
#6343=ORIENTED_EDGE('',*,*,#5546,.F.);
#6344=ORIENTED_EDGE('',*,*,#5532,.F.);
#6345=PLANE('',#6346);
#6346=AXIS2_PLACEMENT_3D('',#6347,#6348,#6349);
#6347=CARTESIAN_POINT('',(0.516683796316,-6.098717806182,-2.857310440824));
#6348=DIRECTION('',(0.545423686002,-0.710808273391,-0.444144797592));
#6349=DIRECTION('',(-0.793352631685,-0.608762352481,-6.053213486013E-13));
#6350=ADVANCED_FACE('',(#6351),#6360,.T.);
#6351=FACE_BOUND('',#6352,.T.);
#6352=EDGE_LOOP('',(#6353,#6358,#6359));
#6353=ORIENTED_EDGE('',*,*,#6354,.T.);
#6354=EDGE_CURVE('',#5547,#5568,#6355,.T.);
#6355=LINE('',#5548,#6356);
#6356=VECTOR('',#6357,1.);
#6357=DIRECTION('',(0.608762015901,0.793352889952,0.));
#6358=ORIENTED_EDGE('',*,*,#5567,.F.);
#6359=ORIENTED_EDGE('',*,*,#5553,.F.);
#6360=PLANE('',#6361);
#6361=AXIS2_PLACEMENT_3D('',#6362,#6363,#6364);
#6362=CARTESIAN_POINT('',(0.6540378141,-5.944589363715,-2.857310400297));
#6363=DIRECTION('',(0.710808630051,-0.54542348056,-0.444144479081));
#6364=DIRECTION('',(0.608762015901,0.793352889952,-3.039235529911E-13));
#6365=ADVANCED_FACE('',(#6366),#6381,.T.);
#6366=FACE_BOUND('',#6367,.T.);
#6367=EDGE_LOOP('',(#6368,#6375,#6380));
#6368=ORIENTED_EDGE('',*,*,#6369,.T.);
#6369=EDGE_CURVE('',#5568,#6370,#6372,.T.);
#6370=VERTEX_POINT('',#6371);
#6371=CARTESIAN_POINT('',(0.700296223164,-5.687644004822,-3.));
#6372=LINE('',#5569,#6373);
#6373=VECTOR('',#6374,1.);
#6374=DIRECTION('',(0.382683457478,0.923879522109,0.));
#6375=ORIENTED_EDGE('',*,*,#6376,.T.);
#6376=EDGE_CURVE('',#6370,#4896,#6377,.T.);
#6377=LINE('',#6371,#6378);
#6378=VECTOR('',#6379,1.);
#6379=DIRECTION('',(0.431975211331,-0.115747387822,0.894427168085));
#6380=ORIENTED_EDGE('',*,*,#5574,.F.);
#6381=PLANE('',#6382);
#6382=AXIS2_PLACEMENT_3D('',#6383,#6384,#6385);
#6383=CARTESIAN_POINT('',(0.746820217897,-5.760163125732,-2.857310419734));
#6384=DIRECTION('',(0.827754402212,-0.342867126071,-0.444145002761));
#6385=DIRECTION('',(0.472804566008,1.488531520266E-13,0.881167318029));
#6386=ADVANCED_FACE('',(#6387),#6396,.T.);
#6387=FACE_BOUND('',#6388,.T.);
#6388=EDGE_LOOP('',(#6389,#6390,#6391));
#6389=ORIENTED_EDGE('',*,*,#5588,.F.);
#6390=ORIENTED_EDGE('',*,*,#6376,.F.);
#6391=ORIENTED_EDGE('',*,*,#6392,.T.);
#6392=EDGE_CURVE('',#6370,#5589,#6393,.T.);
#6393=LINE('',#6371,#6394);
#6394=VECTOR('',#6395,1.);
#6395=DIRECTION('',(0.449264082285,0.422133837539,0.787378439871));
#6396=PLANE('',#6397);
#6397=AXIS2_PLACEMENT_3D('',#6398,#6399,#6400);
#6398=CARTESIAN_POINT('',(0.813089485187,-5.641354377111,-2.786601748382));
#6399=DIRECTION('',(0.888289940727,-0.116945310458,-0.444144993854));
#6400=DIRECTION('',(0.447213614422,9.74914593499E-15,0.894427181539));
#6401=ADVANCED_FACE('',(#6402),#6417,.T.);
#6402=FACE_BOUND('',#6403,.T.);
#6403=EDGE_LOOP('',(#6404,#6405,#6412));
#6404=ORIENTED_EDGE('',*,*,#5605,.F.);
#6405=ORIENTED_EDGE('',*,*,#6406,.T.);
#6406=EDGE_CURVE('',#5589,#6407,#6409,.T.);
#6407=VERTEX_POINT('',#6408);
#6408=CARTESIAN_POINT('',(0.869333267212,-5.267062664032,-2.64999999851));
#6409=LINE('',#5590,#6410);
#6410=VECTOR('',#6411,1.);
#6411=DIRECTION('',(-0.130525886323,0.991444901646,0.));
#6412=ORIENTED_EDGE('',*,*,#6413,.T.);
#6413=EDGE_CURVE('',#6407,#4925,#6414,.T.);
#6414=LINE('',#6408,#6415);
#6415=VECTOR('',#6416,1.);
#6416=DIRECTION('',(1.152712686709E-02,-8.755743006192E-02,0.996092777701));
#6417=PLANE('',#6418);
#6418=AXIS2_PLACEMENT_3D('',#6419,#6420,#6411);
#6419=CARTESIAN_POINT('',(0.891994102799,-5.439189209524,-1.381138095684));
#6420=DIRECTION('',(0.991444901646,0.130525886323,0.));
#6421=ADVANCED_FACE('',(#6422),#6437,.T.);
#6422=FACE_BOUND('',#6423,.T.);
#6423=EDGE_LOOP('',(#6424,#6431,#6436));
#6424=ORIENTED_EDGE('',*,*,#6425,.T.);
#6425=EDGE_CURVE('',#4925,#6426,#6428,.T.);
#6426=VERTEX_POINT('',#6427);
#6427=CARTESIAN_POINT('',(1.545481324196,-0.414110481739,9.6858000731E-08));
#6428=LINE('',#4926,#6429);
#6429=VECTOR('',#6430,1.);
#6430=DIRECTION('',(0.125906138444,0.992042158531,0.));
#6431=ORIENTED_EDGE('',*,*,#6432,.T.);
#6432=EDGE_CURVE('',#6426,#5618,#6433,.T.);
#6433=LINE('',#6427,#6434);
#6434=VECTOR('',#6435,1.);
#6435=DIRECTION('',(0.130526240342,0.991444855038,0.));
#6436=ORIENTED_EDGE('',*,*,#5617,.F.);
#6437=PLANE('',#6438);
#6438=AXIS2_PLACEMENT_3D('',#6439,#55,#199);
#6439=CARTESIAN_POINT('',(1.249553908529,-2.74994232768,9.6858000731E-08));
#6440=ADVANCED_FACE('',(#6441),#6452,.T.);
#6441=FACE_BOUND('',#6442,.T.);
#6442=EDGE_LOOP('',(#6443,#6444,#6449));
#6443=ORIENTED_EDGE('',*,*,#5624,.F.);
#6444=ORIENTED_EDGE('',*,*,#6445,.T.);
#6445=EDGE_CURVE('',#5618,#3070,#6446,.T.);
#6446=LINE('',#5619,#6447);
#6447=VECTOR('',#6448,1.);
#6448=DIRECTION('',(5.787384527913E-02,0.998323904368,0.));
#6449=ORIENTED_EDGE('',*,*,#6450,.T.);
#6450=EDGE_CURVE('',#3070,#2846,#6451,.T.);
#6451=LINE('',#3071,#345);
#6452=PLANE('',#6453);
#6453=AXIS2_PLACEMENT_3D('',#6454,#55,#199);
#6454=CARTESIAN_POINT('',(1.899916130893,0.,9.6858000731E-08));
#6455=ADVANCED_FACE('',(#6456),#6471,.T.);
#6456=FACE_BOUND('',#6457,.T.);
#6457=EDGE_LOOP('',(#6458,#6465,#6466));
#6458=ORIENTED_EDGE('',*,*,#6459,.T.);
#6459=EDGE_CURVE('',#6460,#5635,#6462,.T.);
#6460=VERTEX_POINT('',#6461);
#6461=CARTESIAN_POINT('',(-0.512652397156,-6.012652397156,-3.));
#6462=LINE('',#6461,#6463);
#6463=VECTOR('',#6464,1.);
#6464=DIRECTION('',(0.793352631685,-0.608762352481,0.));
#6465=ORIENTED_EDGE('',*,*,#5634,.F.);
#6466=ORIENTED_EDGE('',*,*,#6467,.T.);
#6467=EDGE_CURVE('',#4941,#6460,#6468,.T.);
#6468=LINE('',#4942,#6469);
#6469=VECTOR('',#6470,1.);
#6470=DIRECTION('',(-0.140946199185,0.60014082864,-0.787378660325));
#6471=PLANE('',#6472);
#6472=AXIS2_PLACEMENT_3D('',#6473,#6474,#6475);
#6473=CARTESIAN_POINT('',(-0.444589382737,-6.154037807482,-2.857310445141));
#6474=DIRECTION('',(-0.545423829067,-0.710808459837,-0.444144323514));
#6475=DIRECTION('',(-0.793352631685,0.608762352481,2.670086374224E-13));
#6476=ADVANCED_FACE('',(#6477),#6486,.T.);
#6477=FACE_BOUND('',#6478,.T.);
#6478=EDGE_LOOP('',(#6479,#6484,#6485));
#6479=ORIENTED_EDGE('',*,*,#6480,.T.);
#6480=EDGE_CURVE('',#5635,#5656,#6481,.T.);
#6481=LINE('',#5636,#6482);
#6482=VECTOR('',#6483,1.);
#6483=DIRECTION('',(0.923879644984,-0.382683160832,0.));
#6484=ORIENTED_EDGE('',*,*,#5655,.F.);
#6485=ORIENTED_EDGE('',*,*,#5641,.F.);
#6486=PLANE('',#6487);
#6487=AXIS2_PLACEMENT_3D('',#6488,#6489,#6490);
#6488=CARTESIAN_POINT('',(-0.260162935664,-6.246820339887,-2.857310424856));
#6489=DIRECTION('',(-0.34286692183,-0.827754660875,-0.444144678358));
#6490=DIRECTION('',(-1.135203042679E-14,0.472804183152,-0.881167523456));
#6491=ADVANCED_FACE('',(#6492),#6501,.T.);
#6492=FACE_BOUND('',#6493,.T.);
#6493=EDGE_LOOP('',(#6494,#6499,#6500));
#6494=ORIENTED_EDGE('',*,*,#6495,.T.);
#6495=EDGE_CURVE('',#5656,#5706,#6496,.T.);
#6496=LINE('',#5657,#6497);
#6497=VECTOR('',#6498,1.);
#6498=DIRECTION('',(0.99144504854,-0.130524770545,0.));
#6499=ORIENTED_EDGE('',*,*,#5705,.F.);
#6500=ORIENTED_EDGE('',*,*,#5662,.F.);
#6501=PLANE('',#6502);
#6502=AXIS2_PLACEMENT_3D('',#6503,#6504,#6505);
#6503=CARTESIAN_POINT('',(-5.800679497008E-02,-6.288708119727,-2.857310415093));
#6504=DIRECTION('',(-0.116944283529,-0.888289865405,-0.444145414891));
#6505=DIRECTION('',(-2.888661532197E-14,0.447213983916,-0.894426996792));
#6506=ADVANCED_FACE('',(#6507),#6516,.T.);
#6507=FACE_BOUND('',#6508,.T.);
#6508=EDGE_LOOP('',(#6509,#6510,#6515));
#6509=ORIENTED_EDGE('',*,*,#5675,.F.);
#6510=ORIENTED_EDGE('',*,*,#6511,.T.);
#6511=EDGE_CURVE('',#5676,#6460,#6512,.T.);
#6512=LINE('',#5677,#6513);
#6513=VECTOR('',#6514,1.);
#6514=DIRECTION('',(0.316227864188,0.316227407228,-0.894427283142));
#6515=ORIENTED_EDGE('',*,*,#6467,.F.);
#6516=PLANE('',#6517);
#6517=AXIS2_PLACEMENT_3D('',#6518,#6519,#6520);
#6518=CARTESIAN_POINT('',(-0.528961100935,-6.133478930758,-2.786601758808));
#6519=DIRECTION('',(-0.545423001933,-0.710808827096,-0.444144751501));
#6520=DIRECTION('',(-0.793353229458,0.608761573449,-1.919853165333E-13));
#6521=ADVANCED_FACE('',(#6522),#6537,.T.);
#6522=FACE_BOUND('',#6523,.T.);
#6523=EDGE_LOOP('',(#6524,#6531,#6532));
#6524=ORIENTED_EDGE('',*,*,#6525,.T.);
#6525=EDGE_CURVE('',#6526,#5383,#6528,.T.);
#6526=VERTEX_POINT('',#6527);
#6527=CARTESIAN_POINT('',(6.,-0.10000000149,-3.));
#6528=LINE('',#6527,#6529);
#6529=VECTOR('',#6530,1.);
#6530=DIRECTION('',(0.,0.164398984525,0.986393924296));
#6531=ORIENTED_EDGE('',*,*,#5726,.F.);
#6532=ORIENTED_EDGE('',*,*,#6533,.T.);
#6533=EDGE_CURVE('',#4409,#6526,#6534,.T.);
#6534=LINE('',#4410,#6535);
#6535=VECTOR('',#6536,1.);
#6536=DIRECTION('',(0.,9.950371730838E-02,-0.995037190381));
#6537=PLANE('',#6538);
#6538=AXIS2_PLACEMENT_3D('',#6539,#14,#13);
#6539=CARTESIAN_POINT('',(6.,-4.339535605613E-02,-1.324979557444));
#6540=ADVANCED_FACE('',(#6541),#6550,.T.);
#6541=FACE_BOUND('',#6542,.T.);
#6542=EDGE_LOOP('',(#6543,#6544,#6545));
#6543=ORIENTED_EDGE('',*,*,#5737,.F.);
#6544=ORIENTED_EDGE('',*,*,#5758,.F.);
#6545=ORIENTED_EDGE('',*,*,#6546,.T.);
#6546=EDGE_CURVE('',#5754,#5738,#6547,.T.);
#6547=LINE('',#5755,#6548);
#6548=VECTOR('',#6549,1.);
#6549=DIRECTION('',(0.,-0.289004586351,-0.957327712473));
#6550=PLANE('',#6551);
#6551=AXIS2_PLACEMENT_3D('',#6552,#199,#55);
#6552=CARTESIAN_POINT('',(5.800000190735,-0.170469476353,-1.154530474473));
#6553=ADVANCED_FACE('',(#6554),#6565,.T.);
#6554=FACE_BOUND('',#6555,.T.);
#6555=EDGE_LOOP('',(#6556,#6561,#6564));
#6556=ORIENTED_EDGE('',*,*,#6557,.T.);
#6557=EDGE_CURVE('',#5738,#6558,#6560,.T.);
#6558=VERTEX_POINT('',#6559);
#6559=CARTESIAN_POINT('',(6.,-0.40000000596,-2.64999999851));
#6560=LINE('',#5739,#34);
#6561=ORIENTED_EDGE('',*,*,#6562,.T.);
#6562=EDGE_CURVE('',#6558,#4409,#6563,.T.);
#6563=LINE('',#6559,#82);
#6564=ORIENTED_EDGE('',*,*,#5742,.F.);
#6565=PLANE('',#6566);
#6566=AXIS2_PLACEMENT_3D('',#6567,#64,#55);
#6567=CARTESIAN_POINT('',(5.948115938044,-0.40000000596,-1.373115793503));
#6568=ADVANCED_FACE('',(#6569),#6574,.T.);
#6569=FACE_BOUND('',#6570,.T.);
#6570=EDGE_LOOP('',(#6571,#6572,#6573));
#6571=ORIENTED_EDGE('',*,*,#5753,.F.);
#6572=ORIENTED_EDGE('',*,*,#5774,.F.);
#6573=ORIENTED_EDGE('',*,*,#6158,.F.);
#6574=PLANE('',#6575);
#6575=AXIS2_PLACEMENT_3D('',#6576,#55,#199);
#6576=CARTESIAN_POINT('',(5.758590110664,1.69028226406E-03,9.6858000731E-08));
#6577=ADVANCED_FACE('',(#6578),#6585,.T.);
#6578=FACE_BOUND('',#6579,.T.);
#6579=EDGE_LOOP('',(#6580,#6583,#6584));
#6580=ORIENTED_EDGE('',*,*,#6581,.T.);
#6581=EDGE_CURVE('',#5054,#6140,#6582,.T.);
#6582=LINE('',#5055,#189);
#6583=ORIENTED_EDGE('',*,*,#6139,.F.);
#6584=ORIENTED_EDGE('',*,*,#5769,.F.);
#6585=PLANE('',#6586);
#6586=AXIS2_PLACEMENT_3D('',#6587,#55,#199);
#6587=CARTESIAN_POINT('',(5.639725780453,5.177176646058E-02,9.6858000731E-08));
#6588=ADVANCED_FACE('',(#6589),#6598,.T.);
#6589=FACE_BOUND('',#6590,.T.);
#6590=EDGE_LOOP('',(#6591,#6592,#6597));
#6591=ORIENTED_EDGE('',*,*,#5790,.F.);
#6592=ORIENTED_EDGE('',*,*,#6593,.T.);
#6593=EDGE_CURVE('',#5784,#6140,#6594,.T.);
#6594=LINE('',#5785,#6595);
#6595=VECTOR('',#6596,1.);
#6596=DIRECTION('',(0.130525877649,0.991444902788,0.));
#6597=ORIENTED_EDGE('',*,*,#6581,.F.);
#6598=PLANE('',#6599);
#6599=AXIS2_PLACEMENT_3D('',#6600,#55,#199);
#6600=CARTESIAN_POINT('',(5.567929840032,-1.328384070496E-02,9.6858000731E-08));
#6601=ADVANCED_FACE('',(#6602),#6617,.T.);
#6602=FACE_BOUND('',#6603,.T.);
#6603=EDGE_LOOP('',(#6604,#6611,#6616));
#6604=ORIENTED_EDGE('',*,*,#6605,.T.);
#6605=EDGE_CURVE('',#2177,#6606,#6608,.T.);
#6606=VERTEX_POINT('',#6607);
#6607=CARTESIAN_POINT('',(5.380384922028,-0.300000011921,9.6858000731E-08));
#6608=LINE('',#2178,#6609);
#6609=VECTOR('',#6610,1.);
#6610=DIRECTION('',(5.753859499099E-02,0.998343282687,0.));
#6611=ORIENTED_EDGE('',*,*,#6612,.T.);
#6612=EDGE_CURVE('',#6606,#5784,#6613,.T.);
#6613=LINE('',#6607,#6614);
#6614=VECTOR('',#6615,1.);
#6615=DIRECTION('',(0.608761634711,-0.79335318245,0.));
#6616=ORIENTED_EDGE('',*,*,#5783,.F.);
#6617=PLANE('',#6618);
#6618=AXIS2_PLACEMENT_3D('',#6619,#55,#199);
#6619=CARTESIAN_POINT('',(5.216346617274,-3.592178709647,9.6858000731E-08));
#6620=ADVANCED_FACE('',(#6621),#6634,.T.);
#6621=FACE_BOUND('',#6622,.T.);
#6622=EDGE_LOOP('',(#6623,#6624,#6629));
#6623=ORIENTED_EDGE('',*,*,#5802,.F.);
#6624=ORIENTED_EDGE('',*,*,#6625,.T.);
#6625=EDGE_CURVE('',#5457,#6626,#6628,.T.);
#6626=VERTEX_POINT('',#6627);
#6627=CARTESIAN_POINT('',(-0.449999988079,6.27942276001,-2.64999999851));
#6628=LINE('',#5458,#54);
#6629=ORIENTED_EDGE('',*,*,#6630,.T.);
#6630=EDGE_CURVE('',#6626,#5073,#6631,.T.);
#6631=LINE('',#6627,#6632);
#6632=VECTOR('',#6633,1.);
#6633=DIRECTION('',(-7.006333019601E-02,-5.376150439359E-02,0.996092782027));
#6634=PLANE('',#6635);
#6635=AXIS2_PLACEMENT_3D('',#6636,#6637,#3818);
#6636=CARTESIAN_POINT('',(-0.498660694212,6.242084072865,-1.268861835793));
#6637=DIRECTION('',(-0.608761573449,0.793353229458,0.));
#6638=ADVANCED_FACE('',(#6639),#6650,.T.);
#6639=FACE_BOUND('',#6640,.T.);
#6640=EDGE_LOOP('',(#6641,#6646,#6649));
#6641=ORIENTED_EDGE('',*,*,#6642,.T.);
#6642=EDGE_CURVE('',#5073,#6643,#6645,.T.);
#6643=VERTEX_POINT('',#6644);
#6644=CARTESIAN_POINT('',(-0.636396110058,6.136395931244,-2.64999999851));
#6645=LINE('',#5074,#54);
#6646=ORIENTED_EDGE('',*,*,#6647,.T.);
#6647=EDGE_CURVE('',#6643,#5815,#6648,.T.);
#6648=LINE('',#6644,#5076);
#6649=ORIENTED_EDGE('',*,*,#5820,.F.);
#6650=PLANE('',#6651);
#6651=AXIS2_PLACEMENT_3D('',#6652,#5827,#5077);
#6652=CARTESIAN_POINT('',(-0.673734781399,6.087735225429,-1.381138057589));
#6653=ADVANCED_FACE('',(#6654),#6669,.T.);
#6654=FACE_BOUND('',#6655,.T.);
#6655=EDGE_LOOP('',(#6656,#6657,#6664));
#6656=ORIENTED_EDGE('',*,*,#5833,.F.);
#6657=ORIENTED_EDGE('',*,*,#6658,.T.);
#6658=EDGE_CURVE('',#5815,#6659,#6661,.T.);
#6659=VERTEX_POINT('',#6660);
#6660=CARTESIAN_POINT('',(-0.627868413925,5.862500190735,-3.));
#6661=LINE('',#5816,#6662);
#6662=VECTOR('',#6663,1.);
#6663=DIRECTION('',(0.387298460369,-0.223605866537,-0.894427369352));
#6664=ORIENTED_EDGE('',*,*,#6665,.T.);
#6665=EDGE_CURVE('',#6659,#5090,#6666,.T.);
#6666=LINE('',#6660,#6667);
#6667=VECTOR('',#6668,1.);
#6668=DIRECTION('',(-0.543212125875,-0.291471461848,0.787378545066));
#6669=PLANE('',#6670);
#6670=AXIS2_PLACEMENT_3D('',#6671,#6672,#6673);
#6671=CARTESIAN_POINT('',(-0.748798939738,5.846980839712,-2.786601812147));
#6672=DIRECTION('',(-0.827754311656,0.342867701604,-0.444144727236));
#6673=DIRECTION('',(0.472804378432,-1.63341562498E-13,-0.881167418676));
#6674=ADVANCED_FACE('',(#6675),#6688,.T.);
#6675=FACE_BOUND('',#6676,.T.);
#6676=EDGE_LOOP('',(#6677,#6682,#6687));
#6677=ORIENTED_EDGE('',*,*,#6678,.T.);
#6678=EDGE_CURVE('',#5090,#6679,#6681,.T.);
#6679=VERTEX_POINT('',#6680);
#6680=CARTESIAN_POINT('',(-0.700296223164,5.687644004822,-3.));
#6681=LINE('',#5091,#6068);
#6682=ORIENTED_EDGE('',*,*,#6683,.T.);
#6683=EDGE_CURVE('',#6679,#5844,#6684,.T.);
#6684=LINE('',#6680,#6685);
#6685=VECTOR('',#6686,1.);
#6686=DIRECTION('',(-0.130526185916,-0.991444862204,0.));
#6687=ORIENTED_EDGE('',*,*,#5851,.F.);
#6688=PLANE('',#6689);
#6689=AXIS2_PLACEMENT_3D('',#6690,#6691,#6692);
#6690=CARTESIAN_POINT('',(-0.77684674507,5.648102519201,-2.857310445256));
#6691=DIRECTION('',(-0.888289898417,0.116945577962,-0.444145008038));
#6692=DIRECTION('',(0.447213642889,1.294103713079E-14,-0.894427167306));
#6693=ADVANCED_FACE('',(#6694),#6703,.T.);
#6694=FACE_BOUND('',#6695,.T.);
#6695=EDGE_LOOP('',(#6696,#6697,#6702));
#6696=ORIENTED_EDGE('',*,*,#5843,.F.);
#6697=ORIENTED_EDGE('',*,*,#6698,.T.);
#6698=EDGE_CURVE('',#5844,#5865,#6699,.T.);
#6699=LINE('',#5845,#6700);
#6700=VECTOR('',#6701,1.);
#6701=DIRECTION('',(0.130526185916,-0.991444862204,0.));
#6702=ORIENTED_EDGE('',*,*,#5872,.F.);
#6703=PLANE('',#6704);
#6704=AXIS2_PLACEMENT_3D('',#6705,#6706,#6707);
#6705=CARTESIAN_POINT('',(-0.788708031208,5.441993127251,-2.857310447181));
#6706=DIRECTION('',(-0.888289970119,-0.116945587402,-0.444144862149));
#6707=DIRECTION('',(0.447213496492,9.25232113147E-14,-0.894427240504));
#6708=ADVANCED_FACE('',(#6709),#6718,.T.);
#6709=FACE_BOUND('',#6710,.T.);
#6710=EDGE_LOOP('',(#6711,#6712,#6717));
#6711=ORIENTED_EDGE('',*,*,#5864,.F.);
#6712=ORIENTED_EDGE('',*,*,#6713,.T.);
#6713=EDGE_CURVE('',#5865,#5886,#6714,.T.);
#6714=LINE('',#5866,#6715);
#6715=VECTOR('',#6716,1.);
#6716=DIRECTION('',(0.382683457478,-0.923879522109,0.));
#6717=ORIENTED_EDGE('',*,*,#5893,.F.);
#6718=PLANE('',#6719);
#6719=AXIS2_PLACEMENT_3D('',#6720,#6721,#6722);
#6720=CARTESIAN_POINT('',(-0.746820217897,5.239836874268,-2.857310419734));
#6721=DIRECTION('',(-0.827754402212,-0.342867126071,-0.444145002761));
#6722=DIRECTION('',(0.472804566008,-1.488531520266E-13,-0.881167318029));
#6723=ADVANCED_FACE('',(#6724),#6739,.T.);
#6724=FACE_BOUND('',#6725,.T.);
#6725=EDGE_LOOP('',(#6726,#6727,#6734));
#6726=ORIENTED_EDGE('',*,*,#5885,.F.);
#6727=ORIENTED_EDGE('',*,*,#6728,.T.);
#6728=EDGE_CURVE('',#5886,#6729,#6731,.T.);
#6729=VERTEX_POINT('',#6730);
#6730=CARTESIAN_POINT('',(-0.512652397156,4.987347602844,-3.));
#6731=LINE('',#5887,#6732);
#6732=VECTOR('',#6733,1.);
#6733=DIRECTION('',(0.608762015901,-0.793352889952,0.));
#6734=ORIENTED_EDGE('',*,*,#6735,.T.);
#6735=EDGE_CURVE('',#6729,#5131,#6736,.T.);
#6736=LINE('',#6730,#6737);
#6737=VECTOR('',#6738,1.);
#6738=DIRECTION('',(-0.600140966203,0.140946570779,0.787378488956));
#6739=PLANE('',#6740);
#6740=AXIS2_PLACEMENT_3D('',#6741,#6742,#6743);
#6741=CARTESIAN_POINT('',(-0.6540378141,5.055410636285,-2.857310400297));
#6742=DIRECTION('',(-0.710808630051,-0.54542348056,-0.444144479081));
#6743=DIRECTION('',(0.608762015901,-0.793352889952,3.039235529911E-13));
#6744=ADVANCED_FACE('',(#6745),#6756,.T.);
#6745=FACE_BOUND('',#6746,.T.);
#6746=EDGE_LOOP('',(#6747,#6748,#6753));
#6747=ORIENTED_EDGE('',*,*,#5906,.F.);
#6748=ORIENTED_EDGE('',*,*,#6749,.T.);
#6749=EDGE_CURVE('',#5131,#6750,#6752,.T.);
#6750=VERTEX_POINT('',#6751);
#6751=CARTESIAN_POINT('',(-0.636396110058,4.863604068756,-2.64999999851));
#6752=LINE('',#5132,#5353);
#6753=ORIENTED_EDGE('',*,*,#6754,.T.);
#6754=EDGE_CURVE('',#6750,#5149,#6755,.T.);
#6755=LINE('',#6751,#6120);
#6756=PLANE('',#6757);
#6757=AXIS2_PLACEMENT_3D('',#6758,#6125,#5354);
#6758=CARTESIAN_POINT('',(-0.742084207878,5.001339484919,-1.381138057589));
#6759=ADVANCED_FACE('',(#6760),#6767,.T.);
#6760=FACE_BOUND('',#6761,.T.);
#6761=EDGE_LOOP('',(#6762,#6765,#6766));
#6762=ORIENTED_EDGE('',*,*,#6763,.T.);
#6763=EDGE_CURVE('',#6750,#5919,#6764,.T.);
#6764=LINE('',#6751,#82);
#6765=ORIENTED_EDGE('',*,*,#5918,.F.);
#6766=ORIENTED_EDGE('',*,*,#6754,.F.);
#6767=PLANE('',#6768);
#6768=AXIS2_PLACEMENT_3D('',#6769,#6125,#5354);
#6769=CARTESIAN_POINT('',(-0.673734781399,4.912264774571,-1.268861844063));
#6770=ADVANCED_FACE('',(#6771),#6784,.T.);
#6771=FACE_BOUND('',#6772,.T.);
#6772=EDGE_LOOP('',(#6773,#6774,#6779));
#6773=ORIENTED_EDGE('',*,*,#5923,.F.);
#6774=ORIENTED_EDGE('',*,*,#6775,.T.);
#6775=EDGE_CURVE('',#5919,#6776,#6778,.T.);
#6776=VERTEX_POINT('',#6777);
#6777=CARTESIAN_POINT('',(-0.449999988079,4.72057723999,9.6858000731E-08));
#6778=LINE('',#5920,#4989);
#6779=ORIENTED_EDGE('',*,*,#6780,.T.);
#6780=EDGE_CURVE('',#6776,#4526,#6781,.T.);
#6781=LINE('',#6777,#6782);
#6782=VECTOR('',#6783,1.);
#6783=DIRECTION('',(-0.104376280875,-0.99453787861,0.));
#6784=PLANE('',#6785);
#6785=AXIS2_PLACEMENT_3D('',#6786,#55,#199);
#6786=CARTESIAN_POINT('',(-0.668179398508,3.146116586364,9.6858000731E-08));
#6787=ADVANCED_FACE('',(#6788),#6800,.T.);
#6788=FACE_BOUND('',#6789,.T.);
#6789=EDGE_LOOP('',(#6790,#6796,#6799));
#6790=ORIENTED_EDGE('',*,*,#6791,.T.);
#6791=EDGE_CURVE('',#4526,#6792,#6794,.T.);
#6792=VERTEX_POINT('',#6793);
#6793=CARTESIAN_POINT('',(-0.414110481739,1.545481324196,9.6858000731E-08));
#6794=LINE('',#4527,#6795);
#6795=VECTOR('',#5949,1.);
#6796=ORIENTED_EDGE('',*,*,#6797,.T.);
#6797=EDGE_CURVE('',#6792,#5935,#6798,.T.);
#6798=LINE('',#6793,#54);
#6799=ORIENTED_EDGE('',*,*,#5941,.F.);
#6800=PLANE('',#6801);
#6801=AXIS2_PLACEMENT_3D('',#6802,#5948,#5949);
#6802=CARTESIAN_POINT('',(-0.518139043933,1.502391275843,-1.228757744036));
#6803=ADVANCED_FACE('',(#6804),#6813,.T.);
#6804=FACE_BOUND('',#6805,.T.);
#6805=EDGE_LOOP('',(#6806,#6807,#6812));
#6806=ORIENTED_EDGE('',*,*,#5934,.F.);
#6807=ORIENTED_EDGE('',*,*,#6808,.T.);
#6808=EDGE_CURVE('',#5935,#5955,#6809,.T.);
#6809=LINE('',#5936,#6810);
#6810=VECTOR('',#6811,1.);
#6811=DIRECTION('',(0.115747395438,-0.431975087434,-0.894427226937));
#6812=ORIENTED_EDGE('',*,*,#5962,.F.);
#6813=PLANE('',#6814);
#6814=AXIS2_PLACEMENT_3D('',#6815,#6816,#6817);
#6815=CARTESIAN_POINT('',(-0.536005505772,1.429836458172,-2.771428277781));
#6816=DIRECTION('',(-0.34286717297,0.827754444269,-0.444144888176));
#6817=DIRECTION('',(-8.584799537914E-14,0.472804452644,0.881167378856));
#6818=ADVANCED_FACE('',(#6819),#6828,.T.);
#6819=FACE_BOUND('',#6820,.T.);
#6820=EDGE_LOOP('',(#6821,#6822,#6823));
#6821=ORIENTED_EDGE('',*,*,#5977,.F.);
#6822=ORIENTED_EDGE('',*,*,#5954,.F.);
#6823=ORIENTED_EDGE('',*,*,#6824,.T.);
#6824=EDGE_CURVE('',#5955,#5243,#6825,.T.);
#6825=LINE('',#5956,#6826);
#6826=VECTOR('',#6827,1.);
#6827=DIRECTION('',(-0.130526179447,-0.991444863055,0.));
#6828=PLANE('',#6829);
#6829=AXIS2_PLACEMENT_3D('',#6830,#55,#199);
#6830=CARTESIAN_POINT('',(-0.618151072264,0.122957917557,-3.));
#6831=ADVANCED_FACE('',(#6832),#6847,.T.);
#6832=FACE_BOUND('',#6833,.T.);
#6833=EDGE_LOOP('',(#6834,#6841,#6846));
#6834=ORIENTED_EDGE('',*,*,#6835,.T.);
#6835=EDGE_CURVE('',#5243,#6836,#6838,.T.);
#6836=VERTEX_POINT('',#6837);
#6837=CARTESIAN_POINT('',(-0.368817150593,-1.376444339752,-3.));
#6838=LINE('',#5244,#6839);
#6839=VECTOR('',#6840,1.);
#6840=DIRECTION('',(0.923879440932,-0.382683653456,0.));
#6841=ORIENTED_EDGE('',*,*,#6842,.T.);
#6842=EDGE_CURVE('',#6836,#5987,#6843,.T.);
#6843=LINE('',#6837,#6844);
#6844=VECTOR('',#6845,1.);
#6845=DIRECTION('',(-0.115747395438,-0.431975087434,0.894427226937));
#6846=ORIENTED_EDGE('',*,*,#5992,.F.);
#6847=PLANE('',#6848);
#6848=AXIS2_PLACEMENT_3D('',#6849,#6850,#6851);
#6849=CARTESIAN_POINT('',(-0.505926207003,-1.387063250178,-2.874365173073));
#6850=DIRECTION('',(-0.342867325014,-0.827754385867,-0.444144879646));
#6851=DIRECTION('',(-5.592748486549E-14,0.472804471495,-0.881167368741));
#6852=ADVANCED_FACE('',(#6853),#6867,.T.);
#6853=FACE_BOUND('',#6854,.T.);
#6854=EDGE_LOOP('',(#6855,#6861,#6862));
#6855=ORIENTED_EDGE('',*,*,#6856,.T.);
#6856=EDGE_CURVE('',#6857,#5264,#6859,.T.);
#6857=VERTEX_POINT('',#6858);
#6858=CARTESIAN_POINT('',(-1.7763568394E-15,-1.600000023842,9.6858000731E-08));
#6859=LINE('',#6858,#6860);
#6860=VECTOR('',#2973,1.);
#6861=ORIENTED_EDGE('',*,*,#6006,.F.);
#6862=ORIENTED_EDGE('',*,*,#6863,.T.);
#6863=EDGE_CURVE('',#5987,#6857,#6864,.T.);
#6864=LINE('',#5988,#6865);
#6865=VECTOR('',#6866,1.);
#6866=DIRECTION('',(0.154362452573,-2.032221003702E-02,0.987805264723));
#6867=PLANE('',#6868);
#6868=AXIS2_PLACEMENT_3D('',#6869,#2748,#2973);
#6869=CARTESIAN_POINT('',(-0.302474081593,-1.560178540609,-1.228757744072));
#6870=ADVANCED_FACE('',(#6871),#6884,.T.);
#6871=FACE_BOUND('',#6872,.T.);
#6872=EDGE_LOOP('',(#6873,#6878,#6879));
#6873=ORIENTED_EDGE('',*,*,#6874,.T.);
#6874=EDGE_CURVE('',#6875,#6017,#6877,.T.);
#6875=VERTEX_POINT('',#6876);
#6876=CARTESIAN_POINT('',(-0.232937142253,-4.630666732788,9.6858000731E-08));
#6877=LINE('',#6876,#5460);
#6878=ORIENTED_EDGE('',*,*,#6024,.F.);
#6879=ORIENTED_EDGE('',*,*,#6880,.T.);
#6880=EDGE_CURVE('',#5264,#6875,#6881,.T.);
#6881=LINE('',#5265,#6882);
#6882=VECTOR('',#6883,1.);
#6883=DIRECTION('',(5.862265505572E-02,-0.998280213324,0.));
#6884=PLANE('',#6885);
#6885=AXIS2_PLACEMENT_3D('',#6886,#55,#199);
#6886=CARTESIAN_POINT('',(-0.377184690635,-3.167408962142,9.6858000731E-08));
#6887=ADVANCED_FACE('',(#6888),#6895,.T.);
#6888=FACE_BOUND('',#6889,.T.);
#6889=EDGE_LOOP('',(#6890,#6893,#6894));
#6890=ORIENTED_EDGE('',*,*,#6891,.T.);
#6891=EDGE_CURVE('',#6017,#6036,#6892,.T.);
#6892=LINE('',#6018,#5804);
#6893=ORIENTED_EDGE('',*,*,#6041,.F.);
#6894=ORIENTED_EDGE('',*,*,#6016,.F.);
#6895=PLANE('',#6896);
#6896=AXIS2_PLACEMENT_3D('',#6897,#55,#199);
#6897=CARTESIAN_POINT('',(-0.668179398508,-3.146116586364,9.6858000731E-08));
#6898=ADVANCED_FACE('',(#6899),#6910,.T.);
#6899=FACE_BOUND('',#6900,.T.);
#6900=EDGE_LOOP('',(#6901,#6906,#6907));
#6901=ORIENTED_EDGE('',*,*,#6902,.T.);
#6902=EDGE_CURVE('',#6903,#5282,#6905,.T.);
#6903=VERTEX_POINT('',#6904);
#6904=CARTESIAN_POINT('',(-0.779422879219,-5.050000190735,-2.64999999851));
#6905=LINE('',#6904,#82);
#6906=ORIENTED_EDGE('',*,*,#6035,.F.);
#6907=ORIENTED_EDGE('',*,*,#6908,.T.);
#6908=EDGE_CURVE('',#6036,#6903,#6909,.T.);
#6909=LINE('',#6037,#5822);
#6910=PLANE('',#6911);
#6911=AXIS2_PLACEMENT_3D('',#6912,#5827,#5077);
#6912=CARTESIAN_POINT('',(-0.742084207878,-5.001339484919,-1.268861844063));
#6913=ADVANCED_FACE('',(#6914),#6921,.T.);
#6914=FACE_BOUND('',#6915,.T.);
#6915=EDGE_LOOP('',(#6916,#6917,#6920));
#6916=ORIENTED_EDGE('',*,*,#6902,.F.);
#6917=ORIENTED_EDGE('',*,*,#6918,.T.);
#6918=EDGE_CURVE('',#6903,#5299,#6919,.T.);
#6919=LINE('',#6904,#4476);
#6920=ORIENTED_EDGE('',*,*,#6054,.F.);
#6921=PLANE('',#6922);
#6922=AXIS2_PLACEMENT_3D('',#6923,#5102,#4477);
#6923=CARTESIAN_POINT('',(-0.80289494827,-5.106666672498,-1.381137972316));
#6924=ADVANCED_FACE('',(#6925),#6940,.T.);
#6925=FACE_BOUND('',#6926,.T.);
#6926=EDGE_LOOP('',(#6927,#6934,#6935));
#6927=ORIENTED_EDGE('',*,*,#6928,.T.);
#6928=EDGE_CURVE('',#6929,#6065,#6931,.T.);
#6929=VERTEX_POINT('',#6930);
#6930=CARTESIAN_POINT('',(-0.627868413925,-5.137499809265,-3.));
#6931=LINE('',#6930,#6932);
#6932=VECTOR('',#6933,1.);
#6933=DIRECTION('',(-0.382683457478,-0.923879522109,0.));
#6934=ORIENTED_EDGE('',*,*,#6064,.F.);
#6935=ORIENTED_EDGE('',*,*,#6936,.T.);
#6936=EDGE_CURVE('',#5299,#6929,#6937,.T.);
#6937=LINE('',#5300,#6938);
#6938=VECTOR('',#6939,1.);
#6939=DIRECTION('',(0.543212125875,0.291471461848,-0.787378545066));
#6940=PLANE('',#6941);
#6941=AXIS2_PLACEMENT_3D('',#6942,#6943,#6944);
#6942=CARTESIAN_POINT('',(-0.746820217897,-5.239836874268,-2.857310419734));
#6943=DIRECTION('',(-0.827754402212,0.342867126071,-0.444145002761));
#6944=DIRECTION('',(0.472804566008,1.488531520266E-13,-0.881167318029));
#6945=ADVANCED_FACE('',(#6946),#6957,.T.);
#6946=FACE_BOUND('',#6947,.T.);
#6947=EDGE_LOOP('',(#6948,#6953,#6956));
#6948=ORIENTED_EDGE('',*,*,#6949,.T.);
#6949=EDGE_CURVE('',#6065,#6950,#6952,.T.);
#6950=VERTEX_POINT('',#6951);
#6951=CARTESIAN_POINT('',(-0.725000023842,-5.5,-3.));
#6952=LINE('',#6066,#6685);
#6953=ORIENTED_EDGE('',*,*,#6954,.T.);
#6954=EDGE_CURVE('',#6950,#4698,#6955,.T.);
#6955=LINE('',#6951,#5847);
#6956=ORIENTED_EDGE('',*,*,#6071,.F.);
#6957=PLANE('',#6958);
#6958=AXIS2_PLACEMENT_3D('',#6959,#6960,#6961);
#6959=CARTESIAN_POINT('',(-0.788708031208,-5.441993127251,-2.857310447181));
#6960=DIRECTION('',(-0.888289970119,0.116945587402,-0.444144862149));
#6961=DIRECTION('',(0.447213496492,-9.25232113147E-14,-0.894427240504));
#6962=ADVANCED_FACE('',(#6963),#6970,.T.);
#6963=FACE_BOUND('',#6964,.T.);
#6964=EDGE_LOOP('',(#6965,#6966,#6969));
#6965=ORIENTED_EDGE('',*,*,#6954,.F.);
#6966=ORIENTED_EDGE('',*,*,#6967,.T.);
#6967=EDGE_CURVE('',#6950,#6085,#6968,.T.);
#6968=LINE('',#6951,#6700);
#6969=ORIENTED_EDGE('',*,*,#6090,.F.);
#6970=PLANE('',#6971);
#6971=AXIS2_PLACEMENT_3D('',#6972,#6706,#6707);
#6972=CARTESIAN_POINT('',(-0.788708031208,-5.558006872749,-2.857310447181));
#6973=ADVANCED_FACE('',(#6974),#6981,.T.);
#6974=FACE_BOUND('',#6975,.T.);
#6975=EDGE_LOOP('',(#6976,#6977,#6980));
#6976=ORIENTED_EDGE('',*,*,#6084,.F.);
#6977=ORIENTED_EDGE('',*,*,#6978,.T.);
#6978=EDGE_CURVE('',#6085,#6100,#6979,.T.);
#6979=LINE('',#6086,#6715);
#6980=ORIENTED_EDGE('',*,*,#6105,.F.);
#6981=PLANE('',#6982);
#6982=AXIS2_PLACEMENT_3D('',#6983,#6721,#6722);
#6983=CARTESIAN_POINT('',(-0.746820217897,-5.760163125732,-2.857310419734));
#6984=ADVANCED_FACE('',(#6985),#6994,.T.);
#6985=FACE_BOUND('',#6986,.T.);
#6986=EDGE_LOOP('',(#6987,#6988,#6991));
#6987=ORIENTED_EDGE('',*,*,#6099,.F.);
#6988=ORIENTED_EDGE('',*,*,#6989,.T.);
#6989=EDGE_CURVE('',#6100,#6460,#6990,.T.);
#6990=LINE('',#6101,#6732);
#6991=ORIENTED_EDGE('',*,*,#6992,.T.);
#6992=EDGE_CURVE('',#6460,#5326,#6993,.T.);
#6993=LINE('',#6461,#6737);
#6994=PLANE('',#6995);
#6995=AXIS2_PLACEMENT_3D('',#6996,#6742,#6743);
#6996=CARTESIAN_POINT('',(-0.6540378141,-5.944589363715,-2.857310400297));
#6997=ADVANCED_FACE('',(#6998),#7003,.T.);
#6998=FACE_BOUND('',#6999,.T.);
#6999=EDGE_LOOP('',(#7000,#7001,#7002));
#7000=ORIENTED_EDGE('',*,*,#6511,.F.);
#7001=ORIENTED_EDGE('',*,*,#6115,.F.);
#7002=ORIENTED_EDGE('',*,*,#6992,.F.);
#7003=PLANE('',#7004);
#7004=AXIS2_PLACEMENT_3D('',#7005,#7006,#7007);
#7005=CARTESIAN_POINT('',(-0.633479019484,-6.028960987124,-2.786601766906));
#7006=DIRECTION('',(-0.710808913912,-0.545422841251,-0.444144809881));
#7007=DIRECTION('',(0.608761413772,-0.793353351983,-2.568778523226E-13));
#7008=ADVANCED_FACE('',(#7009),#7024,.T.);
#7009=FACE_BOUND('',#7010,.T.);
#7010=EDGE_LOOP('',(#7011,#7018,#7023));
#7011=ORIENTED_EDGE('',*,*,#7012,.T.);
#7012=EDGE_CURVE('',#6140,#7013,#7015,.T.);
#7013=VERTEX_POINT('',#7014);
#7014=CARTESIAN_POINT('',(5.475736141205,0.424264073372,9.6858000731E-08));
#7015=LINE('',#6141,#7016);
#7016=VECTOR('',#7017,1.);
#7017=DIRECTION('',(-0.793352661112,-0.608762314132,0.));
#7018=ORIENTED_EDGE('',*,*,#7019,.T.);
#7019=EDGE_CURVE('',#7013,#2622,#7020,.T.);
#7020=LINE('',#7014,#7021);
#7021=VECTOR('',#7022,1.);
#7022=DIRECTION('',(-7.326696672946E-02,0.9973123641,0.));
#7023=ORIENTED_EDGE('',*,*,#6146,.F.);
#7024=PLANE('',#7025);
#7025=AXIS2_PLACEMENT_3D('',#7026,#55,#199);
#7026=CARTESIAN_POINT('',(5.271958406909,3.647263974747,9.6858000731E-08));
#7027=ADVANCED_FACE('',(#7028),#7041,.T.);
#7028=FACE_BOUND('',#7029,.T.);
#7029=EDGE_LOOP('',(#7030,#7031,#7036));
#7030=ORIENTED_EDGE('',*,*,#6175,.F.);
#7031=ORIENTED_EDGE('',*,*,#7032,.T.);
#7032=EDGE_CURVE('',#5383,#7033,#7035,.T.);
#7033=VERTEX_POINT('',#7034);
#7034=CARTESIAN_POINT('',(6.,0.40000000596,-2.64999999851));
#7035=LINE('',#5384,#54);
#7036=ORIENTED_EDGE('',*,*,#7037,.T.);
#7037=EDGE_CURVE('',#7033,#5754,#7038,.T.);
#7038=LINE('',#7034,#7039);
#7039=VECTOR('',#7040,1.);
#7040=DIRECTION('',(-7.525759541283E-02,0.,0.997164126076));
#7041=PLANE('',#7042);
#7042=AXIS2_PLACEMENT_3D('',#7043,#190,#13);
#7043=CARTESIAN_POINT('',(5.948115938044,0.40000000596,-1.276884108149));
#7044=ADVANCED_FACE('',(#7045),#7058,.T.);
#7045=FACE_BOUND('',#7046,.T.);
#7046=EDGE_LOOP('',(#7047,#7048,#7053));
#7047=ORIENTED_EDGE('',*,*,#6187,.F.);
#7048=ORIENTED_EDGE('',*,*,#7049,.T.);
#7049=EDGE_CURVE('',#5400,#7050,#7052,.T.);
#7050=VERTEX_POINT('',#7051);
#7051=CARTESIAN_POINT('',(0.779422879219,5.949999809265,-2.64999999851));
#7052=LINE('',#5401,#5353);
#7053=ORIENTED_EDGE('',*,*,#7054,.T.);
#7054=EDGE_CURVE('',#7050,#6188,#7055,.T.);
#7055=LINE('',#7051,#7056);
#7056=VECTOR('',#7057,1.);
#7057=DIRECTION('',(-0.600140966203,0.140946570779,-0.787378488956));
#7058=PLANE('',#7059);
#7059=AXIS2_PLACEMENT_3D('',#7060,#7061,#7062);
#7060=CARTESIAN_POINT('',(0.633479019484,6.028960987124,-2.786601766906));
#7061=DIRECTION('',(0.710808913912,0.545422841251,-0.444144809881));
#7062=DIRECTION('',(-0.608761413772,0.793353351983,-2.568778523226E-13));
#7063=ADVANCED_FACE('',(#7064),#7073,.T.);
#7064=FACE_BOUND('',#7065,.T.);
#7065=EDGE_LOOP('',(#7066,#7071,#7072));
#7066=ORIENTED_EDGE('',*,*,#7067,.T.);
#7067=EDGE_CURVE('',#6188,#6209,#7068,.T.);
#7068=LINE('',#6189,#7069);
#7069=VECTOR('',#7070,1.);
#7070=DIRECTION('',(-0.793352631685,0.608762352481,0.));
#7071=ORIENTED_EDGE('',*,*,#6208,.F.);
#7072=ORIENTED_EDGE('',*,*,#6194,.F.);
#7073=PLANE('',#7074);
#7074=AXIS2_PLACEMENT_3D('',#7075,#7076,#7077);
#7075=CARTESIAN_POINT('',(0.444589382737,6.154037807482,-2.857310445141));
#7076=DIRECTION('',(0.545423829067,0.710808459837,-0.444144323514));
#7077=DIRECTION('',(0.793352631685,-0.608762352481,2.670086374224E-13));
#7078=ADVANCED_FACE('',(#7079),#7088,.T.);
#7079=FACE_BOUND('',#7080,.T.);
#7080=EDGE_LOOP('',(#7081,#7086,#7087));
#7081=ORIENTED_EDGE('',*,*,#7082,.T.);
#7082=EDGE_CURVE('',#6209,#6290,#7083,.T.);
#7083=LINE('',#6210,#7084);
#7084=VECTOR('',#7085,1.);
#7085=DIRECTION('',(-0.923879644984,0.382683160832,0.));
#7086=ORIENTED_EDGE('',*,*,#6289,.F.);
#7087=ORIENTED_EDGE('',*,*,#6215,.F.);
#7088=PLANE('',#7089);
#7089=AXIS2_PLACEMENT_3D('',#7090,#7091,#7092);
#7090=CARTESIAN_POINT('',(0.260162935664,6.246820339887,-2.857310424856));
#7091=DIRECTION('',(0.34286692183,0.827754660875,-0.444144678358));
#7092=DIRECTION('',(-1.135203042679E-14,0.472804183152,0.881167523456));
#7093=ADVANCED_FACE('',(#7094),#7101,.T.);
#7094=FACE_BOUND('',#7095,.T.);
#7095=EDGE_LOOP('',(#7096,#7099,#7100));
#7096=ORIENTED_EDGE('',*,*,#7097,.T.);
#7097=EDGE_CURVE('',#5440,#7050,#7098,.T.);
#7098=LINE('',#5441,#54);
#7099=ORIENTED_EDGE('',*,*,#7049,.F.);
#7100=ORIENTED_EDGE('',*,*,#6230,.F.);
#7101=PLANE('',#7102);
#7102=AXIS2_PLACEMENT_3D('',#7103,#6237,#5447);
#7103=CARTESIAN_POINT('',(0.742084207878,5.998660515081,-1.381138057589));
#7104=ADVANCED_FACE('',(#7105),#7114,.T.);
#7105=FACE_BOUND('',#7106,.T.);
#7106=EDGE_LOOP('',(#7107,#7108,#7109));
#7107=ORIENTED_EDGE('',*,*,#7097,.F.);
#7108=ORIENTED_EDGE('',*,*,#6247,.F.);
#7109=ORIENTED_EDGE('',*,*,#7110,.T.);
#7110=EDGE_CURVE('',#6243,#7050,#7111,.T.);
#7111=LINE('',#6244,#7112);
#7112=VECTOR('',#7113,1.);
#7113=DIRECTION('',(-3.379588170044E-02,8.159032379814E-02,-0.996092795598));
#7114=PLANE('',#7115);
#7115=AXIS2_PLACEMENT_3D('',#7116,#7117,#6250);
#7116=CARTESIAN_POINT('',(0.80289494827,5.893333327502,-1.268861929336));
#7117=DIRECTION('',(0.923879280196,0.382684041508,0.));
#7118=ADVANCED_FACE('',(#7119),#7130,.T.);
#7119=FACE_BOUND('',#7120,.T.);
#7120=EDGE_LOOP('',(#7121,#7126,#7129));
#7121=ORIENTED_EDGE('',*,*,#7122,.T.);
#7122=EDGE_CURVE('',#3070,#7123,#7125,.T.);
#7123=VERTEX_POINT('',#7124);
#7124=CARTESIAN_POINT('',(0.899999976158,5.5,9.6858000731E-08));
#7125=LINE('',#3071,#3700);
#7126=ORIENTED_EDGE('',*,*,#7127,.T.);
#7127=EDGE_CURVE('',#7123,#6243,#7128,.T.);
#7128=LINE('',#7124,#6410);
#7129=ORIENTED_EDGE('',*,*,#6242,.F.);
#7130=PLANE('',#7131);
#7131=AXIS2_PLACEMENT_3D('',#7132,#55,#199);
#7132=CARTESIAN_POINT('',(1.40666904188,6.214327253907,9.6858000731E-08));
#7133=ADVANCED_FACE('',(#7134),#7141,.T.);
#7134=FACE_BOUND('',#7135,.T.);
#7135=EDGE_LOOP('',(#7136,#7139,#7140));
#7136=ORIENTED_EDGE('',*,*,#7137,.T.);
#7137=EDGE_CURVE('',#6261,#6626,#7138,.T.);
#7138=LINE('',#6262,#5460);
#7139=ORIENTED_EDGE('',*,*,#6625,.F.);
#7140=ORIENTED_EDGE('',*,*,#6265,.F.);
#7141=PLANE('',#7142);
#7142=AXIS2_PLACEMENT_3D('',#7143,#6272,#4294);
#7143=CARTESIAN_POINT('',(-0.393333405096,6.302894861825,-1.381138061158));
#7144=ADVANCED_FACE('',(#7145),#7160,.T.);
#7145=FACE_BOUND('',#7146,.T.);
#7146=EDGE_LOOP('',(#7147,#7148,#7155));
#7147=ORIENTED_EDGE('',*,*,#6277,.F.);
#7148=ORIENTED_EDGE('',*,*,#7149,.T.);
#7149=EDGE_CURVE('',#5476,#7150,#7152,.T.);
#7150=VERTEX_POINT('',#7151);
#7151=CARTESIAN_POINT('',(-4.440892098501E-15,6.224999904633,-3.));
#7152=LINE('',#5477,#7153);
#7153=VECTOR('',#7154,1.);
#7154=DIRECTION('',(-2.269745009044E-15,-0.447213983916,-0.894426996792));
#7155=ORIENTED_EDGE('',*,*,#7156,.T.);
#7156=EDGE_CURVE('',#7150,#6261,#7157,.T.);
#7157=LINE('',#7151,#7158);
#7158=VECTOR('',#7159,1.);
#7159=DIRECTION('',(-0.524027704753,0.324699959741,0.787378499069));
#7160=PLANE('',#7161);
#7161=AXIS2_PLACEMENT_3D('',#7162,#7163,#7164);
#7162=CARTESIAN_POINT('',(-7.390531740519E-02,6.32196929194,-2.786601772387));
#7163=DIRECTION('',(-0.116945830936,0.88828970243,-0.444145333403));
#7164=DIRECTION('',(1.562569518221E-13,0.447213983916,0.894426996792));
#7165=ADVANCED_FACE('',(#7166),#7175,.T.);
#7166=FACE_BOUND('',#7167,.T.);
#7167=EDGE_LOOP('',(#7168,#7173,#7174));
#7168=ORIENTED_EDGE('',*,*,#7169,.T.);
#7169=EDGE_CURVE('',#6290,#7150,#7170,.T.);
#7170=LINE('',#6291,#7171);
#7171=VECTOR('',#7172,1.);
#7172=DIRECTION('',(-0.99144504854,0.130524770545,0.));
#7173=ORIENTED_EDGE('',*,*,#7149,.F.);
#7174=ORIENTED_EDGE('',*,*,#6296,.F.);
#7175=PLANE('',#7176);
#7176=AXIS2_PLACEMENT_3D('',#7177,#7178,#7179);
#7177=CARTESIAN_POINT('',(5.800679497008E-02,6.288708119727,-2.857310415093));
#7178=DIRECTION('',(0.116944283529,0.888289865405,-0.444145414891));
#7179=DIRECTION('',(-2.888661532197E-14,0.447213983916,0.894426996792));
#7180=ADVANCED_FACE('',(#7181),#7194,.T.);
#7181=FACE_BOUND('',#7182,.T.);
#7182=EDGE_LOOP('',(#7183,#7184,#7191));
#7183=ORIENTED_EDGE('',*,*,#6309,.F.);
#7184=ORIENTED_EDGE('',*,*,#7185,.T.);
#7185=EDGE_CURVE('',#5706,#7186,#7188,.T.);
#7186=VERTEX_POINT('',#7187);
#7187=CARTESIAN_POINT('',(0.187643811107,-4.799703598022,-3.));
#7188=LINE('',#5707,#7189);
#7189=VECTOR('',#7190,1.);
#7190=DIRECTION('',(0.130526187119,0.991444862045,0.));
#7191=ORIENTED_EDGE('',*,*,#7192,.T.);
#7192=EDGE_CURVE('',#7186,#5505,#7193,.T.);
#7193=LINE('',#7187,#345);
#7194=PLANE('',#7195);
#7195=AXIS2_PLACEMENT_3D('',#7196,#55,#199);
#7196=CARTESIAN_POINT('',(0.137226832968,-5.550416906103,-3.));
#7197=ADVANCED_FACE('',(#7198),#7211,.T.);
#7198=FACE_BOUND('',#7199,.T.);
#7199=EDGE_LOOP('',(#7200,#7201,#7208));
#7200=ORIENTED_EDGE('',*,*,#6324,.F.);
#7201=ORIENTED_EDGE('',*,*,#7202,.T.);
#7202=EDGE_CURVE('',#5505,#7203,#7205,.T.);
#7203=VERTEX_POINT('',#7204);
#7204=CARTESIAN_POINT('',(0.362500011921,-4.872131347656,-3.));
#7205=LINE('',#5506,#7206);
#7206=VECTOR('',#7207,1.);
#7207=DIRECTION('',(0.130526158617,0.991444865798,0.));
#7208=ORIENTED_EDGE('',*,*,#7209,.T.);
#7209=EDGE_CURVE('',#7203,#5526,#7210,.T.);
#7210=LINE('',#7204,#345);
#7211=PLANE('',#7212);
#7212=AXIS2_PLACEMENT_3D('',#7213,#55,#199);
#7213=CARTESIAN_POINT('',(0.314497933927,-5.562557509152,-3.));
#7214=ADVANCED_FACE('',(#7215),#7228,.T.);
#7215=FACE_BOUND('',#7216,.T.);
#7216=EDGE_LOOP('',(#7217,#7218,#7225));
#7217=ORIENTED_EDGE('',*,*,#6339,.F.);
#7218=ORIENTED_EDGE('',*,*,#7219,.T.);
#7219=EDGE_CURVE('',#5526,#7220,#7222,.T.);
#7220=VERTEX_POINT('',#7221);
#7221=CARTESIAN_POINT('',(0.512652397156,-4.987347602844,-3.));
#7222=LINE('',#5527,#7223);
#7223=VECTOR('',#7224,1.);
#7224=DIRECTION('',(0.130526141393,0.991444868065,0.));
#7225=ORIENTED_EDGE('',*,*,#7226,.T.);
#7226=EDGE_CURVE('',#7220,#5547,#7227,.T.);
#7227=LINE('',#7221,#345);
#7228=PLANE('',#7229);
#7229=AXIS2_PLACEMENT_3D('',#7230,#55,#199);
#7230=CARTESIAN_POINT('',(0.470125144843,-5.573659465077,-3.));
#7231=ADVANCED_FACE('',(#7232),#7245,.T.);
#7232=FACE_BOUND('',#7233,.T.);
#7233=EDGE_LOOP('',(#7234,#7235,#7242));
#7234=ORIENTED_EDGE('',*,*,#6354,.F.);
#7235=ORIENTED_EDGE('',*,*,#7236,.T.);
#7236=EDGE_CURVE('',#5547,#7237,#7239,.T.);
#7237=VERTEX_POINT('',#7238);
#7238=CARTESIAN_POINT('',(0.627868413925,-5.137499809265,-3.));
#7239=LINE('',#5548,#7240);
#7240=VECTOR('',#7241,1.);
#7241=DIRECTION('',(0.130526184206,0.991444862429,0.));
#7242=ORIENTED_EDGE('',*,*,#7243,.T.);
#7243=EDGE_CURVE('',#7237,#5568,#7244,.T.);
#7244=LINE('',#7238,#345);
#7245=PLANE('',#7246);
#7246=AXIS2_PLACEMENT_3D('',#7247,#55,#199);
#7247=CARTESIAN_POINT('',(0.593502801011,-5.582965842927,-3.));
#7248=ADVANCED_FACE('',(#7249),#7262,.T.);
#7249=FACE_BOUND('',#7250,.T.);
#7250=EDGE_LOOP('',(#7251,#7252,#7259));
#7251=ORIENTED_EDGE('',*,*,#6369,.F.);
#7252=ORIENTED_EDGE('',*,*,#7253,.T.);
#7253=EDGE_CURVE('',#5568,#7254,#7256,.T.);
#7254=VERTEX_POINT('',#7255);
#7255=CARTESIAN_POINT('',(0.700296223164,-5.312355995178,-3.));
#7256=LINE('',#5569,#7257);
#7257=VECTOR('',#7258,1.);
#7258=DIRECTION('',(0.130526106943,0.991444872601,0.));
#7259=ORIENTED_EDGE('',*,*,#7260,.T.);
#7260=EDGE_CURVE('',#7254,#6370,#7261,.T.);
#7261=LINE('',#7255,#345);
#7262=PLANE('',#7263);
#7263=AXIS2_PLACEMENT_3D('',#7264,#55,#199);
#7264=CARTESIAN_POINT('',(0.676222867132,-5.589842998389,-3.));
#7265=ADVANCED_FACE('',(#7266),#7281,.T.);
#7266=FACE_BOUND('',#7267,.T.);
#7267=EDGE_LOOP('',(#7268,#7275,#7280));
#7268=ORIENTED_EDGE('',*,*,#7269,.T.);
#7269=EDGE_CURVE('',#6370,#7270,#7272,.T.);
#7270=VERTEX_POINT('',#7271);
#7271=CARTESIAN_POINT('',(0.725000023842,-5.5,-3.));
#7272=LINE('',#6371,#7273);
#7273=VECTOR('',#7274,1.);
#7274=DIRECTION('',(0.130526185916,0.991444862204,0.));
#7275=ORIENTED_EDGE('',*,*,#7276,.T.);
#7276=EDGE_CURVE('',#7270,#5589,#7277,.T.);
#7277=LINE('',#7271,#7278);
#7278=VECTOR('',#7279,1.);
#7279=DIRECTION('',(0.447213496492,0.,0.894427240504));
#7280=ORIENTED_EDGE('',*,*,#6392,.F.);
#7281=PLANE('',#7282);
#7282=AXIS2_PLACEMENT_3D('',#7283,#7284,#7285);
#7283=CARTESIAN_POINT('',(0.788708031208,-5.558006872749,-2.857310447181));
#7284=DIRECTION('',(0.888289970119,-0.116945587402,-0.444144862149));
#7285=DIRECTION('',(0.447213496492,-9.25232113147E-14,0.894427240504));
#7286=ADVANCED_FACE('',(#7287),#7300,.T.);
#7287=FACE_BOUND('',#7288,.T.);
#7288=EDGE_LOOP('',(#7289,#7294,#7295));
#7289=ORIENTED_EDGE('',*,*,#7290,.T.);
#7290=EDGE_CURVE('',#7254,#6407,#7291,.T.);
#7291=LINE('',#7255,#7292);
#7292=VECTOR('',#7293,1.);
#7293=DIRECTION('',(0.431975211331,0.115747387822,0.894427168085));
#7294=ORIENTED_EDGE('',*,*,#6406,.F.);
#7295=ORIENTED_EDGE('',*,*,#7296,.T.);
#7296=EDGE_CURVE('',#5589,#7254,#7297,.T.);
#7297=LINE('',#5590,#7298);
#7298=VECTOR('',#7299,1.);
#7299=DIRECTION('',(-0.449264082285,0.422133837539,-0.787378439871));
#7300=PLANE('',#7301);
#7301=AXIS2_PLACEMENT_3D('',#7302,#7303,#7304);
#7302=CARTESIAN_POINT('',(0.813089485187,-5.358645622889,-2.786601748382));
#7303=DIRECTION('',(0.888289940727,0.116945310458,-0.444144993854));
#7304=DIRECTION('',(0.447213614422,-9.74914593499E-15,0.894427181539));
#7305=ADVANCED_FACE('',(#7306),#7317,.T.);
#7306=FACE_BOUND('',#7307,.T.);
#7307=EDGE_LOOP('',(#7308,#7313,#7316));
#7308=ORIENTED_EDGE('',*,*,#7309,.T.);
#7309=EDGE_CURVE('',#6407,#7310,#7312,.T.);
#7310=VERTEX_POINT('',#7311);
#7311=CARTESIAN_POINT('',(0.869333267212,-5.267062664032,9.6858000731E-08));
#7312=LINE('',#6408,#82);
#7313=ORIENTED_EDGE('',*,*,#7314,.T.);
#7314=EDGE_CURVE('',#7310,#4925,#7315,.T.);
#7315=LINE('',#7311,#4005);
#7316=ORIENTED_EDGE('',*,*,#6413,.F.);
#7317=PLANE('',#7318);
#7318=AXIS2_PLACEMENT_3D('',#7319,#6420,#6411);
#7319=CARTESIAN_POINT('',(0.877339140571,-5.327873454508,-1.268861805968));
#7320=ADVANCED_FACE('',(#7321),#7334,.T.);
#7321=FACE_BOUND('',#7322,.T.);
#7322=EDGE_LOOP('',(#7323,#7328,#7329));
#7323=ORIENTED_EDGE('',*,*,#7324,.T.);
#7324=EDGE_CURVE('',#7325,#5618,#7327,.T.);
#7325=VERTEX_POINT('',#7326);
#7326=CARTESIAN_POINT('',(1.600000023842,0.,-2.64999999851));
#7327=LINE('',#7326,#82);
#7328=ORIENTED_EDGE('',*,*,#6432,.F.);
#7329=ORIENTED_EDGE('',*,*,#7330,.T.);
#7330=EDGE_CURVE('',#6426,#7325,#7331,.T.);
#7331=LINE('',#6427,#7332);
#7332=VECTOR('',#7333,1.);
#7333=DIRECTION('',(2.032221003702E-02,0.154362452573,-0.987805264723));
#7334=PLANE('',#7335);
#7335=AXIS2_PLACEMENT_3D('',#7336,#7337,#6435);
#7336=CARTESIAN_POINT('',(1.585302807429,-0.111636400146,-1.228757744072));
#7337=DIRECTION('',(0.991444855038,-0.130526240342,0.));
#7338=ADVANCED_FACE('',(#7339),#7354,.T.);
#7339=FACE_BOUND('',#7340,.T.);
#7340=EDGE_LOOP('',(#7341,#7348,#7353));
#7341=ORIENTED_EDGE('',*,*,#7342,.T.);
#7342=EDGE_CURVE('',#4925,#7343,#7345,.T.);
#7343=VERTEX_POINT('',#7344);
#7344=CARTESIAN_POINT('',(1.385640621185,-0.800000011921,9.6858000731E-08));
#7345=LINE('',#4926,#7346);
#7346=VECTOR('',#7347,1.);
#7347=DIRECTION('',(0.10278057852,0.994704052811,0.));
#7348=ORIENTED_EDGE('',*,*,#7349,.T.);
#7349=EDGE_CURVE('',#7343,#6426,#7350,.T.);
#7350=LINE('',#7344,#7351);
#7351=VECTOR('',#7352,1.);
#7352=DIRECTION('',(0.382683485561,0.923879510477,0.));
#7353=ORIENTED_EDGE('',*,*,#6425,.F.);
#7354=PLANE('',#7355);
#7355=AXIS2_PLACEMENT_3D('',#7356,#55,#199);
#7356=CARTESIAN_POINT('',(1.195844865507,-2.950249732273,9.6858000731E-08));
#7357=ADVANCED_FACE('',(#7358),#7367,.T.);
#7358=FACE_BOUND('',#7359,.T.);
#7359=EDGE_LOOP('',(#7360,#7361,#7366));
#7360=ORIENTED_EDGE('',*,*,#6445,.F.);
#7361=ORIENTED_EDGE('',*,*,#7362,.T.);
#7362=EDGE_CURVE('',#5618,#7123,#7363,.T.);
#7363=LINE('',#5619,#7364);
#7364=VECTOR('',#7365,1.);
#7365=DIRECTION('',(-0.126254288137,0.991997910646,0.));
#7366=ORIENTED_EDGE('',*,*,#7122,.F.);
#7367=PLANE('',#7368);
#7368=AXIS2_PLACEMENT_3D('',#7369,#55,#199);
#7369=CARTESIAN_POINT('',(1.542030380338,3.521308747925,9.6858000731E-08));
#7370=ADVANCED_FACE('',(#7371),#7386,.T.);
#7371=FACE_BOUND('',#7372,.T.);
#7372=EDGE_LOOP('',(#7373,#7380,#7381));
#7373=ORIENTED_EDGE('',*,*,#7374,.T.);
#7374=EDGE_CURVE('',#7375,#2846,#7377,.T.);
#7375=VERTEX_POINT('',#7376);
#7376=CARTESIAN_POINT('',(3.200000047684,-5.,9.6858000731E-08));
#7377=LINE('',#7376,#7378);
#7378=VECTOR('',#7379,1.);
#7379=DIRECTION('',(-0.533992987396,-0.845488905552,0.));
#7380=ORIENTED_EDGE('',*,*,#6450,.F.);
#7381=ORIENTED_EDGE('',*,*,#7382,.T.);
#7382=EDGE_CURVE('',#3070,#7375,#7383,.T.);
#7383=LINE('',#3071,#7384);
#7384=VECTOR('',#7385,1.);
#7385=DIRECTION('',(0.100331505412,-0.994954063775,0.));
#7386=PLANE('',#7387);
#7387=AXIS2_PLACEMENT_3D('',#7388,#55,#199);
#7388=CARTESIAN_POINT('',(2.304365670976,-7.171733660894E-02,9.6858000731E-08));
#7389=ADVANCED_FACE('',(#7390),#7401,.T.);
#7390=FACE_BOUND('',#7391,.T.);
#7391=EDGE_LOOP('',(#7392,#7393,#7398));
#7392=ORIENTED_EDGE('',*,*,#6459,.F.);
#7393=ORIENTED_EDGE('',*,*,#7394,.T.);
#7394=EDGE_CURVE('',#6460,#7395,#7397,.T.);
#7395=VERTEX_POINT('',#7396);
#7396=CARTESIAN_POINT('',(-0.362500011921,-4.872131347656,-3.));
#7397=LINE('',#6461,#7223);
#7398=ORIENTED_EDGE('',*,*,#7399,.T.);
#7399=EDGE_CURVE('',#7395,#5635,#7400,.T.);
#7400=LINE('',#7396,#345);
#7401=PLANE('',#7402);
#7402=AXIS2_PLACEMENT_3D('',#7403,#55,#199);
#7403=CARTESIAN_POINT('',(-0.401251429548,-5.516051337483,-3.));
#7404=ADVANCED_FACE('',(#7405),#7416,.T.);
#7405=FACE_BOUND('',#7406,.T.);
#7406=EDGE_LOOP('',(#7407,#7408,#7413));
#7407=ORIENTED_EDGE('',*,*,#6480,.F.);
#7408=ORIENTED_EDGE('',*,*,#7409,.T.);
#7409=EDGE_CURVE('',#5635,#7410,#7412,.T.);
#7410=VERTEX_POINT('',#7411);
#7411=CARTESIAN_POINT('',(-0.187643811107,-4.799703598022,-3.));
#7412=LINE('',#5636,#7206);
#7413=ORIENTED_EDGE('',*,*,#7414,.T.);
#7414=EDGE_CURVE('',#7410,#5656,#7415,.T.);
#7415=LINE('',#7411,#345);
#7416=PLANE('',#7417);
#7417=AXIS2_PLACEMENT_3D('',#7418,#55,#199);
#7418=CARTESIAN_POINT('',(-0.23327230696,-5.526343634335,-3.));
#7419=ADVANCED_FACE('',(#7420),#7431,.T.);
#7420=FACE_BOUND('',#7421,.T.);
#7421=EDGE_LOOP('',(#7422,#7423,#7428));
#7422=ORIENTED_EDGE('',*,*,#6495,.F.);
#7423=ORIENTED_EDGE('',*,*,#7424,.T.);
#7424=EDGE_CURVE('',#5656,#7425,#7427,.T.);
#7425=VERTEX_POINT('',#7426);
#7426=CARTESIAN_POINT('',(-4.440892098501E-15,-4.775000095367,-3.));
#7427=LINE('',#5657,#7189);
#7428=ORIENTED_EDGE('',*,*,#7429,.T.);
#7429=EDGE_CURVE('',#7425,#5706,#7430,.T.);
#7430=LINE('',#7426,#345);
#7431=PLANE('',#7432);
#7432=AXIS2_PLACEMENT_3D('',#7433,#55,#199);
#7433=CARTESIAN_POINT('',(-4.960740161632E-02,-5.538065154775,-3.));
#7434=ADVANCED_FACE('',(#7435),#7444,.T.);
#7435=FACE_BOUND('',#7436,.T.);
#7436=EDGE_LOOP('',(#7437,#7438,#7443));
#7437=ORIENTED_EDGE('',*,*,#6562,.F.);
#7438=ORIENTED_EDGE('',*,*,#7439,.T.);
#7439=EDGE_CURVE('',#6558,#6526,#7440,.T.);
#7440=LINE('',#6559,#7441);
#7441=VECTOR('',#7442,1.);
#7442=DIRECTION('',(0.,0.650791377449,-0.759256598943));
#7443=ORIENTED_EDGE('',*,*,#6533,.F.);
#7444=PLANE('',#7445);
#7445=AXIS2_PLACEMENT_3D('',#7446,#14,#13);
#7446=CARTESIAN_POINT('',(6.,-0.314888006773,-1.52400358635));
#7447=ADVANCED_FACE('',(#7448),#7461,.T.);
#7448=FACE_BOUND('',#7449,.T.);
#7449=EDGE_LOOP('',(#7450,#7455,#7460));
#7450=ORIENTED_EDGE('',*,*,#7451,.T.);
#7451=EDGE_CURVE('',#6526,#7452,#7454,.T.);
#7452=VERTEX_POINT('',#7453);
#7453=CARTESIAN_POINT('',(6.,0.10000000149,-3.));
#7454=LINE('',#6527,#189);
#7455=ORIENTED_EDGE('',*,*,#7456,.T.);
#7456=EDGE_CURVE('',#7452,#5383,#7457,.T.);
#7457=LINE('',#7453,#7458);
#7458=VECTOR('',#7459,1.);
#7459=DIRECTION('',(0.,9.950371730838E-02,0.995037190381));
#7460=ORIENTED_EDGE('',*,*,#6525,.F.);
#7461=PLANE('',#7462);
#7462=AXIS2_PLACEMENT_3D('',#7463,#14,#13);
#7463=CARTESIAN_POINT('',(6.,0.193395358291,-1.547951280184));
#7464=ADVANCED_FACE('',(#7465),#7480,.T.);
#7465=FACE_BOUND('',#7466,.T.);
#7466=EDGE_LOOP('',(#7467,#7474,#7479));
#7467=ORIENTED_EDGE('',*,*,#7468,.T.);
#7468=EDGE_CURVE('',#5754,#7469,#7471,.T.);
#7469=VERTEX_POINT('',#7470);
#7470=CARTESIAN_POINT('',(5.800000190735,-0.10000000149,-3.));
#7471=LINE('',#5755,#7472);
#7472=VECTOR('',#7473,1.);
#7473=DIRECTION('',(0.,-0.164398984525,-0.986393924296));
#7474=ORIENTED_EDGE('',*,*,#7475,.T.);
#7475=EDGE_CURVE('',#7469,#5738,#7476,.T.);
#7476=LINE('',#7470,#7477);
#7477=VECTOR('',#7478,1.);
#7478=DIRECTION('',(0.,-0.650791377449,0.759256598943));
#7479=ORIENTED_EDGE('',*,*,#6546,.F.);
#7480=PLANE('',#7481);
#7481=AXIS2_PLACEMENT_3D('',#7482,#199,#55);
#7482=CARTESIAN_POINT('',(5.800000190735,5.437587866427E-02,-1.520153662978));
#7483=ADVANCED_FACE('',(#7484),#7493,.T.);
#7484=FACE_BOUND('',#7485,.T.);
#7485=EDGE_LOOP('',(#7486,#7487,#7488));
#7486=ORIENTED_EDGE('',*,*,#6557,.F.);
#7487=ORIENTED_EDGE('',*,*,#7475,.F.);
#7488=ORIENTED_EDGE('',*,*,#7489,.T.);
#7489=EDGE_CURVE('',#7469,#6558,#7490,.T.);
#7490=LINE('',#7470,#7491);
#7491=VECTOR('',#7492,1.);
#7492=DIRECTION('',(0.398014553702,-0.597022408815,0.696526136203));
#7493=PLANE('',#7494);
#7494=AXIS2_PLACEMENT_3D('',#7495,#7496,#7442);
#7495=CARTESIAN_POINT('',(5.860379263537,-0.275784899448,-2.794917621232));
#7496=DIRECTION('',(-3.951652900396E-16,-0.759256598943,-0.650791377449));
#7497=ADVANCED_FACE('',(#7498),#7505,.T.);
#7498=FACE_BOUND('',#7499,.T.);
#7499=EDGE_LOOP('',(#7500,#7503,#7504));
#7500=ORIENTED_EDGE('',*,*,#7501,.T.);
#7501=EDGE_CURVE('',#5784,#7013,#7502,.T.);
#7502=LINE('',#5785,#189);
#7503=ORIENTED_EDGE('',*,*,#7012,.F.);
#7504=ORIENTED_EDGE('',*,*,#6593,.F.);
#7505=PLANE('',#7506);
#7506=AXIS2_PLACEMENT_3D('',#7507,#55,#199);
#7507=CARTESIAN_POINT('',(5.5109310208,6.095942049126E-02,9.6858000731E-08));
#7508=ADVANCED_FACE('',(#7509),#7516,.T.);
#7509=FACE_BOUND('',#7510,.T.);
#7510=EDGE_LOOP('',(#7511,#7512,#7515));
#7511=ORIENTED_EDGE('',*,*,#6612,.F.);
#7512=ORIENTED_EDGE('',*,*,#7513,.T.);
#7513=EDGE_CURVE('',#6606,#7013,#7514,.T.);
#7514=LINE('',#6607,#3108);
#7515=ORIENTED_EDGE('',*,*,#7501,.F.);
#7516=PLANE('',#7517);
#7517=AXIS2_PLACEMENT_3D('',#7518,#55,#199);
#7518=CARTESIAN_POINT('',(5.451367968445,-6.529434828072E-03,9.6858000731E-08));
#7519=ADVANCED_FACE('',(#7520),#7535,.T.);
#7520=FACE_BOUND('',#7521,.T.);
#7521=EDGE_LOOP('',(#7522,#7529,#7534));
#7522=ORIENTED_EDGE('',*,*,#7523,.T.);
#7523=EDGE_CURVE('',#2177,#7524,#7526,.T.);
#7524=VERTEX_POINT('',#7525);
#7525=CARTESIAN_POINT('',(5.320444583893,-0.155291423202,9.6858000731E-08));
#7526=LINE('',#2178,#7527);
#7527=VECTOR('',#7528,1.);
#7528=DIRECTION('',(4.745698427526E-02,0.998873282576,0.));
#7529=ORIENTED_EDGE('',*,*,#7530,.T.);
#7530=EDGE_CURVE('',#7524,#6606,#7531,.T.);
#7531=LINE('',#7525,#7532);
#7532=VECTOR('',#7533,1.);
#7533=DIRECTION('',(0.382683857941,-0.923879356232,0.));
#7534=ORIENTED_EDGE('',*,*,#6605,.F.);
#7535=PLANE('',#7536);
#7536=AXIS2_PLACEMENT_3D('',#7537,#55,#199);
#7537=CARTESIAN_POINT('',(5.177080514344,-3.524794179533,9.6858000731E-08));
#7538=ADVANCED_FACE('',(#7539),#7546,.T.);
#7539=FACE_BOUND('',#7540,.T.);
#7540=EDGE_LOOP('',(#7541,#7544,#7545));
#7541=ORIENTED_EDGE('',*,*,#7542,.T.);
#7542=EDGE_CURVE('',#6626,#6643,#7543,.T.);
#7543=LINE('',#6627,#5804);
#7544=ORIENTED_EDGE('',*,*,#6642,.F.);
#7545=ORIENTED_EDGE('',*,*,#6630,.F.);
#7546=PLANE('',#7547);
#7547=AXIS2_PLACEMENT_3D('',#7548,#6637,#3818);
#7548=CARTESIAN_POINT('',(-0.587735403925,6.173734618389,-1.381138065859));
#7549=ADVANCED_FACE('',(#7550),#7565,.T.);
#7550=FACE_BOUND('',#7551,.T.);
#7551=EDGE_LOOP('',(#7552,#7553,#7560));
#7552=ORIENTED_EDGE('',*,*,#6647,.F.);
#7553=ORIENTED_EDGE('',*,*,#7554,.T.);
#7554=EDGE_CURVE('',#6643,#7555,#7557,.T.);
#7555=VERTEX_POINT('',#7556);
#7556=CARTESIAN_POINT('',(-0.512652397156,6.012652397156,-3.));
#7557=LINE('',#6644,#7558);
#7558=VECTOR('',#7559,1.);
#7559=DIRECTION('',(0.316227864188,-0.316227407228,-0.894427283142));
#7560=ORIENTED_EDGE('',*,*,#7561,.T.);
#7561=EDGE_CURVE('',#7555,#5815,#7562,.T.);
#7562=LINE('',#7556,#7563);
#7563=VECTOR('',#7564,1.);
#7564=DIRECTION('',(-0.600140966203,-0.140946570779,0.787378488956));
#7565=PLANE('',#7566);
#7566=AXIS2_PLACEMENT_3D('',#7567,#7568,#7569);
#7567=CARTESIAN_POINT('',(-0.633479019484,6.028960987124,-2.786601766906));
#7568=DIRECTION('',(-0.710808913912,0.545422841251,-0.444144809881));
#7569=DIRECTION('',(-0.608761413772,-0.793353351983,2.568778523226E-13));
#7570=ADVANCED_FACE('',(#7571),#7580,.T.);
#7571=FACE_BOUND('',#7572,.T.);
#7572=EDGE_LOOP('',(#7573,#7578,#7579));
#7573=ORIENTED_EDGE('',*,*,#7574,.T.);
#7574=EDGE_CURVE('',#7555,#6659,#7575,.T.);
#7575=LINE('',#7556,#7576);
#7576=VECTOR('',#7577,1.);
#7577=DIRECTION('',(-0.608762015901,-0.793352889952,0.));
#7578=ORIENTED_EDGE('',*,*,#6658,.F.);
#7579=ORIENTED_EDGE('',*,*,#7561,.F.);
#7580=PLANE('',#7581);
#7581=AXIS2_PLACEMENT_3D('',#7582,#7583,#7584);
#7582=CARTESIAN_POINT('',(-0.6540378141,5.944589363715,-2.857310400297));
#7583=DIRECTION('',(-0.710808630051,0.54542348056,-0.444144479081));
#7584=DIRECTION('',(-0.608762015901,-0.793352889952,-3.039235529911E-13));
#7585=ADVANCED_FACE('',(#7586),#7593,.T.);
#7586=FACE_BOUND('',#7587,.T.);
#7587=EDGE_LOOP('',(#7588,#7591,#7592));
#7588=ORIENTED_EDGE('',*,*,#7589,.T.);
#7589=EDGE_CURVE('',#6659,#6679,#7590,.T.);
#7590=LINE('',#6660,#6932);
#7591=ORIENTED_EDGE('',*,*,#6678,.F.);
#7592=ORIENTED_EDGE('',*,*,#6665,.F.);
#7593=PLANE('',#7594);
#7594=AXIS2_PLACEMENT_3D('',#7595,#6943,#6944);
#7595=CARTESIAN_POINT('',(-0.746820217897,5.760163125732,-2.857310419734));
#7596=ADVANCED_FACE('',(#7597),#7604,.T.);
#7597=FACE_BOUND('',#7598,.T.);
#7598=EDGE_LOOP('',(#7599,#7600,#7601));
#7599=ORIENTED_EDGE('',*,*,#6698,.F.);
#7600=ORIENTED_EDGE('',*,*,#6683,.F.);
#7601=ORIENTED_EDGE('',*,*,#7602,.T.);
#7602=EDGE_CURVE('',#6679,#5865,#7603,.T.);
#7603=LINE('',#6680,#345);
#7604=PLANE('',#7605);
#7605=AXIS2_PLACEMENT_3D('',#7606,#55,#199);
#7606=CARTESIAN_POINT('',(-0.706498704876,5.5,-3.));
#7607=ADVANCED_FACE('',(#7608),#7617,.T.);
#7608=FACE_BOUND('',#7609,.T.);
#7609=EDGE_LOOP('',(#7610,#7611,#7614));
#7610=ORIENTED_EDGE('',*,*,#6713,.F.);
#7611=ORIENTED_EDGE('',*,*,#7612,.T.);
#7612=EDGE_CURVE('',#5865,#6659,#7613,.T.);
#7613=LINE('',#5866,#7257);
#7614=ORIENTED_EDGE('',*,*,#7615,.T.);
#7615=EDGE_CURVE('',#6659,#5886,#7616,.T.);
#7616=LINE('',#6660,#345);
#7617=PLANE('',#7618);
#7618=AXIS2_PLACEMENT_3D('',#7619,#55,#199);
#7619=CARTESIAN_POINT('',(-0.646211433773,5.497585094568,-3.));
#7620=ADVANCED_FACE('',(#7621),#7630,.T.);
#7621=FACE_BOUND('',#7622,.T.);
#7622=EDGE_LOOP('',(#7623,#7624,#7627));
#7623=ORIENTED_EDGE('',*,*,#6728,.F.);
#7624=ORIENTED_EDGE('',*,*,#7625,.T.);
#7625=EDGE_CURVE('',#5886,#7555,#7626,.T.);
#7626=LINE('',#5887,#7240);
#7627=ORIENTED_EDGE('',*,*,#7628,.T.);
#7628=EDGE_CURVE('',#7555,#6729,#7629,.T.);
#7629=LINE('',#7556,#345);
#7630=PLANE('',#7631);
#7631=AXIS2_PLACEMENT_3D('',#7632,#55,#199);
#7632=CARTESIAN_POINT('',(-0.542097262595,5.492110260284,-3.));
#7633=ADVANCED_FACE('',(#7634),#7643,.T.);
#7634=FACE_BOUND('',#7635,.T.);
#7635=EDGE_LOOP('',(#7636,#7641,#7642));
#7636=ORIENTED_EDGE('',*,*,#7637,.T.);
#7637=EDGE_CURVE('',#6729,#6750,#7638,.T.);
#7638=LINE('',#6730,#7639);
#7639=VECTOR('',#7640,1.);
#7640=DIRECTION('',(-0.316227864188,-0.316227407228,0.894427283142));
#7641=ORIENTED_EDGE('',*,*,#6749,.F.);
#7642=ORIENTED_EDGE('',*,*,#6735,.F.);
#7643=PLANE('',#7644);
#7644=AXIS2_PLACEMENT_3D('',#7645,#7006,#7007);
#7645=CARTESIAN_POINT('',(-0.633479019484,4.971039012876,-2.786601766906));
#7646=ADVANCED_FACE('',(#7647),#7656,.T.);
#7647=FACE_BOUND('',#7648,.T.);
#7648=EDGE_LOOP('',(#7649,#7650,#7651));
#7649=ORIENTED_EDGE('',*,*,#6775,.F.);
#7650=ORIENTED_EDGE('',*,*,#6763,.F.);
#7651=ORIENTED_EDGE('',*,*,#7652,.T.);
#7652=EDGE_CURVE('',#6750,#6776,#7653,.T.);
#7653=LINE('',#6751,#7654);
#7654=VECTOR('',#7655,1.);
#7655=DIRECTION('',(7.006333019601E-02,-5.376150439359E-02,0.996092782027));
#7656=PLANE('',#7657);
#7657=AXIS2_PLACEMENT_3D('',#7658,#5688,#4793);
#7658=CARTESIAN_POINT('',(-0.587735403925,4.826265381611,-1.268861835793));
#7659=ADVANCED_FACE('',(#7660),#7669,.T.);
#7660=FACE_BOUND('',#7661,.T.);
#7661=EDGE_LOOP('',(#7662,#7663,#7664));
#7662=ORIENTED_EDGE('',*,*,#6791,.F.);
#7663=ORIENTED_EDGE('',*,*,#6780,.F.);
#7664=ORIENTED_EDGE('',*,*,#7665,.T.);
#7665=EDGE_CURVE('',#6776,#6792,#7666,.T.);
#7666=LINE('',#6777,#7667);
#7667=VECTOR('',#7668,1.);
#7668=DIRECTION('',(1.130271801249E-02,-0.999936122243,0.));
#7669=PLANE('',#7670);
#7670=AXIS2_PLACEMENT_3D('',#7671,#55,#199);
#7671=CARTESIAN_POINT('',(-0.535721059949,2.994181740284,9.6858000731E-08));
#7672=ADVANCED_FACE('',(#7673),#7687,.T.);
#7673=FACE_BOUND('',#7674,.T.);
#7674=EDGE_LOOP('',(#7675,#7681,#7682));
#7675=ORIENTED_EDGE('',*,*,#7676,.T.);
#7676=EDGE_CURVE('',#7677,#5935,#7679,.T.);
#7677=VERTEX_POINT('',#7678);
#7678=CARTESIAN_POINT('',(-3.552713678801E-15,1.600000023842,-2.64999999851));
#7679=LINE('',#7678,#7680);
#7680=VECTOR('',#2991,1.);
#7681=ORIENTED_EDGE('',*,*,#6797,.F.);
#7682=ORIENTED_EDGE('',*,*,#7683,.T.);
#7683=EDGE_CURVE('',#6792,#7677,#7684,.T.);
#7684=LINE('',#6793,#7685);
#7685=VECTOR('',#7686,1.);
#7686=DIRECTION('',(0.154362452573,2.032221003702E-02,-0.987805264723));
#7687=PLANE('',#7688);
#7688=AXIS2_PLACEMENT_3D('',#7689,#7690,#7691);
#7689=CARTESIAN_POINT('',(-0.302474081593,1.560178540609,-1.42124215758));
#7690=DIRECTION('',(-0.130526240342,0.991444855038,0.));
#7691=DIRECTION('',(0.991444855038,0.130526240342,0.));
#7692=ADVANCED_FACE('',(#7693),#7708,.T.);
#7693=FACE_BOUND('',#7694,.T.);
#7694=EDGE_LOOP('',(#7695,#7702,#7703));
#7695=ORIENTED_EDGE('',*,*,#7696,.T.);
#7696=EDGE_CURVE('',#7697,#5955,#7699,.T.);
#7697=VERTEX_POINT('',#7698);
#7698=CARTESIAN_POINT('',(-4.440892098501E-15,1.424999952316,-3.));
#7699=LINE('',#7698,#7700);
#7700=VECTOR('',#7701,1.);
#7701=DIRECTION('',(-0.991444891453,-0.130525963748,0.));
#7702=ORIENTED_EDGE('',*,*,#6808,.F.);
#7703=ORIENTED_EDGE('',*,*,#7704,.T.);
#7704=EDGE_CURVE('',#5935,#7697,#7705,.T.);
#7705=LINE('',#5936,#7706);
#7706=VECTOR('',#7707,1.);
#7707=DIRECTION('',(0.745566437091,-0.216915222215,-0.630141630314));
#7708=PLANE('',#7709);
#7709=AXIS2_PLACEMENT_3D('',#7710,#7711,#7712);
#7710=CARTESIAN_POINT('',(-0.255386684269,1.454195114156,-2.874365172834));
#7711=DIRECTION('',(-0.116945387448,0.888289989475,-0.444144876086));
#7712=DIRECTION('',(8.312794896881E-14,0.447213499923,0.894427238788));
#7713=ADVANCED_FACE('',(#7714),#7721,.T.);
#7714=FACE_BOUND('',#7715,.T.);
#7715=EDGE_LOOP('',(#7716,#7717,#7718));
#7716=ORIENTED_EDGE('',*,*,#6835,.F.);
#7717=ORIENTED_EDGE('',*,*,#6824,.F.);
#7718=ORIENTED_EDGE('',*,*,#7719,.T.);
#7719=EDGE_CURVE('',#5955,#6836,#7720,.T.);
#7720=LINE('',#5956,#345);
#7721=PLANE('',#7722);
#7722=AXIS2_PLACEMENT_3D('',#7723,#55,#199);
#7723=CARTESIAN_POINT('',(-0.458500730782,-5.177882562636E-02,-3.));
#7724=ADVANCED_FACE('',(#7725),#7738,.T.);
#7725=FACE_BOUND('',#7726,.T.);
#7726=EDGE_LOOP('',(#7727,#7732,#7733));
#7727=ORIENTED_EDGE('',*,*,#7728,.T.);
#7728=EDGE_CURVE('',#7729,#5987,#7731,.T.);
#7729=VERTEX_POINT('',#7730);
#7730=CARTESIAN_POINT('',(-3.552713678801E-15,-1.600000023842,-2.64999999851));
#7731=LINE('',#7730,#6860);
#7732=ORIENTED_EDGE('',*,*,#6842,.F.);
#7733=ORIENTED_EDGE('',*,*,#7734,.T.);
#7734=EDGE_CURVE('',#6836,#7729,#7735,.T.);
#7735=LINE('',#6837,#7736);
#7736=VECTOR('',#7737,1.);
#7737=DIRECTION('',(0.664020132001,-0.402490704731,0.630141648284));
#7738=PLANE('',#7739);
#7739=AXIS2_PLACEMENT_3D('',#7740,#7741,#7742);
#7740=CARTESIAN_POINT('',(-0.250723858352,-1.506277461369,-2.771428277901));
#7741=DIRECTION('',(-0.116945634416,-0.888289950413,-0.444144889181));
#7742=DIRECTION('',(4.365258154948E-14,0.447213526204,-0.894427225648));
#7743=ADVANCED_FACE('',(#7744),#7753,.T.);
#7744=FACE_BOUND('',#7745,.T.);
#7745=EDGE_LOOP('',(#7746,#7747,#7752));
#7746=ORIENTED_EDGE('',*,*,#7728,.F.);
#7747=ORIENTED_EDGE('',*,*,#7748,.T.);
#7748=EDGE_CURVE('',#7729,#6857,#7749,.T.);
#7749=LINE('',#7730,#7750);
#7750=VECTOR('',#7751,1.);
#7751=DIRECTION('',(6.703233114993E-16,0.,1.));
#7752=ORIENTED_EDGE('',*,*,#6863,.F.);
#7753=PLANE('',#7754);
#7754=AXIS2_PLACEMENT_3D('',#7755,#2748,#2973);
#7755=CARTESIAN_POINT('',(-0.111636400146,-1.585302807429,-1.42124215758));
#7756=ADVANCED_FACE('',(#7757),#7766,.T.);
#7757=FACE_BOUND('',#7758,.T.);
#7758=EDGE_LOOP('',(#7759,#7760,#7761));
#7759=ORIENTED_EDGE('',*,*,#6880,.F.);
#7760=ORIENTED_EDGE('',*,*,#6856,.F.);
#7761=ORIENTED_EDGE('',*,*,#7762,.T.);
#7762=EDGE_CURVE('',#6857,#6875,#7763,.T.);
#7763=LINE('',#6858,#7764);
#7764=VECTOR('',#7765,1.);
#7765=DIRECTION('',(-7.663400963115E-02,-0.997059290397,0.));
#7766=PLANE('',#7767);
#7767=AXIS2_PLACEMENT_3D('',#7768,#55,#199);
#7768=CARTESIAN_POINT('',(-0.219975394199,-3.004065132455,9.6858000731E-08));
#7769=ADVANCED_FACE('',(#7770),#7781,.T.);
#7770=FACE_BOUND('',#7771,.T.);
#7771=EDGE_LOOP('',(#7772,#7773,#7778));
#7772=ORIENTED_EDGE('',*,*,#6874,.F.);
#7773=ORIENTED_EDGE('',*,*,#7774,.T.);
#7774=EDGE_CURVE('',#6875,#7775,#7777,.T.);
#7775=VERTEX_POINT('',#7776);
#7776=CARTESIAN_POINT('',(-0.232937142253,-4.630666732788,-2.64999999851));
#7777=LINE('',#6876,#54);
#7778=ORIENTED_EDGE('',*,*,#7779,.T.);
#7779=EDGE_CURVE('',#7775,#6017,#7780,.T.);
#7780=LINE('',#7776,#6267);
#7781=PLANE('',#7782);
#7782=AXIS2_PLACEMENT_3D('',#7783,#6272,#4294);
#7783=CARTESIAN_POINT('',(-0.289603725236,-4.654138834603,-1.268861840494));
#7784=ADVANCED_FACE('',(#7785),#7796,.T.);
#7785=FACE_BOUND('',#7786,.T.);
#7786=EDGE_LOOP('',(#7787,#7788,#7793));
#7787=ORIENTED_EDGE('',*,*,#6891,.F.);
#7788=ORIENTED_EDGE('',*,*,#7789,.T.);
#7789=EDGE_CURVE('',#6017,#7790,#7792,.T.);
#7790=VERTEX_POINT('',#7791);
#7791=CARTESIAN_POINT('',(-0.449999988079,-4.72057723999,-2.64999999851));
#7792=LINE('',#6018,#54);
#7793=ORIENTED_EDGE('',*,*,#7794,.T.);
#7794=EDGE_CURVE('',#7790,#6036,#7795,.T.);
#7795=LINE('',#7791,#6632);
#7796=PLANE('',#7797);
#7797=AXIS2_PLACEMENT_3D('',#7798,#6637,#3818);
#7798=CARTESIAN_POINT('',(-0.498660694212,-4.757915927135,-1.268861835793));
#7799=ADVANCED_FACE('',(#7800),#7811,.T.);
#7800=FACE_BOUND('',#7801,.T.);
#7801=EDGE_LOOP('',(#7802,#7807,#7810));
#7802=ORIENTED_EDGE('',*,*,#7803,.T.);
#7803=EDGE_CURVE('',#6036,#7804,#7806,.T.);
#7804=VERTEX_POINT('',#7805);
#7805=CARTESIAN_POINT('',(-0.636396110058,-4.863604068756,-2.64999999851));
#7806=LINE('',#6037,#54);
#7807=ORIENTED_EDGE('',*,*,#7808,.T.);
#7808=EDGE_CURVE('',#7804,#6903,#7809,.T.);
#7809=LINE('',#7805,#5076);
#7810=ORIENTED_EDGE('',*,*,#6908,.F.);
#7811=PLANE('',#7812);
#7812=AXIS2_PLACEMENT_3D('',#7813,#5827,#5077);
#7813=CARTESIAN_POINT('',(-0.673734781399,-4.912264774571,-1.381138057589));
#7814=ADVANCED_FACE('',(#7815),#7822,.T.);
#7815=FACE_BOUND('',#7816,.T.);
#7816=EDGE_LOOP('',(#7817,#7818,#7821));
#7817=ORIENTED_EDGE('',*,*,#6918,.F.);
#7818=ORIENTED_EDGE('',*,*,#7819,.T.);
#7819=EDGE_CURVE('',#6903,#6929,#7820,.T.);
#7820=LINE('',#6904,#6662);
#7821=ORIENTED_EDGE('',*,*,#6936,.F.);
#7822=PLANE('',#7823);
#7823=AXIS2_PLACEMENT_3D('',#7824,#6672,#6673);
#7824=CARTESIAN_POINT('',(-0.748798939738,-5.153019160288,-2.786601812147));
#7825=ADVANCED_FACE('',(#7826),#7837,.T.);
#7826=FACE_BOUND('',#7827,.T.);
#7827=EDGE_LOOP('',(#7828,#7831,#7832));
#7828=ORIENTED_EDGE('',*,*,#7829,.T.);
#7829=EDGE_CURVE('',#6085,#6065,#7830,.T.);
#7830=LINE('',#6086,#189);
#7831=ORIENTED_EDGE('',*,*,#6928,.F.);
#7832=ORIENTED_EDGE('',*,*,#7833,.T.);
#7833=EDGE_CURVE('',#6929,#6085,#7834,.T.);
#7834=LINE('',#6930,#7835);
#7835=VECTOR('',#7836,1.);
#7836=DIRECTION('',(-0.130526106943,-0.991444872601,0.));
#7837=PLANE('',#7838);
#7838=AXIS2_PLACEMENT_3D('',#7839,#55,#199);
#7839=CARTESIAN_POINT('',(-0.676222867132,-5.410157001611,-3.));
#7840=ADVANCED_FACE('',(#7841),#7846,.T.);
#7841=FACE_BOUND('',#7842,.T.);
#7842=EDGE_LOOP('',(#7843,#7844,#7845));
#7843=ORIENTED_EDGE('',*,*,#6967,.F.);
#7844=ORIENTED_EDGE('',*,*,#6949,.F.);
#7845=ORIENTED_EDGE('',*,*,#7829,.F.);
#7846=PLANE('',#7847);
#7847=AXIS2_PLACEMENT_3D('',#7848,#55,#199);
#7848=CARTESIAN_POINT('',(-0.706498704876,-5.5,-3.));
#7849=ADVANCED_FACE('',(#7850),#7857,.T.);
#7850=FACE_BOUND('',#7851,.T.);
#7851=EDGE_LOOP('',(#7852,#7853,#7854));
#7852=ORIENTED_EDGE('',*,*,#6978,.F.);
#7853=ORIENTED_EDGE('',*,*,#7833,.F.);
#7854=ORIENTED_EDGE('',*,*,#7855,.T.);
#7855=EDGE_CURVE('',#6929,#6100,#7856,.T.);
#7856=LINE('',#6930,#345);
#7857=PLANE('',#7858);
#7858=AXIS2_PLACEMENT_3D('',#7859,#55,#199);
#7859=CARTESIAN_POINT('',(-0.646211433773,-5.502414905432,-3.));
#7860=ADVANCED_FACE('',(#7861),#7872,.T.);
#7861=FACE_BOUND('',#7862,.T.);
#7862=EDGE_LOOP('',(#7863,#7864,#7869));
#7863=ORIENTED_EDGE('',*,*,#6989,.F.);
#7864=ORIENTED_EDGE('',*,*,#7865,.T.);
#7865=EDGE_CURVE('',#6100,#7866,#7868,.T.);
#7866=VERTEX_POINT('',#7867);
#7867=CARTESIAN_POINT('',(-0.512652397156,-4.987347602844,-3.));
#7868=LINE('',#6101,#7240);
#7869=ORIENTED_EDGE('',*,*,#7870,.T.);
#7870=EDGE_CURVE('',#7866,#6460,#7871,.T.);
#7871=LINE('',#7867,#345);
#7872=PLANE('',#7873);
#7873=AXIS2_PLACEMENT_3D('',#7874,#55,#199);
#7874=CARTESIAN_POINT('',(-0.542097262595,-5.507889739716,-3.));
#7875=ADVANCED_FACE('',(#7876),#7891,.T.);
#7876=FACE_BOUND('',#7877,.T.);
#7877=EDGE_LOOP('',(#7878,#7885,#7890));
#7878=ORIENTED_EDGE('',*,*,#7879,.T.);
#7879=EDGE_CURVE('',#7013,#7880,#7882,.T.);
#7880=VERTEX_POINT('',#7881);
#7881=CARTESIAN_POINT('',(5.380384922028,0.300000011921,9.6858000731E-08));
#7882=LINE('',#7014,#7883);
#7883=VECTOR('',#7884,1.);
#7884=DIRECTION('',(-0.608761634711,-0.79335318245,0.));
#7885=ORIENTED_EDGE('',*,*,#7886,.T.);
#7886=EDGE_CURVE('',#7880,#2622,#7887,.T.);
#7887=LINE('',#7881,#7888);
#7888=VECTOR('',#7889,1.);
#7889=DIRECTION('',(-5.753859499099E-02,0.998343282687,0.));
#7890=ORIENTED_EDGE('',*,*,#7019,.F.);
#7891=PLANE('',#7892);
#7892=AXIS2_PLACEMENT_3D('',#7893,#55,#199);
#7893=CARTESIAN_POINT('',(5.216346617274,3.592178709647,9.6858000731E-08));
#7894=ADVANCED_FACE('',(#7895),#7904,.T.);
#7895=FACE_BOUND('',#7896,.T.);
#7896=EDGE_LOOP('',(#7897,#7902,#7903));
#7897=ORIENTED_EDGE('',*,*,#7898,.T.);
#7898=EDGE_CURVE('',#7452,#7033,#7899,.T.);
#7899=LINE('',#7453,#7900);
#7900=VECTOR('',#7901,1.);
#7901=DIRECTION('',(0.,0.650791377449,0.759256598943));
#7902=ORIENTED_EDGE('',*,*,#7032,.F.);
#7903=ORIENTED_EDGE('',*,*,#7456,.F.);
#7904=PLANE('',#7905);
#7905=AXIS2_PLACEMENT_3D('',#7906,#14,#13);
#7906=CARTESIAN_POINT('',(6.,0.314888006773,-1.52400358635));
#7907=ADVANCED_FACE('',(#7908),#7919,.T.);
#7908=FACE_BOUND('',#7909,.T.);
#7909=EDGE_LOOP('',(#7910,#7915,#7918));
#7910=ORIENTED_EDGE('',*,*,#7911,.T.);
#7911=EDGE_CURVE('',#7033,#7912,#7914,.T.);
#7912=VERTEX_POINT('',#7913);
#7913=CARTESIAN_POINT('',(5.800000190735,0.40000000596,-2.64999999851));
#7914=LINE('',#7034,#228);
#7915=ORIENTED_EDGE('',*,*,#7916,.T.);
#7916=EDGE_CURVE('',#7912,#5754,#7917,.T.);
#7917=LINE('',#7913,#82);
#7918=ORIENTED_EDGE('',*,*,#7037,.F.);
#7919=PLANE('',#7920);
#7920=AXIS2_PLACEMENT_3D('',#7921,#190,#13);
#7921=CARTESIAN_POINT('',(5.851884252691,0.40000000596,-1.373115793503));
#7922=ADVANCED_FACE('',(#7923),#7938,.T.);
#7923=FACE_BOUND('',#7924,.T.);
#7924=EDGE_LOOP('',(#7925,#7932,#7937));
#7925=ORIENTED_EDGE('',*,*,#7926,.T.);
#7926=EDGE_CURVE('',#7050,#7927,#7929,.T.);
#7927=VERTEX_POINT('',#7928);
#7928=CARTESIAN_POINT('',(0.627868413925,5.862500190735,-3.));
#7929=LINE('',#7051,#7930);
#7930=VECTOR('',#7931,1.);
#7931=DIRECTION('',(-0.387298460369,-0.223605866537,-0.894427369352));
#7932=ORIENTED_EDGE('',*,*,#7933,.T.);
#7933=EDGE_CURVE('',#7927,#6188,#7934,.T.);
#7934=LINE('',#7928,#7935);
#7935=VECTOR('',#7936,1.);
#7936=DIRECTION('',(-0.608762015901,0.793352889952,0.));
#7937=ORIENTED_EDGE('',*,*,#7054,.F.);
#7938=PLANE('',#7939);
#7939=AXIS2_PLACEMENT_3D('',#7940,#7941,#7942);
#7940=CARTESIAN_POINT('',(0.6540378141,5.944589363715,-2.857310400297));
#7941=DIRECTION('',(0.710808630051,0.54542348056,-0.444144479081));
#7942=DIRECTION('',(-0.608762015901,0.793352889952,3.039235529911E-13));
#7943=ADVANCED_FACE('',(#7944),#7957,.T.);
#7944=FACE_BOUND('',#7945,.T.);
#7945=EDGE_LOOP('',(#7946,#7951,#7952));
#7946=ORIENTED_EDGE('',*,*,#7947,.T.);
#7947=EDGE_CURVE('',#7948,#6209,#7950,.T.);
#7948=VERTEX_POINT('',#7949);
#7949=CARTESIAN_POINT('',(0.362500011921,4.872131347656,-3.));
#7950=LINE('',#7949,#189);
#7951=ORIENTED_EDGE('',*,*,#7067,.F.);
#7952=ORIENTED_EDGE('',*,*,#7953,.T.);
#7953=EDGE_CURVE('',#6188,#7948,#7954,.T.);
#7954=LINE('',#6189,#7955);
#7955=VECTOR('',#7956,1.);
#7956=DIRECTION('',(-0.130526141393,-0.991444868065,0.));
#7957=PLANE('',#7958);
#7958=AXIS2_PLACEMENT_3D('',#7959,#55,#199);
#7959=CARTESIAN_POINT('',(0.401251429548,5.516051337483,-3.));
#7960=ADVANCED_FACE('',(#7961),#7974,.T.);
#7961=FACE_BOUND('',#7962,.T.);
#7962=EDGE_LOOP('',(#7963,#7968,#7969));
#7963=ORIENTED_EDGE('',*,*,#7964,.T.);
#7964=EDGE_CURVE('',#7965,#6290,#7967,.T.);
#7965=VERTEX_POINT('',#7966);
#7966=CARTESIAN_POINT('',(0.187643811107,4.799703598022,-3.));
#7967=LINE('',#7966,#189);
#7968=ORIENTED_EDGE('',*,*,#7082,.F.);
#7969=ORIENTED_EDGE('',*,*,#7970,.T.);
#7970=EDGE_CURVE('',#6209,#7965,#7971,.T.);
#7971=LINE('',#6210,#7972);
#7972=VECTOR('',#7973,1.);
#7973=DIRECTION('',(-0.130526158617,-0.991444865798,0.));
#7974=PLANE('',#7975);
#7975=AXIS2_PLACEMENT_3D('',#7976,#55,#199);
#7976=CARTESIAN_POINT('',(0.23327230696,5.526343634335,-3.));
#7977=ADVANCED_FACE('',(#7978),#7989,.T.);
#7978=FACE_BOUND('',#7979,.T.);
#7979=EDGE_LOOP('',(#7980,#7985,#7988));
#7980=ORIENTED_EDGE('',*,*,#7981,.T.);
#7981=EDGE_CURVE('',#6243,#7982,#7984,.T.);
#7982=VERTEX_POINT('',#7983);
#7983=CARTESIAN_POINT('',(0.869333267212,5.732937335968,-2.64999999851));
#7984=LINE('',#6244,#54);
#7985=ORIENTED_EDGE('',*,*,#7986,.T.);
#7986=EDGE_CURVE('',#7982,#7050,#7987,.T.);
#7987=LINE('',#7983,#6249);
#7988=ORIENTED_EDGE('',*,*,#7110,.F.);
#7989=PLANE('',#7990);
#7990=AXIS2_PLACEMENT_3D('',#7991,#7117,#6250);
#7991=CARTESIAN_POINT('',(0.845861198161,5.789603817731,-1.381137972316));
#7992=ADVANCED_FACE('',(#7993),#8002,.T.);
#7993=FACE_BOUND('',#7994,.T.);
#7994=EDGE_LOOP('',(#7995,#7996,#7997));
#7995=ORIENTED_EDGE('',*,*,#7981,.F.);
#7996=ORIENTED_EDGE('',*,*,#7127,.F.);
#7997=ORIENTED_EDGE('',*,*,#7998,.T.);
#7998=EDGE_CURVE('',#7123,#7982,#7999,.T.);
#7999=LINE('',#7124,#8000);
#8000=VECTOR('',#8001,1.);
#8001=DIRECTION('',(-1.152712686709E-02,8.755743006192E-02,-0.996092777701));
#8002=PLANE('',#8003);
#8003=AXIS2_PLACEMENT_3D('',#8004,#6420,#6411);
#8004=CARTESIAN_POINT('',(0.877339140571,5.672126545492,-1.268861805968));
#8005=ADVANCED_FACE('',(#8006),#8021,.T.);
#8006=FACE_BOUND('',#8007,.T.);
#8007=EDGE_LOOP('',(#8008,#8009,#8016));
#8008=ORIENTED_EDGE('',*,*,#7137,.F.);
#8009=ORIENTED_EDGE('',*,*,#8010,.T.);
#8010=EDGE_CURVE('',#6261,#8011,#8013,.T.);
#8011=VERTEX_POINT('',#8012);
#8012=CARTESIAN_POINT('',(-0.187643811107,6.200296401978,-3.));
#8013=LINE('',#6262,#8014);
#8014=VECTOR('',#8015,1.);
#8015=DIRECTION('',(0.11574741067,-0.431974839641,-0.89442734464));
#8016=ORIENTED_EDGE('',*,*,#8017,.T.);
#8017=EDGE_CURVE('',#8011,#6626,#8018,.T.);
#8018=LINE('',#8012,#8019);
#8019=VECTOR('',#8020,1.);
#8020=DIRECTION('',(-0.59021045083,0.178006875941,0.787378673732));
#8021=PLANE('',#8022);
#8022=AXIS2_PLACEMENT_3D('',#8023,#8024,#8025);
#8023=CARTESIAN_POINT('',(-0.28412836867,6.274833312237,-2.786601760203));
#8024=DIRECTION('',(-0.342867603894,0.827754398887,-0.444144640093));
#8025=DIRECTION('',(7.255307465925E-14,0.472804267716,0.881167478082));
#8026=ADVANCED_FACE('',(#8027),#8036,.T.);
#8027=FACE_BOUND('',#8028,.T.);
#8028=EDGE_LOOP('',(#8029,#8034,#8035));
#8029=ORIENTED_EDGE('',*,*,#8030,.T.);
#8030=EDGE_CURVE('',#7150,#8011,#8031,.T.);
#8031=LINE('',#7151,#8032);
#8032=VECTOR('',#8033,1.);
#8033=DIRECTION('',(-0.99144504854,-0.130524770545,0.));
#8034=ORIENTED_EDGE('',*,*,#8010,.F.);
#8035=ORIENTED_EDGE('',*,*,#7156,.F.);
#8036=PLANE('',#8037);
#8037=AXIS2_PLACEMENT_3D('',#8038,#8039,#8040);
#8038=CARTESIAN_POINT('',(-0.148102394851,6.276846771475,-2.857310417521));
#8039=DIRECTION('',(-0.116944337761,0.888290277347,-0.444144576728));
#8040=DIRECTION('',(1.368280488911E-13,0.447213142838,0.894427417331));
#8041=ADVANCED_FACE('',(#8042),#8055,.T.);
#8042=FACE_BOUND('',#8043,.T.);
#8043=EDGE_LOOP('',(#8044,#8049,#8050));
#8044=ORIENTED_EDGE('',*,*,#8045,.T.);
#8045=EDGE_CURVE('',#8046,#7150,#8048,.T.);
#8046=VERTEX_POINT('',#8047);
#8047=CARTESIAN_POINT('',(-4.440892098501E-15,4.775000095367,-3.));
#8048=LINE('',#8047,#189);
#8049=ORIENTED_EDGE('',*,*,#7169,.F.);
#8050=ORIENTED_EDGE('',*,*,#8051,.T.);
#8051=EDGE_CURVE('',#6290,#8046,#8052,.T.);
#8052=LINE('',#6291,#8053);
#8053=VECTOR('',#8054,1.);
#8054=DIRECTION('',(-0.130526187119,-0.991444862045,0.));
#8055=PLANE('',#8056);
#8056=AXIS2_PLACEMENT_3D('',#8057,#55,#199);
#8057=CARTESIAN_POINT('',(4.960740161631E-02,5.538065154775,-3.));
#8058=ADVANCED_FACE('',(#8059),#8066,.T.);
#8059=FACE_BOUND('',#8060,.T.);
#8060=EDGE_LOOP('',(#8061,#8062,#8065));
#8061=ORIENTED_EDGE('',*,*,#7429,.F.);
#8062=ORIENTED_EDGE('',*,*,#8063,.T.);
#8063=EDGE_CURVE('',#7425,#7186,#8064,.T.);
#8064=LINE('',#7426,#6497);
#8065=ORIENTED_EDGE('',*,*,#7185,.F.);
#8066=PLANE('',#8067);
#8067=AXIS2_PLACEMENT_3D('',#8068,#55,#199);
#8068=CARTESIAN_POINT('',(4.960740161631E-02,-5.461934845225,-3.));
#8069=ADVANCED_FACE('',(#8070),#8077,.T.);
#8070=FACE_BOUND('',#8071,.T.);
#8071=EDGE_LOOP('',(#8072,#8073,#8076));
#8072=ORIENTED_EDGE('',*,*,#7192,.F.);
#8073=ORIENTED_EDGE('',*,*,#8074,.T.);
#8074=EDGE_CURVE('',#7186,#7203,#8075,.T.);
#8075=LINE('',#7187,#6482);
#8076=ORIENTED_EDGE('',*,*,#7202,.F.);
#8077=PLANE('',#8078);
#8078=AXIS2_PLACEMENT_3D('',#8079,#55,#199);
#8079=CARTESIAN_POINT('',(0.23327230696,-5.473656365665,-3.));
#8080=ADVANCED_FACE('',(#8081),#8088,.T.);
#8081=FACE_BOUND('',#8082,.T.);
#8082=EDGE_LOOP('',(#8083,#8084,#8087));
#8083=ORIENTED_EDGE('',*,*,#7209,.F.);
#8084=ORIENTED_EDGE('',*,*,#8085,.T.);
#8085=EDGE_CURVE('',#7203,#7220,#8086,.T.);
#8086=LINE('',#7204,#6463);
#8087=ORIENTED_EDGE('',*,*,#7219,.F.);
#8088=PLANE('',#8089);
#8089=AXIS2_PLACEMENT_3D('',#8090,#55,#199);
#8090=CARTESIAN_POINT('',(0.401251429548,-5.483948662517,-3.));
#8091=ADVANCED_FACE('',(#8092),#8099,.T.);
#8092=FACE_BOUND('',#8093,.T.);
#8093=EDGE_LOOP('',(#8094,#8095,#8098));
#8094=ORIENTED_EDGE('',*,*,#7226,.F.);
#8095=ORIENTED_EDGE('',*,*,#8096,.T.);
#8096=EDGE_CURVE('',#7220,#7237,#8097,.T.);
#8097=LINE('',#7221,#6732);
#8098=ORIENTED_EDGE('',*,*,#7236,.F.);
#8099=PLANE('',#8100);
#8100=AXIS2_PLACEMENT_3D('',#8101,#55,#199);
#8101=CARTESIAN_POINT('',(0.542097262595,-5.492110260284,-3.));
#8102=ADVANCED_FACE('',(#8103),#8110,.T.);
#8103=FACE_BOUND('',#8104,.T.);
#8104=EDGE_LOOP('',(#8105,#8106,#8109));
#8105=ORIENTED_EDGE('',*,*,#7243,.F.);
#8106=ORIENTED_EDGE('',*,*,#8107,.T.);
#8107=EDGE_CURVE('',#7237,#7254,#8108,.T.);
#8108=LINE('',#7238,#6715);
#8109=ORIENTED_EDGE('',*,*,#7253,.F.);
#8110=PLANE('',#8111);
#8111=AXIS2_PLACEMENT_3D('',#8112,#55,#199);
#8112=CARTESIAN_POINT('',(0.646211433773,-5.497585094568,-3.));
#8113=ADVANCED_FACE('',(#8114),#8121,.T.);
#8114=FACE_BOUND('',#8115,.T.);
#8115=EDGE_LOOP('',(#8116,#8119,#8120));
#8116=ORIENTED_EDGE('',*,*,#8117,.T.);
#8117=EDGE_CURVE('',#7254,#7270,#8118,.T.);
#8118=LINE('',#7255,#6700);
#8119=ORIENTED_EDGE('',*,*,#7269,.F.);
#8120=ORIENTED_EDGE('',*,*,#7260,.F.);
#8121=PLANE('',#8122);
#8122=AXIS2_PLACEMENT_3D('',#8123,#55,#199);
#8123=CARTESIAN_POINT('',(0.706498704876,-5.5,-3.));
#8124=ADVANCED_FACE('',(#8125),#8130,.T.);
#8125=FACE_BOUND('',#8126,.T.);
#8126=EDGE_LOOP('',(#8127,#8128,#8129));
#8127=ORIENTED_EDGE('',*,*,#7276,.F.);
#8128=ORIENTED_EDGE('',*,*,#8117,.F.);
#8129=ORIENTED_EDGE('',*,*,#7296,.F.);
#8130=PLANE('',#8131);
#8131=AXIS2_PLACEMENT_3D('',#8132,#8133,#8134);
#8132=CARTESIAN_POINT('',(0.788708031208,-5.441993127251,-2.857310447181));
#8133=DIRECTION('',(0.888289970119,0.116945587402,-0.444144862149));
#8134=DIRECTION('',(0.447213496492,9.25232113147E-14,0.894427240504));
#8135=ADVANCED_FACE('',(#8136),#8145,.T.);
#8136=FACE_BOUND('',#8137,.T.);
#8137=EDGE_LOOP('',(#8138,#8139,#8140));
#8138=ORIENTED_EDGE('',*,*,#7290,.F.);
#8139=ORIENTED_EDGE('',*,*,#8107,.F.);
#8140=ORIENTED_EDGE('',*,*,#8141,.T.);
#8141=EDGE_CURVE('',#7237,#6407,#8142,.T.);
#8142=LINE('',#7238,#8143);
#8143=VECTOR('',#8144,1.);
#8144=DIRECTION('',(0.543212125875,-0.291471461848,0.787378545066));
#8145=PLANE('',#8146);
#8146=AXIS2_PLACEMENT_3D('',#8147,#8148,#8149);
#8147=CARTESIAN_POINT('',(0.746820217897,-5.239836874268,-2.857310419734));
#8148=DIRECTION('',(0.827754402212,0.342867126071,-0.444145002761));
#8149=DIRECTION('',(0.472804566008,-1.488531520266E-13,0.881167318029));
#8150=ADVANCED_FACE('',(#8151),#8166,.T.);
#8151=FACE_BOUND('',#8152,.T.);
#8152=EDGE_LOOP('',(#8153,#8154,#8161));
#8153=ORIENTED_EDGE('',*,*,#7314,.F.);
#8154=ORIENTED_EDGE('',*,*,#8155,.T.);
#8155=EDGE_CURVE('',#7310,#8156,#8158,.T.);
#8156=VERTEX_POINT('',#8157);
#8157=CARTESIAN_POINT('',(0.800000011921,-1.385640621185,9.6858000731E-08));
#8158=LINE('',#7311,#8159);
#8159=VECTOR('',#8160,1.);
#8160=DIRECTION('',(-1.785999968495E-02,0.999840497485,0.));
#8161=ORIENTED_EDGE('',*,*,#8162,.T.);
#8162=EDGE_CURVE('',#8156,#4925,#8163,.T.);
#8163=LINE('',#8157,#8164);
#8164=VECTOR('',#8165,1.);
#8165=DIRECTION('',(2.429793588762E-02,-0.999704761573,0.));
#8166=PLANE('',#8167);
#8167=AXIS2_PLACEMENT_3D('',#8168,#55,#199);
#8168=CARTESIAN_POINT('',(0.843758938551,-3.443285379311,9.6858000731E-08));
#8169=ADVANCED_FACE('',(#8170),#8183,.T.);
#8170=FACE_BOUND('',#8171,.T.);
#8171=EDGE_LOOP('',(#8172,#8173,#8178));
#8172=ORIENTED_EDGE('',*,*,#7309,.F.);
#8173=ORIENTED_EDGE('',*,*,#8174,.T.);
#8174=EDGE_CURVE('',#6407,#8175,#8177,.T.);
#8175=VERTEX_POINT('',#8176);
#8176=CARTESIAN_POINT('',(0.779422879219,-5.050000190735,-2.64999999851));
#8177=LINE('',#6408,#6249);
#8178=ORIENTED_EDGE('',*,*,#8179,.T.);
#8179=EDGE_CURVE('',#8175,#7310,#8180,.T.);
#8180=LINE('',#8176,#8181);
#8181=VECTOR('',#8182,1.);
#8182=DIRECTION('',(3.379588170044E-02,-8.159032379814E-02,0.996092795598));
#8183=PLANE('',#8184);
#8184=AXIS2_PLACEMENT_3D('',#8185,#7117,#6250);
#8185=CARTESIAN_POINT('',(0.845861198161,-5.210396182269,-1.381137972316));
#8186=ADVANCED_FACE('',(#8187),#8198,.T.);
#8187=FACE_BOUND('',#8188,.T.);
#8188=EDGE_LOOP('',(#8189,#8194,#8197));
#8189=ORIENTED_EDGE('',*,*,#8190,.T.);
#8190=EDGE_CURVE('',#6426,#8191,#8193,.T.);
#8191=VERTEX_POINT('',#8192);
#8192=CARTESIAN_POINT('',(1.545481324196,-0.414110481739,-2.64999999851));
#8193=LINE('',#6427,#54);
#8194=ORIENTED_EDGE('',*,*,#8195,.T.);
#8195=EDGE_CURVE('',#8191,#7325,#8196,.T.);
#8196=LINE('',#8192,#6434);
#8197=ORIENTED_EDGE('',*,*,#7330,.F.);
#8198=PLANE('',#8199);
#8199=AXIS2_PLACEMENT_3D('',#8200,#7337,#6435);
#8200=CARTESIAN_POINT('',(1.560178540609,-0.302474081593,-1.42124215758));
#8201=ADVANCED_FACE('',(#8202),#8216,.T.);
#8202=FACE_BOUND('',#8203,.T.);
#8203=EDGE_LOOP('',(#8204,#8205,#8211));
#8204=ORIENTED_EDGE('',*,*,#7324,.F.);
#8205=ORIENTED_EDGE('',*,*,#8206,.T.);
#8206=EDGE_CURVE('',#7325,#8207,#8209,.T.);
#8207=VERTEX_POINT('',#8208);
#8208=CARTESIAN_POINT('',(1.545481324196,0.414110481739,-2.64999999851));
#8209=LINE('',#7326,#8210);
#8210=VECTOR('',#7690,1.);
#8211=ORIENTED_EDGE('',*,*,#8212,.T.);
#8212=EDGE_CURVE('',#8207,#5618,#8213,.T.);
#8213=LINE('',#8208,#8214);
#8214=VECTOR('',#8215,1.);
#8215=DIRECTION('',(2.032221003702E-02,-0.154362452573,0.987805264723));
#8216=PLANE('',#8217);
#8217=AXIS2_PLACEMENT_3D('',#8218,#7691,#7690);
#8218=CARTESIAN_POINT('',(1.585302807429,0.111636400146,-1.42124215758));
#8219=ADVANCED_FACE('',(#8220),#8229,.T.);
#8220=FACE_BOUND('',#8221,.T.);
#8221=EDGE_LOOP('',(#8222,#8223,#8224));
#8222=ORIENTED_EDGE('',*,*,#8190,.F.);
#8223=ORIENTED_EDGE('',*,*,#7349,.F.);
#8224=ORIENTED_EDGE('',*,*,#8225,.T.);
#8225=EDGE_CURVE('',#7343,#8191,#8226,.T.);
#8226=LINE('',#7344,#8227);
#8227=VECTOR('',#8228,1.);
#8228=DIRECTION('',(5.958169142159E-02,0.143842904073,-0.987805264713));
#8229=PLANE('',#8230);
#8230=AXIS2_PLACEMENT_3D('',#8231,#8232,#7352);
#8231=CARTESIAN_POINT('',(1.502391275843,-0.518139043933,-1.228757744036));
#8232=DIRECTION('',(0.923879510477,-0.382683485561,0.));
#8233=ADVANCED_FACE('',(#8234),#8249,.T.);
#8234=FACE_BOUND('',#8235,.T.);
#8235=EDGE_LOOP('',(#8236,#8243,#8248));
#8236=ORIENTED_EDGE('',*,*,#8237,.T.);
#8237=EDGE_CURVE('',#4925,#8238,#8240,.T.);
#8238=VERTEX_POINT('',#8239);
#8239=CARTESIAN_POINT('',(1.131370902061,-1.131370902061,9.6858000731E-08));
#8240=LINE('',#4926,#8241);
#8241=VECTOR('',#8242,1.);
#8242=DIRECTION('',(5.288778430721E-02,0.998600461782,0.));
#8243=ORIENTED_EDGE('',*,*,#8244,.T.);
#8244=EDGE_CURVE('',#8238,#7343,#8245,.T.);
#8245=LINE('',#8239,#8246);
#8246=VECTOR('',#8247,1.);
#8247=DIRECTION('',(0.608761266396,0.793353465068,0.));
#8248=ORIENTED_EDGE('',*,*,#7342,.F.);
#8249=PLANE('',#8250);
#8250=AXIS2_PLACEMENT_3D('',#8251,#55,#199);
#8251=CARTESIAN_POINT('',(1.089459049265,-3.130297256082,9.6858000731E-08));
#8252=ADVANCED_FACE('',(#8253),#8266,.T.);
#8253=FACE_BOUND('',#8254,.T.);
#8254=EDGE_LOOP('',(#8255,#8260,#8265));
#8255=ORIENTED_EDGE('',*,*,#8256,.T.);
#8256=EDGE_CURVE('',#5618,#8257,#8259,.T.);
#8257=VERTEX_POINT('',#8258);
#8258=CARTESIAN_POINT('',(1.545481324196,0.414110481739,9.6858000731E-08));
#8259=LINE('',#5619,#8210);
#8260=ORIENTED_EDGE('',*,*,#8261,.T.);
#8261=EDGE_CURVE('',#8257,#7123,#8262,.T.);
#8262=LINE('',#8258,#8263);
#8263=VECTOR('',#8264,1.);
#8264=DIRECTION('',(-0.125906138444,0.992042158531,0.));
#8265=ORIENTED_EDGE('',*,*,#7362,.F.);
#8266=PLANE('',#8267);
#8267=AXIS2_PLACEMENT_3D('',#8268,#55,#199);
#8268=CARTESIAN_POINT('',(1.249553908529,2.74994232768,9.6858000731E-08));
#8269=ADVANCED_FACE('',(#8270),#8285,.T.);
#8270=FACE_BOUND('',#8271,.T.);
#8271=EDGE_LOOP('',(#8272,#8279,#8280));
#8272=ORIENTED_EDGE('',*,*,#8273,.T.);
#8273=EDGE_CURVE('',#8274,#7375,#8276,.T.);
#8274=VERTEX_POINT('',#8275);
#8275=CARTESIAN_POINT('',(3.220444440842,-4.844708442688,9.6858000731E-08));
#8276=LINE('',#8275,#8277);
#8277=VECTOR('',#8278,1.);
#8278=DIRECTION('',(-0.13052538758,-0.991444967306,0.));
#8279=ORIENTED_EDGE('',*,*,#7382,.F.);
#8280=ORIENTED_EDGE('',*,*,#8281,.T.);
#8281=EDGE_CURVE('',#3070,#8274,#8282,.T.);
#8282=LINE('',#3071,#8283);
#8283=VECTOR('',#8284,1.);
#8284=DIRECTION('',(0.103357867204,-0.994644233526,0.));
#8285=PLANE('',#8286);
#8286=AXIS2_PLACEMENT_3D('',#8287,#55,#199);
#8287=CARTESIAN_POINT('',(2.609040100827,0.949876389353,9.6858000731E-08));
#8288=ADVANCED_FACE('',(#8289),#8304,.T.);
#8289=FACE_BOUND('',#8290,.T.);
#8290=EDGE_LOOP('',(#8291,#8292,#8299));
#8291=ORIENTED_EDGE('',*,*,#7374,.F.);
#8292=ORIENTED_EDGE('',*,*,#8293,.T.);
#8293=EDGE_CURVE('',#7375,#8294,#8296,.T.);
#8294=VERTEX_POINT('',#8295);
#8295=CARTESIAN_POINT('',(3.220444440842,-5.155291557312,9.6858000731E-08));
#8296=LINE('',#7376,#8297);
#8297=VECTOR('',#8298,1.);
#8298=DIRECTION('',(0.13052538758,-0.991444967306,0.));
#8299=ORIENTED_EDGE('',*,*,#8300,.T.);
#8300=EDGE_CURVE('',#8294,#2846,#8301,.T.);
#8301=LINE('',#8295,#8302);
#8302=VECTOR('',#8303,1.);
#8303=DIRECTION('',(-0.573193902658,-0.819419764196,0.));
#8304=PLANE('',#8305);
#8305=AXIS2_PLACEMENT_3D('',#8306,#55,#199);
#8306=CARTESIAN_POINT('',(2.625886589166,-5.956328056194,9.6858000731E-08));
#8307=ADVANCED_FACE('',(#8308),#8315,.T.);
#8308=FACE_BOUND('',#8309,.T.);
#8309=EDGE_LOOP('',(#8310,#8311,#8314));
#8310=ORIENTED_EDGE('',*,*,#7870,.F.);
#8311=ORIENTED_EDGE('',*,*,#8312,.T.);
#8312=EDGE_CURVE('',#7866,#7395,#8313,.T.);
#8313=LINE('',#7867,#6341);
#8314=ORIENTED_EDGE('',*,*,#7394,.F.);
#8315=PLANE('',#8316);
#8316=AXIS2_PLACEMENT_3D('',#8317,#55,#199);
#8317=CARTESIAN_POINT('',(-0.470125144843,-5.426340534923,-3.));
#8318=ADVANCED_FACE('',(#8319),#8326,.T.);
#8319=FACE_BOUND('',#8320,.T.);
#8320=EDGE_LOOP('',(#8321,#8322,#8325));
#8321=ORIENTED_EDGE('',*,*,#7399,.F.);
#8322=ORIENTED_EDGE('',*,*,#8323,.T.);
#8323=EDGE_CURVE('',#7395,#7410,#8324,.T.);
#8324=LINE('',#7396,#6326);
#8325=ORIENTED_EDGE('',*,*,#7409,.F.);
#8326=PLANE('',#8327);
#8327=AXIS2_PLACEMENT_3D('',#8328,#55,#199);
#8328=CARTESIAN_POINT('',(-0.314497933927,-5.437442490848,-3.));
#8329=ADVANCED_FACE('',(#8330),#8337,.T.);
#8330=FACE_BOUND('',#8331,.T.);
#8331=EDGE_LOOP('',(#8332,#8333,#8336));
#8332=ORIENTED_EDGE('',*,*,#7414,.F.);
#8333=ORIENTED_EDGE('',*,*,#8334,.T.);
#8334=EDGE_CURVE('',#7410,#7425,#8335,.T.);
#8335=LINE('',#7411,#6311);
#8336=ORIENTED_EDGE('',*,*,#7424,.F.);
#8337=PLANE('',#8338);
#8338=AXIS2_PLACEMENT_3D('',#8339,#55,#199);
#8339=CARTESIAN_POINT('',(-0.137226832968,-5.449583093897,-3.));
#8340=ADVANCED_FACE('',(#8341),#8348,.T.);
#8341=FACE_BOUND('',#8342,.T.);
#8342=EDGE_LOOP('',(#8343,#8346,#8347));
#8343=ORIENTED_EDGE('',*,*,#8344,.T.);
#8344=EDGE_CURVE('',#7469,#6526,#8345,.T.);
#8345=LINE('',#7470,#34);
#8346=ORIENTED_EDGE('',*,*,#7439,.F.);
#8347=ORIENTED_EDGE('',*,*,#7489,.F.);
#8348=PLANE('',#8349);
#8349=AXIS2_PLACEMENT_3D('',#8350,#7496,#7442);
#8350=CARTESIAN_POINT('',(5.939620927198,-0.224215108003,-2.855082377278));
#8351=ADVANCED_FACE('',(#8352),#8361,.T.);
#8352=FACE_BOUND('',#8353,.T.);
#8353=EDGE_LOOP('',(#8354,#8355,#8356));
#8354=ORIENTED_EDGE('',*,*,#7451,.F.);
#8355=ORIENTED_EDGE('',*,*,#8344,.F.);
#8356=ORIENTED_EDGE('',*,*,#8357,.T.);
#8357=EDGE_CURVE('',#7469,#7452,#8358,.T.);
#8358=LINE('',#7470,#8359);
#8359=VECTOR('',#8360,1.);
#8360=DIRECTION('',(0.707106438743,0.70710712363,0.));
#8361=PLANE('',#8362);
#8362=AXIS2_PLACEMENT_3D('',#8363,#55,#199);
#8363=CARTESIAN_POINT('',(5.929289403501,-2.928930813332E-02,-3.));
#8364=ADVANCED_FACE('',(#8365),#8378,.T.);
#8365=FACE_BOUND('',#8366,.T.);
#8366=EDGE_LOOP('',(#8367,#8374,#8377));
#8367=ORIENTED_EDGE('',*,*,#8368,.T.);
#8368=EDGE_CURVE('',#5754,#8369,#8371,.T.);
#8369=VERTEX_POINT('',#8370);
#8370=CARTESIAN_POINT('',(5.800000190735,0.10000000149,-3.));
#8371=LINE('',#5755,#8372);
#8372=VECTOR('',#8373,1.);
#8373=DIRECTION('',(0.,-9.950371730838E-02,-0.995037190381));
#8374=ORIENTED_EDGE('',*,*,#8375,.T.);
#8375=EDGE_CURVE('',#8369,#7469,#8376,.T.);
#8376=LINE('',#8370,#345);
#8377=ORIENTED_EDGE('',*,*,#7468,.F.);
#8378=PLANE('',#8379);
#8379=AXIS2_PLACEMENT_3D('',#8380,#199,#55);
#8380=CARTESIAN_POINT('',(5.800000190735,0.193395358291,-1.547951280184));
#8381=ADVANCED_FACE('',(#8382),#8389,.T.);
#8382=FACE_BOUND('',#8383,.T.);
#8383=EDGE_LOOP('',(#8384,#8387,#8388));
#8384=ORIENTED_EDGE('',*,*,#8385,.T.);
#8385=EDGE_CURVE('',#6606,#7880,#8386,.T.);
#8386=LINE('',#6607,#189);
#8387=ORIENTED_EDGE('',*,*,#7879,.F.);
#8388=ORIENTED_EDGE('',*,*,#7513,.F.);
#8389=PLANE('',#8390);
#8390=AXIS2_PLACEMENT_3D('',#8391,#55,#199);
#8391=CARTESIAN_POINT('',(5.408825445072,6.866146555355E-02,9.6858000731E-08));
#8392=ADVANCED_FACE('',(#8393),#8400,.T.);
#8393=FACE_BOUND('',#8394,.T.);
#8394=EDGE_LOOP('',(#8395,#8396,#8399));
#8395=ORIENTED_EDGE('',*,*,#7530,.F.);
#8396=ORIENTED_EDGE('',*,*,#8397,.T.);
#8397=EDGE_CURVE('',#7524,#7880,#8398,.T.);
#8398=LINE('',#7525,#2862);
#8399=ORIENTED_EDGE('',*,*,#8385,.F.);
#8400=PLANE('',#8401);
#8401=AXIS2_PLACEMENT_3D('',#8402,#55,#199);
#8402=CARTESIAN_POINT('',(5.365204470367,-1.998546539318E-03,9.6858000731E-08));
#8403=ADVANCED_FACE('',(#8404),#8417,.T.);
#8404=FACE_BOUND('',#8405,.T.);
#8405=EDGE_LOOP('',(#8406,#8413,#8416));
#8406=ORIENTED_EDGE('',*,*,#8407,.T.);
#8407=EDGE_CURVE('',#2177,#8408,#8410,.T.);
#8408=VERTEX_POINT('',#8409);
#8409=CARTESIAN_POINT('',(5.300000190735,0.,9.6858000731E-08));
#8410=LINE('',#2178,#8411);
#8411=VECTOR('',#8412,1.);
#8412=DIRECTION('',(4.343725124158E-02,0.999056157183,0.));
#8413=ORIENTED_EDGE('',*,*,#8414,.T.);
#8414=EDGE_CURVE('',#8408,#7524,#8415,.T.);
#8415=LINE('',#8409,#2895);
#8416=ORIENTED_EDGE('',*,*,#7523,.F.);
#8417=PLANE('',#8418);
#8418=AXIS2_PLACEMENT_3D('',#8419,#55,#199);
#8419=CARTESIAN_POINT('',(5.156812702798,-3.449715714673,9.6858000731E-08));
#8420=ADVANCED_FACE('',(#8421),#8436,.T.);
#8421=FACE_BOUND('',#8422,.T.);
#8422=EDGE_LOOP('',(#8423,#8424,#8431));
#8423=ORIENTED_EDGE('',*,*,#7542,.F.);
#8424=ORIENTED_EDGE('',*,*,#8425,.T.);
#8425=EDGE_CURVE('',#6626,#8426,#8428,.T.);
#8426=VERTEX_POINT('',#8427);
#8427=CARTESIAN_POINT('',(-0.362500011921,6.127868652344,-3.));
#8428=LINE('',#6627,#8429);
#8429=VECTOR('',#8430,1.);
#8430=DIRECTION('',(0.22360681391,-0.387297604389,-0.894427503159));
#8431=ORIENTED_EDGE('',*,*,#8432,.T.);
#8432=EDGE_CURVE('',#8426,#6643,#8433,.T.);
#8433=LINE('',#8427,#8434);
#8434=VECTOR('',#8435,1.);
#8435=DIRECTION('',(-0.616171206132,1.918341940851E-02,0.787378588199));
#8436=PLANE('',#8437);
#8437=AXIS2_PLACEMENT_3D('',#8438,#8439,#8440);
#8438=CARTESIAN_POINT('',(-0.474988548155,6.174893635401,-2.786601756816));
#8439=DIRECTION('',(-0.54542311718,0.710808977289,-0.444144369604));
#8440=DIRECTION('',(0.793353229458,0.608761573449,3.521904989867E-13));
#8441=ADVANCED_FACE('',(#8442),#8451,.T.);
#8442=FACE_BOUND('',#8443,.T.);
#8443=EDGE_LOOP('',(#8444,#8449,#8450));
#8444=ORIENTED_EDGE('',*,*,#8445,.T.);
#8445=EDGE_CURVE('',#8426,#7555,#8446,.T.);
#8446=LINE('',#8427,#8447);
#8447=VECTOR('',#8448,1.);
#8448=DIRECTION('',(-0.793352631685,-0.608762352481,0.));
#8449=ORIENTED_EDGE('',*,*,#7554,.F.);
#8450=ORIENTED_EDGE('',*,*,#8432,.F.);
#8451=PLANE('',#8452);
#8452=AXIS2_PLACEMENT_3D('',#8453,#8454,#8455);
#8453=CARTESIAN_POINT('',(-0.516683796316,6.098717806182,-2.857310440824));
#8454=DIRECTION('',(-0.545423686002,0.710808273391,-0.444144797592));
#8455=DIRECTION('',(0.793352631685,0.608762352481,-6.053213486013E-13));
#8456=ADVANCED_FACE('',(#8457),#8462,.T.);
#8457=FACE_BOUND('',#8458,.T.);
#8458=EDGE_LOOP('',(#8459,#8460,#8461));
#8459=ORIENTED_EDGE('',*,*,#7615,.F.);
#8460=ORIENTED_EDGE('',*,*,#7574,.F.);
#8461=ORIENTED_EDGE('',*,*,#7625,.F.);
#8462=PLANE('',#8463);
#8463=AXIS2_PLACEMENT_3D('',#8464,#55,#199);
#8464=CARTESIAN_POINT('',(-0.593502801011,5.582965842927,-3.));
#8465=ADVANCED_FACE('',(#8466),#8471,.T.);
#8466=FACE_BOUND('',#8467,.T.);
#8467=EDGE_LOOP('',(#8468,#8469,#8470));
#8468=ORIENTED_EDGE('',*,*,#7602,.F.);
#8469=ORIENTED_EDGE('',*,*,#7589,.F.);
#8470=ORIENTED_EDGE('',*,*,#7612,.F.);
#8471=PLANE('',#8472);
#8472=AXIS2_PLACEMENT_3D('',#8473,#55,#199);
#8473=CARTESIAN_POINT('',(-0.676222867132,5.589842998389,-3.));
#8474=ADVANCED_FACE('',(#8475),#8482,.T.);
#8475=FACE_BOUND('',#8476,.T.);
#8476=EDGE_LOOP('',(#8477,#8478,#8479));
#8477=ORIENTED_EDGE('',*,*,#7628,.F.);
#8478=ORIENTED_EDGE('',*,*,#8445,.F.);
#8479=ORIENTED_EDGE('',*,*,#8480,.T.);
#8480=EDGE_CURVE('',#8426,#6729,#8481,.T.);
#8481=LINE('',#8427,#7955);
#8482=PLANE('',#8483);
#8483=AXIS2_PLACEMENT_3D('',#8484,#55,#199);
#8484=CARTESIAN_POINT('',(-0.470125144843,5.573659465077,-3.));
#8485=ADVANCED_FACE('',(#8486),#8499,.T.);
#8486=FACE_BOUND('',#8487,.T.);
#8487=EDGE_LOOP('',(#8488,#8493,#8494));
#8488=ORIENTED_EDGE('',*,*,#8489,.T.);
#8489=EDGE_CURVE('',#8490,#6750,#8492,.T.);
#8490=VERTEX_POINT('',#8491);
#8491=CARTESIAN_POINT('',(-0.449999988079,4.72057723999,-2.64999999851));
#8492=LINE('',#8491,#4792);
#8493=ORIENTED_EDGE('',*,*,#7637,.F.);
#8494=ORIENTED_EDGE('',*,*,#8495,.T.);
#8495=EDGE_CURVE('',#6729,#8490,#8496,.T.);
#8496=LINE('',#6730,#8497);
#8497=VECTOR('',#8498,1.);
#8498=DIRECTION('',(0.140946199185,-0.60014082864,0.787378660325));
#8499=PLANE('',#8500);
#8500=AXIS2_PLACEMENT_3D('',#8501,#6519,#6520);
#8501=CARTESIAN_POINT('',(-0.528961100935,4.866521069242,-2.786601758808));
#8502=ADVANCED_FACE('',(#8503),#8510,.T.);
#8503=FACE_BOUND('',#8504,.T.);
#8504=EDGE_LOOP('',(#8505,#8506,#8509));
#8505=ORIENTED_EDGE('',*,*,#8489,.F.);
#8506=ORIENTED_EDGE('',*,*,#8507,.T.);
#8507=EDGE_CURVE('',#8490,#6776,#8508,.T.);
#8508=LINE('',#8491,#82);
#8509=ORIENTED_EDGE('',*,*,#7652,.F.);
#8510=PLANE('',#8511);
#8511=AXIS2_PLACEMENT_3D('',#8512,#5688,#4793);
#8512=CARTESIAN_POINT('',(-0.498660694212,4.757915927135,-1.381138065859));
#8513=ADVANCED_FACE('',(#8514),#8527,.T.);
#8514=FACE_BOUND('',#8515,.T.);
#8515=EDGE_LOOP('',(#8516,#8517,#8522));
#8516=ORIENTED_EDGE('',*,*,#7665,.F.);
#8517=ORIENTED_EDGE('',*,*,#8518,.T.);
#8518=EDGE_CURVE('',#6776,#8519,#8521,.T.);
#8519=VERTEX_POINT('',#8520);
#8520=CARTESIAN_POINT('',(-0.232937142253,4.630666732788,9.6858000731E-08));
#8521=LINE('',#6777,#4365);
#8522=ORIENTED_EDGE('',*,*,#8523,.T.);
#8523=EDGE_CURVE('',#8519,#6792,#8524,.T.);
#8524=LINE('',#8520,#8525);
#8525=VECTOR('',#8526,1.);
#8526=DIRECTION('',(-5.862265505572E-02,-0.998280213324,0.));
#8527=PLANE('',#8528);
#8528=AXIS2_PLACEMENT_3D('',#8529,#55,#199);
#8529=CARTESIAN_POINT('',(-0.377184690635,3.167408962142,9.6858000731E-08));
#8530=ADVANCED_FACE('',(#8531),#8543,.T.);
#8531=FACE_BOUND('',#8532,.T.);
#8532=EDGE_LOOP('',(#8533,#8539,#8542));
#8533=ORIENTED_EDGE('',*,*,#8534,.T.);
#8534=EDGE_CURVE('',#6792,#8535,#8537,.T.);
#8535=VERTEX_POINT('',#8536);
#8536=CARTESIAN_POINT('',(-1.7763568394E-15,1.600000023842,9.6858000731E-08));
#8537=LINE('',#6793,#8538);
#8538=VECTOR('',#7691,1.);
#8539=ORIENTED_EDGE('',*,*,#8540,.T.);
#8540=EDGE_CURVE('',#8535,#7677,#8541,.T.);
#8541=LINE('',#8536,#4380);
#8542=ORIENTED_EDGE('',*,*,#7683,.F.);
#8543=PLANE('',#8544);
#8544=AXIS2_PLACEMENT_3D('',#8545,#7690,#7691);
#8545=CARTESIAN_POINT('',(-0.111636400146,1.585302807429,-1.228757744072));
#8546=ADVANCED_FACE('',(#8547),#8556,.T.);
#8547=FACE_BOUND('',#8548,.T.);
#8548=EDGE_LOOP('',(#8549,#8550,#8555));
#8549=ORIENTED_EDGE('',*,*,#7676,.F.);
#8550=ORIENTED_EDGE('',*,*,#8551,.T.);
#8551=EDGE_CURVE('',#7677,#7697,#8552,.T.);
#8552=LINE('',#7678,#8553);
#8553=VECTOR('',#8554,1.);
#8554=DIRECTION('',(-2.269745318273E-15,-0.447213740204,-0.894427118648));
#8555=ORIENTED_EDGE('',*,*,#7704,.F.);
#8556=PLANE('',#8557);
#8557=AXIS2_PLACEMENT_3D('',#8558,#8559,#8560);
#8558=CARTESIAN_POINT('',(-0.147672643961,1.519844378654,-2.771428280383));
#8559=DIRECTION('',(-0.116945620617,0.888289845601,-0.444145102439));
#8560=DIRECTION('',(1.111957748101E-13,0.447213740204,0.894427118648));
#8561=ADVANCED_FACE('',(#8562),#8571,.T.);
#8562=FACE_BOUND('',#8563,.T.);
#8563=EDGE_LOOP('',(#8564,#8565,#8566));
#8564=ORIENTED_EDGE('',*,*,#7719,.F.);
#8565=ORIENTED_EDGE('',*,*,#7696,.F.);
#8566=ORIENTED_EDGE('',*,*,#8567,.T.);
#8567=EDGE_CURVE('',#7697,#6836,#8568,.T.);
#8568=LINE('',#7698,#8569);
#8569=VECTOR('',#8570,1.);
#8570=DIRECTION('',(-0.130526196635,-0.991444860793,0.));
#8571=PLANE('',#8572);
#8572=AXIS2_PLACEMENT_3D('',#8573,#55,#199);
#8573=CARTESIAN_POINT('',(-0.26972170069,9.909542662616E-02,-3.));
#8574=ADVANCED_FACE('',(#8575),#8590,.T.);
#8575=FACE_BOUND('',#8576,.T.);
#8576=EDGE_LOOP('',(#8577,#8584,#8589));
#8577=ORIENTED_EDGE('',*,*,#8578,.T.);
#8578=EDGE_CURVE('',#6836,#8579,#8581,.T.);
#8579=VERTEX_POINT('',#8580);
#8580=CARTESIAN_POINT('',(-4.440892098501E-15,-1.424999952316,-3.));
#8581=LINE('',#6837,#8582);
#8582=VECTOR('',#8583,1.);
#8583=DIRECTION('',(0.991444891453,-0.130525963748,0.));
#8584=ORIENTED_EDGE('',*,*,#8585,.T.);
#8585=EDGE_CURVE('',#8579,#7729,#8586,.T.);
#8586=LINE('',#8580,#8587);
#8587=VECTOR('',#8588,1.);
#8588=DIRECTION('',(2.269745318273E-15,-0.447213740204,0.894427118648));
#8589=ORIENTED_EDGE('',*,*,#7734,.F.);
#8590=PLANE('',#8591);
#8591=AXIS2_PLACEMENT_3D('',#8592,#8593,#8594);
#8592=CARTESIAN_POINT('',(-0.129688803311,-1.470743567436,-2.874365171653));
#8593=DIRECTION('',(-0.116945371954,-0.888289871791,-0.444145115534));
#8594=DIRECTION('',(-1.128402926653E-13,0.447213740204,-0.894427118648));
#8595=ADVANCED_FACE('',(#8596),#8609,.T.);
#8596=FACE_BOUND('',#8597,.T.);
#8597=EDGE_LOOP('',(#8598,#8603,#8604));
#8598=ORIENTED_EDGE('',*,*,#8599,.T.);
#8599=EDGE_CURVE('',#8600,#6857,#8602,.T.);
#8600=VERTEX_POINT('',#8601);
#8601=CARTESIAN_POINT('',(0.414110481739,-1.545481324196,9.6858000731E-08));
#8602=LINE('',#8601,#7680);
#8603=ORIENTED_EDGE('',*,*,#7748,.F.);
#8604=ORIENTED_EDGE('',*,*,#8605,.T.);
#8605=EDGE_CURVE('',#7729,#8600,#8606,.T.);
#8606=LINE('',#7730,#8607);
#8607=VECTOR('',#8608,1.);
#8608=DIRECTION('',(0.154362452573,2.032221003702E-02,0.987805264723));
#8609=PLANE('',#8610);
#8610=AXIS2_PLACEMENT_3D('',#8611,#2768,#2991);
#8611=CARTESIAN_POINT('',(0.111636400146,-1.585302807429,-1.228757744072));
#8612=ADVANCED_FACE('',(#8613),#8624,.T.);
#8613=FACE_BOUND('',#8614,.T.);
#8614=EDGE_LOOP('',(#8615,#8620,#8621));
#8615=ORIENTED_EDGE('',*,*,#8616,.T.);
#8616=EDGE_CURVE('',#8617,#6875,#8619,.T.);
#8617=VERTEX_POINT('',#8618);
#8618=CARTESIAN_POINT('',(-1.7763568394E-15,-4.599999904633,9.6858000731E-08));
#8619=LINE('',#8618,#4806);
#8620=ORIENTED_EDGE('',*,*,#7762,.F.);
#8621=ORIENTED_EDGE('',*,*,#8622,.T.);
#8622=EDGE_CURVE('',#6857,#8617,#8623,.T.);
#8623=LINE('',#6858,#345);
#8624=PLANE('',#8625);
#8625=AXIS2_PLACEMENT_3D('',#8626,#55,#199);
#8626=CARTESIAN_POINT('',(-6.078241530526E-02,-3.164168811403,9.6858000731E-08));
#8627=ADVANCED_FACE('',(#8628),#8641,.T.);
#8628=FACE_BOUND('',#8629,.T.);
#8629=EDGE_LOOP('',(#8630,#8635,#8636));
#8630=ORIENTED_EDGE('',*,*,#8631,.T.);
#8631=EDGE_CURVE('',#8632,#7775,#8634,.T.);
#8632=VERTEX_POINT('',#8633);
#8633=CARTESIAN_POINT('',(-3.552713678801E-15,-4.599999904633,-2.64999999851));
#8634=LINE('',#8633,#4806);
#8635=ORIENTED_EDGE('',*,*,#7774,.F.);
#8636=ORIENTED_EDGE('',*,*,#8637,.T.);
#8637=EDGE_CURVE('',#6875,#8632,#8638,.T.);
#8638=LINE('',#6876,#8639);
#8639=VECTOR('',#8640,1.);
#8640=DIRECTION('',(8.75573577605E-02,1.15271717435E-02,-0.996092783537));
#8641=PLANE('',#8642);
#8642=AXIS2_PLACEMENT_3D('',#8643,#5487,#3871);
#8643=CARTESIAN_POINT('',(-0.172126404276,-4.622660828562,-1.381138055457));
#8644=ADVANCED_FACE('',(#8645),#8652,.T.);
#8645=FACE_BOUND('',#8646,.T.);
#8646=EDGE_LOOP('',(#8647,#8650,#8651));
#8647=ORIENTED_EDGE('',*,*,#8648,.T.);
#8648=EDGE_CURVE('',#7775,#7790,#8649,.T.);
#8649=LINE('',#7776,#5460);
#8650=ORIENTED_EDGE('',*,*,#7789,.F.);
#8651=ORIENTED_EDGE('',*,*,#7779,.F.);
#8652=PLANE('',#8653);
#8653=AXIS2_PLACEMENT_3D('',#8654,#6272,#4294);
#8654=CARTESIAN_POINT('',(-0.393333405096,-4.697105138175,-1.381138061158));
#8655=ADVANCED_FACE('',(#8656),#8663,.T.);
#8656=FACE_BOUND('',#8657,.T.);
#8657=EDGE_LOOP('',(#8658,#8661,#8662));
#8658=ORIENTED_EDGE('',*,*,#8659,.T.);
#8659=EDGE_CURVE('',#7790,#7804,#8660,.T.);
#8660=LINE('',#7791,#5804);
#8661=ORIENTED_EDGE('',*,*,#7803,.F.);
#8662=ORIENTED_EDGE('',*,*,#7794,.F.);
#8663=PLANE('',#8664);
#8664=AXIS2_PLACEMENT_3D('',#8665,#6637,#3818);
#8665=CARTESIAN_POINT('',(-0.587735403925,-4.826265381611,-1.381138065859));
#8666=ADVANCED_FACE('',(#8667),#8676,.T.);
#8667=FACE_BOUND('',#8668,.T.);
#8668=EDGE_LOOP('',(#8669,#8670,#8673));
#8669=ORIENTED_EDGE('',*,*,#7808,.F.);
#8670=ORIENTED_EDGE('',*,*,#8671,.T.);
#8671=EDGE_CURVE('',#7804,#7866,#8672,.T.);
#8672=LINE('',#7805,#7558);
#8673=ORIENTED_EDGE('',*,*,#8674,.T.);
#8674=EDGE_CURVE('',#7866,#6903,#8675,.T.);
#8675=LINE('',#7867,#7563);
#8676=PLANE('',#8677);
#8677=AXIS2_PLACEMENT_3D('',#8678,#7568,#7569);
#8678=CARTESIAN_POINT('',(-0.633479019484,-4.971039012876,-2.786601766906));
#8679=ADVANCED_FACE('',(#8680),#8687,.T.);
#8680=FACE_BOUND('',#8681,.T.);
#8681=EDGE_LOOP('',(#8682,#8685,#8686));
#8682=ORIENTED_EDGE('',*,*,#8683,.T.);
#8683=EDGE_CURVE('',#7866,#6929,#8684,.T.);
#8684=LINE('',#7867,#7576);
#8685=ORIENTED_EDGE('',*,*,#7819,.F.);
#8686=ORIENTED_EDGE('',*,*,#8674,.F.);
#8687=PLANE('',#8688);
#8688=AXIS2_PLACEMENT_3D('',#8689,#7583,#7584);
#8689=CARTESIAN_POINT('',(-0.6540378141,-5.055410636285,-2.857310400297));
#8690=ADVANCED_FACE('',(#8691),#8696,.T.);
#8691=FACE_BOUND('',#8692,.T.);
#8692=EDGE_LOOP('',(#8693,#8694,#8695));
#8693=ORIENTED_EDGE('',*,*,#7855,.F.);
#8694=ORIENTED_EDGE('',*,*,#8683,.F.);
#8695=ORIENTED_EDGE('',*,*,#7865,.F.);
#8696=PLANE('',#8697);
#8697=AXIS2_PLACEMENT_3D('',#8698,#55,#199);
#8698=CARTESIAN_POINT('',(-0.593502801011,-5.417034157073,-3.));
#8699=ADVANCED_FACE('',(#8700),#8715,.T.);
#8700=FACE_BOUND('',#8701,.T.);
#8701=EDGE_LOOP('',(#8702,#8709,#8714));
#8702=ORIENTED_EDGE('',*,*,#8703,.T.);
#8703=EDGE_CURVE('',#7880,#8704,#8706,.T.);
#8704=VERTEX_POINT('',#8705);
#8705=CARTESIAN_POINT('',(5.320444583893,0.155291423202,9.6858000731E-08));
#8706=LINE('',#7881,#8707);
#8707=VECTOR('',#8708,1.);
#8708=DIRECTION('',(-0.382683857941,-0.923879356232,0.));
#8709=ORIENTED_EDGE('',*,*,#8710,.T.);
#8710=EDGE_CURVE('',#8704,#2622,#8711,.T.);
#8711=LINE('',#8705,#8712);
#8712=VECTOR('',#8713,1.);
#8713=DIRECTION('',(-4.745698427526E-02,0.998873282576,0.));
#8714=ORIENTED_EDGE('',*,*,#7886,.F.);
#8715=PLANE('',#8716);
#8716=AXIS2_PLACEMENT_3D('',#8717,#55,#199);
#8717=CARTESIAN_POINT('',(5.177080514344,3.524794179533,9.6858000731E-08));
#8718=ADVANCED_FACE('',(#8719),#8728,.T.);
#8719=FACE_BOUND('',#8720,.T.);
#8720=EDGE_LOOP('',(#8721,#8722,#8723));
#8721=ORIENTED_EDGE('',*,*,#7911,.F.);
#8722=ORIENTED_EDGE('',*,*,#7898,.F.);
#8723=ORIENTED_EDGE('',*,*,#8724,.T.);
#8724=EDGE_CURVE('',#7452,#7912,#8725,.T.);
#8725=LINE('',#7453,#8726);
#8726=VECTOR('',#8727,1.);
#8727=DIRECTION('',(-0.398014553702,0.597022408815,0.696526136203));
#8728=PLANE('',#8729);
#8729=AXIS2_PLACEMENT_3D('',#8730,#8731,#7901);
#8730=CARTESIAN_POINT('',(5.939620927198,0.275784899448,-2.794917621232));
#8731=DIRECTION('',(3.951652900396E-16,0.759256598943,-0.650791377449));
#8732=ADVANCED_FACE('',(#8733),#8742,.T.);
#8733=FACE_BOUND('',#8734,.T.);
#8734=EDGE_LOOP('',(#8735,#8736,#8741));
#8735=ORIENTED_EDGE('',*,*,#7916,.F.);
#8736=ORIENTED_EDGE('',*,*,#8737,.T.);
#8737=EDGE_CURVE('',#7912,#8369,#8738,.T.);
#8738=LINE('',#7913,#8739);
#8739=VECTOR('',#8740,1.);
#8740=DIRECTION('',(0.,-0.650791377449,-0.759256598943));
#8741=ORIENTED_EDGE('',*,*,#8368,.F.);
#8742=PLANE('',#8743);
#8743=AXIS2_PLACEMENT_3D('',#8744,#199,#55);
#8744=CARTESIAN_POINT('',(5.800000190735,0.314888006773,-1.52400358635));
#8745=ADVANCED_FACE('',(#8746),#8759,.T.);
#8746=FACE_BOUND('',#8747,.T.);
#8747=EDGE_LOOP('',(#8748,#8753,#8754));
#8748=ORIENTED_EDGE('',*,*,#8749,.T.);
#8749=EDGE_CURVE('',#8750,#6188,#8752,.T.);
#8750=VERTEX_POINT('',#8751);
#8751=CARTESIAN_POINT('',(0.512652397156,4.987347602844,-3.));
#8752=LINE('',#8751,#189);
#8753=ORIENTED_EDGE('',*,*,#7933,.F.);
#8754=ORIENTED_EDGE('',*,*,#8755,.T.);
#8755=EDGE_CURVE('',#7927,#8750,#8756,.T.);
#8756=LINE('',#7928,#8757);
#8757=VECTOR('',#8758,1.);
#8758=DIRECTION('',(-0.130526184206,-0.991444862429,0.));
#8759=PLANE('',#8760);
#8760=AXIS2_PLACEMENT_3D('',#8761,#55,#199);
#8761=CARTESIAN_POINT('',(0.542097262595,5.507889739716,-3.));
#8762=ADVANCED_FACE('',(#8763),#8772,.T.);
#8763=FACE_BOUND('',#8764,.T.);
#8764=EDGE_LOOP('',(#8765,#8766,#8767));
#8765=ORIENTED_EDGE('',*,*,#7926,.F.);
#8766=ORIENTED_EDGE('',*,*,#7986,.F.);
#8767=ORIENTED_EDGE('',*,*,#8768,.T.);
#8768=EDGE_CURVE('',#7982,#7927,#8769,.T.);
#8769=LINE('',#7983,#8770);
#8770=VECTOR('',#8771,1.);
#8771=DIRECTION('',(-0.543212125875,0.291471461848,-0.787378545066));
#8772=PLANE('',#8773);
#8773=AXIS2_PLACEMENT_3D('',#8774,#8775,#8776);
#8774=CARTESIAN_POINT('',(0.748798939738,5.846980839712,-2.786601812147));
#8775=DIRECTION('',(0.827754311656,0.342867701604,-0.444144727236));
#8776=DIRECTION('',(0.472804378432,1.633138069224E-13,0.881167418676));
#8777=ADVANCED_FACE('',(#8778),#8785,.T.);
#8778=FACE_BOUND('',#8779,.T.);
#8779=EDGE_LOOP('',(#8780,#8783,#8784));
#8780=ORIENTED_EDGE('',*,*,#8781,.T.);
#8781=EDGE_CURVE('',#8750,#7948,#8782,.T.);
#8782=LINE('',#8751,#8447);
#8783=ORIENTED_EDGE('',*,*,#7953,.F.);
#8784=ORIENTED_EDGE('',*,*,#8749,.F.);
#8785=PLANE('',#8786);
#8786=AXIS2_PLACEMENT_3D('',#8787,#55,#199);
#8787=CARTESIAN_POINT('',(0.470125144843,5.426340534923,-3.));
#8788=ADVANCED_FACE('',(#8789),#8798,.T.);
#8789=FACE_BOUND('',#8790,.T.);
#8790=EDGE_LOOP('',(#8791,#8796,#8797));
#8791=ORIENTED_EDGE('',*,*,#8792,.T.);
#8792=EDGE_CURVE('',#7948,#7965,#8793,.T.);
#8793=LINE('',#7949,#8794);
#8794=VECTOR('',#8795,1.);
#8795=DIRECTION('',(-0.923879644984,-0.382683160832,0.));
#8796=ORIENTED_EDGE('',*,*,#7970,.F.);
#8797=ORIENTED_EDGE('',*,*,#7947,.F.);
#8798=PLANE('',#8799);
#8799=AXIS2_PLACEMENT_3D('',#8800,#55,#199);
#8800=CARTESIAN_POINT('',(0.314497933927,5.437442490848,-3.));
#8801=ADVANCED_FACE('',(#8802),#8809,.T.);
#8802=FACE_BOUND('',#8803,.T.);
#8803=EDGE_LOOP('',(#8804,#8807,#8808));
#8804=ORIENTED_EDGE('',*,*,#8805,.T.);
#8805=EDGE_CURVE('',#7965,#8046,#8806,.T.);
#8806=LINE('',#7966,#8032);
#8807=ORIENTED_EDGE('',*,*,#8051,.F.);
#8808=ORIENTED_EDGE('',*,*,#7964,.F.);
#8809=PLANE('',#8810);
#8810=AXIS2_PLACEMENT_3D('',#8811,#55,#199);
#8811=CARTESIAN_POINT('',(0.137226832968,5.449583093897,-3.));
#8812=ADVANCED_FACE('',(#8813),#8824,.T.);
#8813=FACE_BOUND('',#8814,.T.);
#8814=EDGE_LOOP('',(#8815,#8820,#8823));
#8815=ORIENTED_EDGE('',*,*,#8816,.T.);
#8816=EDGE_CURVE('',#7123,#8817,#8819,.T.);
#8817=VERTEX_POINT('',#8818);
#8818=CARTESIAN_POINT('',(0.899999976158,5.5,-2.64999999851));
#8819=LINE('',#7124,#54);
#8820=ORIENTED_EDGE('',*,*,#8821,.T.);
#8821=EDGE_CURVE('',#8817,#7982,#8822,.T.);
#8822=LINE('',#8818,#6410);
#8823=ORIENTED_EDGE('',*,*,#7998,.F.);
#8824=PLANE('',#8825);
#8825=AXIS2_PLACEMENT_3D('',#8826,#6420,#6411);
#8826=CARTESIAN_POINT('',(0.891994102799,5.560810790476,-1.381138095684));
#8827=ADVANCED_FACE('',(#8828),#8835,.T.);
#8828=FACE_BOUND('',#8829,.T.);
#8829=EDGE_LOOP('',(#8830,#8833,#8834));
#8830=ORIENTED_EDGE('',*,*,#8831,.T.);
#8831=EDGE_CURVE('',#8011,#8426,#8832,.T.);
#8832=LINE('',#8012,#8794);
#8833=ORIENTED_EDGE('',*,*,#8425,.F.);
#8834=ORIENTED_EDGE('',*,*,#8017,.F.);
#8835=PLANE('',#8836);
#8836=AXIS2_PLACEMENT_3D('',#8837,#8838,#8839);
#8837=CARTESIAN_POINT('',(-0.34411865478,6.212044686495,-2.857310425386));
#8838=DIRECTION('',(-0.342866996495,0.827754841132,-0.444144284774));
#8839=DIRECTION('',(2.484679129111E-13,0.472803777887,0.881167740907));
#8840=ADVANCED_FACE('',(#8841),#8852,.T.);
#8841=FACE_BOUND('',#8842,.T.);
#8842=EDGE_LOOP('',(#8843,#8848,#8849));
#8843=ORIENTED_EDGE('',*,*,#8844,.T.);
#8844=EDGE_CURVE('',#8845,#8011,#8847,.T.);
#8845=VERTEX_POINT('',#8846);
#8846=CARTESIAN_POINT('',(-0.187643811107,4.799703598022,-3.));
#8847=LINE('',#8846,#189);
#8848=ORIENTED_EDGE('',*,*,#8030,.F.);
#8849=ORIENTED_EDGE('',*,*,#8850,.T.);
#8850=EDGE_CURVE('',#7150,#8845,#8851,.T.);
#8851=LINE('',#7151,#8053);
#8852=PLANE('',#8853);
#8853=AXIS2_PLACEMENT_3D('',#8854,#55,#199);
#8854=CARTESIAN_POINT('',(-0.137226832968,5.550416906103,-3.));
#8855=ADVANCED_FACE('',(#8856),#8863,.T.);
#8856=FACE_BOUND('',#8857,.T.);
#8857=EDGE_LOOP('',(#8858,#8861,#8862));
#8858=ORIENTED_EDGE('',*,*,#8859,.T.);
#8859=EDGE_CURVE('',#8046,#8845,#8860,.T.);
#8860=LINE('',#8047,#7171);
#8861=ORIENTED_EDGE('',*,*,#8850,.F.);
#8862=ORIENTED_EDGE('',*,*,#8045,.F.);
#8863=PLANE('',#8864);
#8864=AXIS2_PLACEMENT_3D('',#8865,#55,#199);
#8865=CARTESIAN_POINT('',(-4.960740161632E-02,5.461934845225,-3.));
#8866=ADVANCED_FACE('',(#8867),#8880,.T.);
#8867=FACE_BOUND('',#8868,.T.);
#8868=EDGE_LOOP('',(#8869,#8870,#8875));
#8869=ORIENTED_EDGE('',*,*,#8063,.F.);
#8870=ORIENTED_EDGE('',*,*,#8871,.T.);
#8871=EDGE_CURVE('',#7425,#8632,#8872,.T.);
#8872=LINE('',#7426,#8873);
#8873=VECTOR('',#8874,1.);
#8874=DIRECTION('',(2.269745009044E-15,0.447213983916,0.894426996792));
#8875=ORIENTED_EDGE('',*,*,#8876,.T.);
#8876=EDGE_CURVE('',#8632,#7186,#8877,.T.);
#8877=LINE('',#8633,#8878);
#8878=VECTOR('',#8879,1.);
#8879=DIRECTION('',(0.422133504834,-0.449264057907,-0.787378632152));
#8880=PLANE('',#8881);
#8881=AXIS2_PLACEMENT_3D('',#8882,#7178,#7179);
#8882=CARTESIAN_POINT('',(5.800679497008E-02,-4.711291880273,-2.857310415093));
#8883=ADVANCED_FACE('',(#8884),#8899,.T.);
#8884=FACE_BOUND('',#8885,.T.);
#8885=EDGE_LOOP('',(#8886,#8887,#8894));
#8886=ORIENTED_EDGE('',*,*,#8074,.F.);
#8887=ORIENTED_EDGE('',*,*,#8888,.T.);
#8888=EDGE_CURVE('',#7186,#8889,#8891,.T.);
#8889=VERTEX_POINT('',#8890);
#8890=CARTESIAN_POINT('',(0.232937142253,-4.630666732788,-2.64999999851));
#8891=LINE('',#7187,#8892);
#8892=VECTOR('',#8893,1.);
#8893=DIRECTION('',(0.11574741067,0.431974839641,0.89442734464));
#8894=ORIENTED_EDGE('',*,*,#8895,.T.);
#8895=EDGE_CURVE('',#8889,#7203,#8896,.T.);
#8896=LINE('',#8890,#8897);
#8897=VECTOR('',#8898,1.);
#8898=DIRECTION('',(0.291471577444,-0.543211742476,-0.787378766781));
#8899=PLANE('',#8900);
#8900=AXIS2_PLACEMENT_3D('',#8901,#7091,#7092);
#8901=CARTESIAN_POINT('',(0.260162935664,-4.753179660113,-2.857310424856));
#8902=ADVANCED_FACE('',(#8903),#8918,.T.);
#8903=FACE_BOUND('',#8904,.T.);
#8904=EDGE_LOOP('',(#8905,#8906,#8913));
#8905=ORIENTED_EDGE('',*,*,#8085,.F.);
#8906=ORIENTED_EDGE('',*,*,#8907,.T.);
#8907=EDGE_CURVE('',#7203,#8908,#8910,.T.);
#8908=VERTEX_POINT('',#8909);
#8909=CARTESIAN_POINT('',(0.449999988079,-4.72057723999,-2.64999999851));
#8910=LINE('',#7204,#8911);
#8911=VECTOR('',#8912,1.);
#8912=DIRECTION('',(0.22360681391,0.387297604389,0.894427503159));
#8913=ORIENTED_EDGE('',*,*,#8914,.T.);
#8914=EDGE_CURVE('',#8908,#7220,#8915,.T.);
#8915=LINE('',#8909,#8916);
#8916=VECTOR('',#8917,1.);
#8917=DIRECTION('',(0.140946199185,-0.60014082864,-0.787378660325));
#8918=PLANE('',#8919);
#8919=AXIS2_PLACEMENT_3D('',#8920,#7076,#7077);
#8920=CARTESIAN_POINT('',(0.444589382737,-4.845962192518,-2.857310445141));
#8921=ADVANCED_FACE('',(#8922),#8933,.T.);
#8922=FACE_BOUND('',#8923,.T.);
#8923=EDGE_LOOP('',(#8924,#8927,#8928));
#8924=ORIENTED_EDGE('',*,*,#8925,.T.);
#8925=EDGE_CURVE('',#8175,#7237,#8926,.T.);
#8926=LINE('',#8176,#7930);
#8927=ORIENTED_EDGE('',*,*,#8096,.F.);
#8928=ORIENTED_EDGE('',*,*,#8929,.T.);
#8929=EDGE_CURVE('',#7220,#8175,#8930,.T.);
#8930=LINE('',#7221,#8931);
#8931=VECTOR('',#8932,1.);
#8932=DIRECTION('',(0.600140966203,-0.140946570779,0.787378488956));
#8933=PLANE('',#8934);
#8934=AXIS2_PLACEMENT_3D('',#8935,#7941,#7942);
#8935=CARTESIAN_POINT('',(0.6540378141,-5.055410636285,-2.857310400297));
#8936=ADVANCED_FACE('',(#8937),#8942,.T.);
#8937=FACE_BOUND('',#8938,.T.);
#8938=EDGE_LOOP('',(#8939,#8940,#8941));
#8939=ORIENTED_EDGE('',*,*,#8925,.F.);
#8940=ORIENTED_EDGE('',*,*,#8174,.F.);
#8941=ORIENTED_EDGE('',*,*,#8141,.F.);
#8942=PLANE('',#8943);
#8943=AXIS2_PLACEMENT_3D('',#8944,#8775,#8945);
#8944=CARTESIAN_POINT('',(0.748798939738,-5.153019160288,-2.786601812147));
#8945=DIRECTION('',(0.472804378432,1.63341562498E-13,0.881167418676));
#8946=ADVANCED_FACE('',(#8947),#8960,.T.);
#8947=FACE_BOUND('',#8948,.T.);
#8948=EDGE_LOOP('',(#8949,#8954,#8959));
#8949=ORIENTED_EDGE('',*,*,#8950,.T.);
#8950=EDGE_CURVE('',#7310,#8951,#8953,.T.);
#8951=VERTEX_POINT('',#8952);
#8952=CARTESIAN_POINT('',(0.779422879219,-5.050000190735,9.6858000731E-08));
#8953=LINE('',#7311,#6249);
#8954=ORIENTED_EDGE('',*,*,#8955,.T.);
#8955=EDGE_CURVE('',#8951,#8156,#8956,.T.);
#8956=LINE('',#8952,#8957);
#8957=VECTOR('',#8958,1.);
#8958=DIRECTION('',(5.615390052058E-03,0.999984233573,0.));
#8959=ORIENTED_EDGE('',*,*,#8155,.F.);
#8960=PLANE('',#8961);
#8961=AXIS2_PLACEMENT_3D('',#8962,#55,#199);
#8962=CARTESIAN_POINT('',(0.813185705184,-3.330561809755,9.6858000731E-08));
#8963=ADVANCED_FACE('',(#8964),#8972,.T.);
#8964=FACE_BOUND('',#8965,.T.);
#8965=EDGE_LOOP('',(#8966,#8970,#8971));
#8966=ORIENTED_EDGE('',*,*,#8967,.T.);
#8967=EDGE_CURVE('',#8156,#8238,#8968,.T.);
#8968=LINE('',#8157,#8969);
#8969=VECTOR('',#4578,1.);
#8970=ORIENTED_EDGE('',*,*,#8237,.F.);
#8971=ORIENTED_EDGE('',*,*,#8162,.F.);
#8972=PLANE('',#8973);
#8973=AXIS2_PLACEMENT_3D('',#8974,#55,#199);
#8974=CARTESIAN_POINT('',(0.936792962681,-3.277964607598,9.6858000731E-08));
#8975=ADVANCED_FACE('',(#8976),#8983,.T.);
#8976=FACE_BOUND('',#8977,.T.);
#8977=EDGE_LOOP('',(#8978,#8981,#8982));
#8978=ORIENTED_EDGE('',*,*,#8979,.T.);
#8979=EDGE_CURVE('',#8175,#8951,#8980,.T.);
#8980=LINE('',#8176,#82);
#8981=ORIENTED_EDGE('',*,*,#8950,.F.);
#8982=ORIENTED_EDGE('',*,*,#8179,.F.);
#8983=PLANE('',#8984);
#8984=AXIS2_PLACEMENT_3D('',#8985,#7117,#6250);
#8985=CARTESIAN_POINT('',(0.80289494827,-5.106666672498,-1.268861929336));
#8986=ADVANCED_FACE('',(#8987),#9002,.T.);
#8987=FACE_BOUND('',#8988,.T.);
#8988=EDGE_LOOP('',(#8989,#8990,#8997));
#8989=ORIENTED_EDGE('',*,*,#8195,.F.);
#8990=ORIENTED_EDGE('',*,*,#8991,.T.);
#8991=EDGE_CURVE('',#8191,#8992,#8994,.T.);
#8992=VERTEX_POINT('',#8993);
#8993=CARTESIAN_POINT('',(1.376444339752,-0.368817150593,-3.));
#8994=LINE('',#8192,#8995);
#8995=VECTOR('',#8996,1.);
#8996=DIRECTION('',(-0.431975087434,0.115747395438,-0.894427226937));
#8997=ORIENTED_EDGE('',*,*,#8998,.T.);
#8998=EDGE_CURVE('',#8992,#7325,#8999,.T.);
#8999=LINE('',#8993,#9000);
#9000=VECTOR('',#9001,1.);
#9001=DIRECTION('',(0.402490704731,0.664020132001,0.630141648284));
#9002=PLANE('',#9003);
#9003=AXIS2_PLACEMENT_3D('',#9004,#9005,#9006);
#9004=CARTESIAN_POINT('',(1.506277461369,-0.250723858352,-2.771428277901));
#9005=DIRECTION('',(0.888289950413,-0.116945634416,-0.444144889181));
#9006=DIRECTION('',(0.447213526204,-4.365258154948E-14,0.894427225648));
#9007=ADVANCED_FACE('',(#9008),#9023,.T.);
#9008=FACE_BOUND('',#9009,.T.);
#9009=EDGE_LOOP('',(#9010,#9017,#9018));
#9010=ORIENTED_EDGE('',*,*,#9011,.T.);
#9011=EDGE_CURVE('',#9012,#8207,#9014,.T.);
#9012=VERTEX_POINT('',#9013);
#9013=CARTESIAN_POINT('',(1.376444339752,0.368817150593,-3.));
#9014=LINE('',#9013,#9015);
#9015=VECTOR('',#9016,1.);
#9016=DIRECTION('',(0.431975087434,0.115747395438,0.894427226937));
#9017=ORIENTED_EDGE('',*,*,#8206,.F.);
#9018=ORIENTED_EDGE('',*,*,#9019,.T.);
#9019=EDGE_CURVE('',#7325,#9012,#9020,.T.);
#9020=LINE('',#7326,#9021);
#9021=VECTOR('',#9022,1.);
#9022=DIRECTION('',(-0.402490704731,0.664020132001,-0.630141648284));
#9023=PLANE('',#9024);
#9024=AXIS2_PLACEMENT_3D('',#9025,#9026,#9027);
#9025=CARTESIAN_POINT('',(1.506277461369,0.250723858352,-2.771428277901));
#9026=DIRECTION('',(0.888289950413,0.116945634416,-0.444144889181));
#9027=DIRECTION('',(0.447213526204,4.365258154948E-14,0.894427225648));
#9028=ADVANCED_FACE('',(#9029),#9036,.T.);
#9029=FACE_BOUND('',#9030,.T.);
#9030=EDGE_LOOP('',(#9031,#9034,#9035));
#9031=ORIENTED_EDGE('',*,*,#9032,.T.);
#9032=EDGE_CURVE('',#8207,#8257,#9033,.T.);
#9033=LINE('',#8208,#82);
#9034=ORIENTED_EDGE('',*,*,#8256,.F.);
#9035=ORIENTED_EDGE('',*,*,#8212,.F.);
#9036=PLANE('',#9037);
#9037=AXIS2_PLACEMENT_3D('',#9038,#7691,#7690);
#9038=CARTESIAN_POINT('',(1.560178540609,0.302474081593,-1.228757744072));
#9039=ADVANCED_FACE('',(#9040),#9051,.T.);
#9040=FACE_BOUND('',#9041,.T.);
#9041=EDGE_LOOP('',(#9042,#9047,#9050));
#9042=ORIENTED_EDGE('',*,*,#9043,.T.);
#9043=EDGE_CURVE('',#7343,#9044,#9046,.T.);
#9044=VERTEX_POINT('',#9045);
#9045=CARTESIAN_POINT('',(1.385640621185,-0.800000011921,-2.64999999851));
#9046=LINE('',#7344,#54);
#9047=ORIENTED_EDGE('',*,*,#9048,.T.);
#9048=EDGE_CURVE('',#9044,#8191,#9049,.T.);
#9049=LINE('',#9045,#7351);
#9050=ORIENTED_EDGE('',*,*,#8225,.F.);
#9051=PLANE('',#9052);
#9052=AXIS2_PLACEMENT_3D('',#9053,#8232,#7352);
#9053=CARTESIAN_POINT('',(1.428730669538,-0.695971449727,-1.421242157616));
#9054=ADVANCED_FACE('',(#9055),#9064,.T.);
#9055=FACE_BOUND('',#9056,.T.);
#9056=EDGE_LOOP('',(#9057,#9058,#9059));
#9057=ORIENTED_EDGE('',*,*,#9043,.F.);
#9058=ORIENTED_EDGE('',*,*,#8244,.F.);
#9059=ORIENTED_EDGE('',*,*,#9060,.T.);
#9060=EDGE_CURVE('',#8238,#9044,#9061,.T.);
#9061=LINE('',#8239,#9062);
#9062=VECTOR('',#9063,1.);
#9063=DIRECTION('',(9.478073908268E-02,0.123520716451,-0.987805266288));
#9064=PLANE('',#9065);
#9065=AXIS2_PLACEMENT_3D('',#9066,#9067,#8247);
#9066=CARTESIAN_POINT('',(1.31709428578,-0.889331373348,-1.228757749834));
#9067=DIRECTION('',(0.793353465068,-0.608761266396,0.));
#9068=ADVANCED_FACE('',(#9069),#9083,.T.);
#9069=FACE_BOUND('',#9070,.T.);
#9070=EDGE_LOOP('',(#9071,#9077,#9082));
#9071=ORIENTED_EDGE('',*,*,#9072,.T.);
#9072=EDGE_CURVE('',#8257,#9073,#9075,.T.);
#9073=VERTEX_POINT('',#9074);
#9074=CARTESIAN_POINT('',(1.385640621185,0.800000011921,9.6858000731E-08));
#9075=LINE('',#8258,#9076);
#9076=VECTOR('',#5948,1.);
#9077=ORIENTED_EDGE('',*,*,#9078,.T.);
#9078=EDGE_CURVE('',#9073,#7123,#9079,.T.);
#9079=LINE('',#9074,#9080);
#9080=VECTOR('',#9081,1.);
#9081=DIRECTION('',(-0.10278057852,0.994704052811,0.));
#9082=ORIENTED_EDGE('',*,*,#8261,.F.);
#9083=PLANE('',#9084);
#9084=AXIS2_PLACEMENT_3D('',#9085,#55,#199);
#9085=CARTESIAN_POINT('',(1.195844865507,2.950249732273,9.6858000731E-08));
#9086=ADVANCED_FACE('',(#9087),#9102,.T.);
#9087=FACE_BOUND('',#9088,.T.);
#9088=EDGE_LOOP('',(#9089,#9096,#9097));
#9089=ORIENTED_EDGE('',*,*,#9090,.T.);
#9090=EDGE_CURVE('',#9091,#8274,#9093,.T.);
#9091=VERTEX_POINT('',#9092);
#9092=CARTESIAN_POINT('',(3.280384778976,-4.699999809265,9.6858000731E-08));
#9093=LINE('',#9092,#9094);
#9094=VECTOR('',#9095,1.);
#9095=DIRECTION('',(-0.382683757035,-0.923879398029,0.));
#9096=ORIENTED_EDGE('',*,*,#8281,.F.);
#9097=ORIENTED_EDGE('',*,*,#9098,.T.);
#9098=EDGE_CURVE('',#3070,#9091,#9099,.T.);
#9099=LINE('',#3071,#9100);
#9100=VECTOR('',#9101,1.);
#9101=DIRECTION('',(0.109711696985,-0.993963451815,0.));
#9102=PLANE('',#9103);
#9103=AXIS2_PLACEMENT_3D('',#9104,#55,#199);
#9104=CARTESIAN_POINT('',(2.629263433554,1.024935635995,9.6858000731E-08));
#9105=ADVANCED_FACE('',(#9106),#9113,.T.);
#9106=FACE_BOUND('',#9107,.T.);
#9107=EDGE_LOOP('',(#9108,#9109,#9110));
#9108=ORIENTED_EDGE('',*,*,#8293,.F.);
#9109=ORIENTED_EDGE('',*,*,#8273,.F.);
#9110=ORIENTED_EDGE('',*,*,#9111,.T.);
#9111=EDGE_CURVE('',#8274,#8294,#9112,.T.);
#9112=LINE('',#8275,#345);
#9113=PLANE('',#9114);
#9114=AXIS2_PLACEMENT_3D('',#9115,#55,#199);
#9115=CARTESIAN_POINT('',(3.215311385825,-5.,9.6858000731E-08));
#9116=ADVANCED_FACE('',(#9117),#9132,.T.);
#9117=FACE_BOUND('',#9118,.T.);
#9118=EDGE_LOOP('',(#9119,#9120,#9127));
#9119=ORIENTED_EDGE('',*,*,#8300,.F.);
#9120=ORIENTED_EDGE('',*,*,#9121,.T.);
#9121=EDGE_CURVE('',#8294,#9122,#9124,.T.);
#9122=VERTEX_POINT('',#9123);
#9123=CARTESIAN_POINT('',(3.280384778976,-5.300000190735,9.6858000731E-08));
#9124=LINE('',#8295,#9125);
#9125=VECTOR('',#9126,1.);
#9126=DIRECTION('',(0.382683757035,-0.923879398029,0.));
#9127=ORIENTED_EDGE('',*,*,#9128,.T.);
#9128=EDGE_CURVE('',#9122,#2846,#9129,.T.);
#9129=LINE('',#9123,#9130);
#9130=VECTOR('',#9131,1.);
#9131=DIRECTION('',(-0.624809555408,-0.780777189389,0.));
#9132=PLANE('',#9133);
#9133=AXIS2_PLACEMENT_3D('',#9134,#55,#199);
#9134=CARTESIAN_POINT('',(2.64752042311,-6.032943583771,9.6858000731E-08));
#9135=ADVANCED_FACE('',(#9136),#9145,.T.);
#9136=FACE_BOUND('',#9137,.T.);
#9137=EDGE_LOOP('',(#9138,#9139,#9140));
#9138=ORIENTED_EDGE('',*,*,#8312,.F.);
#9139=ORIENTED_EDGE('',*,*,#8671,.F.);
#9140=ORIENTED_EDGE('',*,*,#9141,.T.);
#9141=EDGE_CURVE('',#7804,#7395,#9142,.T.);
#9142=LINE('',#7805,#9143);
#9143=VECTOR('',#9144,1.);
#9144=DIRECTION('',(0.616171206132,-1.918341940851E-02,-0.787378588199));
#9145=PLANE('',#9146);
#9146=AXIS2_PLACEMENT_3D('',#9147,#8454,#8455);
#9147=CARTESIAN_POINT('',(-0.516683796316,-4.901282193818,-2.857310440824));
#9148=ADVANCED_FACE('',(#9149),#9162,.T.);
#9149=FACE_BOUND('',#9150,.T.);
#9150=EDGE_LOOP('',(#9151,#9152,#9157));
#9151=ORIENTED_EDGE('',*,*,#8323,.F.);
#9152=ORIENTED_EDGE('',*,*,#9153,.T.);
#9153=EDGE_CURVE('',#7395,#7790,#9154,.T.);
#9154=LINE('',#7396,#9155);
#9155=VECTOR('',#9156,1.);
#9156=DIRECTION('',(-0.22360681391,0.387297604389,0.894427503159));
#9157=ORIENTED_EDGE('',*,*,#9158,.T.);
#9158=EDGE_CURVE('',#7790,#7410,#9159,.T.);
#9159=LINE('',#7791,#9160);
#9160=VECTOR('',#9161,1.);
#9161=DIRECTION('',(0.59021045083,-0.178006875941,-0.787378673732));
#9162=PLANE('',#9163);
#9163=AXIS2_PLACEMENT_3D('',#9164,#8838,#9165);
#9164=CARTESIAN_POINT('',(-0.34411865478,-4.787955313505,-2.857310425386));
#9165=DIRECTION('',(2.484401573355E-13,0.472803777887,0.881167740907));
#9166=ADVANCED_FACE('',(#9167),#9180,.T.);
#9167=FACE_BOUND('',#9168,.T.);
#9168=EDGE_LOOP('',(#9169,#9170,#9175));
#9169=ORIENTED_EDGE('',*,*,#8334,.F.);
#9170=ORIENTED_EDGE('',*,*,#9171,.T.);
#9171=EDGE_CURVE('',#7410,#7775,#9172,.T.);
#9172=LINE('',#7411,#9173);
#9173=VECTOR('',#9174,1.);
#9174=DIRECTION('',(-0.11574741067,0.431974839641,0.89442734464));
#9175=ORIENTED_EDGE('',*,*,#9176,.T.);
#9176=EDGE_CURVE('',#7775,#7425,#9177,.T.);
#9177=LINE('',#7776,#9178);
#9178=VECTOR('',#9179,1.);
#9179=DIRECTION('',(0.524027704753,-0.324699959741,-0.787378499069));
#9180=PLANE('',#9181);
#9181=AXIS2_PLACEMENT_3D('',#9182,#8039,#8040);
#9182=CARTESIAN_POINT('',(-0.148102394851,-4.723153228525,-2.857310417521));
#9183=ADVANCED_FACE('',(#9184),#9191,.T.);
#9184=FACE_BOUND('',#9185,.T.);
#9185=EDGE_LOOP('',(#9186,#9187,#9190));
#9186=ORIENTED_EDGE('',*,*,#8375,.F.);
#9187=ORIENTED_EDGE('',*,*,#9188,.T.);
#9188=EDGE_CURVE('',#8369,#7452,#9189,.T.);
#9189=LINE('',#8370,#34);
#9190=ORIENTED_EDGE('',*,*,#8357,.F.);
#9191=PLANE('',#9192);
#9192=AXIS2_PLACEMENT_3D('',#9193,#55,#199);
#9193=CARTESIAN_POINT('',(5.870710787234,2.928930813332E-02,-3.));
#9194=ADVANCED_FACE('',(#9195),#9202,.T.);
#9195=FACE_BOUND('',#9196,.T.);
#9196=EDGE_LOOP('',(#9197,#9200,#9201));
#9197=ORIENTED_EDGE('',*,*,#9198,.T.);
#9198=EDGE_CURVE('',#7524,#8704,#9199,.T.);
#9199=LINE('',#7525,#189);
#9200=ORIENTED_EDGE('',*,*,#8703,.F.);
#9201=ORIENTED_EDGE('',*,*,#8397,.F.);
#9202=PLANE('',#9203);
#9203=AXIS2_PLACEMENT_3D('',#9204,#55,#199);
#9204=CARTESIAN_POINT('',(5.34036739311,7.4352840899E-02,9.6858000731E-08));
#9205=ADVANCED_FACE('',(#9206),#9213,.T.);
#9206=FACE_BOUND('',#9207,.T.);
#9207=EDGE_LOOP('',(#9208,#9209,#9212));
#9208=ORIENTED_EDGE('',*,*,#8414,.F.);
#9209=ORIENTED_EDGE('',*,*,#9210,.T.);
#9210=EDGE_CURVE('',#8408,#8704,#9211,.T.);
#9211=LINE('',#8409,#2683);
#9212=ORIENTED_EDGE('',*,*,#9198,.F.);
#9213=PLANE('',#9214);
#9214=AXIS2_PLACEMENT_3D('',#9215,#55,#199);
#9215=CARTESIAN_POINT('',(5.315311528839,0.,9.6858000731E-08));
#9216=ADVANCED_FACE('',(#9217),#9228,.T.);
#9217=FACE_BOUND('',#9218,.T.);
#9218=EDGE_LOOP('',(#9219,#9220,#9223));
#9219=ORIENTED_EDGE('',*,*,#8407,.F.);
#9220=ORIENTED_EDGE('',*,*,#9221,.T.);
#9221=EDGE_CURVE('',#2177,#2622,#9222,.T.);
#9222=LINE('',#2178,#189);
#9223=ORIENTED_EDGE('',*,*,#9224,.T.);
#9224=EDGE_CURVE('',#2622,#8408,#9225,.T.);
#9225=LINE('',#2623,#9226);
#9226=VECTOR('',#9227,1.);
#9227=DIRECTION('',(4.343725124158E-02,-0.999056157183,0.));
#9228=PLANE('',#9229);
#9229=AXIS2_PLACEMENT_3D('',#9230,#55,#199);
#9230=CARTESIAN_POINT('',(5.075035458523,-2.573214664115E-16,9.6858000731E-08));
#9231=ADVANCED_FACE('',(#9232),#9243,.T.);
#9232=FACE_BOUND('',#9233,.T.);
#9233=EDGE_LOOP('',(#9234,#9239,#9240));
#9234=ORIENTED_EDGE('',*,*,#9235,.T.);
#9235=EDGE_CURVE('',#9236,#6729,#9238,.T.);
#9236=VERTEX_POINT('',#9237);
#9237=CARTESIAN_POINT('',(-0.362500011921,4.872131347656,-3.));
#9238=LINE('',#9237,#7069);
#9239=ORIENTED_EDGE('',*,*,#8480,.F.);
#9240=ORIENTED_EDGE('',*,*,#9241,.T.);
#9241=EDGE_CURVE('',#8426,#9236,#9242,.T.);
#9242=LINE('',#8427,#345);
#9243=PLANE('',#9244);
#9244=AXIS2_PLACEMENT_3D('',#9245,#55,#199);
#9245=CARTESIAN_POINT('',(-0.401251429548,5.483948662517,-3.));
#9246=ADVANCED_FACE('',(#9247),#9256,.T.);
#9247=FACE_BOUND('',#9248,.T.);
#9248=EDGE_LOOP('',(#9249,#9250,#9255));
#9249=ORIENTED_EDGE('',*,*,#9235,.F.);
#9250=ORIENTED_EDGE('',*,*,#9251,.T.);
#9251=EDGE_CURVE('',#9236,#8490,#9252,.T.);
#9252=LINE('',#9237,#9253);
#9253=VECTOR('',#9254,1.);
#9254=DIRECTION('',(-0.22360681391,-0.387297604389,0.894427503159));
#9255=ORIENTED_EDGE('',*,*,#8495,.F.);
#9256=PLANE('',#9257);
#9257=AXIS2_PLACEMENT_3D('',#9258,#6474,#6475);
#9258=CARTESIAN_POINT('',(-0.444589382737,4.845962192518,-2.857310445141));
#9259=ADVANCED_FACE('',(#9260),#9269,.T.);
#9260=FACE_BOUND('',#9261,.T.);
#9261=EDGE_LOOP('',(#9262,#9263,#9264));
#9262=ORIENTED_EDGE('',*,*,#8518,.F.);
#9263=ORIENTED_EDGE('',*,*,#8507,.F.);
#9264=ORIENTED_EDGE('',*,*,#9265,.T.);
#9265=EDGE_CURVE('',#8490,#8519,#9266,.T.);
#9266=LINE('',#8491,#9267);
#9267=VECTOR('',#9268,1.);
#9268=DIRECTION('',(8.159046277021E-02,-3.379592607205E-02,0.996092782709));
#9269=PLANE('',#9270);
#9270=AXIS2_PLACEMENT_3D('',#9271,#4953,#4243);
#9271=CARTESIAN_POINT('',(-0.393333405096,4.697105138175,-1.268861840494));
#9272=ADVANCED_FACE('',(#9273),#9286,.T.);
#9273=FACE_BOUND('',#9274,.T.);
#9274=EDGE_LOOP('',(#9275,#9276,#9281));
#9275=ORIENTED_EDGE('',*,*,#8523,.F.);
#9276=ORIENTED_EDGE('',*,*,#9277,.T.);
#9277=EDGE_CURVE('',#8519,#9278,#9280,.T.);
#9278=VERTEX_POINT('',#9279);
#9279=CARTESIAN_POINT('',(-1.7763568394E-15,4.599999904633,9.6858000731E-08));
#9280=LINE('',#8520,#3855);
#9281=ORIENTED_EDGE('',*,*,#9282,.T.);
#9282=EDGE_CURVE('',#9278,#6792,#9283,.T.);
#9283=LINE('',#9279,#9284);
#9284=VECTOR('',#9285,1.);
#9285=DIRECTION('',(-0.134344072269,-0.990934745705,0.));
#9286=PLANE('',#9287);
#9287=AXIS2_PLACEMENT_3D('',#9288,#55,#199);
#9288=CARTESIAN_POINT('',(-0.259906032385,3.136695277961,9.6858000731E-08));
#9289=ADVANCED_FACE('',(#9290),#9303,.T.);
#9290=FACE_BOUND('',#9291,.T.);
#9291=EDGE_LOOP('',(#9292,#9297,#9298));
#9292=ORIENTED_EDGE('',*,*,#9293,.T.);
#9293=EDGE_CURVE('',#9294,#7677,#9296,.T.);
#9294=VERTEX_POINT('',#9295);
#9295=CARTESIAN_POINT('',(0.414110481739,1.545481324196,-2.64999999851));
#9296=LINE('',#9295,#6860);
#9297=ORIENTED_EDGE('',*,*,#8540,.F.);
#9298=ORIENTED_EDGE('',*,*,#9299,.T.);
#9299=EDGE_CURVE('',#8535,#9294,#9300,.T.);
#9300=LINE('',#8536,#9301);
#9301=VECTOR('',#9302,1.);
#9302=DIRECTION('',(0.154362452573,-2.032221003702E-02,-0.987805264723));
#9303=PLANE('',#9304);
#9304=AXIS2_PLACEMENT_3D('',#9305,#6435,#7337);
#9305=CARTESIAN_POINT('',(0.111636400146,1.585302807429,-1.42124215758));
#9306=ADVANCED_FACE('',(#9307),#9314,.T.);
#9307=FACE_BOUND('',#9308,.T.);
#9308=EDGE_LOOP('',(#9309,#9310,#9311));
#9309=ORIENTED_EDGE('',*,*,#8534,.F.);
#9310=ORIENTED_EDGE('',*,*,#9282,.F.);
#9311=ORIENTED_EDGE('',*,*,#9312,.T.);
#9312=EDGE_CURVE('',#9278,#8535,#9313,.T.);
#9313=LINE('',#9279,#345);
#9314=PLANE('',#9315);
#9315=AXIS2_PLACEMENT_3D('',#9316,#55,#199);
#9316=CARTESIAN_POINT('',(-0.111493427772,2.98893515767,9.6858000731E-08));
#9317=ADVANCED_FACE('',(#9318),#9333,.T.);
#9318=FACE_BOUND('',#9319,.T.);
#9319=EDGE_LOOP('',(#9320,#9327,#9328));
#9320=ORIENTED_EDGE('',*,*,#9321,.T.);
#9321=EDGE_CURVE('',#9322,#7697,#9324,.T.);
#9322=VERTEX_POINT('',#9323);
#9323=CARTESIAN_POINT('',(0.368817150593,1.376444339752,-3.));
#9324=LINE('',#9323,#9325);
#9325=VECTOR('',#9326,1.);
#9326=DIRECTION('',(-0.991444891453,0.130525963748,0.));
#9327=ORIENTED_EDGE('',*,*,#8551,.F.);
#9328=ORIENTED_EDGE('',*,*,#9329,.T.);
#9329=EDGE_CURVE('',#7677,#9322,#9330,.T.);
#9330=LINE('',#7678,#9331);
#9331=VECTOR('',#9332,1.);
#9332=DIRECTION('',(0.664020132001,-0.402490704731,-0.630141648284));
#9333=PLANE('',#9334);
#9334=AXIS2_PLACEMENT_3D('',#9335,#9336,#9337);
#9335=CARTESIAN_POINT('',(0.129688803311,1.470743567436,-2.874365171653));
#9336=DIRECTION('',(0.116945371954,0.888289871791,-0.444145115534));
#9337=DIRECTION('',(-1.128402926653E-13,0.447213740204,0.894427118648));
#9338=ADVANCED_FACE('',(#9339),#9346,.T.);
#9339=FACE_BOUND('',#9340,.T.);
#9340=EDGE_LOOP('',(#9341,#9342,#9343));
#9341=ORIENTED_EDGE('',*,*,#8578,.F.);
#9342=ORIENTED_EDGE('',*,*,#8567,.F.);
#9343=ORIENTED_EDGE('',*,*,#9344,.T.);
#9344=EDGE_CURVE('',#7697,#8579,#9345,.T.);
#9345=LINE('',#7698,#345);
#9346=PLANE('',#9347);
#9347=AXIS2_PLACEMENT_3D('',#9348,#55,#199);
#9348=CARTESIAN_POINT('',(-9.750419835571E-02,-7.481762034411E-02,-3.));
#9349=ADVANCED_FACE('',(#9350),#9363,.T.);
#9350=FACE_BOUND('',#9351,.T.);
#9351=EDGE_LOOP('',(#9352,#9357,#9358));
#9352=ORIENTED_EDGE('',*,*,#9353,.T.);
#9353=EDGE_CURVE('',#9354,#7729,#9356,.T.);
#9354=VERTEX_POINT('',#9355);
#9355=CARTESIAN_POINT('',(0.414110481739,-1.545481324196,-2.64999999851));
#9356=LINE('',#9355,#7680);
#9357=ORIENTED_EDGE('',*,*,#8585,.F.);
#9358=ORIENTED_EDGE('',*,*,#9359,.T.);
#9359=EDGE_CURVE('',#8579,#9354,#9360,.T.);
#9360=LINE('',#8580,#9361);
#9361=VECTOR('',#9362,1.);
#9362=DIRECTION('',(0.745566437091,-0.216915222215,0.630141630314));
#9363=PLANE('',#9364);
#9364=AXIS2_PLACEMENT_3D('',#9365,#9366,#9367);
#9365=CARTESIAN_POINT('',(0.147672643961,-1.519844378654,-2.771428280383));
#9366=DIRECTION('',(0.116945620617,-0.888289845601,-0.444145102439));
#9367=DIRECTION('',(1.111957748101E-13,0.447213740204,-0.894427118648));
#9368=ADVANCED_FACE('',(#9369),#9376,.T.);
#9369=FACE_BOUND('',#9370,.T.);
#9370=EDGE_LOOP('',(#9371,#9372,#9375));
#9371=ORIENTED_EDGE('',*,*,#9353,.F.);
#9372=ORIENTED_EDGE('',*,*,#9373,.T.);
#9373=EDGE_CURVE('',#9354,#8600,#9374,.T.);
#9374=LINE('',#9355,#82);
#9375=ORIENTED_EDGE('',*,*,#8605,.F.);
#9376=PLANE('',#9377);
#9377=AXIS2_PLACEMENT_3D('',#9378,#2768,#2991);
#9378=CARTESIAN_POINT('',(0.302474081593,-1.560178540609,-1.42124215758));
#9379=ADVANCED_FACE('',(#9380),#9393,.T.);
#9380=FACE_BOUND('',#9381,.T.);
#9381=EDGE_LOOP('',(#9382,#9389,#9390));
#9382=ORIENTED_EDGE('',*,*,#9383,.T.);
#9383=EDGE_CURVE('',#9384,#6857,#9386,.T.);
#9384=VERTEX_POINT('',#9385);
#9385=CARTESIAN_POINT('',(0.232937142253,-4.630666732788,9.6858000731E-08));
#9386=LINE('',#9385,#9387);
#9387=VECTOR('',#9388,1.);
#9388=DIRECTION('',(-7.663400963115E-02,0.997059290397,0.));
#9389=ORIENTED_EDGE('',*,*,#8599,.F.);
#9390=ORIENTED_EDGE('',*,*,#9391,.T.);
#9391=EDGE_CURVE('',#8600,#9384,#9392,.T.);
#9392=LINE('',#8601,#8525);
#9393=PLANE('',#9394);
#9394=AXIS2_PLACEMENT_3D('',#9395,#55,#199);
#9395=CARTESIAN_POINT('',(0.219975394199,-3.004065132455,9.6858000731E-08));
#9396=ADVANCED_FACE('',(#9397),#9404,.T.);
#9397=FACE_BOUND('',#9398,.T.);
#9398=EDGE_LOOP('',(#9399,#9402,#9403));
#9399=ORIENTED_EDGE('',*,*,#9400,.T.);
#9400=EDGE_CURVE('',#9384,#8617,#9401,.T.);
#9401=LINE('',#9385,#4256);
#9402=ORIENTED_EDGE('',*,*,#8622,.F.);
#9403=ORIENTED_EDGE('',*,*,#9383,.F.);
#9404=PLANE('',#9405);
#9405=AXIS2_PLACEMENT_3D('',#9406,#55,#199);
#9406=CARTESIAN_POINT('',(6.078241530526E-02,-3.164168811403,9.6858000731E-08));
#9407=ADVANCED_FACE('',(#9408),#9415,.T.);
#9408=FACE_BOUND('',#9409,.T.);
#9409=EDGE_LOOP('',(#9410,#9411,#9414));
#9410=ORIENTED_EDGE('',*,*,#8616,.F.);
#9411=ORIENTED_EDGE('',*,*,#9412,.T.);
#9412=EDGE_CURVE('',#8617,#8632,#9413,.T.);
#9413=LINE('',#8618,#4380);
#9414=ORIENTED_EDGE('',*,*,#8637,.F.);
#9415=PLANE('',#9416);
#9416=AXIS2_PLACEMENT_3D('',#9417,#5487,#3871);
#9417=CARTESIAN_POINT('',(-6.081073797709E-02,-4.608005808859,-1.268861846195));
#9418=ADVANCED_FACE('',(#9419),#9424,.T.);
#9419=FACE_BOUND('',#9420,.T.);
#9420=EDGE_LOOP('',(#9421,#9422,#9423));
#9421=ORIENTED_EDGE('',*,*,#8631,.F.);
#9422=ORIENTED_EDGE('',*,*,#8871,.F.);
#9423=ORIENTED_EDGE('',*,*,#9176,.F.);
#9424=PLANE('',#9425);
#9425=AXIS2_PLACEMENT_3D('',#9426,#7163,#7164);
#9426=CARTESIAN_POINT('',(-7.390531740519E-02,-4.67803070806,-2.786601772387));
#9427=ADVANCED_FACE('',(#9428),#9433,.T.);
#9428=FACE_BOUND('',#9429,.T.);
#9429=EDGE_LOOP('',(#9430,#9431,#9432));
#9430=ORIENTED_EDGE('',*,*,#8648,.F.);
#9431=ORIENTED_EDGE('',*,*,#9171,.F.);
#9432=ORIENTED_EDGE('',*,*,#9158,.F.);
#9433=PLANE('',#9434);
#9434=AXIS2_PLACEMENT_3D('',#9435,#8024,#9436);
#9435=CARTESIAN_POINT('',(-0.28412836867,-4.725166687763,-2.786601760203));
#9436=DIRECTION('',(7.260858581049E-14,0.472804267716,0.881167478082));
#9437=ADVANCED_FACE('',(#9438),#9443,.T.);
#9438=FACE_BOUND('',#9439,.T.);
#9439=EDGE_LOOP('',(#9440,#9441,#9442));
#9440=ORIENTED_EDGE('',*,*,#8659,.F.);
#9441=ORIENTED_EDGE('',*,*,#9153,.F.);
#9442=ORIENTED_EDGE('',*,*,#9141,.F.);
#9443=PLANE('',#9444);
#9444=AXIS2_PLACEMENT_3D('',#9445,#8439,#8440);
#9445=CARTESIAN_POINT('',(-0.474988548155,-4.825106364599,-2.786601756816));
#9446=ADVANCED_FACE('',(#9447),#9452,.T.);
#9447=FACE_BOUND('',#9448,.T.);
#9448=EDGE_LOOP('',(#9449,#9450,#9451));
#9449=ORIENTED_EDGE('',*,*,#9210,.F.);
#9450=ORIENTED_EDGE('',*,*,#9224,.F.);
#9451=ORIENTED_EDGE('',*,*,#8710,.F.);
#9452=PLANE('',#9453);
#9453=AXIS2_PLACEMENT_3D('',#9454,#55,#199);
#9454=CARTESIAN_POINT('',(5.156812702798,3.449715714673,9.6858000731E-08));
#9455=ADVANCED_FACE('',(#9456),#9461,.T.);
#9456=FACE_BOUND('',#9457,.T.);
#9457=EDGE_LOOP('',(#9458,#9459,#9460));
#9458=ORIENTED_EDGE('',*,*,#9188,.F.);
#9459=ORIENTED_EDGE('',*,*,#8737,.F.);
#9460=ORIENTED_EDGE('',*,*,#8724,.F.);
#9461=PLANE('',#9462);
#9462=AXIS2_PLACEMENT_3D('',#9463,#8731,#7901);
#9463=CARTESIAN_POINT('',(5.860379263537,0.224215108003,-2.855082377278));
#9464=ADVANCED_FACE('',(#9465),#9476,.T.);
#9465=FACE_BOUND('',#9466,.T.);
#9466=EDGE_LOOP('',(#9467,#9472,#9473));
#9467=ORIENTED_EDGE('',*,*,#9468,.T.);
#9468=EDGE_CURVE('',#9469,#8750,#9471,.T.);
#9469=VERTEX_POINT('',#9470);
#9470=CARTESIAN_POINT('',(0.627868413925,5.137499809265,-3.));
#9471=LINE('',#9470,#7576);
#9472=ORIENTED_EDGE('',*,*,#8755,.F.);
#9473=ORIENTED_EDGE('',*,*,#9474,.T.);
#9474=EDGE_CURVE('',#7927,#9469,#9475,.T.);
#9475=LINE('',#7928,#345);
#9476=PLANE('',#9477);
#9477=AXIS2_PLACEMENT_3D('',#9478,#55,#199);
#9478=CARTESIAN_POINT('',(0.593502801011,5.417034157073,-3.));
#9479=ADVANCED_FACE('',(#9480),#9495,.T.);
#9480=FACE_BOUND('',#9481,.T.);
#9481=EDGE_LOOP('',(#9482,#9489,#9494));
#9482=ORIENTED_EDGE('',*,*,#9483,.T.);
#9483=EDGE_CURVE('',#7982,#9484,#9486,.T.);
#9484=VERTEX_POINT('',#9485);
#9485=CARTESIAN_POINT('',(0.700296223164,5.687644004822,-3.));
#9486=LINE('',#7983,#9487);
#9487=VECTOR('',#9488,1.);
#9488=DIRECTION('',(-0.431975211331,-0.115747387822,-0.894427168085));
#9489=ORIENTED_EDGE('',*,*,#9490,.T.);
#9490=EDGE_CURVE('',#9484,#7927,#9491,.T.);
#9491=LINE('',#9485,#9492);
#9492=VECTOR('',#9493,1.);
#9493=DIRECTION('',(-0.382683457478,0.923879522109,0.));
#9494=ORIENTED_EDGE('',*,*,#8768,.F.);
#9495=PLANE('',#9496);
#9496=AXIS2_PLACEMENT_3D('',#9497,#8148,#8149);
#9497=CARTESIAN_POINT('',(0.746820217897,5.760163125732,-2.857310419734));
#9498=ADVANCED_FACE('',(#9499),#9514,.T.);
#9499=FACE_BOUND('',#9500,.T.);
#9500=EDGE_LOOP('',(#9501,#9502,#9509));
#9501=ORIENTED_EDGE('',*,*,#8781,.F.);
#9502=ORIENTED_EDGE('',*,*,#9503,.T.);
#9503=EDGE_CURVE('',#8750,#9504,#9506,.T.);
#9504=VERTEX_POINT('',#9505);
#9505=CARTESIAN_POINT('',(0.636396110058,4.863604068756,-2.64999999851));
#9506=LINE('',#8751,#9507);
#9507=VECTOR('',#9508,1.);
#9508=DIRECTION('',(0.316227864188,-0.316227407228,0.894427283142));
#9509=ORIENTED_EDGE('',*,*,#9510,.T.);
#9510=EDGE_CURVE('',#9504,#7948,#9511,.T.);
#9511=LINE('',#9505,#9512);
#9512=VECTOR('',#9513,1.);
#9513=DIRECTION('',(-0.616171206132,1.918341940851E-02,-0.787378588199));
#9514=PLANE('',#9515);
#9515=AXIS2_PLACEMENT_3D('',#9516,#6348,#6349);
#9516=CARTESIAN_POINT('',(0.516683796316,4.901282193818,-2.857310440824));
#9517=ADVANCED_FACE('',(#9518),#9533,.T.);
#9518=FACE_BOUND('',#9519,.T.);
#9519=EDGE_LOOP('',(#9520,#9521,#9528));
#9520=ORIENTED_EDGE('',*,*,#8792,.F.);
#9521=ORIENTED_EDGE('',*,*,#9522,.T.);
#9522=EDGE_CURVE('',#7948,#9523,#9525,.T.);
#9523=VERTEX_POINT('',#9524);
#9524=CARTESIAN_POINT('',(0.449999988079,4.72057723999,-2.64999999851));
#9525=LINE('',#7949,#9526);
#9526=VECTOR('',#9527,1.);
#9527=DIRECTION('',(0.22360681391,-0.387297604389,0.894427503159));
#9528=ORIENTED_EDGE('',*,*,#9529,.T.);
#9529=EDGE_CURVE('',#9523,#7965,#9530,.T.);
#9530=LINE('',#9524,#9531);
#9531=VECTOR('',#9532,1.);
#9532=DIRECTION('',(-0.59021045083,0.178006875941,-0.787378673732));
#9533=PLANE('',#9534);
#9534=AXIS2_PLACEMENT_3D('',#9535,#6333,#9536);
#9535=CARTESIAN_POINT('',(0.34411865478,4.787955313505,-2.857310425386));
#9536=DIRECTION('',(2.484401573355E-13,0.472803777887,-0.881167740907));
#9537=ADVANCED_FACE('',(#9538),#9553,.T.);
#9538=FACE_BOUND('',#9539,.T.);
#9539=EDGE_LOOP('',(#9540,#9541,#9548));
#9540=ORIENTED_EDGE('',*,*,#8805,.F.);
#9541=ORIENTED_EDGE('',*,*,#9542,.T.);
#9542=EDGE_CURVE('',#7965,#9543,#9545,.T.);
#9543=VERTEX_POINT('',#9544);
#9544=CARTESIAN_POINT('',(0.232937142253,4.630666732788,-2.64999999851));
#9545=LINE('',#7966,#9546);
#9546=VECTOR('',#9547,1.);
#9547=DIRECTION('',(0.11574741067,-0.431974839641,0.89442734464));
#9548=ORIENTED_EDGE('',*,*,#9549,.T.);
#9549=EDGE_CURVE('',#9543,#8046,#9550,.T.);
#9550=LINE('',#9544,#9551);
#9551=VECTOR('',#9552,1.);
#9552=DIRECTION('',(-0.524027704753,0.324699959741,-0.787378499069));
#9553=PLANE('',#9554);
#9554=AXIS2_PLACEMENT_3D('',#9555,#6318,#6319);
#9555=CARTESIAN_POINT('',(0.148102394851,4.723153228525,-2.857310417521));
#9556=ADVANCED_FACE('',(#9557),#9564,.T.);
#9557=FACE_BOUND('',#9558,.T.);
#9558=EDGE_LOOP('',(#9559,#9560,#9561));
#9559=ORIENTED_EDGE('',*,*,#9483,.F.);
#9560=ORIENTED_EDGE('',*,*,#8821,.F.);
#9561=ORIENTED_EDGE('',*,*,#9562,.T.);
#9562=EDGE_CURVE('',#8817,#9484,#9563,.T.);
#9563=LINE('',#8818,#7298);
#9564=PLANE('',#9565);
#9565=AXIS2_PLACEMENT_3D('',#9566,#7303,#7304);
#9566=CARTESIAN_POINT('',(0.813089485187,5.641354377111,-2.786601748382));
#9567=ADVANCED_FACE('',(#9568),#9581,.T.);
#9568=FACE_BOUND('',#9569,.T.);
#9569=EDGE_LOOP('',(#9570,#9571,#9576));
#9570=ORIENTED_EDGE('',*,*,#8816,.F.);
#9571=ORIENTED_EDGE('',*,*,#9572,.T.);
#9572=EDGE_CURVE('',#7123,#9573,#9575,.T.);
#9573=VERTEX_POINT('',#9574);
#9574=CARTESIAN_POINT('',(0.869333267212,5.267062664032,9.6858000731E-08));
#9575=LINE('',#7124,#3985);
#9576=ORIENTED_EDGE('',*,*,#9577,.T.);
#9577=EDGE_CURVE('',#9573,#8817,#9578,.T.);
#9578=LINE('',#9574,#9579);
#9579=VECTOR('',#9580,1.);
#9580=DIRECTION('',(1.152712686709E-02,8.755743006192E-02,-0.996092777701));
#9581=PLANE('',#9582);
#9582=AXIS2_PLACEMENT_3D('',#9583,#5600,#4929);
#9583=CARTESIAN_POINT('',(0.891994102799,5.439189209524,-1.268861805968));
#9584=ADVANCED_FACE('',(#9585),#9594,.T.);
#9585=FACE_BOUND('',#9586,.T.);
#9586=EDGE_LOOP('',(#9587,#9592,#9593));
#9587=ORIENTED_EDGE('',*,*,#9588,.T.);
#9588=EDGE_CURVE('',#8845,#8426,#9589,.T.);
#9589=LINE('',#8846,#9590);
#9590=VECTOR('',#9591,1.);
#9591=DIRECTION('',(-0.130526158617,0.991444865798,0.));
#9592=ORIENTED_EDGE('',*,*,#8831,.F.);
#9593=ORIENTED_EDGE('',*,*,#8844,.F.);
#9594=PLANE('',#9595);
#9595=AXIS2_PLACEMENT_3D('',#9596,#55,#199);
#9596=CARTESIAN_POINT('',(-0.23327230696,5.526343634335,-3.));
#9597=ADVANCED_FACE('',(#9598),#9613,.T.);
#9598=FACE_BOUND('',#9599,.T.);
#9599=EDGE_LOOP('',(#9600,#9601,#9608));
#9600=ORIENTED_EDGE('',*,*,#8859,.F.);
#9601=ORIENTED_EDGE('',*,*,#9602,.T.);
#9602=EDGE_CURVE('',#8046,#9603,#9605,.T.);
#9603=VERTEX_POINT('',#9604);
#9604=CARTESIAN_POINT('',(-3.552713678801E-15,4.599999904633,-2.64999999851));
#9605=LINE('',#8047,#9606);
#9606=VECTOR('',#9607,1.);
#9607=DIRECTION('',(2.269745009044E-15,-0.447213983916,0.894426996792));
#9608=ORIENTED_EDGE('',*,*,#9609,.T.);
#9609=EDGE_CURVE('',#9603,#8845,#9610,.T.);
#9610=LINE('',#9604,#9611);
#9611=VECTOR('',#9612,1.);
#9612=DIRECTION('',(-0.422133504834,0.449264057907,-0.787378632152));
#9613=PLANE('',#9614);
#9614=AXIS2_PLACEMENT_3D('',#9615,#6504,#6505);
#9615=CARTESIAN_POINT('',(-5.800679497008E-02,4.711291880273,-2.857310415093));
#9616=ADVANCED_FACE('',(#9617),#9624,.T.);
#9617=FACE_BOUND('',#9618,.T.);
#9618=EDGE_LOOP('',(#9619,#9622,#9623));
#9619=ORIENTED_EDGE('',*,*,#9620,.T.);
#9620=EDGE_CURVE('',#8632,#8889,#9621,.T.);
#9621=LINE('',#8633,#3855);
#9622=ORIENTED_EDGE('',*,*,#8888,.F.);
#9623=ORIENTED_EDGE('',*,*,#8876,.F.);
#9624=PLANE('',#9625);
#9625=AXIS2_PLACEMENT_3D('',#9626,#6303,#6304);
#9626=CARTESIAN_POINT('',(0.141354248805,-4.686910415648,-2.786601764235));
#9627=ADVANCED_FACE('',(#9628),#9635,.T.);
#9628=FACE_BOUND('',#9629,.T.);
#9629=EDGE_LOOP('',(#9630,#9633,#9634));
#9630=ORIENTED_EDGE('',*,*,#9631,.T.);
#9631=EDGE_CURVE('',#8889,#8908,#9632,.T.);
#9632=LINE('',#8890,#4365);
#9633=ORIENTED_EDGE('',*,*,#8907,.F.);
#9634=ORIENTED_EDGE('',*,*,#8895,.F.);
#9635=PLANE('',#9636);
#9636=AXIS2_PLACEMENT_3D('',#9637,#6222,#6223);
#9637=CARTESIAN_POINT('',(0.346980761264,-4.751200972066,-2.786601755832));
#9638=ADVANCED_FACE('',(#9639),#9650,.T.);
#9639=FACE_BOUND('',#9640,.T.);
#9640=EDGE_LOOP('',(#9641,#9646,#9649));
#9641=ORIENTED_EDGE('',*,*,#9642,.T.);
#9642=EDGE_CURVE('',#8908,#9643,#9645,.T.);
#9643=VERTEX_POINT('',#9644);
#9644=CARTESIAN_POINT('',(0.636396110058,-4.863604068756,-2.64999999851));
#9645=LINE('',#8909,#4989);
#9646=ORIENTED_EDGE('',*,*,#9647,.T.);
#9647=EDGE_CURVE('',#9643,#7220,#9648,.T.);
#9648=LINE('',#9644,#6191);
#9649=ORIENTED_EDGE('',*,*,#8914,.F.);
#9650=PLANE('',#9651);
#9651=AXIS2_PLACEMENT_3D('',#9652,#6201,#6202);
#9652=CARTESIAN_POINT('',(0.528961100935,-4.866521069242,-2.786601758808));
#9653=ADVANCED_FACE('',(#9654),#9661,.T.);
#9654=FACE_BOUND('',#9655,.T.);
#9655=EDGE_LOOP('',(#9656,#9657,#9660));
#9656=ORIENTED_EDGE('',*,*,#9647,.F.);
#9657=ORIENTED_EDGE('',*,*,#9658,.T.);
#9658=EDGE_CURVE('',#9643,#8175,#9659,.T.);
#9659=LINE('',#9644,#5353);
#9660=ORIENTED_EDGE('',*,*,#8929,.F.);
#9661=PLANE('',#9662);
#9662=AXIS2_PLACEMENT_3D('',#9663,#7061,#7062);
#9663=CARTESIAN_POINT('',(0.633479019484,-4.971039012876,-2.786601766906));
#9664=ADVANCED_FACE('',(#9665),#9676,.T.);
#9665=FACE_BOUND('',#9666,.T.);
#9666=EDGE_LOOP('',(#9667,#9672,#9675));
#9667=ORIENTED_EDGE('',*,*,#9668,.T.);
#9668=EDGE_CURVE('',#8951,#8600,#9669,.T.);
#9669=LINE('',#8952,#9670);
#9670=VECTOR('',#9671,1.);
#9671=DIRECTION('',(-0.103678618441,0.994610850573,0.));
#9672=ORIENTED_EDGE('',*,*,#9673,.T.);
#9673=EDGE_CURVE('',#8600,#8156,#9674,.T.);
#9674=LINE('',#8601,#6795);
#9675=ORIENTED_EDGE('',*,*,#8955,.F.);
#9676=PLANE('',#9677);
#9677=AXIS2_PLACEMENT_3D('',#9678,#55,#199);
#9678=CARTESIAN_POINT('',(0.690293383614,-3.158615353735,9.6858000731E-08));
#9679=ADVANCED_FACE('',(#9680),#9693,.T.);
#9680=FACE_BOUND('',#9681,.T.);
#9681=EDGE_LOOP('',(#9682,#9683,#9688));
#9682=ORIENTED_EDGE('',*,*,#8967,.F.);
#9683=ORIENTED_EDGE('',*,*,#9684,.T.);
#9684=EDGE_CURVE('',#8156,#9685,#9687,.T.);
#9685=VERTEX_POINT('',#9686);
#9686=CARTESIAN_POINT('',(0.800000011921,-1.385640621185,-2.64999999851));
#9687=LINE('',#8157,#54);
#9688=ORIENTED_EDGE('',*,*,#9689,.T.);
#9689=EDGE_CURVE('',#9685,#8238,#9690,.T.);
#9690=LINE('',#9686,#9691);
#9691=VECTOR('',#9692,1.);
#9692=DIRECTION('',(0.123520716451,9.478073908268E-02,0.987805266288));
#9693=PLANE('',#9694);
#9694=AXIS2_PLACEMENT_3D('',#9695,#3292,#3674);
#9695=CARTESIAN_POINT('',(0.889331373348,-1.31709428578,-1.228757749834));
#9696=ADVANCED_FACE('',(#9697),#9706,.T.);
#9697=FACE_BOUND('',#9698,.T.);
#9698=EDGE_LOOP('',(#9699,#9700,#9701));
#9699=ORIENTED_EDGE('',*,*,#8979,.F.);
#9700=ORIENTED_EDGE('',*,*,#9658,.F.);
#9701=ORIENTED_EDGE('',*,*,#9702,.T.);
#9702=EDGE_CURVE('',#9643,#8951,#9703,.T.);
#9703=LINE('',#9644,#9704);
#9704=VECTOR('',#9705,1.);
#9705=DIRECTION('',(5.376148205388E-02,-7.006333028037E-02,0.996092783227));
#9706=PLANE('',#9707);
#9707=AXIS2_PLACEMENT_3D('',#9708,#6237,#5447);
#9708=CARTESIAN_POINT('',(0.742084207878,-5.001339484919,-1.381138057589));
#9709=ADVANCED_FACE('',(#9710),#9725,.T.);
#9710=FACE_BOUND('',#9711,.T.);
#9711=EDGE_LOOP('',(#9712,#9719,#9720));
#9712=ORIENTED_EDGE('',*,*,#9713,.T.);
#9713=EDGE_CURVE('',#9714,#8992,#9716,.T.);
#9714=VERTEX_POINT('',#9715);
#9715=CARTESIAN_POINT('',(1.234086155891,-0.712499976158,-3.));
#9716=LINE('',#9715,#9717);
#9717=VECTOR('',#9718,1.);
#9718=DIRECTION('',(0.382683653456,0.923879440932,0.));
#9719=ORIENTED_EDGE('',*,*,#8991,.F.);
#9720=ORIENTED_EDGE('',*,*,#9721,.T.);
#9721=EDGE_CURVE('',#8191,#9714,#9722,.T.);
#9722=LINE('',#8192,#9723);
#9723=VECTOR('',#9724,1.);
#9724=DIRECTION('',(-0.560637318963,-0.537221842807,-0.630141641377));
#9725=PLANE('',#9726);
#9726=AXIS2_PLACEMENT_3D('',#9727,#9728,#9729);
#9727=CARTESIAN_POINT('',(1.387063250178,-0.505926207003,-2.874365173073));
#9728=DIRECTION('',(0.827754385867,-0.342867325014,-0.444144879646));
#9729=DIRECTION('',(0.472804471495,5.592748486549E-14,0.881167368741));
#9730=ADVANCED_FACE('',(#9731),#9746,.T.);
#9731=FACE_BOUND('',#9732,.T.);
#9732=EDGE_LOOP('',(#9733,#9740,#9745));
#9733=ORIENTED_EDGE('',*,*,#9734,.T.);
#9734=EDGE_CURVE('',#8992,#9735,#9737,.T.);
#9735=VERTEX_POINT('',#9736);
#9736=CARTESIAN_POINT('',(1.424999952316,0.,-3.));
#9737=LINE('',#8993,#9738);
#9738=VECTOR('',#9739,1.);
#9739=DIRECTION('',(0.130525963748,0.991444891453,0.));
#9740=ORIENTED_EDGE('',*,*,#9741,.T.);
#9741=EDGE_CURVE('',#9735,#7325,#9742,.T.);
#9742=LINE('',#9736,#9743);
#9743=VECTOR('',#9744,1.);
#9744=DIRECTION('',(0.447213740204,0.,0.894427118648));
#9745=ORIENTED_EDGE('',*,*,#8998,.F.);
#9746=PLANE('',#9747);
#9747=AXIS2_PLACEMENT_3D('',#9748,#9749,#9750);
#9748=CARTESIAN_POINT('',(1.470743567436,-0.129688803311,-2.874365171653));
#9749=DIRECTION('',(0.888289871791,-0.116945371954,-0.444145115534));
#9750=DIRECTION('',(0.447213740204,1.128541704531E-13,0.894427118648));
#9751=ADVANCED_FACE('',(#9752),#9761,.T.);
#9752=FACE_BOUND('',#9753,.T.);
#9753=EDGE_LOOP('',(#9754,#9755,#9760));
#9754=ORIENTED_EDGE('',*,*,#9741,.F.);
#9755=ORIENTED_EDGE('',*,*,#9756,.T.);
#9756=EDGE_CURVE('',#9735,#9012,#9757,.T.);
#9757=LINE('',#9736,#9758);
#9758=VECTOR('',#9759,1.);
#9759=DIRECTION('',(-0.130525963748,0.991444891453,0.));
#9760=ORIENTED_EDGE('',*,*,#9019,.F.);
#9761=PLANE('',#9762);
#9762=AXIS2_PLACEMENT_3D('',#9763,#9764,#9765);
#9763=CARTESIAN_POINT('',(1.470743567436,0.129688803311,-2.874365171653));
#9764=DIRECTION('',(0.888289871791,0.116945371954,-0.444145115534));
#9765=DIRECTION('',(0.447213740204,-1.128402926653E-13,0.894427118648));
#9766=ADVANCED_FACE('',(#9767),#9782,.T.);
#9767=FACE_BOUND('',#9768,.T.);
#9768=EDGE_LOOP('',(#9769,#9770,#9777));
#9769=ORIENTED_EDGE('',*,*,#9011,.F.);
#9770=ORIENTED_EDGE('',*,*,#9771,.T.);
#9771=EDGE_CURVE('',#9012,#9772,#9774,.T.);
#9772=VERTEX_POINT('',#9773);
#9773=CARTESIAN_POINT('',(1.234086155891,0.712499976158,-3.));
#9774=LINE('',#9013,#9775);
#9775=VECTOR('',#9776,1.);
#9776=DIRECTION('',(-0.382683653456,0.923879440932,0.));
#9777=ORIENTED_EDGE('',*,*,#9778,.T.);
#9778=EDGE_CURVE('',#9772,#8207,#9779,.T.);
#9779=LINE('',#9773,#9780);
#9780=VECTOR('',#9781,1.);
#9781=DIRECTION('',(0.560637318963,-0.537221842807,0.630141641377));
#9782=PLANE('',#9783);
#9783=AXIS2_PLACEMENT_3D('',#9784,#9785,#9786);
#9784=CARTESIAN_POINT('',(1.387063250178,0.505926207003,-2.874365173073));
#9785=DIRECTION('',(0.827754385867,0.342867325014,-0.444144879646));
#9786=DIRECTION('',(0.472804471495,-5.592748486549E-14,0.881167368741));
#9787=ADVANCED_FACE('',(#9788),#9801,.T.);
#9788=FACE_BOUND('',#9789,.T.);
#9789=EDGE_LOOP('',(#9790,#9791,#9796));
#9790=ORIENTED_EDGE('',*,*,#9032,.F.);
#9791=ORIENTED_EDGE('',*,*,#9792,.T.);
#9792=EDGE_CURVE('',#8207,#9793,#9795,.T.);
#9793=VERTEX_POINT('',#9794);
#9794=CARTESIAN_POINT('',(1.385640621185,0.800000011921,-2.64999999851));
#9795=LINE('',#8208,#9076);
#9796=ORIENTED_EDGE('',*,*,#9797,.T.);
#9797=EDGE_CURVE('',#9793,#8257,#9798,.T.);
#9798=LINE('',#9794,#9799);
#9799=VECTOR('',#9800,1.);
#9800=DIRECTION('',(5.958169142159E-02,-0.143842904073,0.987805264713));
#9801=PLANE('',#9802);
#9802=AXIS2_PLACEMENT_3D('',#9803,#5949,#5948);
#9803=CARTESIAN_POINT('',(1.502391275843,0.518139043933,-1.421242157616));
#9804=ADVANCED_FACE('',(#9805),#9814,.T.);
#9805=FACE_BOUND('',#9806,.T.);
#9806=EDGE_LOOP('',(#9807,#9808,#9813));
#9807=ORIENTED_EDGE('',*,*,#9048,.F.);
#9808=ORIENTED_EDGE('',*,*,#9809,.T.);
#9809=EDGE_CURVE('',#9044,#9714,#9810,.T.);
#9810=LINE('',#9045,#9811);
#9811=VECTOR('',#9812,1.);
#9812=DIRECTION('',(-0.38729836803,0.223606879466,-0.894427156104));
#9813=ORIENTED_EDGE('',*,*,#9721,.F.);
#9814=PLANE('',#9815);
#9815=AXIS2_PLACEMENT_3D('',#9816,#9817,#9818);
#9816=CARTESIAN_POINT('',(1.390060148457,-0.6320339332,-2.771428279342));
#9817=DIRECTION('',(0.827754380647,-0.342867146616,-0.444145027093));
#9818=DIRECTION('',(0.472804595684,1.182665076982E-13,0.881167302106));
#9819=ADVANCED_FACE('',(#9820),#9831,.T.);
#9820=FACE_BOUND('',#9821,.T.);
#9821=EDGE_LOOP('',(#9822,#9827,#9830));
#9822=ORIENTED_EDGE('',*,*,#9823,.T.);
#9823=EDGE_CURVE('',#8238,#9824,#9826,.T.);
#9824=VERTEX_POINT('',#9825);
#9825=CARTESIAN_POINT('',(1.131370902061,-1.131370902061,-2.64999999851));
#9826=LINE('',#8239,#54);
#9827=ORIENTED_EDGE('',*,*,#9828,.T.);
#9828=EDGE_CURVE('',#9824,#9044,#9829,.T.);
#9829=LINE('',#9825,#8246);
#9830=ORIENTED_EDGE('',*,*,#9060,.F.);
#9831=PLANE('',#9832);
#9832=AXIS2_PLACEMENT_3D('',#9833,#9067,#8247);
#9833=CARTESIAN_POINT('',(1.199917237467,-1.042039540634,-1.421242151818));
#9834=ADVANCED_FACE('',(#9835),#9849,.T.);
#9835=FACE_BOUND('',#9836,.T.);
#9836=EDGE_LOOP('',(#9837,#9843,#9848));
#9837=ORIENTED_EDGE('',*,*,#9838,.T.);
#9838=EDGE_CURVE('',#9073,#9839,#9841,.T.);
#9839=VERTEX_POINT('',#9840);
#9840=CARTESIAN_POINT('',(1.131370902061,1.131370902061,9.6858000731E-08));
#9841=LINE('',#9074,#9842);
#9842=VECTOR('',#4577,1.);
#9843=ORIENTED_EDGE('',*,*,#9844,.T.);
#9844=EDGE_CURVE('',#9839,#7123,#9845,.T.);
#9845=LINE('',#9840,#9846);
#9846=VECTOR('',#9847,1.);
#9847=DIRECTION('',(-5.288778430721E-02,0.998600461782,0.));
#9848=ORIENTED_EDGE('',*,*,#9078,.F.);
#9849=PLANE('',#9850);
#9850=AXIS2_PLACEMENT_3D('',#9851,#55,#199);
#9851=CARTESIAN_POINT('',(1.089459049265,3.130297256082,9.6858000731E-08));
#9852=ADVANCED_FACE('',(#9853),#9860,.T.);
#9853=FACE_BOUND('',#9854,.T.);
#9854=EDGE_LOOP('',(#9855,#9858,#9859));
#9855=ORIENTED_EDGE('',*,*,#9856,.T.);
#9856=EDGE_CURVE('',#9793,#9073,#9857,.T.);
#9857=LINE('',#9794,#82);
#9858=ORIENTED_EDGE('',*,*,#9072,.F.);
#9859=ORIENTED_EDGE('',*,*,#9797,.F.);
#9860=PLANE('',#9861);
#9861=AXIS2_PLACEMENT_3D('',#9862,#5949,#5948);
#9862=CARTESIAN_POINT('',(1.428730669538,0.695971449727,-1.228757744036));
#9863=ADVANCED_FACE('',(#9864),#9879,.T.);
#9864=FACE_BOUND('',#9865,.T.);
#9865=EDGE_LOOP('',(#9866,#9873,#9874));
#9866=ORIENTED_EDGE('',*,*,#9867,.T.);
#9867=EDGE_CURVE('',#9868,#9091,#9870,.T.);
#9868=VERTEX_POINT('',#9869);
#9869=CARTESIAN_POINT('',(3.375735998154,-4.575736045837,9.6858000731E-08));
#9870=LINE('',#9869,#9871);
#9871=VECTOR('',#9872,1.);
#9872=DIRECTION('',(-0.608762553648,-0.793352477324,0.));
#9873=ORIENTED_EDGE('',*,*,#9098,.F.);
#9874=ORIENTED_EDGE('',*,*,#9875,.T.);
#9875=EDGE_CURVE('',#3070,#9868,#9876,.T.);
#9876=LINE('',#3071,#9877);
#9877=VECTOR('',#9878,1.);
#9878=DIRECTION('',(0.119029875248,-0.992890673135,0.));
#9879=PLANE('',#9880);
#9880=AXIS2_PLACEMENT_3D('',#9881,#55,#199);
#9881=CARTESIAN_POINT('',(2.668363104979,1.092276603316,9.6858000731E-08));
#9882=ADVANCED_FACE('',(#9883),#9892,.T.);
#9883=FACE_BOUND('',#9884,.T.);
#9884=EDGE_LOOP('',(#9885,#9886,#9887));
#9885=ORIENTED_EDGE('',*,*,#9111,.F.);
#9886=ORIENTED_EDGE('',*,*,#9090,.F.);
#9887=ORIENTED_EDGE('',*,*,#9888,.T.);
#9888=EDGE_CURVE('',#9091,#8294,#9889,.T.);
#9889=LINE('',#9092,#9890);
#9890=VECTOR('',#9891,1.);
#9891=DIRECTION('',(-0.130526282921,-0.991444849433,0.));
#9892=PLANE('',#9893);
#9893=AXIS2_PLACEMENT_3D('',#9894,#55,#199);
#9894=CARTESIAN_POINT('',(3.240367248104,-4.925647136931,9.6858000731E-08));
#9895=ADVANCED_FACE('',(#9896),#9903,.T.);
#9896=FACE_BOUND('',#9897,.T.);
#9897=EDGE_LOOP('',(#9898,#9899,#9900));
#9898=ORIENTED_EDGE('',*,*,#9121,.F.);
#9899=ORIENTED_EDGE('',*,*,#9888,.F.);
#9900=ORIENTED_EDGE('',*,*,#9901,.T.);
#9901=EDGE_CURVE('',#9091,#9122,#9902,.T.);
#9902=LINE('',#9092,#345);
#9903=PLANE('',#9904);
#9904=AXIS2_PLACEMENT_3D('',#9905,#55,#199);
#9905=CARTESIAN_POINT('',(3.265204327505,-5.001998546358,9.6858000731E-08));
#9906=ADVANCED_FACE('',(#9907),#9922,.T.);
#9907=FACE_BOUND('',#9908,.T.);
#9908=EDGE_LOOP('',(#9909,#9910,#9917));
#9909=ORIENTED_EDGE('',*,*,#9128,.F.);
#9910=ORIENTED_EDGE('',*,*,#9911,.T.);
#9911=EDGE_CURVE('',#9122,#9912,#9914,.T.);
#9912=VERTEX_POINT('',#9913);
#9913=CARTESIAN_POINT('',(3.375735998154,-5.424263954163,9.6858000731E-08));
#9914=LINE('',#9123,#9915);
#9915=VECTOR('',#9916,1.);
#9916=DIRECTION('',(0.608762553648,-0.793352477324,0.));
#9917=ORIENTED_EDGE('',*,*,#9918,.T.);
#9918=EDGE_CURVE('',#9912,#2846,#9919,.T.);
#9919=LINE('',#9913,#9920);
#9920=VECTOR('',#9921,1.);
#9921=DIRECTION('',(-0.68188959803,-0.731455108738,0.));
#9922=PLANE('',#9923);
#9923=AXIS2_PLACEMENT_3D('',#9924,#55,#199);
#9924=CARTESIAN_POINT('',(2.688477777738,-6.102315823903,9.6858000731E-08));
#9925=ADVANCED_FACE('',(#9926),#9941,.T.);
#9926=FACE_BOUND('',#9927,.T.);
#9927=EDGE_LOOP('',(#9928,#9935,#9940));
#9928=ORIENTED_EDGE('',*,*,#9929,.T.);
#9929=EDGE_CURVE('',#2177,#9930,#9932,.T.);
#9930=VERTEX_POINT('',#9931);
#9931=CARTESIAN_POINT('',(4.400000095367,-5.,9.6858000731E-08));
#9932=LINE('',#2178,#9933);
#9933=VECTOR('',#9934,1.);
#9934=DIRECTION('',(-0.30113131067,0.953582683219,0.));
#9935=ORIENTED_EDGE('',*,*,#9936,.T.);
#9936=EDGE_CURVE('',#9930,#2622,#9937,.T.);
#9937=LINE('',#9931,#9938);
#9938=VECTOR('',#9939,1.);
#9939=DIRECTION('',(5.035619270969E-02,0.998731322156,0.));
#9940=ORIENTED_EDGE('',*,*,#9221,.F.);
#9941=PLANE('',#9942);
#9942=AXIS2_PLACEMENT_3D('',#9943,#55,#199);
#9943=CARTESIAN_POINT('',(4.849417499905,-1.934235175289E-02,9.6858000731E-08));
#9944=ADVANCED_FACE('',(#9945),#9952,.T.);
#9945=FACE_BOUND('',#9946,.T.);
#9946=EDGE_LOOP('',(#9947,#9950,#9951));
#9947=ORIENTED_EDGE('',*,*,#9948,.T.);
#9948=EDGE_CURVE('',#8845,#9236,#9949,.T.);
#9949=LINE('',#8846,#7084);
#9950=ORIENTED_EDGE('',*,*,#9241,.F.);
#9951=ORIENTED_EDGE('',*,*,#9588,.F.);
#9952=PLANE('',#9953);
#9953=AXIS2_PLACEMENT_3D('',#9954,#55,#199);
#9954=CARTESIAN_POINT('',(-0.314497933927,5.437442490848,-3.));
#9955=ADVANCED_FACE('',(#9956),#9967,.T.);
#9956=FACE_BOUND('',#9957,.T.);
#9957=EDGE_LOOP('',(#9958,#9963,#9964));
#9958=ORIENTED_EDGE('',*,*,#9959,.T.);
#9959=EDGE_CURVE('',#9960,#8490,#9962,.T.);
#9960=VERTEX_POINT('',#9961);
#9961=CARTESIAN_POINT('',(-0.232937142253,4.630666732788,-2.64999999851));
#9962=LINE('',#9961,#4242);
#9963=ORIENTED_EDGE('',*,*,#9251,.F.);
#9964=ORIENTED_EDGE('',*,*,#9965,.T.);
#9965=EDGE_CURVE('',#9236,#9960,#9966,.T.);
#9966=LINE('',#9237,#5643);
#9967=PLANE('',#9968);
#9968=AXIS2_PLACEMENT_3D('',#9969,#5648,#9970);
#9969=CARTESIAN_POINT('',(-0.346980761264,4.751200972066,-2.786601755832));
#9970=DIRECTION('',(-9.864331573795E-14,0.472803941252,-0.881167653251));
#9971=ADVANCED_FACE('',(#9972),#9979,.T.);
#9972=FACE_BOUND('',#9973,.T.);
#9973=EDGE_LOOP('',(#9974,#9975,#9978));
#9974=ORIENTED_EDGE('',*,*,#9959,.F.);
#9975=ORIENTED_EDGE('',*,*,#9976,.T.);
#9976=EDGE_CURVE('',#9960,#8519,#9977,.T.);
#9977=LINE('',#9961,#82);
#9978=ORIENTED_EDGE('',*,*,#9265,.F.);
#9979=PLANE('',#9980);
#9980=AXIS2_PLACEMENT_3D('',#9981,#4953,#4243);
#9981=CARTESIAN_POINT('',(-0.289603725236,4.654138834603,-1.381138061158));
#9982=ADVANCED_FACE('',(#9983),#9990,.T.);
#9983=FACE_BOUND('',#9984,.T.);
#9984=EDGE_LOOP('',(#9985,#9986,#9987));
#9985=ORIENTED_EDGE('',*,*,#9277,.F.);
#9986=ORIENTED_EDGE('',*,*,#9976,.F.);
#9987=ORIENTED_EDGE('',*,*,#9988,.T.);
#9988=EDGE_CURVE('',#9960,#9278,#9989,.T.);
#9989=LINE('',#9961,#4346);
#9990=PLANE('',#9991);
#9991=AXIS2_PLACEMENT_3D('',#9992,#4351,#4257);
#9992=CARTESIAN_POINT('',(-0.172126404276,4.622660828562,-1.268861846195));
#9993=ADVANCED_FACE('',(#9994),#10006,.T.);
#9994=FACE_BOUND('',#9995,.T.);
#9995=EDGE_LOOP('',(#9996,#10002,#10005));
#9996=ORIENTED_EDGE('',*,*,#9997,.T.);
#9997=EDGE_CURVE('',#8535,#9998,#10000,.T.);
#9998=VERTEX_POINT('',#9999);
#9999=CARTESIAN_POINT('',(0.414110481739,1.545481324196,9.6858000731E-08));
#10000=LINE('',#8536,#10001);
#10001=VECTOR('',#7337,1.);
#10002=ORIENTED_EDGE('',*,*,#10003,.T.);
#10003=EDGE_CURVE('',#9998,#9294,#10004,.T.);
#10004=LINE('',#9999,#54);
#10005=ORIENTED_EDGE('',*,*,#9299,.F.);
#10006=PLANE('',#10007);
#10007=AXIS2_PLACEMENT_3D('',#10008,#6435,#7337);
#10008=CARTESIAN_POINT('',(0.302474081593,1.560178540609,-1.228757744072));
#10009=ADVANCED_FACE('',(#10010),#10019,.T.);
#10010=FACE_BOUND('',#10011,.T.);
#10011=EDGE_LOOP('',(#10012,#10013,#10018));
#10012=ORIENTED_EDGE('',*,*,#9293,.F.);
#10013=ORIENTED_EDGE('',*,*,#10014,.T.);
#10014=EDGE_CURVE('',#9294,#9322,#10015,.T.);
#10015=LINE('',#9295,#10016);
#10016=VECTOR('',#10017,1.);
#10017=DIRECTION('',(-0.115747395438,-0.431975087434,-0.894427226937));
#10018=ORIENTED_EDGE('',*,*,#9329,.F.);
#10019=PLANE('',#10020);
#10020=AXIS2_PLACEMENT_3D('',#10021,#10022,#10023);
#10021=CARTESIAN_POINT('',(0.250723858352,1.506277461369,-2.771428277901));
#10022=DIRECTION('',(0.116945634416,0.888289950413,-0.444144889181));
#10023=DIRECTION('',(4.365258154948E-14,0.447213526204,0.894427225648));
#10024=ADVANCED_FACE('',(#10025),#10036,.T.);
#10025=FACE_BOUND('',#10026,.T.);
#10026=EDGE_LOOP('',(#10027,#10028,#10033));
#10027=ORIENTED_EDGE('',*,*,#9312,.F.);
#10028=ORIENTED_EDGE('',*,*,#10029,.T.);
#10029=EDGE_CURVE('',#9278,#10030,#10032,.T.);
#10030=VERTEX_POINT('',#10031);
#10031=CARTESIAN_POINT('',(0.232937142253,4.630666732788,9.6858000731E-08));
#10032=LINE('',#9279,#3870);
#10033=ORIENTED_EDGE('',*,*,#10034,.T.);
#10034=EDGE_CURVE('',#10030,#8535,#10035,.T.);
#10035=LINE('',#10031,#7764);
#10036=PLANE('',#10037);
#10037=AXIS2_PLACEMENT_3D('',#10038,#55,#199);
#10038=CARTESIAN_POINT('',(6.078241530526E-02,3.164168811403,9.6858000731E-08));
#10039=ADVANCED_FACE('',(#10040),#10047,.T.);
#10040=FACE_BOUND('',#10041,.T.);
#10041=EDGE_LOOP('',(#10042,#10043,#10044));
#10042=ORIENTED_EDGE('',*,*,#9344,.F.);
#10043=ORIENTED_EDGE('',*,*,#9321,.F.);
#10044=ORIENTED_EDGE('',*,*,#10045,.T.);
#10045=EDGE_CURVE('',#9322,#8579,#10046,.T.);
#10046=LINE('',#9323,#8569);
#10047=PLANE('',#10048);
#10048=AXIS2_PLACEMENT_3D('',#10049,#55,#199);
#10049=CARTESIAN_POINT('',(9.75041983557E-02,7.481762034412E-02,-3.));
#10050=ADVANCED_FACE('',(#10051),#10066,.T.);
#10051=FACE_BOUND('',#10052,.T.);
#10052=EDGE_LOOP('',(#10053,#10060,#10065));
#10053=ORIENTED_EDGE('',*,*,#10054,.T.);
#10054=EDGE_CURVE('',#8579,#10055,#10057,.T.);
#10055=VERTEX_POINT('',#10056);
#10056=CARTESIAN_POINT('',(0.368817150593,-1.376444339752,-3.));
#10057=LINE('',#8580,#10058);
#10058=VECTOR('',#10059,1.);
#10059=DIRECTION('',(0.991444891453,0.130525963748,0.));
#10060=ORIENTED_EDGE('',*,*,#10061,.T.);
#10061=EDGE_CURVE('',#10055,#9354,#10062,.T.);
#10062=LINE('',#10056,#10063);
#10063=VECTOR('',#10064,1.);
#10064=DIRECTION('',(0.115747395438,-0.431975087434,0.894427226937));
#10065=ORIENTED_EDGE('',*,*,#9359,.F.);
#10066=PLANE('',#10067);
#10067=AXIS2_PLACEMENT_3D('',#10068,#10069,#10070);
#10068=CARTESIAN_POINT('',(0.255386684269,-1.454195114156,-2.874365172834));
#10069=DIRECTION('',(0.116945387448,-0.888289989475,-0.444144876086));
#10070=DIRECTION('',(8.312794896881E-14,0.447213499923,-0.894427238788));
#10071=ADVANCED_FACE('',(#10072),#10081,.T.);
#10072=FACE_BOUND('',#10073,.T.);
#10073=EDGE_LOOP('',(#10074,#10075,#10076));
#10074=ORIENTED_EDGE('',*,*,#9673,.F.);
#10075=ORIENTED_EDGE('',*,*,#9373,.F.);
#10076=ORIENTED_EDGE('',*,*,#10077,.T.);
#10077=EDGE_CURVE('',#9354,#8156,#10078,.T.);
#10078=LINE('',#9355,#10079);
#10079=VECTOR('',#10080,1.);
#10080=DIRECTION('',(0.143842904073,5.958169142159E-02,0.987805264713));
#10081=PLANE('',#10082);
#10082=AXIS2_PLACEMENT_3D('',#10083,#3002,#3270);
#10083=CARTESIAN_POINT('',(0.518139043933,-1.502391275843,-1.228757744036));
#10084=ADVANCED_FACE('',(#10085),#10096,.T.);
#10085=FACE_BOUND('',#10086,.T.);
#10086=EDGE_LOOP('',(#10087,#10092,#10093));
#10087=ORIENTED_EDGE('',*,*,#10088,.T.);
#10088=EDGE_CURVE('',#10089,#9384,#10091,.T.);
#10089=VERTEX_POINT('',#10090);
#10090=CARTESIAN_POINT('',(0.449999988079,-4.72057723999,9.6858000731E-08));
#10091=LINE('',#10090,#4242);
#10092=ORIENTED_EDGE('',*,*,#9391,.F.);
#10093=ORIENTED_EDGE('',*,*,#10094,.T.);
#10094=EDGE_CURVE('',#8600,#10089,#10095,.T.);
#10095=LINE('',#8601,#7667);
#10096=PLANE('',#10097);
#10097=AXIS2_PLACEMENT_3D('',#10098,#55,#199);
#10098=CARTESIAN_POINT('',(0.377184690635,-3.167408962142,9.6858000731E-08));
#10099=ADVANCED_FACE('',(#10100),#10109,.T.);
#10100=FACE_BOUND('',#10101,.T.);
#10101=EDGE_LOOP('',(#10102,#10103,#10106));
#10102=ORIENTED_EDGE('',*,*,#9400,.F.);
#10103=ORIENTED_EDGE('',*,*,#10104,.T.);
#10104=EDGE_CURVE('',#9384,#8889,#10105,.T.);
#10105=LINE('',#9385,#54);
#10106=ORIENTED_EDGE('',*,*,#10107,.T.);
#10107=EDGE_CURVE('',#8889,#8617,#10108,.T.);
#10108=LINE('',#8890,#4828);
#10109=PLANE('',#10110);
#10110=AXIS2_PLACEMENT_3D('',#10111,#4833,#3856);
#10111=CARTESIAN_POINT('',(0.172126404276,-4.622660828562,-1.268861846195));
#10112=ADVANCED_FACE('',(#10113),#10118,.T.);
#10113=FACE_BOUND('',#10114,.T.);
#10114=EDGE_LOOP('',(#10115,#10116,#10117));
#10115=ORIENTED_EDGE('',*,*,#9620,.F.);
#10116=ORIENTED_EDGE('',*,*,#9412,.F.);
#10117=ORIENTED_EDGE('',*,*,#10107,.F.);
#10118=PLANE('',#10119);
#10119=AXIS2_PLACEMENT_3D('',#10120,#4833,#3856);
#10120=CARTESIAN_POINT('',(6.081073797709E-02,-4.608005808859,-1.381138055457));
#10121=ADVANCED_FACE('',(#10122),#10129,.T.);
#10122=FACE_BOUND('',#10123,.T.);
#10123=EDGE_LOOP('',(#10124,#10125,#10126));
#10124=ORIENTED_EDGE('',*,*,#9474,.F.);
#10125=ORIENTED_EDGE('',*,*,#9490,.F.);
#10126=ORIENTED_EDGE('',*,*,#10127,.T.);
#10127=EDGE_CURVE('',#9484,#9469,#10128,.T.);
#10128=LINE('',#9485,#7835);
#10129=PLANE('',#10130);
#10130=AXIS2_PLACEMENT_3D('',#10131,#55,#199);
#10131=CARTESIAN_POINT('',(0.646211433773,5.502414905432,-3.));
#10132=ADVANCED_FACE('',(#10133),#10148,.T.);
#10133=FACE_BOUND('',#10134,.T.);
#10134=EDGE_LOOP('',(#10135,#10136,#10143));
#10135=ORIENTED_EDGE('',*,*,#9468,.F.);
#10136=ORIENTED_EDGE('',*,*,#10137,.T.);
#10137=EDGE_CURVE('',#9469,#10138,#10140,.T.);
#10138=VERTEX_POINT('',#10139);
#10139=CARTESIAN_POINT('',(0.779422879219,5.050000190735,-2.64999999851));
#10140=LINE('',#9470,#10141);
#10141=VECTOR('',#10142,1.);
#10142=DIRECTION('',(0.387298460369,-0.223605866537,0.894427369352));
#10143=ORIENTED_EDGE('',*,*,#10144,.T.);
#10144=EDGE_CURVE('',#10138,#8750,#10145,.T.);
#10145=LINE('',#10139,#10146);
#10146=VECTOR('',#10147,1.);
#10147=DIRECTION('',(-0.600140966203,-0.140946570779,-0.787378488956));
#10148=PLANE('',#10149);
#10149=AXIS2_PLACEMENT_3D('',#10150,#6363,#6364);
#10150=CARTESIAN_POINT('',(0.6540378141,5.055410636285,-2.857310400297));
#10151=ADVANCED_FACE('',(#10152),#10159,.T.);
#10152=FACE_BOUND('',#10153,.T.);
#10153=EDGE_LOOP('',(#10154,#10157,#10158));
#10154=ORIENTED_EDGE('',*,*,#10155,.T.);
#10155=EDGE_CURVE('',#10138,#9504,#10156,.T.);
#10156=LINE('',#10139,#5076);
#10157=ORIENTED_EDGE('',*,*,#9503,.F.);
#10158=ORIENTED_EDGE('',*,*,#10144,.F.);
#10159=PLANE('',#10160);
#10160=AXIS2_PLACEMENT_3D('',#10161,#5560,#5561);
#10161=CARTESIAN_POINT('',(0.633479019484,4.971039012876,-2.786601766906));
#10162=ADVANCED_FACE('',(#10163),#10170,.T.);
#10163=FACE_BOUND('',#10164,.T.);
#10164=EDGE_LOOP('',(#10165,#10168,#10169));
#10165=ORIENTED_EDGE('',*,*,#10166,.T.);
#10166=EDGE_CURVE('',#9504,#9523,#10167,.T.);
#10167=LINE('',#9505,#5804);
#10168=ORIENTED_EDGE('',*,*,#9522,.F.);
#10169=ORIENTED_EDGE('',*,*,#9510,.F.);
#10170=PLANE('',#10171);
#10171=AXIS2_PLACEMENT_3D('',#10172,#5539,#5540);
#10172=CARTESIAN_POINT('',(0.474988548155,4.825106364599,-2.786601756816));
#10173=ADVANCED_FACE('',(#10174),#10181,.T.);
#10174=FACE_BOUND('',#10175,.T.);
#10175=EDGE_LOOP('',(#10176,#10179,#10180));
#10176=ORIENTED_EDGE('',*,*,#10177,.T.);
#10177=EDGE_CURVE('',#9523,#9543,#10178,.T.);
#10178=LINE('',#9524,#5460);
#10179=ORIENTED_EDGE('',*,*,#9542,.F.);
#10180=ORIENTED_EDGE('',*,*,#9529,.F.);
#10181=PLANE('',#10182);
#10182=AXIS2_PLACEMENT_3D('',#10183,#5518,#10184);
#10183=CARTESIAN_POINT('',(0.28412836867,4.725166687763,-2.786601760203));
#10184=DIRECTION('',(7.260858581049E-14,0.472804267716,-0.881167478082));
#10185=ADVANCED_FACE('',(#10186),#10193,.T.);
#10186=FACE_BOUND('',#10187,.T.);
#10187=EDGE_LOOP('',(#10188,#10191,#10192));
#10188=ORIENTED_EDGE('',*,*,#10189,.T.);
#10189=EDGE_CURVE('',#9543,#9603,#10190,.T.);
#10190=LINE('',#9544,#4806);
#10191=ORIENTED_EDGE('',*,*,#9602,.F.);
#10192=ORIENTED_EDGE('',*,*,#9549,.F.);
#10193=PLANE('',#10194);
#10194=AXIS2_PLACEMENT_3D('',#10195,#5719,#5720);
#10195=CARTESIAN_POINT('',(7.390531740519E-02,4.67803070806,-2.786601772387));
#10196=ADVANCED_FACE('',(#10197),#10212,.T.);
#10197=FACE_BOUND('',#10198,.T.);
#10198=EDGE_LOOP('',(#10199,#10206,#10211));
#10199=ORIENTED_EDGE('',*,*,#10200,.T.);
#10200=EDGE_CURVE('',#8817,#10201,#10203,.T.);
#10201=VERTEX_POINT('',#10202);
#10202=CARTESIAN_POINT('',(0.725000023842,5.5,-3.));
#10203=LINE('',#8818,#10204);
#10204=VECTOR('',#10205,1.);
#10205=DIRECTION('',(-0.447213496492,0.,-0.894427240504));
#10206=ORIENTED_EDGE('',*,*,#10207,.T.);
#10207=EDGE_CURVE('',#10201,#9484,#10208,.T.);
#10208=LINE('',#10202,#10209);
#10209=VECTOR('',#10210,1.);
#10210=DIRECTION('',(-0.130526185916,0.991444862204,0.));
#10211=ORIENTED_EDGE('',*,*,#9562,.F.);
#10212=PLANE('',#10213);
#10213=AXIS2_PLACEMENT_3D('',#10214,#8133,#8134);
#10214=CARTESIAN_POINT('',(0.788708031208,5.558006872749,-2.857310447181));
#10215=ADVANCED_FACE('',(#10216),#10231,.T.);
#10216=FACE_BOUND('',#10217,.T.);
#10217=EDGE_LOOP('',(#10218,#10225,#10226));
#10218=ORIENTED_EDGE('',*,*,#10219,.T.);
#10219=EDGE_CURVE('',#10220,#9573,#10222,.T.);
#10220=VERTEX_POINT('',#10221);
#10221=CARTESIAN_POINT('',(0.800000011921,1.385640621185,9.6858000731E-08));
#10222=LINE('',#10221,#10223);
#10223=VECTOR('',#10224,1.);
#10224=DIRECTION('',(1.785999968495E-02,0.999840497485,0.));
#10225=ORIENTED_EDGE('',*,*,#9572,.F.);
#10226=ORIENTED_EDGE('',*,*,#10227,.T.);
#10227=EDGE_CURVE('',#7123,#10220,#10228,.T.);
#10228=LINE('',#7124,#10229);
#10229=VECTOR('',#10230,1.);
#10230=DIRECTION('',(-2.429793588762E-02,-0.999704761573,0.));
#10231=PLANE('',#10232);
#10232=AXIS2_PLACEMENT_3D('',#10233,#55,#199);
#10233=CARTESIAN_POINT('',(0.843758938551,3.443285379311,9.6858000731E-08));
#10234=ADVANCED_FACE('',(#10235),#10246,.T.);
#10235=FACE_BOUND('',#10236,.T.);
#10236=EDGE_LOOP('',(#10237,#10242,#10245));
#10237=ORIENTED_EDGE('',*,*,#10238,.T.);
#10238=EDGE_CURVE('',#9573,#10239,#10241,.T.);
#10239=VERTEX_POINT('',#10240);
#10240=CARTESIAN_POINT('',(0.869333267212,5.267062664032,-2.64999999851));
#10241=LINE('',#9574,#54);
#10242=ORIENTED_EDGE('',*,*,#10243,.T.);
#10243=EDGE_CURVE('',#10239,#8817,#10244,.T.);
#10244=LINE('',#10240,#4928);
#10245=ORIENTED_EDGE('',*,*,#9577,.F.);
#10246=PLANE('',#10247);
#10247=AXIS2_PLACEMENT_3D('',#10248,#5600,#4929);
#10248=CARTESIAN_POINT('',(0.877339140571,5.327873454508,-1.381138095684));
#10249=ADVANCED_FACE('',(#10250),#10259,.T.);
#10250=FACE_BOUND('',#10251,.T.);
#10251=EDGE_LOOP('',(#10252,#10255,#10258));
#10252=ORIENTED_EDGE('',*,*,#10253,.T.);
#10253=EDGE_CURVE('',#9603,#9960,#10254,.T.);
#10254=LINE('',#9604,#4256);
#10255=ORIENTED_EDGE('',*,*,#10256,.T.);
#10256=EDGE_CURVE('',#9960,#8845,#10257,.T.);
#10257=LINE('',#9961,#5659);
#10258=ORIENTED_EDGE('',*,*,#9609,.F.);
#10259=PLANE('',#10260);
#10260=AXIS2_PLACEMENT_3D('',#10261,#5669,#5670);
#10261=CARTESIAN_POINT('',(-0.141354248805,4.686910415648,-2.786601764235));
#10262=ADVANCED_FACE('',(#10263),#10272,.T.);
#10263=FACE_BOUND('',#10264,.T.);
#10264=EDGE_LOOP('',(#10265,#10266,#10267));
#10265=ORIENTED_EDGE('',*,*,#9631,.F.);
#10266=ORIENTED_EDGE('',*,*,#10104,.F.);
#10267=ORIENTED_EDGE('',*,*,#10268,.T.);
#10268=EDGE_CURVE('',#9384,#8908,#10269,.T.);
#10269=LINE('',#9385,#10270);
#10270=VECTOR('',#10271,1.);
#10271=DIRECTION('',(8.159046277021E-02,-3.379592607205E-02,-0.996092782709));
#10272=PLANE('',#10273);
#10273=AXIS2_PLACEMENT_3D('',#10274,#4778,#4366);
#10274=CARTESIAN_POINT('',(0.289603725236,-4.654138834603,-1.381138061158));
#10275=ADVANCED_FACE('',(#10276),#10285,.T.);
#10276=FACE_BOUND('',#10277,.T.);
#10277=EDGE_LOOP('',(#10278,#10279,#10282));
#10278=ORIENTED_EDGE('',*,*,#9642,.F.);
#10279=ORIENTED_EDGE('',*,*,#10280,.T.);
#10280=EDGE_CURVE('',#8908,#10089,#10281,.T.);
#10281=LINE('',#8909,#82);
#10282=ORIENTED_EDGE('',*,*,#10283,.T.);
#10283=EDGE_CURVE('',#10089,#9643,#10284,.T.);
#10284=LINE('',#10090,#5407);
#10285=PLANE('',#10286);
#10286=AXIS2_PLACEMENT_3D('',#10287,#5412,#4990);
#10287=CARTESIAN_POINT('',(0.498660694212,-4.757915927135,-1.381138065859));
#10288=ADVANCED_FACE('',(#10289),#10302,.T.);
#10289=FACE_BOUND('',#10290,.T.);
#10290=EDGE_LOOP('',(#10291,#10296,#10301));
#10291=ORIENTED_EDGE('',*,*,#10292,.T.);
#10292=EDGE_CURVE('',#8951,#10293,#10295,.T.);
#10293=VERTEX_POINT('',#10294);
#10294=CARTESIAN_POINT('',(0.636396110058,-4.863604068756,9.6858000731E-08));
#10295=LINE('',#8952,#5446);
#10296=ORIENTED_EDGE('',*,*,#10297,.T.);
#10297=EDGE_CURVE('',#10293,#8600,#10298,.T.);
#10298=LINE('',#10294,#10299);
#10299=VECTOR('',#10300,1.);
#10300=DIRECTION('',(-6.68415626128E-02,0.997763602016,0.));
#10301=ORIENTED_EDGE('',*,*,#9668,.F.);
#10302=PLANE('',#10303);
#10303=AXIS2_PLACEMENT_3D('',#10304,#55,#199);
#10304=CARTESIAN_POINT('',(0.566881174796,-3.309013464446,9.6858000731E-08));
#10305=ADVANCED_FACE('',(#10306),#10313,.T.);
#10306=FACE_BOUND('',#10307,.T.);
#10307=EDGE_LOOP('',(#10308,#10311,#10312));
#10308=ORIENTED_EDGE('',*,*,#10309,.T.);
#10309=EDGE_CURVE('',#9354,#9685,#10310,.T.);
#10310=LINE('',#9355,#6795);
#10311=ORIENTED_EDGE('',*,*,#9684,.F.);
#10312=ORIENTED_EDGE('',*,*,#10077,.F.);
#10313=PLANE('',#10314);
#10314=AXIS2_PLACEMENT_3D('',#10315,#3002,#3270);
#10315=CARTESIAN_POINT('',(0.695971449727,-1.428730669538,-1.421242157616));
#10316=ADVANCED_FACE('',(#10317),#10324,.T.);
#10317=FACE_BOUND('',#10318,.T.);
#10318=EDGE_LOOP('',(#10319,#10322,#10323));
#10319=ORIENTED_EDGE('',*,*,#10320,.T.);
#10320=EDGE_CURVE('',#9685,#9824,#10321,.T.);
#10321=LINE('',#9686,#8969);
#10322=ORIENTED_EDGE('',*,*,#9823,.F.);
#10323=ORIENTED_EDGE('',*,*,#9689,.F.);
#10324=PLANE('',#10325);
#10325=AXIS2_PLACEMENT_3D('',#10326,#3292,#3674);
#10326=CARTESIAN_POINT('',(1.042039540634,-1.199917237467,-1.421242151818));
#10327=ADVANCED_FACE('',(#10328),#10335,.T.);
#10328=FACE_BOUND('',#10329,.T.);
#10329=EDGE_LOOP('',(#10330,#10333,#10334));
#10330=ORIENTED_EDGE('',*,*,#10331,.T.);
#10331=EDGE_CURVE('',#9643,#10293,#10332,.T.);
#10332=LINE('',#9644,#82);
#10333=ORIENTED_EDGE('',*,*,#10292,.F.);
#10334=ORIENTED_EDGE('',*,*,#9702,.F.);
#10335=PLANE('',#10336);
#10336=AXIS2_PLACEMENT_3D('',#10337,#6237,#5447);
#10337=CARTESIAN_POINT('',(0.673734781399,-4.912264774571,-1.268861844063));
#10338=ADVANCED_FACE('',(#10339),#10348,.T.);
#10339=FACE_BOUND('',#10340,.T.);
#10340=EDGE_LOOP('',(#10341,#10342,#10345));
#10341=ORIENTED_EDGE('',*,*,#9713,.F.);
#10342=ORIENTED_EDGE('',*,*,#10343,.T.);
#10343=EDGE_CURVE('',#9714,#9012,#10344,.T.);
#10344=LINE('',#9715,#4627);
#10345=ORIENTED_EDGE('',*,*,#10346,.T.);
#10346=EDGE_CURVE('',#9012,#8992,#10347,.T.);
#10347=LINE('',#9013,#345);
#10348=PLANE('',#10349);
#10349=AXIS2_PLACEMENT_3D('',#10350,#55,#199);
#10350=CARTESIAN_POINT('',(1.329127710096,-0.176587954613,-3.));
#10351=ADVANCED_FACE('',(#10352),#10357,.T.);
#10352=FACE_BOUND('',#10353,.T.);
#10353=EDGE_LOOP('',(#10354,#10355,#10356));
#10354=ORIENTED_EDGE('',*,*,#9756,.F.);
#10355=ORIENTED_EDGE('',*,*,#9734,.F.);
#10356=ORIENTED_EDGE('',*,*,#10346,.F.);
#10357=PLANE('',#10358);
#10358=AXIS2_PLACEMENT_3D('',#10359,#55,#199);
#10359=CARTESIAN_POINT('',(1.388635390776,0.,-3.));
#10360=ADVANCED_FACE('',(#10361),#10368,.T.);
#10361=FACE_BOUND('',#10362,.T.);
#10362=EDGE_LOOP('',(#10363,#10366,#10367));
#10363=ORIENTED_EDGE('',*,*,#10364,.T.);
#10364=EDGE_CURVE('',#9714,#9772,#10365,.T.);
#10365=LINE('',#9715,#189);
#10366=ORIENTED_EDGE('',*,*,#9771,.F.);
#10367=ORIENTED_EDGE('',*,*,#10343,.F.);
#10368=PLANE('',#10369);
#10369=AXIS2_PLACEMENT_3D('',#10370,#55,#199);
#10370=CARTESIAN_POINT('',(1.270139697754,4.746541830688E-03,-3.));
#10371=ADVANCED_FACE('',(#10372),#10381,.T.);
#10372=FACE_BOUND('',#10373,.T.);
#10373=EDGE_LOOP('',(#10374,#10379,#10380));
#10374=ORIENTED_EDGE('',*,*,#10375,.T.);
#10375=EDGE_CURVE('',#9772,#9793,#10376,.T.);
#10376=LINE('',#9773,#10377);
#10377=VECTOR('',#10378,1.);
#10378=DIRECTION('',(0.38729836803,0.223606879466,0.894427156104));
#10379=ORIENTED_EDGE('',*,*,#9792,.F.);
#10380=ORIENTED_EDGE('',*,*,#9778,.F.);
#10381=PLANE('',#10382);
#10382=AXIS2_PLACEMENT_3D('',#10383,#10384,#10385);
#10383=CARTESIAN_POINT('',(1.390060148457,0.6320339332,-2.771428279342));
#10384=DIRECTION('',(0.827754380647,0.342867146616,-0.444145027093));
#10385=DIRECTION('',(0.472804595684,-1.182665076982E-13,0.881167302106));
#10386=ADVANCED_FACE('',(#10387),#10402,.T.);
#10387=FACE_BOUND('',#10388,.T.);
#10388=EDGE_LOOP('',(#10389,#10396,#10397));
#10389=ORIENTED_EDGE('',*,*,#10390,.T.);
#10390=EDGE_CURVE('',#10391,#9714,#10393,.T.);
#10391=VERTEX_POINT('',#10392);
#10392=CARTESIAN_POINT('',(1.007627129555,-1.007627129555,-3.));
#10393=LINE('',#10392,#10394);
#10394=VECTOR('',#10395,1.);
#10395=DIRECTION('',(0.608761423341,0.79335334464,0.));
#10396=ORIENTED_EDGE('',*,*,#9809,.F.);
#10397=ORIENTED_EDGE('',*,*,#10398,.T.);
#10398=EDGE_CURVE('',#9044,#10391,#10399,.T.);
#10399=LINE('',#9045,#10400);
#10400=VECTOR('',#10401,1.);
#10401=DIRECTION('',(-0.68057728378,-0.373812847655,-0.630141663224));
#10402=PLANE('',#10403);
#10403=AXIS2_PLACEMENT_3D('',#10404,#10405,#10406);
#10404=CARTESIAN_POINT('',(1.208856851573,-0.847685560579,-2.874365171376));
#10405=DIRECTION('',(0.710808818376,-0.545422781565,-0.444145036074));
#10406=DIRECTION('',(0.608761423341,0.79335334464,5.034028749407E-13));
#10407=ADVANCED_FACE('',(#10408),#10417,.T.);
#10408=FACE_BOUND('',#10409,.T.);
#10409=EDGE_LOOP('',(#10410,#10411,#10416));
#10410=ORIENTED_EDGE('',*,*,#9828,.F.);
#10411=ORIENTED_EDGE('',*,*,#10412,.T.);
#10412=EDGE_CURVE('',#9824,#10391,#10413,.T.);
#10413=LINE('',#9825,#10414);
#10414=VECTOR('',#10415,1.);
#10415=DIRECTION('',(-0.316227940348,0.316227940348,-0.894427067729));
#10416=ORIENTED_EDGE('',*,*,#10398,.F.);
#10417=PLANE('',#10418);
#10418=AXIS2_PLACEMENT_3D('',#10419,#10420,#10421);
#10419=CARTESIAN_POINT('',(1.179112589358,-0.970271958301,-2.771428282548));
#10420=DIRECTION('',(0.710808863149,-0.545422592512,-0.444145196581));
#10421=DIRECTION('',(0.608761266396,0.793353465068,3.470557174978E-13));
#10422=ADVANCED_FACE('',(#10423),#10430,.T.);
#10423=FACE_BOUND('',#10424,.T.);
#10424=EDGE_LOOP('',(#10425,#10426,#10429));
#10425=ORIENTED_EDGE('',*,*,#9844,.F.);
#10426=ORIENTED_EDGE('',*,*,#10427,.T.);
#10427=EDGE_CURVE('',#9839,#10220,#10428,.T.);
#10428=LINE('',#9840,#4146);
#10429=ORIENTED_EDGE('',*,*,#10227,.F.);
#10430=PLANE('',#10431);
#10431=AXIS2_PLACEMENT_3D('',#10432,#55,#199);
#10432=CARTESIAN_POINT('',(0.936792962681,3.277964607598,9.6858000731E-08));
#10433=ADVANCED_FACE('',(#10434),#10447,.T.);
#10434=FACE_BOUND('',#10435,.T.);
#10435=EDGE_LOOP('',(#10436,#10441,#10442));
#10436=ORIENTED_EDGE('',*,*,#10437,.T.);
#10437=EDGE_CURVE('',#10438,#9839,#10440,.T.);
#10438=VERTEX_POINT('',#10439);
#10439=CARTESIAN_POINT('',(1.131370902061,1.131370902061,-2.64999999851));
#10440=LINE('',#10439,#82);
#10441=ORIENTED_EDGE('',*,*,#9838,.F.);
#10442=ORIENTED_EDGE('',*,*,#10443,.T.);
#10443=EDGE_CURVE('',#9073,#10438,#10444,.T.);
#10444=LINE('',#9074,#10445);
#10445=VECTOR('',#10446,1.);
#10446=DIRECTION('',(-9.478073908268E-02,0.123520716451,-0.987805266288));
#10447=PLANE('',#10448);
#10448=AXIS2_PLACEMENT_3D('',#10449,#4578,#4577);
#10449=CARTESIAN_POINT('',(1.199917237467,1.042039540634,-1.228757749834));
#10450=ADVANCED_FACE('',(#10451),#10458,.T.);
#10451=FACE_BOUND('',#10452,.T.);
#10452=EDGE_LOOP('',(#10453,#10454,#10457));
#10453=ORIENTED_EDGE('',*,*,#9856,.F.);
#10454=ORIENTED_EDGE('',*,*,#10455,.T.);
#10455=EDGE_CURVE('',#9793,#10438,#10456,.T.);
#10456=LINE('',#9794,#9842);
#10457=ORIENTED_EDGE('',*,*,#10443,.F.);
#10458=PLANE('',#10459);
#10459=AXIS2_PLACEMENT_3D('',#10460,#4578,#4577);
#10460=CARTESIAN_POINT('',(1.31709428578,0.889331373348,-1.421242151818));
#10461=ADVANCED_FACE('',(#10462),#10477,.T.);
#10462=FACE_BOUND('',#10463,.T.);
#10463=EDGE_LOOP('',(#10464,#10471,#10472));
#10464=ORIENTED_EDGE('',*,*,#10465,.T.);
#10465=EDGE_CURVE('',#10466,#9868,#10468,.T.);
#10466=VERTEX_POINT('',#10467);
#10467=CARTESIAN_POINT('',(3.5,-4.48038482666,9.6858000731E-08));
#10468=LINE('',#10467,#10469);
#10469=VECTOR('',#10470,1.);
#10470=DIRECTION('',(-0.793353041425,-0.608761818498,0.));
#10471=ORIENTED_EDGE('',*,*,#9875,.F.);
#10472=ORIENTED_EDGE('',*,*,#10473,.T.);
#10473=EDGE_CURVE('',#3070,#10466,#10474,.T.);
#10474=LINE('',#3071,#10475);
#10475=VECTOR('',#10476,1.);
#10476=DIRECTION('',(0.130675525903,-0.99142518978,0.));
#10477=PLANE('',#10478);
#10478=AXIS2_PLACEMENT_3D('',#10479,#55,#199);
#10479=CARTESIAN_POINT('',(2.723683230938,1.147300040288,9.6858000731E-08));
#10480=ADVANCED_FACE('',(#10481),#10490,.T.);
#10481=FACE_BOUND('',#10482,.T.);
#10482=EDGE_LOOP('',(#10483,#10484,#10485));
#10483=ORIENTED_EDGE('',*,*,#9901,.F.);
#10484=ORIENTED_EDGE('',*,*,#9867,.F.);
#10485=ORIENTED_EDGE('',*,*,#10486,.T.);
#10486=EDGE_CURVE('',#9868,#9122,#10487,.T.);
#10487=LINE('',#9869,#10488);
#10488=VECTOR('',#10489,1.);
#10489=DIRECTION('',(-0.130526240107,-0.991444855069,0.));
#10490=PLANE('',#10491);
#10491=AXIS2_PLACEMENT_3D('',#10492,#55,#199);
#10492=CARTESIAN_POINT('',(3.308825292888,-4.931338667934,9.6858000731E-08));
#10493=ADVANCED_FACE('',(#10494),#10501,.T.);
#10494=FACE_BOUND('',#10495,.T.);
#10495=EDGE_LOOP('',(#10496,#10497,#10498));
#10496=ORIENTED_EDGE('',*,*,#9911,.F.);
#10497=ORIENTED_EDGE('',*,*,#10486,.F.);
#10498=ORIENTED_EDGE('',*,*,#10499,.T.);
#10499=EDGE_CURVE('',#9868,#9912,#10500,.T.);
#10500=LINE('',#9869,#345);
#10501=PLANE('',#10502);
#10502=AXIS2_PLACEMENT_3D('',#10503,#55,#199);
#10503=CARTESIAN_POINT('',(3.351367824428,-5.006529450352,9.6858000731E-08));
#10504=ADVANCED_FACE('',(#10505),#10520,.T.);
#10505=FACE_BOUND('',#10506,.T.);
#10506=EDGE_LOOP('',(#10507,#10508,#10515));
#10507=ORIENTED_EDGE('',*,*,#9918,.F.);
#10508=ORIENTED_EDGE('',*,*,#10509,.T.);
#10509=EDGE_CURVE('',#9912,#10510,#10512,.T.);
#10510=VERTEX_POINT('',#10511);
#10511=CARTESIAN_POINT('',(3.5,-5.51961517334,9.6858000731E-08));
#10512=LINE('',#9913,#10513);
#10513=VECTOR('',#10514,1.);
#10514=DIRECTION('',(0.793353041425,-0.608761818498,0.));
#10515=ORIENTED_EDGE('',*,*,#10516,.T.);
#10516=EDGE_CURVE('',#10510,#2846,#10517,.T.);
#10517=LINE('',#10511,#10518);
#10518=VECTOR('',#10519,1.);
#10519=DIRECTION('',(-0.735836918632,-0.677158791701,0.));
#10520=PLANE('',#10521);
#10521=AXIS2_PLACEMENT_3D('',#10522,#55,#199);
#10522=CARTESIAN_POINT('',(2.745819330948,-6.15954000167,9.6858000731E-08));
#10523=ADVANCED_FACE('',(#10524),#10539,.T.);
#10524=FACE_BOUND('',#10525,.T.);
#10525=EDGE_LOOP('',(#10526,#10527,#10534));
#10526=ORIENTED_EDGE('',*,*,#9936,.F.);
#10527=ORIENTED_EDGE('',*,*,#10528,.T.);
#10528=EDGE_CURVE('',#9930,#10529,#10531,.T.);
#10529=VERTEX_POINT('',#10530);
#10530=CARTESIAN_POINT('',(4.379555702209,-4.844708442688,9.6858000731E-08));
#10531=LINE('',#9931,#10532);
#10532=VECTOR('',#10533,1.);
#10533=DIRECTION('',(-0.13052538758,0.991444967306,0.));
#10534=ORIENTED_EDGE('',*,*,#10535,.T.);
#10535=EDGE_CURVE('',#10529,#2622,#10536,.T.);
#10536=LINE('',#10530,#10537);
#10537=VECTOR('',#10538,1.);
#10538=DIRECTION('',(5.27539998839E-02,0.998607538273,0.));
#10539=PLANE('',#10540);
#10540=AXIS2_PLACEMENT_3D('',#10541,#55,#199);
#10541=CARTESIAN_POINT('',(4.692916764799,0.949723232505,9.6858000731E-08));
#10542=ADVANCED_FACE('',(#10543),#10558,.T.);
#10543=FACE_BOUND('',#10544,.T.);
#10544=EDGE_LOOP('',(#10545,#10552,#10557));
#10545=ORIENTED_EDGE('',*,*,#10546,.T.);
#10546=EDGE_CURVE('',#2177,#10547,#10549,.T.);
#10547=VERTEX_POINT('',#10548);
#10548=CARTESIAN_POINT('',(4.379555702209,-5.155291557312,9.6858000731E-08));
#10549=LINE('',#2178,#10550);
#10550=VECTOR('',#10551,1.);
#10551=DIRECTION('',(-0.335059279894,0.942197048901,0.));
#10552=ORIENTED_EDGE('',*,*,#10553,.T.);
#10553=EDGE_CURVE('',#10547,#9930,#10554,.T.);
#10554=LINE('',#10548,#10555);
#10555=VECTOR('',#10556,1.);
#10556=DIRECTION('',(0.13052538758,0.991444967306,0.));
#10557=ORIENTED_EDGE('',*,*,#9929,.F.);
#10558=PLANE('',#10559);
#10559=AXIS2_PLACEMENT_3D('',#10560,#55,#199);
#10560=CARTESIAN_POINT('',(4.683123817354,-5.951785156327,9.6858000731E-08));
#10561=ADVANCED_FACE('',(#10562),#10567,.T.);
#10562=FACE_BOUND('',#10563,.T.);
#10563=EDGE_LOOP('',(#10564,#10565,#10566));
#10564=ORIENTED_EDGE('',*,*,#9948,.F.);
#10565=ORIENTED_EDGE('',*,*,#10256,.F.);
#10566=ORIENTED_EDGE('',*,*,#9965,.F.);
#10567=PLANE('',#10568);
#10568=AXIS2_PLACEMENT_3D('',#10569,#6489,#6490);
#10569=CARTESIAN_POINT('',(-0.260162935664,4.753179660113,-2.857310424856));
#10570=ADVANCED_FACE('',(#10571),#10578,.T.);
#10571=FACE_BOUND('',#10572,.T.);
#10572=EDGE_LOOP('',(#10573,#10574,#10577));
#10573=ORIENTED_EDGE('',*,*,#10253,.F.);
#10574=ORIENTED_EDGE('',*,*,#10575,.T.);
#10575=EDGE_CURVE('',#9603,#9278,#10576,.T.);
#10576=LINE('',#9604,#7750);
#10577=ORIENTED_EDGE('',*,*,#9988,.F.);
#10578=PLANE('',#10579);
#10579=AXIS2_PLACEMENT_3D('',#10580,#4351,#4257);
#10580=CARTESIAN_POINT('',(-6.081073797709E-02,4.608005808859,-1.381138055457));
#10581=ADVANCED_FACE('',(#10582),#10595,.T.);
#10582=FACE_BOUND('',#10583,.T.);
#10583=EDGE_LOOP('',(#10584,#10589,#10590));
#10584=ORIENTED_EDGE('',*,*,#10585,.T.);
#10585=EDGE_CURVE('',#10586,#9294,#10588,.T.);
#10586=VERTEX_POINT('',#10587);
#10587=CARTESIAN_POINT('',(0.800000011921,1.385640621185,-2.64999999851));
#10588=LINE('',#10587,#5267);
#10589=ORIENTED_EDGE('',*,*,#10003,.F.);
#10590=ORIENTED_EDGE('',*,*,#10591,.T.);
#10591=EDGE_CURVE('',#9998,#10586,#10592,.T.);
#10592=LINE('',#9999,#10593);
#10593=VECTOR('',#10594,1.);
#10594=DIRECTION('',(0.143842904073,-5.958169142159E-02,-0.987805264713));
#10595=PLANE('',#10596);
#10596=AXIS2_PLACEMENT_3D('',#10597,#7352,#8232);
#10597=CARTESIAN_POINT('',(0.518139043933,1.502391275843,-1.421242157616));
#10598=ADVANCED_FACE('',(#10599),#10606,.T.);
#10599=FACE_BOUND('',#10600,.T.);
#10600=EDGE_LOOP('',(#10601,#10602,#10603));
#10601=ORIENTED_EDGE('',*,*,#9997,.F.);
#10602=ORIENTED_EDGE('',*,*,#10034,.F.);
#10603=ORIENTED_EDGE('',*,*,#10604,.T.);
#10604=EDGE_CURVE('',#10030,#9998,#10605,.T.);
#10605=LINE('',#10031,#6882);
#10606=PLANE('',#10607);
#10607=AXIS2_PLACEMENT_3D('',#10608,#55,#199);
#10608=CARTESIAN_POINT('',(0.219975394199,3.004065132455,9.6858000731E-08));
#10609=ADVANCED_FACE('',(#10610),#10625,.T.);
#10610=FACE_BOUND('',#10611,.T.);
#10611=EDGE_LOOP('',(#10612,#10619,#10620));
#10612=ORIENTED_EDGE('',*,*,#10613,.T.);
#10613=EDGE_CURVE('',#10614,#9322,#10616,.T.);
#10614=VERTEX_POINT('',#10615);
#10615=CARTESIAN_POINT('',(0.712499976158,1.234086155891,-3.));
#10616=LINE('',#10615,#10617);
#10617=VECTOR('',#10618,1.);
#10618=DIRECTION('',(-0.923879440932,0.382683653456,0.));
#10619=ORIENTED_EDGE('',*,*,#10014,.F.);
#10620=ORIENTED_EDGE('',*,*,#10621,.T.);
#10621=EDGE_CURVE('',#9294,#10614,#10622,.T.);
#10622=LINE('',#9295,#10623);
#10623=VECTOR('',#10624,1.);
#10624=DIRECTION('',(0.537221842807,-0.560637318963,-0.630141641377));
#10625=PLANE('',#10626);
#10626=AXIS2_PLACEMENT_3D('',#10627,#10628,#10629);
#10627=CARTESIAN_POINT('',(0.505926207003,1.387063250178,-2.874365173073));
#10628=DIRECTION('',(0.342867325014,0.827754385867,-0.444144879646));
#10629=DIRECTION('',(-5.592748486549E-14,0.472804471495,0.881167368741));
#10630=ADVANCED_FACE('',(#10631),#10638,.T.);
#10631=FACE_BOUND('',#10632,.T.);
#10632=EDGE_LOOP('',(#10633,#10634,#10635));
#10633=ORIENTED_EDGE('',*,*,#10029,.F.);
#10634=ORIENTED_EDGE('',*,*,#10575,.F.);
#10635=ORIENTED_EDGE('',*,*,#10636,.T.);
#10636=EDGE_CURVE('',#9603,#10030,#10637,.T.);
#10637=LINE('',#9604,#4385);
#10638=PLANE('',#10639);
#10639=AXIS2_PLACEMENT_3D('',#10640,#4390,#4391);
#10640=CARTESIAN_POINT('',(6.081073797709E-02,4.608005808859,-1.268861846195));
#10641=ADVANCED_FACE('',(#10642),#10649,.T.);
#10642=FACE_BOUND('',#10643,.T.);
#10643=EDGE_LOOP('',(#10644,#10645,#10646));
#10644=ORIENTED_EDGE('',*,*,#10054,.F.);
#10645=ORIENTED_EDGE('',*,*,#10045,.F.);
#10646=ORIENTED_EDGE('',*,*,#10647,.T.);
#10647=EDGE_CURVE('',#9322,#10055,#10648,.T.);
#10648=LINE('',#9323,#345);
#10649=PLANE('',#10650);
#10650=AXIS2_PLACEMENT_3D('',#10651,#55,#199);
#10651=CARTESIAN_POINT('',(0.26972170069,-9.909542662616E-02,-3.));
#10652=ADVANCED_FACE('',(#10653),#10662,.T.);
#10653=FACE_BOUND('',#10654,.T.);
#10654=EDGE_LOOP('',(#10655,#10656,#10657));
#10655=ORIENTED_EDGE('',*,*,#10309,.F.);
#10656=ORIENTED_EDGE('',*,*,#10061,.F.);
#10657=ORIENTED_EDGE('',*,*,#10658,.T.);
#10658=EDGE_CURVE('',#10055,#9685,#10659,.T.);
#10659=LINE('',#10056,#10660);
#10660=VECTOR('',#10661,1.);
#10661=DIRECTION('',(0.776303654566,-1.655702841004E-02,0.630141651312));
#10662=PLANE('',#10663);
#10663=AXIS2_PLACEMENT_3D('',#10664,#10665,#10666);
#10664=CARTESIAN_POINT('',(0.536005505772,-1.429836458172,-2.771428277781));
#10665=DIRECTION('',(0.34286717297,-0.827754444269,-0.444144888176));
#10666=DIRECTION('',(-8.584799537914E-14,0.472804452644,-0.881167378856));
#10667=ADVANCED_FACE('',(#10668),#10675,.T.);
#10668=FACE_BOUND('',#10669,.T.);
#10669=EDGE_LOOP('',(#10670,#10673,#10674));
#10670=ORIENTED_EDGE('',*,*,#10671,.T.);
#10671=EDGE_CURVE('',#10293,#10089,#10672,.T.);
#10672=LINE('',#10294,#4792);
#10673=ORIENTED_EDGE('',*,*,#10094,.F.);
#10674=ORIENTED_EDGE('',*,*,#10297,.F.);
#10675=PLANE('',#10676);
#10676=AXIS2_PLACEMENT_3D('',#10677,#55,#199);
#10677=CARTESIAN_POINT('',(0.481945098184,-3.226205062847,9.6858000731E-08));
#10678=ADVANCED_FACE('',(#10679),#10684,.T.);
#10679=FACE_BOUND('',#10680,.T.);
#10680=EDGE_LOOP('',(#10681,#10682,#10683));
#10681=ORIENTED_EDGE('',*,*,#10088,.F.);
#10682=ORIENTED_EDGE('',*,*,#10280,.F.);
#10683=ORIENTED_EDGE('',*,*,#10268,.F.);
#10684=PLANE('',#10685);
#10685=AXIS2_PLACEMENT_3D('',#10686,#4778,#4366);
#10686=CARTESIAN_POINT('',(0.393333405096,-4.697105138175,-1.268861840494));
#10687=ADVANCED_FACE('',(#10688),#10699,.T.);
#10688=FACE_BOUND('',#10689,.T.);
#10689=EDGE_LOOP('',(#10690,#10695,#10696));
#10690=ORIENTED_EDGE('',*,*,#10691,.T.);
#10691=EDGE_CURVE('',#10692,#9469,#10694,.T.);
#10692=VERTEX_POINT('',#10693);
#10693=CARTESIAN_POINT('',(0.700296223164,5.312355995178,-3.));
#10694=LINE('',#10693,#6932);
#10695=ORIENTED_EDGE('',*,*,#10127,.F.);
#10696=ORIENTED_EDGE('',*,*,#10697,.T.);
#10697=EDGE_CURVE('',#9484,#10692,#10698,.T.);
#10698=LINE('',#9485,#345);
#10699=PLANE('',#10700);
#10700=AXIS2_PLACEMENT_3D('',#10701,#55,#199);
#10701=CARTESIAN_POINT('',(0.676222867132,5.410157001611,-3.));
#10702=ADVANCED_FACE('',(#10703),#10712,.T.);
#10703=FACE_BOUND('',#10704,.T.);
#10704=EDGE_LOOP('',(#10705,#10708,#10709));
#10705=ORIENTED_EDGE('',*,*,#10706,.T.);
#10706=EDGE_CURVE('',#10239,#10138,#10707,.T.);
#10707=LINE('',#10240,#4476);
#10708=ORIENTED_EDGE('',*,*,#10137,.F.);
#10709=ORIENTED_EDGE('',*,*,#10710,.T.);
#10710=EDGE_CURVE('',#9469,#10239,#10711,.T.);
#10711=LINE('',#9470,#5576);
#10712=PLANE('',#10713);
#10713=AXIS2_PLACEMENT_3D('',#10714,#5581,#5582);
#10714=CARTESIAN_POINT('',(0.748798939738,5.153019160288,-2.786601812147));
#10715=ADVANCED_FACE('',(#10716),#10729,.T.);
#10716=FACE_BOUND('',#10717,.T.);
#10717=EDGE_LOOP('',(#10718,#10723,#10724));
#10718=ORIENTED_EDGE('',*,*,#10719,.T.);
#10719=EDGE_CURVE('',#10720,#9504,#10722,.T.);
#10720=VERTEX_POINT('',#10721);
#10721=CARTESIAN_POINT('',(0.636396110058,4.863604068756,9.6858000731E-08));
#10722=LINE('',#10721,#54);
#10723=ORIENTED_EDGE('',*,*,#10155,.F.);
#10724=ORIENTED_EDGE('',*,*,#10725,.T.);
#10725=EDGE_CURVE('',#10138,#10720,#10726,.T.);
#10726=LINE('',#10139,#10727);
#10727=VECTOR('',#10728,1.);
#10728=DIRECTION('',(-5.376148205388E-02,-7.006333028037E-02,0.996092783227));
#10729=PLANE('',#10730);
#10730=AXIS2_PLACEMENT_3D('',#10731,#4316,#3833);
#10731=CARTESIAN_POINT('',(0.673734781399,4.912264774571,-1.381138057589));
#10732=ADVANCED_FACE('',(#10733),#10742,.T.);
#10733=FACE_BOUND('',#10734,.T.);
#10734=EDGE_LOOP('',(#10735,#10736,#10737));
#10735=ORIENTED_EDGE('',*,*,#10166,.F.);
#10736=ORIENTED_EDGE('',*,*,#10719,.F.);
#10737=ORIENTED_EDGE('',*,*,#10738,.T.);
#10738=EDGE_CURVE('',#10720,#9523,#10739,.T.);
#10739=LINE('',#10721,#10740);
#10740=VECTOR('',#10741,1.);
#10741=DIRECTION('',(-7.006333019601E-02,-5.376150439359E-02,-0.996092782027));
#10742=PLANE('',#10743);
#10743=AXIS2_PLACEMENT_3D('',#10744,#4284,#4285);
#10744=CARTESIAN_POINT('',(0.587735403925,4.826265381611,-1.381138065859));
#10745=ADVANCED_FACE('',(#10746),#10757,.T.);
#10746=FACE_BOUND('',#10747,.T.);
#10747=EDGE_LOOP('',(#10748,#10749,#10754));
#10748=ORIENTED_EDGE('',*,*,#10177,.F.);
#10749=ORIENTED_EDGE('',*,*,#10750,.T.);
#10750=EDGE_CURVE('',#9523,#10751,#10753,.T.);
#10751=VERTEX_POINT('',#10752);
#10752=CARTESIAN_POINT('',(0.449999988079,4.72057723999,9.6858000731E-08));
#10753=LINE('',#9524,#82);
#10754=ORIENTED_EDGE('',*,*,#10755,.T.);
#10755=EDGE_CURVE('',#10751,#9543,#10756,.T.);
#10756=LINE('',#10752,#4846);
#10757=PLANE('',#10758);
#10758=AXIS2_PLACEMENT_3D('',#10759,#4851,#4852);
#10759=CARTESIAN_POINT('',(0.393333405096,4.697105138175,-1.381138061158));
#10760=ADVANCED_FACE('',(#10761),#10768,.T.);
#10761=FACE_BOUND('',#10762,.T.);
#10762=EDGE_LOOP('',(#10763,#10764,#10767));
#10763=ORIENTED_EDGE('',*,*,#10189,.F.);
#10764=ORIENTED_EDGE('',*,*,#10765,.T.);
#10765=EDGE_CURVE('',#9543,#10030,#10766,.T.);
#10766=LINE('',#9544,#82);
#10767=ORIENTED_EDGE('',*,*,#10636,.F.);
#10768=PLANE('',#10769);
#10769=AXIS2_PLACEMENT_3D('',#10770,#4390,#4391);
#10770=CARTESIAN_POINT('',(0.172126404276,4.622660828562,-1.381138055457));
#10771=ADVANCED_FACE('',(#10772),#10779,.T.);
#10772=FACE_BOUND('',#10773,.T.);
#10773=EDGE_LOOP('',(#10774,#10775,#10778));
#10774=ORIENTED_EDGE('',*,*,#10207,.F.);
#10775=ORIENTED_EDGE('',*,*,#10776,.T.);
#10776=EDGE_CURVE('',#10201,#10692,#10777,.T.);
#10777=LINE('',#10202,#6685);
#10778=ORIENTED_EDGE('',*,*,#10697,.F.);
#10779=PLANE('',#10780);
#10780=AXIS2_PLACEMENT_3D('',#10781,#55,#199);
#10781=CARTESIAN_POINT('',(0.706498704876,5.5,-3.));
#10782=ADVANCED_FACE('',(#10783),#10792,.T.);
#10783=FACE_BOUND('',#10784,.T.);
#10784=EDGE_LOOP('',(#10785,#10786,#10787));
#10785=ORIENTED_EDGE('',*,*,#10776,.F.);
#10786=ORIENTED_EDGE('',*,*,#10200,.F.);
#10787=ORIENTED_EDGE('',*,*,#10788,.T.);
#10788=EDGE_CURVE('',#8817,#10692,#10789,.T.);
#10789=LINE('',#8818,#10790);
#10790=VECTOR('',#10791,1.);
#10791=DIRECTION('',(-0.449264082285,-0.422133837539,-0.787378439871));
#10792=PLANE('',#10793);
#10793=AXIS2_PLACEMENT_3D('',#10794,#7284,#7285);
#10794=CARTESIAN_POINT('',(0.788708031208,5.441993127251,-2.857310447181));
#10795=ADVANCED_FACE('',(#10796),#10809,.T.);
#10796=FACE_BOUND('',#10797,.T.);
#10797=EDGE_LOOP('',(#10798,#10805,#10808));
#10798=ORIENTED_EDGE('',*,*,#10799,.T.);
#10799=EDGE_CURVE('',#10220,#10800,#10802,.T.);
#10800=VERTEX_POINT('',#10801);
#10801=CARTESIAN_POINT('',(0.779422879219,5.050000190735,9.6858000731E-08));
#10802=LINE('',#10221,#10803);
#10803=VECTOR('',#10804,1.);
#10804=DIRECTION('',(-5.615390052058E-03,0.999984233573,0.));
#10805=ORIENTED_EDGE('',*,*,#10806,.T.);
#10806=EDGE_CURVE('',#10800,#9573,#10807,.T.);
#10807=LINE('',#10801,#4326);
#10808=ORIENTED_EDGE('',*,*,#10219,.F.);
#10809=PLANE('',#10810);
#10810=AXIS2_PLACEMENT_3D('',#10811,#55,#199);
#10811=CARTESIAN_POINT('',(0.813185705184,3.330561809755,9.6858000731E-08));
#10812=ADVANCED_FACE('',(#10813),#10822,.T.);
#10813=FACE_BOUND('',#10814,.T.);
#10814=EDGE_LOOP('',(#10815,#10816,#10821));
#10815=ORIENTED_EDGE('',*,*,#10243,.F.);
#10816=ORIENTED_EDGE('',*,*,#10817,.T.);
#10817=EDGE_CURVE('',#10239,#10692,#10818,.T.);
#10818=LINE('',#10240,#10819);
#10819=VECTOR('',#10820,1.);
#10820=DIRECTION('',(-0.431975211331,0.115747387822,-0.894427168085));
#10821=ORIENTED_EDGE('',*,*,#10788,.F.);
#10822=PLANE('',#10823);
#10823=AXIS2_PLACEMENT_3D('',#10824,#6399,#6400);
#10824=CARTESIAN_POINT('',(0.813089485187,5.358645622889,-2.786601748382));
#10825=ADVANCED_FACE('',(#10826),#10835,.T.);
#10826=FACE_BOUND('',#10827,.T.);
#10827=EDGE_LOOP('',(#10828,#10829,#10830));
#10828=ORIENTED_EDGE('',*,*,#10238,.F.);
#10829=ORIENTED_EDGE('',*,*,#10806,.F.);
#10830=ORIENTED_EDGE('',*,*,#10831,.T.);
#10831=EDGE_CURVE('',#10800,#10239,#10832,.T.);
#10832=LINE('',#10801,#10833);
#10833=VECTOR('',#10834,1.);
#10834=DIRECTION('',(3.379588170044E-02,8.159032379814E-02,-0.996092795598));
#10835=PLANE('',#10836);
#10836=AXIS2_PLACEMENT_3D('',#10837,#4907,#4327);
#10837=CARTESIAN_POINT('',(0.845861198161,5.210396182269,-1.268861929336));
#10838=ADVANCED_FACE('',(#10839),#10844,.T.);
#10839=FACE_BOUND('',#10840,.T.);
#10840=EDGE_LOOP('',(#10841,#10842,#10843));
#10841=ORIENTED_EDGE('',*,*,#10671,.F.);
#10842=ORIENTED_EDGE('',*,*,#10331,.F.);
#10843=ORIENTED_EDGE('',*,*,#10283,.F.);
#10844=PLANE('',#10845);
#10845=AXIS2_PLACEMENT_3D('',#10846,#5412,#4990);
#10846=CARTESIAN_POINT('',(0.587735403925,-4.826265381611,-1.268861835793));
#10847=ADVANCED_FACE('',(#10848),#10863,.T.);
#10848=FACE_BOUND('',#10849,.T.);
#10849=EDGE_LOOP('',(#10850,#10851,#10858));
#10850=ORIENTED_EDGE('',*,*,#10320,.F.);
#10851=ORIENTED_EDGE('',*,*,#10852,.T.);
#10852=EDGE_CURVE('',#9685,#10853,#10855,.T.);
#10853=VERTEX_POINT('',#10854);
#10854=CARTESIAN_POINT('',(0.712499976158,-1.234086155891,-3.));
#10855=LINE('',#9686,#10856);
#10856=VECTOR('',#10857,1.);
#10857=DIRECTION('',(-0.223606879466,0.38729836803,-0.894427156104));
#10858=ORIENTED_EDGE('',*,*,#10859,.T.);
#10859=EDGE_CURVE('',#10853,#9824,#10860,.T.);
#10860=LINE('',#10854,#10861);
#10861=VECTOR('',#10862,1.);
#10862=DIRECTION('',(0.754137133715,0.184929013502,0.630141605925));
#10863=PLANE('',#10864);
#10864=AXIS2_PLACEMENT_3D('',#10865,#10866,#10867);
#10865=CARTESIAN_POINT('',(0.887810466265,-1.242387522703,-2.771428283013));
#10866=DIRECTION('',(0.545422638147,-0.710808922622,-0.44414504536));
#10867=DIRECTION('',(-0.793353465068,-0.608761266396,5.355993426548E-13));
#10868=ADVANCED_FACE('',(#10869),#10876,.T.);
#10869=FACE_BOUND('',#10870,.T.);
#10870=EDGE_LOOP('',(#10871,#10872,#10875));
#10871=ORIENTED_EDGE('',*,*,#10390,.F.);
#10872=ORIENTED_EDGE('',*,*,#10873,.T.);
#10873=EDGE_CURVE('',#10391,#9772,#10874,.T.);
#10874=LINE('',#10392,#4642);
#10875=ORIENTED_EDGE('',*,*,#10364,.F.);
#10876=PLANE('',#10877);
#10877=AXIS2_PLACEMENT_3D('',#10878,#55,#199);
#10878=CARTESIAN_POINT('',(1.166539949529,-0.16307096957,-3.));
#10879=ADVANCED_FACE('',(#10880),#10895,.T.);
#10880=FACE_BOUND('',#10881,.T.);
#10881=EDGE_LOOP('',(#10882,#10883,#10890));
#10882=ORIENTED_EDGE('',*,*,#10375,.F.);
#10883=ORIENTED_EDGE('',*,*,#10884,.T.);
#10884=EDGE_CURVE('',#9772,#10885,#10887,.T.);
#10885=VERTEX_POINT('',#10886);
#10886=CARTESIAN_POINT('',(1.007627129555,1.007627129555,-3.));
#10887=LINE('',#9773,#10888);
#10888=VECTOR('',#10889,1.);
#10889=DIRECTION('',(-0.608761423341,0.79335334464,0.));
#10890=ORIENTED_EDGE('',*,*,#10891,.T.);
#10891=EDGE_CURVE('',#10885,#9793,#10892,.T.);
#10892=LINE('',#10886,#10893);
#10893=VECTOR('',#10894,1.);
#10894=DIRECTION('',(0.68057728378,-0.373812847655,0.630141663224));
#10895=PLANE('',#10896);
#10896=AXIS2_PLACEMENT_3D('',#10897,#10898,#10899);
#10897=CARTESIAN_POINT('',(1.208856851573,0.847685560579,-2.874365171376));
#10898=DIRECTION('',(0.710808818376,0.545422781565,-0.444145036074));
#10899=DIRECTION('',(-0.608761423341,0.79335334464,-5.034028749407E-13));
#10900=ADVANCED_FACE('',(#10901),#10910,.T.);
#10901=FACE_BOUND('',#10902,.T.);
#10902=EDGE_LOOP('',(#10903,#10908,#10909));
#10903=ORIENTED_EDGE('',*,*,#10904,.T.);
#10904=EDGE_CURVE('',#10853,#10391,#10905,.T.);
#10905=LINE('',#10854,#10906);
#10906=VECTOR('',#10907,1.);
#10907=DIRECTION('',(0.79335334464,0.608761423341,0.));
#10908=ORIENTED_EDGE('',*,*,#10412,.F.);
#10909=ORIENTED_EDGE('',*,*,#10859,.F.);
#10910=PLANE('',#10911);
#10911=AXIS2_PLACEMENT_3D('',#10912,#10913,#10914);
#10912=CARTESIAN_POINT('',(0.948268917784,-1.131676567661,-2.874365168038));
#10913=DIRECTION('',(0.545422730325,-0.710808751599,-0.444145205866));
#10914=DIRECTION('',(-0.79335334464,-0.608761423341,6.815104036662E-13));
#10915=ADVANCED_FACE('',(#10916),#10925,.T.);
#10916=FACE_BOUND('',#10917,.T.);
#10917=EDGE_LOOP('',(#10918,#10919,#10920));
#10918=ORIENTED_EDGE('',*,*,#10427,.F.);
#10919=ORIENTED_EDGE('',*,*,#10437,.F.);
#10920=ORIENTED_EDGE('',*,*,#10921,.T.);
#10921=EDGE_CURVE('',#10438,#10220,#10922,.T.);
#10922=LINE('',#10439,#10923);
#10923=VECTOR('',#10924,1.);
#10924=DIRECTION('',(-0.123520716451,9.478073908268E-02,0.987805266288));
#10925=PLANE('',#10926);
#10926=AXIS2_PLACEMENT_3D('',#10927,#8247,#9067);
#10927=CARTESIAN_POINT('',(1.042039540634,1.199917237467,-1.228757749834));
#10928=ADVANCED_FACE('',(#10929),#10938,.T.);
#10929=FACE_BOUND('',#10930,.T.);
#10930=EDGE_LOOP('',(#10931,#10936,#10937));
#10931=ORIENTED_EDGE('',*,*,#10932,.T.);
#10932=EDGE_CURVE('',#10885,#10438,#10933,.T.);
#10933=LINE('',#10886,#10934);
#10934=VECTOR('',#10935,1.);
#10935=DIRECTION('',(0.316227940348,0.316227940348,0.894427067729));
#10936=ORIENTED_EDGE('',*,*,#10455,.F.);
#10937=ORIENTED_EDGE('',*,*,#10891,.F.);
#10938=PLANE('',#10939);
#10939=AXIS2_PLACEMENT_3D('',#10940,#10941,#10942);
#10940=CARTESIAN_POINT('',(1.179112589358,0.970271958301,-2.771428282548));
#10941=DIRECTION('',(0.710808863149,0.545422592512,-0.444145196581));
#10942=DIRECTION('',(-0.608761266396,0.793353465068,-3.470557174978E-13));
#10943=ADVANCED_FACE('',(#10944),#10959,.T.);
#10944=FACE_BOUND('',#10945,.T.);
#10945=EDGE_LOOP('',(#10946,#10953,#10954));
#10946=ORIENTED_EDGE('',*,*,#10947,.T.);
#10947=EDGE_CURVE('',#10948,#10466,#10950,.T.);
#10948=VERTEX_POINT('',#10949);
#10949=CARTESIAN_POINT('',(3.644708633423,-4.420444488525,9.6858000731E-08));
#10950=LINE('',#10949,#10951);
#10951=VECTOR('',#10952,1.);
#10952=DIRECTION('',(-0.923879398029,-0.382683757035,0.));
#10953=ORIENTED_EDGE('',*,*,#10473,.F.);
#10954=ORIENTED_EDGE('',*,*,#10955,.T.);
#10955=EDGE_CURVE('',#3070,#10948,#10956,.T.);
#10956=LINE('',#3071,#10957);
#10957=VECTOR('',#10958,1.);
#10958=DIRECTION('',(0.143777063533,-0.989610103021,0.));
#10959=PLANE('',#10960);
#10960=AXIS2_PLACEMENT_3D('',#10961,#55,#199);
#10961=CARTESIAN_POINT('',(2.791451780567,1.186243708484,9.6858000731E-08));
#10962=ADVANCED_FACE('',(#10963),#10972,.T.);
#10963=FACE_BOUND('',#10964,.T.);
#10964=EDGE_LOOP('',(#10965,#10966,#10967));
#10965=ORIENTED_EDGE('',*,*,#10499,.F.);
#10966=ORIENTED_EDGE('',*,*,#10465,.F.);
#10967=ORIENTED_EDGE('',*,*,#10968,.T.);
#10968=EDGE_CURVE('',#10466,#9912,#10969,.T.);
#10969=LINE('',#10467,#10970);
#10970=VECTOR('',#10971,1.);
#10971=DIRECTION('',(-0.130526148122,-0.991444867179,0.));
#10972=PLANE('',#10973);
#10973=AXIS2_PLACEMENT_3D('',#10974,#55,#199);
#10974=CARTESIAN_POINT('',(3.410930950654,-4.939040516411,9.6858000731E-08));
#10975=ADVANCED_FACE('',(#10976),#10983,.T.);
#10976=FACE_BOUND('',#10977,.T.);
#10977=EDGE_LOOP('',(#10978,#10979,#10980));
#10978=ORIENTED_EDGE('',*,*,#10509,.F.);
#10979=ORIENTED_EDGE('',*,*,#10968,.F.);
#10980=ORIENTED_EDGE('',*,*,#10981,.T.);
#10981=EDGE_CURVE('',#10466,#10510,#10982,.T.);
#10982=LINE('',#10467,#345);
#10983=PLANE('',#10984);
#10984=AXIS2_PLACEMENT_3D('',#10985,#55,#199);
#10985=CARTESIAN_POINT('',(3.467929870979,-5.013283874,9.6858000731E-08));
#10986=ADVANCED_FACE('',(#10987),#11002,.T.);
#10987=FACE_BOUND('',#10988,.T.);
#10988=EDGE_LOOP('',(#10989,#10990,#10997));
#10989=ORIENTED_EDGE('',*,*,#10516,.F.);
#10990=ORIENTED_EDGE('',*,*,#10991,.T.);
#10991=EDGE_CURVE('',#10510,#10992,#10994,.T.);
#10992=VERTEX_POINT('',#10993);
#10993=CARTESIAN_POINT('',(3.644708633423,-5.579555511475,9.6858000731E-08));
#10994=LINE('',#10511,#10995);
#10995=VECTOR('',#10996,1.);
#10996=DIRECTION('',(0.923879398029,-0.382683757035,0.));
#10997=ORIENTED_EDGE('',*,*,#10998,.T.);
#10998=EDGE_CURVE('',#10992,#2846,#10999,.T.);
#10999=LINE('',#10993,#11000);
#11000=VECTOR('',#11001,1.);
#11001=DIRECTION('',(-0.779785799247,-0.626046409855,0.));
#11002=PLANE('',#11003);
#11003=AXIS2_PLACEMENT_3D('',#11004,#55,#199);
#11004=CARTESIAN_POINT('',(2.815379840327,-6.200468351372,9.6858000731E-08));
#11005=ADVANCED_FACE('',(#11006),#11013,.T.);
#11006=FACE_BOUND('',#11007,.T.);
#11007=EDGE_LOOP('',(#11008,#11009,#11010));
#11008=ORIENTED_EDGE('',*,*,#10528,.F.);
#11009=ORIENTED_EDGE('',*,*,#10553,.F.);
#11010=ORIENTED_EDGE('',*,*,#11011,.T.);
#11011=EDGE_CURVE('',#10547,#10529,#11012,.T.);
#11012=LINE('',#10548,#189);
#11013=PLANE('',#11014);
#11014=AXIS2_PLACEMENT_3D('',#11015,#55,#199);
#11015=CARTESIAN_POINT('',(4.384688757226,-5.,9.6858000731E-08));
#11016=ADVANCED_FACE('',(#11017),#11028,.T.);
#11017=FACE_BOUND('',#11018,.T.);
#11018=EDGE_LOOP('',(#11019,#11024,#11027));
#11019=ORIENTED_EDGE('',*,*,#11020,.T.);
#11020=EDGE_CURVE('',#10529,#3070,#11021,.T.);
#11021=LINE('',#10530,#11022);
#11022=VECTOR('',#11023,1.);
#11023=DIRECTION('',(-0.198571974361,0.980086307933,0.));
#11024=ORIENTED_EDGE('',*,*,#11025,.T.);
#11025=EDGE_CURVE('',#3070,#2622,#11026,.T.);
#11026=LINE('',#3071,#34);
#11027=ORIENTED_EDGE('',*,*,#10535,.F.);
#11028=PLANE('',#11029);
#11029=AXIS2_PLACEMENT_3D('',#11030,#55,#199);
#11030=CARTESIAN_POINT('',(3.884213925263,1.686364860967,9.6858000731E-08));
#11031=ADVANCED_FACE('',(#11032),#11047,.T.);
#11032=FACE_BOUND('',#11033,.T.);
#11033=EDGE_LOOP('',(#11034,#11041,#11046));
#11034=ORIENTED_EDGE('',*,*,#11035,.T.);
#11035=EDGE_CURVE('',#2177,#11036,#11038,.T.);
#11036=VERTEX_POINT('',#11037);
#11037=CARTESIAN_POINT('',(4.319615364075,-5.300000190735,9.6858000731E-08));
#11038=LINE('',#2178,#11039);
#11039=VECTOR('',#11040,1.);
#11040=DIRECTION('',(-0.391328032455,0.920251254286,0.));
#11041=ORIENTED_EDGE('',*,*,#11042,.T.);
#11042=EDGE_CURVE('',#11036,#10547,#11043,.T.);
#11043=LINE('',#11037,#11044);
#11044=VECTOR('',#11045,1.);
#11045=DIRECTION('',(0.382683757035,0.923879398029,0.));
#11046=ORIENTED_EDGE('',*,*,#10546,.F.);
#11047=PLANE('',#11048);
#11048=AXIS2_PLACEMENT_3D('',#11049,#55,#199);
#11049=CARTESIAN_POINT('',(4.661650884932,-6.027777670167,9.6858000731E-08));
#11050=ADVANCED_FACE('',(#11051),#11061,.T.);
#11051=FACE_BOUND('',#11052,.T.);
#11052=EDGE_LOOP('',(#11053,#11057,#11060));
#11053=ORIENTED_EDGE('',*,*,#11054,.T.);
#11054=EDGE_CURVE('',#9998,#10220,#11055,.T.);
#11055=LINE('',#9999,#11056);
#11056=VECTOR('',#8232,1.);
#11057=ORIENTED_EDGE('',*,*,#11058,.T.);
#11058=EDGE_CURVE('',#10220,#10586,#11059,.T.);
#11059=LINE('',#10221,#54);
#11060=ORIENTED_EDGE('',*,*,#10591,.F.);
#11061=PLANE('',#11062);
#11062=AXIS2_PLACEMENT_3D('',#11063,#7352,#8232);
#11063=CARTESIAN_POINT('',(0.695971449727,1.428730669538,-1.228757744036));
#11064=ADVANCED_FACE('',(#11065),#11074,.T.);
#11065=FACE_BOUND('',#11066,.T.);
#11066=EDGE_LOOP('',(#11067,#11068,#11073));
#11067=ORIENTED_EDGE('',*,*,#10585,.F.);
#11068=ORIENTED_EDGE('',*,*,#11069,.T.);
#11069=EDGE_CURVE('',#10586,#10614,#11070,.T.);
#11070=LINE('',#10587,#11071);
#11071=VECTOR('',#11072,1.);
#11072=DIRECTION('',(-0.223606879466,-0.38729836803,-0.894427156104));
#11073=ORIENTED_EDGE('',*,*,#10621,.F.);
#11074=PLANE('',#11075);
#11075=AXIS2_PLACEMENT_3D('',#11076,#11077,#11078);
#11076=CARTESIAN_POINT('',(0.6320339332,1.390060148457,-2.771428279342));
#11077=DIRECTION('',(0.342867146616,0.827754380647,-0.444145027093));
#11078=DIRECTION('',(-1.182665076982E-13,0.472804595684,0.881167302106));
#11079=ADVANCED_FACE('',(#11080),#11089,.T.);
#11080=FACE_BOUND('',#11081,.T.);
#11081=EDGE_LOOP('',(#11082,#11083,#11086));
#11082=ORIENTED_EDGE('',*,*,#10604,.F.);
#11083=ORIENTED_EDGE('',*,*,#11084,.T.);
#11084=EDGE_CURVE('',#10030,#10751,#11085,.T.);
#11085=LINE('',#10031,#4293);
#11086=ORIENTED_EDGE('',*,*,#11087,.T.);
#11087=EDGE_CURVE('',#10751,#9998,#11088,.T.);
#11088=LINE('',#10752,#6026);
#11089=PLANE('',#11090);
#11090=AXIS2_PLACEMENT_3D('',#11091,#55,#199);
#11091=CARTESIAN_POINT('',(0.377184690635,3.167408962142,9.6858000731E-08));
#11092=ADVANCED_FACE('',(#11093),#11100,.T.);
#11093=FACE_BOUND('',#11094,.T.);
#11094=EDGE_LOOP('',(#11095,#11096,#11097));
#11095=ORIENTED_EDGE('',*,*,#10647,.F.);
#11096=ORIENTED_EDGE('',*,*,#10613,.F.);
#11097=ORIENTED_EDGE('',*,*,#11098,.T.);
#11098=EDGE_CURVE('',#10614,#10055,#11099,.T.);
#11099=LINE('',#10615,#6826);
#11100=PLANE('',#11101);
#11101=AXIS2_PLACEMENT_3D('',#11102,#55,#199);
#11102=CARTESIAN_POINT('',(0.458500730782,5.177882562636E-02,-3.));
#11103=ADVANCED_FACE('',(#11104),#11113,.T.);
#11104=FACE_BOUND('',#11105,.T.);
#11105=EDGE_LOOP('',(#11106,#11111,#11112));
#11106=ORIENTED_EDGE('',*,*,#11107,.T.);
#11107=EDGE_CURVE('',#10055,#10853,#11108,.T.);
#11108=LINE('',#10056,#11109);
#11109=VECTOR('',#11110,1.);
#11110=DIRECTION('',(0.923879440932,0.382683653456,0.));
#11111=ORIENTED_EDGE('',*,*,#10852,.F.);
#11112=ORIENTED_EDGE('',*,*,#10658,.F.);
#11113=PLANE('',#11114);
#11114=AXIS2_PLACEMENT_3D('',#11115,#11116,#11117);
#11115=CARTESIAN_POINT('',(0.623057984842,-1.338545676311,-2.874365172241));
#11116=DIRECTION('',(0.342867295424,-0.827754314431,-0.444145035623));
#11117=DIRECTION('',(-8.185119249049E-14,0.472804632101,-0.881167282565));
#11118=ADVANCED_FACE('',(#11119),#11124,.T.);
#11119=FACE_BOUND('',#11120,.T.);
#11120=EDGE_LOOP('',(#11121,#11122,#11123));
#11121=ORIENTED_EDGE('',*,*,#10691,.F.);
#11122=ORIENTED_EDGE('',*,*,#10817,.F.);
#11123=ORIENTED_EDGE('',*,*,#10710,.F.);
#11124=PLANE('',#11125);
#11125=AXIS2_PLACEMENT_3D('',#11126,#6384,#6385);
#11126=CARTESIAN_POINT('',(0.746820217897,5.239836874268,-2.857310419734));
#11127=ADVANCED_FACE('',(#11128),#11135,.T.);
#11128=FACE_BOUND('',#11129,.T.);
#11129=EDGE_LOOP('',(#11130,#11133,#11134));
#11130=ORIENTED_EDGE('',*,*,#11131,.T.);
#11131=EDGE_CURVE('',#10800,#10138,#11132,.T.);
#11132=LINE('',#10801,#54);
#11133=ORIENTED_EDGE('',*,*,#10706,.F.);
#11134=ORIENTED_EDGE('',*,*,#10831,.F.);
#11135=PLANE('',#11136);
#11136=AXIS2_PLACEMENT_3D('',#11137,#4907,#4327);
#11137=CARTESIAN_POINT('',(0.80289494827,5.106666672498,-1.381137972316));
#11138=ADVANCED_FACE('',(#11139),#11146,.T.);
#11139=FACE_BOUND('',#11140,.T.);
#11140=EDGE_LOOP('',(#11141,#11142,#11145));
#11141=ORIENTED_EDGE('',*,*,#11131,.F.);
#11142=ORIENTED_EDGE('',*,*,#11143,.T.);
#11143=EDGE_CURVE('',#10800,#10720,#11144,.T.);
#11144=LINE('',#10801,#5076);
#11145=ORIENTED_EDGE('',*,*,#10725,.F.);
#11146=PLANE('',#11147);
#11147=AXIS2_PLACEMENT_3D('',#11148,#4316,#3833);
#11148=CARTESIAN_POINT('',(0.742084207878,5.001339484919,-1.268861844063));
#11149=ADVANCED_FACE('',(#11150),#11157,.T.);
#11150=FACE_BOUND('',#11151,.T.);
#11151=EDGE_LOOP('',(#11152,#11155,#11156));
#11152=ORIENTED_EDGE('',*,*,#11153,.T.);
#11153=EDGE_CURVE('',#10720,#10751,#11154,.T.);
#11154=LINE('',#10721,#5804);
#11155=ORIENTED_EDGE('',*,*,#10750,.F.);
#11156=ORIENTED_EDGE('',*,*,#10738,.F.);
#11157=PLANE('',#11158);
#11158=AXIS2_PLACEMENT_3D('',#11159,#4284,#4285);
#11159=CARTESIAN_POINT('',(0.498660694212,4.757915927135,-1.268861835793));
#11160=ADVANCED_FACE('',(#11161),#11166,.T.);
#11161=FACE_BOUND('',#11162,.T.);
#11162=EDGE_LOOP('',(#11163,#11164,#11165));
#11163=ORIENTED_EDGE('',*,*,#11084,.F.);
#11164=ORIENTED_EDGE('',*,*,#10765,.F.);
#11165=ORIENTED_EDGE('',*,*,#10755,.F.);
#11166=PLANE('',#11167);
#11167=AXIS2_PLACEMENT_3D('',#11168,#4851,#4852);
#11168=CARTESIAN_POINT('',(0.289603725236,4.654138834603,-1.268861840494));
#11169=ADVANCED_FACE('',(#11170),#11179,.T.);
#11170=FACE_BOUND('',#11171,.T.);
#11171=EDGE_LOOP('',(#11172,#11173,#11178));
#11172=ORIENTED_EDGE('',*,*,#11054,.F.);
#11173=ORIENTED_EDGE('',*,*,#11174,.T.);
#11174=EDGE_CURVE('',#9998,#10800,#11175,.T.);
#11175=LINE('',#9999,#11176);
#11176=VECTOR('',#11177,1.);
#11177=DIRECTION('',(0.103678618441,0.994610850573,0.));
#11178=ORIENTED_EDGE('',*,*,#10799,.F.);
#11179=PLANE('',#11180);
#11180=AXIS2_PLACEMENT_3D('',#11181,#55,#199);
#11181=CARTESIAN_POINT('',(0.690293383614,3.158615353735,9.6858000731E-08));
#11182=ADVANCED_FACE('',(#11183),#11190,.T.);
#11183=FACE_BOUND('',#11184,.T.);
#11184=EDGE_LOOP('',(#11185,#11188,#11189));
#11185=ORIENTED_EDGE('',*,*,#11186,.T.);
#11186=EDGE_CURVE('',#10391,#10885,#11187,.T.);
#11187=LINE('',#10392,#189);
#11188=ORIENTED_EDGE('',*,*,#10884,.F.);
#11189=ORIENTED_EDGE('',*,*,#10873,.F.);
#11190=PLANE('',#11191);
#11191=AXIS2_PLACEMENT_3D('',#11192,#55,#199);
#11192=CARTESIAN_POINT('',(1.065501508255,1.550739287208E-02,-3.));
#11193=ADVANCED_FACE('',(#11194),#11203,.T.);
#11194=FACE_BOUND('',#11195,.T.);
#11195=EDGE_LOOP('',(#11196,#11197,#11202));
#11196=ORIENTED_EDGE('',*,*,#10904,.F.);
#11197=ORIENTED_EDGE('',*,*,#11198,.T.);
#11198=EDGE_CURVE('',#10853,#10885,#11199,.T.);
#11199=LINE('',#10854,#11200);
#11200=VECTOR('',#11201,1.);
#11201=DIRECTION('',(0.130526192434,0.991444861346,0.));
#11202=ORIENTED_EDGE('',*,*,#11186,.F.);
#11203=PLANE('',#11204);
#11204=AXIS2_PLACEMENT_3D('',#11205,#55,#199);
#11205=CARTESIAN_POINT('',(0.924039077961,-0.144778751036,-3.));
#11206=ADVANCED_FACE('',(#11207),#11214,.T.);
#11207=FACE_BOUND('',#11208,.T.);
#11208=EDGE_LOOP('',(#11209,#11212,#11213));
#11209=ORIENTED_EDGE('',*,*,#11210,.T.);
#11210=EDGE_CURVE('',#10438,#10586,#11211,.T.);
#11211=LINE('',#10439,#4146);
#11212=ORIENTED_EDGE('',*,*,#11058,.F.);
#11213=ORIENTED_EDGE('',*,*,#10921,.F.);
#11214=PLANE('',#11215);
#11215=AXIS2_PLACEMENT_3D('',#11216,#8247,#9067);
#11216=CARTESIAN_POINT('',(0.889331373348,1.31709428578,-1.421242151818));
#11217=ADVANCED_FACE('',(#11218),#11227,.T.);
#11218=FACE_BOUND('',#11219,.T.);
#11219=EDGE_LOOP('',(#11220,#11221,#11222));
#11220=ORIENTED_EDGE('',*,*,#11210,.F.);
#11221=ORIENTED_EDGE('',*,*,#10932,.F.);
#11222=ORIENTED_EDGE('',*,*,#11223,.T.);
#11223=EDGE_CURVE('',#10885,#10586,#11224,.T.);
#11224=LINE('',#10886,#11225);
#11225=VECTOR('',#11226,1.);
#11226=DIRECTION('',(-0.373812847655,0.68057728378,0.630141663224));
#11227=PLANE('',#11228);
#11228=AXIS2_PLACEMENT_3D('',#11229,#11230,#11231);
#11229=CARTESIAN_POINT('',(0.970271958301,1.179112589358,-2.771428282548));
#11230=DIRECTION('',(0.545422592512,0.710808863149,-0.444145196581));
#11231=DIRECTION('',(0.793353465068,-0.608761266396,-3.470557174978E-13));
#11232=ADVANCED_FACE('',(#11233),#11248,.T.);
#11233=FACE_BOUND('',#11234,.T.);
#11234=EDGE_LOOP('',(#11235,#11242,#11243));
#11235=ORIENTED_EDGE('',*,*,#11236,.T.);
#11236=EDGE_CURVE('',#11237,#10948,#11239,.T.);
#11237=VERTEX_POINT('',#11238);
#11238=CARTESIAN_POINT('',(3.799999952316,-4.400000095367,9.6858000731E-08));
#11239=LINE('',#11238,#11240);
#11240=VECTOR('',#11241,1.);
#11241=DIRECTION('',(-0.991444941373,-0.130525584562,0.));
#11242=ORIENTED_EDGE('',*,*,#10955,.F.);
#11243=ORIENTED_EDGE('',*,*,#11244,.T.);
#11244=EDGE_CURVE('',#3070,#11237,#11245,.T.);
#11245=LINE('',#3071,#11246);
#11246=VECTOR('',#11247,1.);
#11247=DIRECTION('',(0.157308758221,-0.987549469438,0.));
#11248=PLANE('',#11249);
#11249=AXIS2_PLACEMENT_3D('',#11250,#55,#199);
#11250=CARTESIAN_POINT('',(2.867037375457,1.206442155747,9.6858000731E-08));
#11251=ADVANCED_FACE('',(#11252),#11263,.T.);
#11252=FACE_BOUND('',#11253,.T.);
#11253=EDGE_LOOP('',(#11254,#11259,#11260));
#11254=ORIENTED_EDGE('',*,*,#11255,.T.);
#11255=EDGE_CURVE('',#10992,#10466,#11256,.T.);
#11256=LINE('',#10993,#11257);
#11257=VECTOR('',#11258,1.);
#11258=DIRECTION('',(-0.13052625206,0.991444853496,0.));
#11259=ORIENTED_EDGE('',*,*,#10947,.F.);
#11260=ORIENTED_EDGE('',*,*,#11261,.T.);
#11261=EDGE_CURVE('',#10948,#10992,#11262,.T.);
#11262=LINE('',#10949,#345);
#11263=PLANE('',#11264);
#11264=AXIS2_PLACEMENT_3D('',#11265,#55,#199);
#11265=CARTESIAN_POINT('',(3.606947105631,-4.978198382131,9.6858000731E-08));
#11266=ADVANCED_FACE('',(#11267),#11272,.T.);
#11267=FACE_BOUND('',#11268,.T.);
#11268=EDGE_LOOP('',(#11269,#11270,#11271));
#11269=ORIENTED_EDGE('',*,*,#10991,.F.);
#11270=ORIENTED_EDGE('',*,*,#10981,.F.);
#11271=ORIENTED_EDGE('',*,*,#11255,.F.);
#11272=PLANE('',#11273);
#11273=AXIS2_PLACEMENT_3D('',#11274,#55,#199);
#11274=CARTESIAN_POINT('',(3.539725877362,-5.051771786937,9.6858000731E-08));
#11275=ADVANCED_FACE('',(#11276),#11291,.T.);
#11276=FACE_BOUND('',#11277,.T.);
#11277=EDGE_LOOP('',(#11278,#11279,#11286));
#11278=ORIENTED_EDGE('',*,*,#10998,.F.);
#11279=ORIENTED_EDGE('',*,*,#11280,.T.);
#11280=EDGE_CURVE('',#10992,#11281,#11283,.T.);
#11281=VERTEX_POINT('',#11282);
#11282=CARTESIAN_POINT('',(3.799999952316,-5.599999904633,9.6858000731E-08));
#11283=LINE('',#10993,#11284);
#11284=VECTOR('',#11285,1.);
#11285=DIRECTION('',(0.991444941373,-0.130525584562,0.));
#11286=ORIENTED_EDGE('',*,*,#11287,.T.);
#11287=EDGE_CURVE('',#11281,#2846,#11288,.T.);
#11288=LINE('',#11282,#11289);
#11289=VECTOR('',#11290,1.);
#11290=DIRECTION('',(-0.810679180265,-0.585490620493,0.));
#11291=PLANE('',#11292);
#11292=AXIS2_PLACEMENT_3D('',#11293,#55,#199);
#11293=CARTESIAN_POINT('',(2.892206640745,-6.222142855455,9.6858000731E-08));
#11294=ADVANCED_FACE('',(#11295),#11304,.T.);
#11295=FACE_BOUND('',#11296,.T.);
#11296=EDGE_LOOP('',(#11297,#11298,#11303));
#11297=ORIENTED_EDGE('',*,*,#11042,.F.);
#11298=ORIENTED_EDGE('',*,*,#11299,.T.);
#11299=EDGE_CURVE('',#11036,#10529,#11300,.T.);
#11300=LINE('',#11037,#11301);
#11301=VECTOR('',#11302,1.);
#11302=DIRECTION('',(0.130526282921,0.991444849433,0.));
#11303=ORIENTED_EDGE('',*,*,#11011,.F.);
#11304=PLANE('',#11305);
#11305=AXIS2_PLACEMENT_3D('',#11306,#55,#199);
#11306=CARTESIAN_POINT('',(4.359632894947,-5.074352863069,9.6858000731E-08));
#11307=ADVANCED_FACE('',(#11308),#11323,.T.);
#11308=FACE_BOUND('',#11309,.T.);
#11309=EDGE_LOOP('',(#11310,#11317,#11322));
#11310=ORIENTED_EDGE('',*,*,#11311,.T.);
#11311=EDGE_CURVE('',#10529,#11312,#11314,.T.);
#11312=VERTEX_POINT('',#11313);
#11313=CARTESIAN_POINT('',(4.319615364075,-4.699999809265,9.6858000731E-08));
#11314=LINE('',#10530,#11315);
#11315=VECTOR('',#11316,1.);
#11316=DIRECTION('',(-0.382683757035,0.923879398029,0.));
#11317=ORIENTED_EDGE('',*,*,#11318,.T.);
#11318=EDGE_CURVE('',#11312,#3070,#11319,.T.);
#11319=LINE('',#11313,#11320);
#11320=VECTOR('',#11321,1.);
#11321=DIRECTION('',(-0.196084872583,0.980586927684,0.));
#11322=ORIENTED_EDGE('',*,*,#11020,.F.);
#11323=PLANE('',#11324);
#11324=AXIS2_PLACEMENT_3D('',#11325,#55,#199);
#11325=CARTESIAN_POINT('',(3.182565632178,1.025454028035,9.6858000731E-08));
#11326=ADVANCED_FACE('',(#11327),#11342,.T.);
#11327=FACE_BOUND('',#11328,.T.);
#11328=EDGE_LOOP('',(#11329,#11336,#11341));
#11329=ORIENTED_EDGE('',*,*,#11330,.T.);
#11330=EDGE_CURVE('',#2177,#11331,#11333,.T.);
#11331=VERTEX_POINT('',#11332);
#11332=CARTESIAN_POINT('',(4.224264144897,-5.424263954163,9.6858000731E-08));
#11333=LINE('',#2178,#11334);
#11334=VECTOR('',#11335,1.);
#11335=DIRECTION('',(-0.465291997093,0.885157250121,0.));
#11336=ORIENTED_EDGE('',*,*,#11337,.T.);
#11337=EDGE_CURVE('',#11331,#11036,#11338,.T.);
#11338=LINE('',#11332,#11339);
#11339=VECTOR('',#11340,1.);
#11340=DIRECTION('',(0.608762553648,0.793352477324,0.));
#11341=ORIENTED_EDGE('',*,*,#11035,.F.);
#11342=PLANE('',#11343);
#11343=AXIS2_PLACEMENT_3D('',#11344,#55,#199);
#11344=CARTESIAN_POINT('',(4.620442757691,-6.096635427606,9.6858000731E-08));
#11345=ADVANCED_FACE('',(#11346),#11355,.T.);
#11346=FACE_BOUND('',#11347,.T.);
#11347=EDGE_LOOP('',(#11348,#11353,#11354));
#11348=ORIENTED_EDGE('',*,*,#11349,.T.);
#11349=EDGE_CURVE('',#10885,#10614,#11350,.T.);
#11350=LINE('',#10886,#11351);
#11351=VECTOR('',#11352,1.);
#11352=DIRECTION('',(-0.79335334464,0.608761423341,0.));
#11353=ORIENTED_EDGE('',*,*,#11069,.F.);
#11354=ORIENTED_EDGE('',*,*,#11223,.F.);
#11355=PLANE('',#11356);
#11356=AXIS2_PLACEMENT_3D('',#11357,#11358,#11359);
#11357=CARTESIAN_POINT('',(0.847685560579,1.208856851573,-2.874365171376));
#11358=DIRECTION('',(0.545422781565,0.710808818376,-0.444145036074));
#11359=DIRECTION('',(0.79335334464,-0.608761423341,-5.034028749407E-13));
#11360=ADVANCED_FACE('',(#11361),#11370,.T.);
#11361=FACE_BOUND('',#11362,.T.);
#11362=EDGE_LOOP('',(#11363,#11364,#11365));
#11363=ORIENTED_EDGE('',*,*,#11087,.F.);
#11364=ORIENTED_EDGE('',*,*,#11153,.F.);
#11365=ORIENTED_EDGE('',*,*,#11366,.T.);
#11366=EDGE_CURVE('',#10720,#9998,#11367,.T.);
#11367=LINE('',#10721,#11368);
#11368=VECTOR('',#11369,1.);
#11369=DIRECTION('',(-6.68415626128E-02,-0.997763602016,0.));
#11370=PLANE('',#11371);
#11371=AXIS2_PLACEMENT_3D('',#11372,#55,#199);
#11372=CARTESIAN_POINT('',(0.481945098184,3.226205062847,9.6858000731E-08));
#11373=ADVANCED_FACE('',(#11374),#11381,.T.);
#11374=FACE_BOUND('',#11375,.T.);
#11375=EDGE_LOOP('',(#11376,#11377,#11378));
#11376=ORIENTED_EDGE('',*,*,#11107,.F.);
#11377=ORIENTED_EDGE('',*,*,#11098,.F.);
#11378=ORIENTED_EDGE('',*,*,#11379,.T.);
#11379=EDGE_CURVE('',#10614,#10853,#11380,.T.);
#11380=LINE('',#10615,#345);
#11381=PLANE('',#11382);
#11382=AXIS2_PLACEMENT_3D('',#11383,#55,#199);
#11383=CARTESIAN_POINT('',(0.618151072264,-0.122957917557,-3.));
#11384=ADVANCED_FACE('',(#11385),#11390,.T.);
#11385=FACE_BOUND('',#11386,.T.);
#11386=EDGE_LOOP('',(#11387,#11388,#11389));
#11387=ORIENTED_EDGE('',*,*,#11366,.F.);
#11388=ORIENTED_EDGE('',*,*,#11143,.F.);
#11389=ORIENTED_EDGE('',*,*,#11174,.F.);
#11390=PLANE('',#11391);
#11391=AXIS2_PLACEMENT_3D('',#11392,#55,#199);
#11392=CARTESIAN_POINT('',(0.566881174796,3.309013464446,9.6858000731E-08));
#11393=ADVANCED_FACE('',(#11394),#11399,.T.);
#11394=FACE_BOUND('',#11395,.T.);
#11395=EDGE_LOOP('',(#11396,#11397,#11398));
#11396=ORIENTED_EDGE('',*,*,#11379,.F.);
#11397=ORIENTED_EDGE('',*,*,#11349,.F.);
#11398=ORIENTED_EDGE('',*,*,#11198,.F.);
#11399=PLANE('',#11400);
#11400=AXIS2_PLACEMENT_3D('',#11401,#55,#199);
#11401=CARTESIAN_POINT('',(0.788666573354,3.154923786734E-02,-3.));
#11402=ADVANCED_FACE('',(#11403),#11418,.T.);
#11403=FACE_BOUND('',#11404,.T.);
#11404=EDGE_LOOP('',(#11405,#11412,#11413));
#11405=ORIENTED_EDGE('',*,*,#11406,.T.);
#11406=EDGE_CURVE('',#11407,#11237,#11409,.T.);
#11407=VERTEX_POINT('',#11408);
#11408=CARTESIAN_POINT('',(3.955291509628,-4.420444488525,9.6858000731E-08));
#11409=LINE('',#11408,#11410);
#11410=VECTOR('',#11411,1.);
#11411=DIRECTION('',(-0.991444967306,0.13052538758,0.));
#11412=ORIENTED_EDGE('',*,*,#11244,.F.);
#11413=ORIENTED_EDGE('',*,*,#11414,.T.);
#11414=EDGE_CURVE('',#3070,#11407,#11415,.T.);
#11415=LINE('',#3071,#11416);
#11416=VECTOR('',#11417,1.);
#11417=DIRECTION('',(0.170201993228,-0.985409194955,0.));
#11418=PLANE('',#11419);
#11419=AXIS2_PLACEMENT_3D('',#11420,#55,#199);
#11420=CARTESIAN_POINT('',(2.945268854616,1.206512513096,9.6858000731E-08));
#11421=ADVANCED_FACE('',(#11422),#11437,.T.);
#11422=FACE_BOUND('',#11423,.T.);
#11423=EDGE_LOOP('',(#11424,#11431,#11432));
#11424=ORIENTED_EDGE('',*,*,#11425,.T.);
#11425=EDGE_CURVE('',#11426,#10948,#11428,.T.);
#11426=VERTEX_POINT('',#11427);
#11427=CARTESIAN_POINT('',(3.700000047684,-4.599999904633,9.6858000731E-08));
#11428=LINE('',#11427,#11429);
#11429=VECTOR('',#11430,1.);
#11430=DIRECTION('',(-0.294297809571,0.955713764305,0.));
#11431=ORIENTED_EDGE('',*,*,#11236,.F.);
#11432=ORIENTED_EDGE('',*,*,#11433,.T.);
#11433=EDGE_CURVE('',#11237,#11426,#11434,.T.);
#11434=LINE('',#11238,#11435);
#11435=VECTOR('',#11436,1.);
#11436=DIRECTION('',(-0.4472135955,-0.894427191,0.));
#11437=PLANE('',#11438);
#11438=AXIS2_PLACEMENT_3D('',#11439,#55,#199);
#11439=CARTESIAN_POINT('',(3.7167004676,-4.478628399415,9.6858000731E-08));
#11440=ADVANCED_FACE('',(#11441),#11450,.T.);
#11441=FACE_BOUND('',#11442,.T.);
#11442=EDGE_LOOP('',(#11443,#11444,#11445));
#11443=ORIENTED_EDGE('',*,*,#11261,.F.);
#11444=ORIENTED_EDGE('',*,*,#11425,.F.);
#11445=ORIENTED_EDGE('',*,*,#11446,.T.);
#11446=EDGE_CURVE('',#11426,#10992,#11447,.T.);
#11447=LINE('',#11427,#11448);
#11448=VECTOR('',#11449,1.);
#11449=DIRECTION('',(-5.635570074024E-02,-0.998410754647,0.));
#11450=PLANE('',#11451);
#11451=AXIS2_PLACEMENT_3D('',#11452,#55,#199);
#11452=CARTESIAN_POINT('',(3.658590145702,-4.998309730893,9.6858000731E-08));
#11453=ADVANCED_FACE('',(#11454),#11469,.T.);
#11454=FACE_BOUND('',#11455,.T.);
#11455=EDGE_LOOP('',(#11456,#11457,#11464));
#11456=ORIENTED_EDGE('',*,*,#11280,.F.);
#11457=ORIENTED_EDGE('',*,*,#11458,.T.);
#11458=EDGE_CURVE('',#10992,#11459,#11461,.T.);
#11459=VERTEX_POINT('',#11460);
#11460=CARTESIAN_POINT('',(3.700000047684,-5.400000095367,9.6858000731E-08));
#11461=LINE('',#10993,#11462);
#11462=VECTOR('',#11463,1.);
#11463=DIRECTION('',(0.294297809571,0.955713764305,0.));
#11464=ORIENTED_EDGE('',*,*,#11465,.T.);
#11465=EDGE_CURVE('',#11459,#11281,#11466,.T.);
#11466=LINE('',#11460,#11467);
#11467=VECTOR('',#11468,1.);
#11468=DIRECTION('',(0.4472135955,-0.894427191,0.));
#11469=PLANE('',#11470);
#11470=AXIS2_PLACEMENT_3D('',#11471,#55,#199);
#11471=CARTESIAN_POINT('',(3.7167004676,-5.521371600585,9.6858000731E-08));
#11472=ADVANCED_FACE('',(#11473),#11488,.T.);
#11473=FACE_BOUND('',#11474,.T.);
#11474=EDGE_LOOP('',(#11475,#11476,#11483));
#11475=ORIENTED_EDGE('',*,*,#11287,.F.);
#11476=ORIENTED_EDGE('',*,*,#11477,.T.);
#11477=EDGE_CURVE('',#11281,#11478,#11480,.T.);
#11478=VERTEX_POINT('',#11479);
#11479=CARTESIAN_POINT('',(3.955291509628,-5.579555511475,9.6858000731E-08));
#11480=LINE('',#11282,#11481);
#11481=VECTOR('',#11482,1.);
#11482=DIRECTION('',(0.991444967306,0.13052538758,0.));
#11483=ORIENTED_EDGE('',*,*,#11484,.T.);
#11484=EDGE_CURVE('',#11478,#2846,#11485,.T.);
#11485=LINE('',#11479,#11486);
#11486=VECTOR('',#11487,1.);
#11487=DIRECTION('',(-0.828726245382,-0.559654188062,0.));
#11488=PLANE('',#11489);
#11489=AXIS2_PLACEMENT_3D('',#11490,#55,#199);
#11490=CARTESIAN_POINT('',(2.971009212196,-6.223074442638,9.6858000731E-08));
#11491=ADVANCED_FACE('',(#11492),#11499,.T.);
#11492=FACE_BOUND('',#11493,.T.);
#11493=EDGE_LOOP('',(#11494,#11497,#11498));
#11494=ORIENTED_EDGE('',*,*,#11495,.T.);
#11495=EDGE_CURVE('',#11036,#11312,#11496,.T.);
#11496=LINE('',#11037,#189);
#11497=ORIENTED_EDGE('',*,*,#11311,.F.);
#11498=ORIENTED_EDGE('',*,*,#11299,.F.);
#11499=PLANE('',#11500);
#11500=AXIS2_PLACEMENT_3D('',#11501,#55,#199);
#11501=CARTESIAN_POINT('',(4.334795815546,-4.998001453642,9.6858000731E-08));
#11502=ADVANCED_FACE('',(#11503),#11518,.T.);
#11503=FACE_BOUND('',#11504,.T.);
#11504=EDGE_LOOP('',(#11505,#11512,#11517));
#11505=ORIENTED_EDGE('',*,*,#11506,.T.);
#11506=EDGE_CURVE('',#11312,#11507,#11509,.T.);
#11507=VERTEX_POINT('',#11508);
#11508=CARTESIAN_POINT('',(4.224264144897,-4.575736045837,9.6858000731E-08));
#11509=LINE('',#11313,#11510);
#11510=VECTOR('',#11511,1.);
#11511=DIRECTION('',(-0.608762553648,0.793352477324,0.));
#11512=ORIENTED_EDGE('',*,*,#11513,.T.);
#11513=EDGE_CURVE('',#11507,#3070,#11514,.T.);
#11514=LINE('',#11508,#11515);
#11515=VECTOR('',#11516,1.);
#11516=DIRECTION('',(-0.190281970184,0.98172947996,0.));
#11517=ORIENTED_EDGE('',*,*,#11318,.F.);
#11518=PLANE('',#11519);
#11519=AXIS2_PLACEMENT_3D('',#11520,#55,#199);
#11520=CARTESIAN_POINT('',(3.143626449212,1.092716239666,9.6858000731E-08));
#11521=ADVANCED_FACE('',(#11522),#11531,.T.);
#11522=FACE_BOUND('',#11523,.T.);
#11523=EDGE_LOOP('',(#11524,#11525,#11530));
#11524=ORIENTED_EDGE('',*,*,#11337,.F.);
#11525=ORIENTED_EDGE('',*,*,#11526,.T.);
#11526=EDGE_CURVE('',#11331,#11312,#11527,.T.);
#11527=LINE('',#11332,#11528);
#11528=VECTOR('',#11529,1.);
#11529=DIRECTION('',(0.130526240107,0.991444855069,0.));
#11530=ORIENTED_EDGE('',*,*,#11495,.F.);
#11531=PLANE('',#11532);
#11532=AXIS2_PLACEMENT_3D('',#11533,#55,#199);
#11533=CARTESIAN_POINT('',(4.291174850164,-5.068661332066,9.6858000731E-08));
#11534=ADVANCED_FACE('',(#11535),#11550,.T.);
#11535=FACE_BOUND('',#11536,.T.);
#11536=EDGE_LOOP('',(#11537,#11544,#11549));
#11537=ORIENTED_EDGE('',*,*,#11538,.T.);
#11538=EDGE_CURVE('',#2177,#11539,#11541,.T.);
#11539=VERTEX_POINT('',#11540);
#11540=CARTESIAN_POINT('',(4.099999904633,-5.51961517334,9.6858000731E-08));
#11541=LINE('',#2178,#11542);
#11542=VECTOR('',#11543,1.);
#11543=DIRECTION('',(-0.546160936178,0.837680268237,0.));
#11544=ORIENTED_EDGE('',*,*,#11545,.T.);
#11545=EDGE_CURVE('',#11539,#11331,#11546,.T.);
#11546=LINE('',#11540,#11547);
#11547=VECTOR('',#11548,1.);
#11548=DIRECTION('',(0.793353605524,0.60876108335,0.));
#11549=ORIENTED_EDGE('',*,*,#11330,.F.);
#11550=PLANE('',#11551);
#11551=AXIS2_PLACEMENT_3D('',#11552,#55,#199);
#11552=CARTESIAN_POINT('',(4.562338126157,-6.153622382471,9.6858000731E-08));
#11553=ADVANCED_FACE('',(#11554),#11569,.T.);
#11554=FACE_BOUND('',#11555,.T.);
#11555=EDGE_LOOP('',(#11556,#11563,#11564));
#11556=ORIENTED_EDGE('',*,*,#11557,.T.);
#11557=EDGE_CURVE('',#11558,#11407,#11560,.T.);
#11558=VERTEX_POINT('',#11559);
#11559=CARTESIAN_POINT('',(4.099999904633,-4.48038482666,9.6858000731E-08));
#11560=LINE('',#11559,#11561);
#11561=VECTOR('',#11562,1.);
#11562=DIRECTION('',(-0.923879175112,0.382684295201,0.));
#11563=ORIENTED_EDGE('',*,*,#11414,.F.);
#11564=ORIENTED_EDGE('',*,*,#11565,.T.);
#11565=EDGE_CURVE('',#3070,#11558,#11566,.T.);
#11566=LINE('',#3071,#11567);
#11567=VECTOR('',#11568,1.);
#11568=DIRECTION('',(0.181464397028,-0.983397515052,0.));
#11569=PLANE('',#11570);
#11570=AXIS2_PLACEMENT_3D('',#11571,#55,#199);
#11571=CARTESIAN_POINT('',(3.020794045294,1.186451311773,9.6858000731E-08));
#11572=ADVANCED_FACE('',(#11573),#11588,.T.);
#11573=FACE_BOUND('',#11574,.T.);
#11574=EDGE_LOOP('',(#11575,#11582,#11583));
#11575=ORIENTED_EDGE('',*,*,#11576,.T.);
#11576=EDGE_CURVE('',#11577,#11237,#11579,.T.);
#11577=VERTEX_POINT('',#11578);
#11578=CARTESIAN_POINT('',(3.900000095367,-4.599999904633,9.6858000731E-08));
#11579=LINE('',#11578,#11580);
#11580=VECTOR('',#11581,1.);
#11581=DIRECTION('',(-0.447214448492,0.894426764503,0.));
#11582=ORIENTED_EDGE('',*,*,#11406,.F.);
#11583=ORIENTED_EDGE('',*,*,#11584,.T.);
#11584=EDGE_CURVE('',#11407,#11577,#11585,.T.);
#11585=LINE('',#11408,#11586);
#11586=VECTOR('',#11587,1.);
#11587=DIRECTION('',(-0.294297809571,-0.955713764305,0.));
#11588=PLANE('',#11589);
#11589=AXIS2_PLACEMENT_3D('',#11590,#55,#199);
#11590=CARTESIAN_POINT('',(3.883299587063,-4.478628374964,9.6858000731E-08));
#11591=ADVANCED_FACE('',(#11592),#11599,.T.);
#11592=FACE_BOUND('',#11593,.T.);
#11593=EDGE_LOOP('',(#11594,#11597,#11598));
#11594=ORIENTED_EDGE('',*,*,#11595,.T.);
#11595=EDGE_CURVE('',#11577,#11426,#11596,.T.);
#11596=LINE('',#11578,#228);
#11597=ORIENTED_EDGE('',*,*,#11433,.F.);
#11598=ORIENTED_EDGE('',*,*,#11576,.F.);
#11599=PLANE('',#11600);
#11600=AXIS2_PLACEMENT_3D('',#11601,#55,#199);
#11601=CARTESIAN_POINT('',(3.800000038577,-4.530901690331,9.6858000731E-08));
#11602=ADVANCED_FACE('',(#11603),#11610,.T.);
#11603=FACE_BOUND('',#11604,.T.);
#11604=EDGE_LOOP('',(#11605,#11606,#11609));
#11605=ORIENTED_EDGE('',*,*,#11446,.F.);
#11606=ORIENTED_EDGE('',*,*,#11607,.T.);
#11607=EDGE_CURVE('',#11426,#11459,#11608,.T.);
#11608=LINE('',#11427,#345);
#11609=ORIENTED_EDGE('',*,*,#11458,.F.);
#11610=PLANE('',#11611);
#11611=AXIS2_PLACEMENT_3D('',#11612,#55,#199);
#11612=CARTESIAN_POINT('',(3.68358678079,-5.091467977161,9.6858000731E-08));
#11613=ADVANCED_FACE('',(#11614),#11627,.T.);
#11614=FACE_BOUND('',#11615,.T.);
#11615=EDGE_LOOP('',(#11616,#11617,#11622));
#11616=ORIENTED_EDGE('',*,*,#11465,.F.);
#11617=ORIENTED_EDGE('',*,*,#11618,.T.);
#11618=EDGE_CURVE('',#11459,#11619,#11621,.T.);
#11619=VERTEX_POINT('',#11620);
#11620=CARTESIAN_POINT('',(3.900000095367,-5.400000095367,9.6858000731E-08));
#11621=LINE('',#11460,#34);
#11622=ORIENTED_EDGE('',*,*,#11623,.T.);
#11623=EDGE_CURVE('',#11619,#11281,#11624,.T.);
#11624=LINE('',#11620,#11625);
#11625=VECTOR('',#11626,1.);
#11626=DIRECTION('',(-0.447214448492,-0.894426764503,0.));
#11627=PLANE('',#11628);
#11628=AXIS2_PLACEMENT_3D('',#11629,#55,#199);
#11629=CARTESIAN_POINT('',(3.800000038577,-5.469098309669,9.6858000731E-08));
#11630=ADVANCED_FACE('',(#11631),#11640,.T.);
#11631=FACE_BOUND('',#11632,.T.);
#11632=EDGE_LOOP('',(#11633,#11634,#11635));
#11633=ORIENTED_EDGE('',*,*,#11477,.F.);
#11634=ORIENTED_EDGE('',*,*,#11623,.F.);
#11635=ORIENTED_EDGE('',*,*,#11636,.T.);
#11636=EDGE_CURVE('',#11619,#11478,#11637,.T.);
#11637=LINE('',#11620,#11638);
#11638=VECTOR('',#11639,1.);
#11639=DIRECTION('',(0.294297809571,-0.955713764305,0.));
#11640=PLANE('',#11641);
#11641=AXIS2_PLACEMENT_3D('',#11642,#55,#199);
#11642=CARTESIAN_POINT('',(3.883299587063,-5.521371625036,9.6858000731E-08));
#11643=ADVANCED_FACE('',(#11644),#11657,.T.);
#11644=FACE_BOUND('',#11645,.T.);
#11645=EDGE_LOOP('',(#11646,#11647,#11652));
#11646=ORIENTED_EDGE('',*,*,#11484,.F.);
#11647=ORIENTED_EDGE('',*,*,#11648,.T.);
#11648=EDGE_CURVE('',#11478,#11539,#11649,.T.);
#11649=LINE('',#11479,#11650);
#11650=VECTOR('',#11651,1.);
#11651=DIRECTION('',(0.923879175112,0.382684295201,0.));
#11652=ORIENTED_EDGE('',*,*,#11653,.T.);
#11653=EDGE_CURVE('',#11539,#2846,#11654,.T.);
#11654=LINE('',#11540,#11655);
#11655=VECTOR('',#11656,1.);
#11656=DIRECTION('',(-0.835635164456,-0.549284873198,0.));
#11657=PLANE('',#11658);
#11658=AXIS2_PLACEMENT_3D('',#11659,#55,#199);
#11659=CARTESIAN_POINT('',(3.046503864722,-6.203305446257,9.6858000731E-08));
#11660=ADVANCED_FACE('',(#11661),#11670,.T.);
#11661=FACE_BOUND('',#11662,.T.);
#11662=EDGE_LOOP('',(#11663,#11668,#11669));
#11663=ORIENTED_EDGE('',*,*,#11664,.T.);
#11664=EDGE_CURVE('',#11507,#11558,#11665,.T.);
#11665=LINE('',#11508,#11666);
#11666=VECTOR('',#11667,1.);
#11667=DIRECTION('',(-0.793353605524,0.60876108335,0.));
#11668=ORIENTED_EDGE('',*,*,#11565,.F.);
#11669=ORIENTED_EDGE('',*,*,#11513,.F.);
#11670=PLANE('',#11671);
#11671=AXIS2_PLACEMENT_3D('',#11672,#55,#199);
#11672=CARTESIAN_POINT('',(3.08845152302,1.147633327263,9.6858000731E-08));
#11673=ADVANCED_FACE('',(#11674),#11681,.T.);
#11674=FACE_BOUND('',#11675,.T.);
#11675=EDGE_LOOP('',(#11676,#11679,#11680));
#11676=ORIENTED_EDGE('',*,*,#11677,.T.);
#11677=EDGE_CURVE('',#11331,#11507,#11678,.T.);
#11678=LINE('',#11332,#189);
#11679=ORIENTED_EDGE('',*,*,#11506,.F.);
#11680=ORIENTED_EDGE('',*,*,#11526,.F.);
#11681=PLANE('',#11682);
#11682=AXIS2_PLACEMENT_3D('',#11683,#55,#199);
#11683=CARTESIAN_POINT('',(4.248632318623,-4.993470549648,9.6858000731E-08));
#11684=ADVANCED_FACE('',(#11685),#11694,.T.);
#11685=FACE_BOUND('',#11686,.T.);
#11686=EDGE_LOOP('',(#11687,#11688,#11693));
#11687=ORIENTED_EDGE('',*,*,#11545,.F.);
#11688=ORIENTED_EDGE('',*,*,#11689,.T.);
#11689=EDGE_CURVE('',#11539,#11507,#11690,.T.);
#11690=LINE('',#11540,#11691);
#11691=VECTOR('',#11692,1.);
#11692=DIRECTION('',(0.130526394289,0.991444834771,0.));
#11693=ORIENTED_EDGE('',*,*,#11677,.F.);
#11694=PLANE('',#11695);
#11695=AXIS2_PLACEMENT_3D('',#11696,#55,#199);
#11696=CARTESIAN_POINT('',(4.189069121839,-5.060959523096,9.6858000731E-08));
#11697=ADVANCED_FACE('',(#11698),#11705,.T.);
#11698=FACE_BOUND('',#11699,.T.);
#11699=EDGE_LOOP('',(#11700,#11703,#11704));
#11700=ORIENTED_EDGE('',*,*,#11701,.T.);
#11701=EDGE_CURVE('',#2177,#2846,#11702,.T.);
#11702=LINE('',#2178,#228);
#11703=ORIENTED_EDGE('',*,*,#11653,.F.);
#11704=ORIENTED_EDGE('',*,*,#11538,.F.);
#11705=PLANE('',#11706);
#11706=AXIS2_PLACEMENT_3D('',#11707,#55,#199);
#11707=CARTESIAN_POINT('',(3.583701898285,-6.498957087555,9.6858000731E-08));
#11708=ADVANCED_FACE('',(#11709),#11720,.T.);
#11709=FACE_BOUND('',#11710,.T.);
#11710=EDGE_LOOP('',(#11711,#11714,#11715));
#11711=ORIENTED_EDGE('',*,*,#11712,.T.);
#11712=EDGE_CURVE('',#11478,#11407,#11713,.T.);
#11713=LINE('',#11479,#189);
#11714=ORIENTED_EDGE('',*,*,#11557,.F.);
#11715=ORIENTED_EDGE('',*,*,#11716,.T.);
#11716=EDGE_CURVE('',#11558,#11478,#11717,.T.);
#11717=LINE('',#11559,#11718);
#11718=VECTOR('',#11719,1.);
#11719=DIRECTION('',(-0.130526040672,-0.991444881325,0.));
#11720=PLANE('',#11721);
#11721=AXIS2_PLACEMENT_3D('',#11722,#55,#199);
#11722=CARTESIAN_POINT('',(3.993052971618,-4.978198429418,9.6858000731E-08));
#11723=ADVANCED_FACE('',(#11724),#11733,.T.);
#11724=FACE_BOUND('',#11725,.T.);
#11725=EDGE_LOOP('',(#11726,#11729,#11732));
#11726=ORIENTED_EDGE('',*,*,#11727,.T.);
#11727=EDGE_CURVE('',#11407,#11619,#11728,.T.);
#11728=LINE('',#11408,#11448);
#11729=ORIENTED_EDGE('',*,*,#11730,.T.);
#11730=EDGE_CURVE('',#11619,#11577,#11731,.T.);
#11731=LINE('',#11620,#189);
#11732=ORIENTED_EDGE('',*,*,#11584,.F.);
#11733=PLANE('',#11734);
#11734=AXIS2_PLACEMENT_3D('',#11735,#55,#199);
#11735=CARTESIAN_POINT('',(3.916413362261,-4.908532022839,9.6858000731E-08));
#11736=ADVANCED_FACE('',(#11737),#11750,.T.);
#11737=FACE_BOUND('',#11738,.T.);
#11738=EDGE_LOOP('',(#11739,#11740,#11745));
#11739=ORIENTED_EDGE('',*,*,#11595,.F.);
#11740=ORIENTED_EDGE('',*,*,#11741,.T.);
#11741=EDGE_CURVE('',#11577,#11742,#11744,.T.);
#11742=VERTEX_POINT('',#11743);
#11743=CARTESIAN_POINT('',(3.900000095367,-4.599999904633,-2.64999999851));
#11744=LINE('',#11578,#54);
#11745=ORIENTED_EDGE('',*,*,#11746,.T.);
#11746=EDGE_CURVE('',#11742,#11426,#11747,.T.);
#11747=LINE('',#11743,#11748);
#11748=VECTOR('',#11749,1.);
#11749=DIRECTION('',(-7.525768461897E-02,0.,0.997164119343));
#11750=PLANE('',#11751);
#11751=AXIS2_PLACEMENT_3D('',#11752,#190,#13);
#11752=CARTESIAN_POINT('',(3.848115969321,-4.599999904633,-1.276884053031));
#11753=ADVANCED_FACE('',(#11754),#11767,.T.);
#11754=FACE_BOUND('',#11755,.T.);
#11755=EDGE_LOOP('',(#11756,#11761,#11762));
#11756=ORIENTED_EDGE('',*,*,#11757,.T.);
#11757=EDGE_CURVE('',#11758,#11459,#11760,.T.);
#11758=VERTEX_POINT('',#11759);
#11759=CARTESIAN_POINT('',(3.700000047684,-5.400000095367,-2.64999999851));
#11760=LINE('',#11759,#82);
#11761=ORIENTED_EDGE('',*,*,#11607,.F.);
#11762=ORIENTED_EDGE('',*,*,#11763,.T.);
#11763=EDGE_CURVE('',#11426,#11758,#11764,.T.);
#11764=LINE('',#11427,#11765);
#11765=VECTOR('',#11766,1.);
#11766=DIRECTION('',(0.,-0.289004645553,-0.9573276946));
#11767=PLANE('',#11768);
#11768=AXIS2_PLACEMENT_3D('',#11769,#199,#55);
#11769=CARTESIAN_POINT('',(3.700000047684,-5.170469508137,-1.154530442689));
#11770=ADVANCED_FACE('',(#11771),#11780,.T.);
#11771=FACE_BOUND('',#11772,.T.);
#11772=EDGE_LOOP('',(#11773,#11774,#11775));
#11773=ORIENTED_EDGE('',*,*,#11618,.F.);
#11774=ORIENTED_EDGE('',*,*,#11757,.F.);
#11775=ORIENTED_EDGE('',*,*,#11776,.T.);
#11776=EDGE_CURVE('',#11758,#11619,#11777,.T.);
#11777=LINE('',#11759,#11778);
#11778=VECTOR('',#11779,1.);
#11779=DIRECTION('',(7.525768461897E-02,0.,0.997164119343));
#11780=PLANE('',#11781);
#11781=AXIS2_PLACEMENT_3D('',#11782,#64,#55);
#11782=CARTESIAN_POINT('',(3.75188417373,-5.400000095367,-1.276884053031));
#11783=ADVANCED_FACE('',(#11784),#11789,.T.);
#11784=FACE_BOUND('',#11785,.T.);
#11785=EDGE_LOOP('',(#11786,#11787,#11788));
#11786=ORIENTED_EDGE('',*,*,#11636,.F.);
#11787=ORIENTED_EDGE('',*,*,#11727,.F.);
#11788=ORIENTED_EDGE('',*,*,#11712,.F.);
#11789=PLANE('',#11790);
#11790=AXIS2_PLACEMENT_3D('',#11791,#55,#199);
#11791=CARTESIAN_POINT('',(3.941409997349,-5.001690269107,9.6858000731E-08));
#11792=ADVANCED_FACE('',(#11793),#11800,.T.);
#11793=FACE_BOUND('',#11794,.T.);
#11794=EDGE_LOOP('',(#11795,#11796,#11797));
#11795=ORIENTED_EDGE('',*,*,#11648,.F.);
#11796=ORIENTED_EDGE('',*,*,#11716,.F.);
#11797=ORIENTED_EDGE('',*,*,#11798,.T.);
#11798=EDGE_CURVE('',#11558,#11539,#11799,.T.);
#11799=LINE('',#11559,#345);
#11800=PLANE('',#11801);
#11801=AXIS2_PLACEMENT_3D('',#11802,#55,#199);
#11802=CARTESIAN_POINT('',(4.060274096281,-5.051771739649,9.6858000731E-08));
#11803=ADVANCED_FACE('',(#11804),#11809,.T.);
#11804=FACE_BOUND('',#11805,.T.);
#11805=EDGE_LOOP('',(#11806,#11807,#11808));
#11806=ORIENTED_EDGE('',*,*,#11798,.F.);
#11807=ORIENTED_EDGE('',*,*,#11664,.F.);
#11808=ORIENTED_EDGE('',*,*,#11689,.F.);
#11809=PLANE('',#11810);
#11810=AXIS2_PLACEMENT_3D('',#11811,#55,#199);
#11811=CARTESIAN_POINT('',(4.132070098268,-4.986716086492,9.6858000731E-08));
#11812=ADVANCED_FACE('',(#11813),#11828,.T.);
#11813=FACE_BOUND('',#11814,.T.);
#11814=EDGE_LOOP('',(#11815,#11822,#11823));
#11815=ORIENTED_EDGE('',*,*,#11816,.T.);
#11816=EDGE_CURVE('',#11817,#11577,#11819,.T.);
#11817=VERTEX_POINT('',#11818);
#11818=CARTESIAN_POINT('',(3.900000095367,-5.099999904633,-3.));
#11819=LINE('',#11818,#11820);
#11820=VECTOR('',#11821,1.);
#11821=DIRECTION('',(0.,0.164398982141,0.986393924693));
#11822=ORIENTED_EDGE('',*,*,#11730,.F.);
#11823=ORIENTED_EDGE('',*,*,#11824,.T.);
#11824=EDGE_CURVE('',#11619,#11817,#11825,.T.);
#11825=LINE('',#11620,#11826);
#11826=VECTOR('',#11827,1.);
#11827=DIRECTION('',(0.,9.950377847676E-02,-0.995037184264));
#11828=PLANE('',#11829);
#11829=AXIS2_PLACEMENT_3D('',#11830,#14,#13);
#11830=CARTESIAN_POINT('',(3.900000095367,-5.043395312567,-1.324979523331));
#11831=ADVANCED_FACE('',(#11832),#11847,.T.);
#11832=FACE_BOUND('',#11833,.T.);
#11833=EDGE_LOOP('',(#11834,#11841,#11842));
#11834=ORIENTED_EDGE('',*,*,#11835,.T.);
#11835=EDGE_CURVE('',#11836,#11742,#11838,.T.);
#11836=VERTEX_POINT('',#11837);
#11837=CARTESIAN_POINT('',(3.900000095367,-4.900000095367,-3.));
#11838=LINE('',#11837,#11839);
#11839=VECTOR('',#11840,1.);
#11840=DIRECTION('',(0.,0.65079161038,0.759256399287));
#11841=ORIENTED_EDGE('',*,*,#11741,.F.);
#11842=ORIENTED_EDGE('',*,*,#11843,.T.);
#11843=EDGE_CURVE('',#11577,#11836,#11844,.T.);
#11844=LINE('',#11578,#11845);
#11845=VECTOR('',#11846,1.);
#11846=DIRECTION('',(0.,-9.950377847676E-02,-0.995037184264));
#11847=PLANE('',#11848);
#11848=AXIS2_PLACEMENT_3D('',#11849,#14,#13);
#11849=CARTESIAN_POINT('',(3.900000095367,-4.685111958145,-1.524003612021));
#11850=ADVANCED_FACE('',(#11851),#11862,.T.);
#11851=FACE_BOUND('',#11852,.T.);
#11852=EDGE_LOOP('',(#11853,#11858,#11861));
#11853=ORIENTED_EDGE('',*,*,#11854,.T.);
#11854=EDGE_CURVE('',#11742,#11855,#11857,.T.);
#11855=VERTEX_POINT('',#11856);
#11856=CARTESIAN_POINT('',(3.700000047684,-4.599999904633,-2.64999999851));
#11857=LINE('',#11743,#228);
#11858=ORIENTED_EDGE('',*,*,#11859,.T.);
#11859=EDGE_CURVE('',#11855,#11426,#11860,.T.);
#11860=LINE('',#11856,#82);
#11861=ORIENTED_EDGE('',*,*,#11746,.F.);
#11862=PLANE('',#11863);
#11863=AXIS2_PLACEMENT_3D('',#11864,#190,#13);
#11864=CARTESIAN_POINT('',(3.75188417373,-4.599999904633,-1.373115848621));
#11865=ADVANCED_FACE('',(#11866),#11881,.T.);
#11866=FACE_BOUND('',#11867,.T.);
#11867=EDGE_LOOP('',(#11868,#11875,#11880));
#11868=ORIENTED_EDGE('',*,*,#11869,.T.);
#11869=EDGE_CURVE('',#11426,#11870,#11872,.T.);
#11870=VERTEX_POINT('',#11871);
#11871=CARTESIAN_POINT('',(3.700000047684,-5.099999904633,-3.));
#11872=LINE('',#11427,#11873);
#11873=VECTOR('',#11874,1.);
#11874=DIRECTION('',(0.,-0.164398982141,-0.986393924693));
#11875=ORIENTED_EDGE('',*,*,#11876,.T.);
#11876=EDGE_CURVE('',#11870,#11758,#11877,.T.);
#11877=LINE('',#11871,#11878);
#11878=VECTOR('',#11879,1.);
#11879=DIRECTION('',(0.,-0.65079161038,0.759256399287));
#11880=ORIENTED_EDGE('',*,*,#11763,.F.);
#11881=PLANE('',#11882);
#11882=AXIS2_PLACEMENT_3D('',#11883,#199,#55);
#11883=CARTESIAN_POINT('',(3.700000047684,-4.945624082241,-1.520153686599));
#11884=ADVANCED_FACE('',(#11885),#11896,.T.);
#11885=FACE_BOUND('',#11886,.T.);
#11886=EDGE_LOOP('',(#11887,#11892,#11895));
#11887=ORIENTED_EDGE('',*,*,#11888,.T.);
#11888=EDGE_CURVE('',#11758,#11889,#11891,.T.);
#11889=VERTEX_POINT('',#11890);
#11890=CARTESIAN_POINT('',(3.900000095367,-5.400000095367,-2.64999999851));
#11891=LINE('',#11759,#34);
#11892=ORIENTED_EDGE('',*,*,#11893,.T.);
#11893=EDGE_CURVE('',#11889,#11619,#11894,.T.);
#11894=LINE('',#11890,#82);
#11895=ORIENTED_EDGE('',*,*,#11776,.F.);
#11896=PLANE('',#11897);
#11897=AXIS2_PLACEMENT_3D('',#11898,#64,#55);
#11898=CARTESIAN_POINT('',(3.848115969321,-5.400000095367,-1.373115848621));
#11899=ADVANCED_FACE('',(#11900),#11909,.T.);
#11900=FACE_BOUND('',#11901,.T.);
#11901=EDGE_LOOP('',(#11902,#11903,#11908));
#11902=ORIENTED_EDGE('',*,*,#11893,.F.);
#11903=ORIENTED_EDGE('',*,*,#11904,.T.);
#11904=EDGE_CURVE('',#11889,#11817,#11905,.T.);
#11905=LINE('',#11890,#11906);
#11906=VECTOR('',#11907,1.);
#11907=DIRECTION('',(0.,0.65079161038,-0.759256399287));
#11908=ORIENTED_EDGE('',*,*,#11824,.F.);
#11909=PLANE('',#11910);
#11910=AXIS2_PLACEMENT_3D('',#11911,#14,#13);
#11911=CARTESIAN_POINT('',(3.900000095367,-5.314888041855,-1.524003612021));
#11912=ADVANCED_FACE('',(#11913),#11920,.T.);
#11913=FACE_BOUND('',#11914,.T.);
#11914=EDGE_LOOP('',(#11915,#11918,#11919));
#11915=ORIENTED_EDGE('',*,*,#11916,.T.);
#11916=EDGE_CURVE('',#11817,#11836,#11917,.T.);
#11917=LINE('',#11818,#189);
#11918=ORIENTED_EDGE('',*,*,#11843,.F.);
#11919=ORIENTED_EDGE('',*,*,#11816,.F.);
#11920=PLANE('',#11921);
#11921=AXIS2_PLACEMENT_3D('',#11922,#14,#13);
#11922=CARTESIAN_POINT('',(3.900000095367,-4.806604592065,-1.547951235091));
#11923=ADVANCED_FACE('',(#11924),#11933,.T.);
#11924=FACE_BOUND('',#11925,.T.);
#11925=EDGE_LOOP('',(#11926,#11927,#11928));
#11926=ORIENTED_EDGE('',*,*,#11854,.F.);
#11927=ORIENTED_EDGE('',*,*,#11835,.F.);
#11928=ORIENTED_EDGE('',*,*,#11929,.T.);
#11929=EDGE_CURVE('',#11836,#11855,#11930,.T.);
#11930=LINE('',#11837,#11931);
#11931=VECTOR('',#11932,1.);
#11932=DIRECTION('',(-0.398014864927,0.597022534626,0.696525850523));
#11933=PLANE('',#11934);
#11934=AXIS2_PLACEMENT_3D('',#11935,#11936,#11937);
#11935=CARTESIAN_POINT('',(3.839620941741,-4.724215070068,-2.794917599998));
#11936=DIRECTION('',(2.144216317772E-16,0.759256399287,-0.65079161038));
#11937=DIRECTION('',(1.232595164408E-32,0.65079161038,0.759256399287));
#11938=ADVANCED_FACE('',(#11939),#11954,.T.);
#11939=FACE_BOUND('',#11940,.T.);
#11940=EDGE_LOOP('',(#11941,#11942,#11949));
#11941=ORIENTED_EDGE('',*,*,#11859,.F.);
#11942=ORIENTED_EDGE('',*,*,#11943,.T.);
#11943=EDGE_CURVE('',#11855,#11944,#11946,.T.);
#11944=VERTEX_POINT('',#11945);
#11945=CARTESIAN_POINT('',(3.700000047684,-4.900000095367,-3.));
#11946=LINE('',#11856,#11947);
#11947=VECTOR('',#11948,1.);
#11948=DIRECTION('',(0.,-0.65079161038,-0.759256399287));
#11949=ORIENTED_EDGE('',*,*,#11950,.T.);
#11950=EDGE_CURVE('',#11944,#11426,#11951,.T.);
#11951=LINE('',#11945,#11952);
#11952=VECTOR('',#11953,1.);
#11953=DIRECTION('',(0.,9.950377847676E-02,0.995037184264));
#11954=PLANE('',#11955);
#11955=AXIS2_PLACEMENT_3D('',#11956,#199,#55);
#11956=CARTESIAN_POINT('',(3.700000047684,-4.685111958145,-1.524003612021));
#11957=ADVANCED_FACE('',(#11958),#11967,.T.);
#11958=FACE_BOUND('',#11959,.T.);
#11959=EDGE_LOOP('',(#11960,#11961,#11962));
#11960=ORIENTED_EDGE('',*,*,#11888,.F.);
#11961=ORIENTED_EDGE('',*,*,#11876,.F.);
#11962=ORIENTED_EDGE('',*,*,#11963,.T.);
#11963=EDGE_CURVE('',#11870,#11889,#11964,.T.);
#11964=LINE('',#11871,#11965);
#11965=VECTOR('',#11966,1.);
#11966=DIRECTION('',(0.398014864927,-0.597022534626,0.696525850523));
#11967=PLANE('',#11968);
#11968=AXIS2_PLACEMENT_3D('',#11969,#11970,#11971);
#11969=CARTESIAN_POINT('',(3.76037920131,-5.275784929932,-2.794917599998));
#11970=DIRECTION('',(-2.144216317772E-16,-0.759256399287,-0.65079161038));
#11971=DIRECTION('',(1.232595164408E-32,0.65079161038,-0.759256399287));
#11972=ADVANCED_FACE('',(#11973),#11980,.T.);
#11973=FACE_BOUND('',#11974,.T.);
#11974=EDGE_LOOP('',(#11975,#11976,#11979));
#11975=ORIENTED_EDGE('',*,*,#11950,.F.);
#11976=ORIENTED_EDGE('',*,*,#11977,.T.);
#11977=EDGE_CURVE('',#11944,#11870,#11978,.T.);
#11978=LINE('',#11945,#345);
#11979=ORIENTED_EDGE('',*,*,#11869,.F.);
#11980=PLANE('',#11981);
#11981=AXIS2_PLACEMENT_3D('',#11982,#199,#55);
#11982=CARTESIAN_POINT('',(3.700000047684,-4.806604592065,-1.547951235091));
#11983=ADVANCED_FACE('',(#11984),#11991,.T.);
#11984=FACE_BOUND('',#11985,.T.);
#11985=EDGE_LOOP('',(#11986,#11989,#11990));
#11986=ORIENTED_EDGE('',*,*,#11987,.T.);
#11987=EDGE_CURVE('',#11870,#11817,#11988,.T.);
#11988=LINE('',#11871,#34);
#11989=ORIENTED_EDGE('',*,*,#11904,.F.);
#11990=ORIENTED_EDGE('',*,*,#11963,.F.);
#11991=PLANE('',#11992);
#11992=AXIS2_PLACEMENT_3D('',#11993,#11994,#11907);
#11993=CARTESIAN_POINT('',(3.839620941741,-5.224215070068,-2.855082398511));
#11994=DIRECTION('',(0.,-0.759256399287,-0.65079161038));
#11995=ADVANCED_FACE('',(#11996),#12005,.T.);
#11996=FACE_BOUND('',#11997,.T.);
#11997=EDGE_LOOP('',(#11998,#11999,#12000));
#11998=ORIENTED_EDGE('',*,*,#11916,.F.);
#11999=ORIENTED_EDGE('',*,*,#11987,.F.);
#12000=ORIENTED_EDGE('',*,*,#12001,.T.);
#12001=EDGE_CURVE('',#11870,#11836,#12002,.T.);
#12002=LINE('',#11871,#12003);
#12003=VECTOR('',#12004,1.);
#12004=DIRECTION('',(0.707107202655,0.707106359718,0.));
#12005=PLANE('',#12006);
#12006=AXIS2_PLACEMENT_3D('',#12007,#55,#199);
#12007=CARTESIAN_POINT('',(3.829289382932,-5.029289311407,-3.));
#12008=ADVANCED_FACE('',(#12009),#12016,.T.);
#12009=FACE_BOUND('',#12010,.T.);
#12010=EDGE_LOOP('',(#12011,#12014,#12015));
#12011=ORIENTED_EDGE('',*,*,#12012,.T.);
#12012=EDGE_CURVE('',#11836,#11944,#12013,.T.);
#12013=LINE('',#11837,#228);
#12014=ORIENTED_EDGE('',*,*,#11943,.F.);
#12015=ORIENTED_EDGE('',*,*,#11929,.F.);
#12016=PLANE('',#12017);
#12017=AXIS2_PLACEMENT_3D('',#12018,#12019,#11840);
#12018=CARTESIAN_POINT('',(3.76037920131,-4.775784929932,-2.855082398511));
#12019=DIRECTION('',(0.,0.759256399287,-0.65079161038));
#12020=ADVANCED_FACE('',(#12021),#12026,.T.);
#12021=FACE_BOUND('',#12022,.T.);
#12022=EDGE_LOOP('',(#12023,#12024,#12025));
#12023=ORIENTED_EDGE('',*,*,#11977,.F.);
#12024=ORIENTED_EDGE('',*,*,#12012,.F.);
#12025=ORIENTED_EDGE('',*,*,#12001,.F.);
#12026=PLANE('',#12027);
#12027=AXIS2_PLACEMENT_3D('',#12028,#55,#199);
#12028=CARTESIAN_POINT('',(3.770710760119,-4.970710688593,-3.));
#12029=ADVANCED_FACE('',(#12030),#12035,.T.);
#12030=FACE_BOUND('',#12031,.T.);
#12031=EDGE_LOOP('',(#12032,#12033,#12034));
#12032=ORIENTED_EDGE('',*,*,#244,.F.);
#12033=ORIENTED_EDGE('',*,*,#78,.F.);
#12034=ORIENTED_EDGE('',*,*,#142,.F.);
#12035=PLANE('',#12036);
#12036=AXIS2_PLACEMENT_3D('',#12037,#64,#55);
#12037=CARTESIAN_POINT('',(-0.122735084338,-7.25,3.372735181195));
#12038=ADVANCED_FACE('',(#12039),#12054,.T.);
#12039=FACE_BOUND('',#12040,.T.);
#12040=EDGE_LOOP('',(#12041,#12042,#12049));
#12041=ORIENTED_EDGE('',*,*,#3386,.F.);
#12042=ORIENTED_EDGE('',*,*,#12043,.T.);
#12043=EDGE_CURVE('',#2015,#12044,#12046,.T.);
#12044=VERTEX_POINT('',#12045);
#12045=CARTESIAN_POINT('',(-2.,7.25,0.500000096858));
#12046=LINE('',#2016,#12047);
#12047=VECTOR('',#12048,1.);
#12048=DIRECTION('',(0.,0.573462239493,0.819231993928));
#12049=ORIENTED_EDGE('',*,*,#12050,.T.);
#12050=EDGE_CURVE('',#12044,#2409,#12051,.T.);
#12051=LINE('',#12045,#12052);
#12052=VECTOR('',#12053,1.);
#12053=DIRECTION('',(0.,-0.658504417325,0.752576861432));
#12054=PLANE('',#12055);
#12055=AXIS2_PLACEMENT_3D('',#12056,#14,#13);
#12056=CARTESIAN_POINT('',(-2.,6.997863567785,0.455295014077));
#12057=ADVANCED_FACE('',(#12058),#12071,.T.);
#12058=FACE_BOUND('',#12059,.T.);
#12059=EDGE_LOOP('',(#12060,#12061,#12066));
#12060=ORIENTED_EDGE('',*,*,#2323,.F.);
#12061=ORIENTED_EDGE('',*,*,#12062,.T.);
#12062=EDGE_CURVE('',#2317,#12063,#12065,.T.);
#12063=VERTEX_POINT('',#12064);
#12064=CARTESIAN_POINT('',(-5.,7.25,0.500000096858));
#12065=LINE('',#2318,#12047);
#12066=ORIENTED_EDGE('',*,*,#12067,.T.);
#12067=EDGE_CURVE('',#12063,#2015,#12068,.T.);
#12068=LINE('',#12064,#12069);
#12069=VECTOR('',#12070,1.);
#12070=DIRECTION('',(0.97992656619,-0.114324734904,-0.163321094365));
#12071=PLANE('',#12072);
#12072=AXIS2_PLACEMENT_3D('',#12073,#12074,#12048);
#12073=CARTESIAN_POINT('',(-3.637218458508,6.996310443168,0.137586345491));
#12074=DIRECTION('',(0.,0.819231993928,-0.573462239493));
#12075=ADVANCED_FACE('',(#12076),#12091,.T.);
#12076=FACE_BOUND('',#12077,.T.);
#12077=EDGE_LOOP('',(#12078,#12081,#12086));
#12078=ORIENTED_EDGE('',*,*,#12079,.T.);
#12079=EDGE_CURVE('',#12044,#12063,#12080,.T.);
#12080=LINE('',#12045,#228);
#12081=ORIENTED_EDGE('',*,*,#12082,.T.);
#12082=EDGE_CURVE('',#12063,#12083,#12085,.T.);
#12083=VERTEX_POINT('',#12084);
#12084=CARTESIAN_POINT('',(-5.,7.25,0.699999906123));
#12085=LINE('',#12064,#82);
#12086=ORIENTED_EDGE('',*,*,#12087,.T.);
#12087=EDGE_CURVE('',#12083,#12044,#12088,.T.);
#12088=LINE('',#12084,#12089);
#12089=VECTOR('',#12090,1.);
#12090=DIRECTION('',(0.997785162067,0.,-6.6518947367E-02));
#12091=PLANE('',#12092);
#12092=AXIS2_PLACEMENT_3D('',#12093,#190,#13);
#12093=CARTESIAN_POINT('',(-3.54833513657,7.25,0.551664864921));
#12094=ADVANCED_FACE('',(#12095),#12104,.T.);
#12095=FACE_BOUND('',#12096,.T.);
#12096=EDGE_LOOP('',(#12097,#12098,#12099));
#12097=ORIENTED_EDGE('',*,*,#12082,.F.);
#12098=ORIENTED_EDGE('',*,*,#12062,.F.);
#12099=ORIENTED_EDGE('',*,*,#12100,.T.);
#12100=EDGE_CURVE('',#2317,#12083,#12101,.T.);
#12101=LINE('',#2318,#12102);
#12102=VECTOR('',#12103,1.);
#12103=DIRECTION('',(0.,0.4472135955,0.894427191));
#12104=PLANE('',#12105);
#12105=AXIS2_PLACEMENT_3D('',#12106,#199,#55);
#12106=CARTESIAN_POINT('',(-5.,7.096971818676,0.343074012369));
#12107=ADVANCED_FACE('',(#12108),#12121,.T.);
#12108=FACE_BOUND('',#12109,.T.);
#12109=EDGE_LOOP('',(#12110,#12115,#12120));
#12110=ORIENTED_EDGE('',*,*,#12111,.T.);
#12111=EDGE_CURVE('',#12044,#12112,#12114,.T.);
#12112=VERTEX_POINT('',#12113);
#12113=CARTESIAN_POINT('',(-2.,7.25,0.699999906123));
#12114=LINE('',#12045,#82);
#12115=ORIENTED_EDGE('',*,*,#12116,.T.);
#12116=EDGE_CURVE('',#12112,#2409,#12117,.T.);
#12117=LINE('',#12113,#12118);
#12118=VECTOR('',#12119,1.);
#12119=DIRECTION('',(0.,-0.868242778159,0.496139575296));
#12120=ORIENTED_EDGE('',*,*,#12050,.F.);
#12121=PLANE('',#12122);
#12122=AXIS2_PLACEMENT_3D('',#12123,#14,#13);
#12123=CARTESIAN_POINT('',(-2.,7.1058473405,0.717901508596));
#12124=ADVANCED_FACE('',(#12125),#12132,.T.);
#12125=FACE_BOUND('',#12126,.T.);
#12126=EDGE_LOOP('',(#12127,#12130,#12131));
#12127=ORIENTED_EDGE('',*,*,#12128,.T.);
#12128=EDGE_CURVE('',#12083,#12112,#12129,.T.);
#12129=LINE('',#12084,#34);
#12130=ORIENTED_EDGE('',*,*,#12111,.F.);
#12131=ORIENTED_EDGE('',*,*,#12087,.F.);
#12132=PLANE('',#12133);
#12133=AXIS2_PLACEMENT_3D('',#12134,#190,#13);
#12134=CARTESIAN_POINT('',(-3.45166486343,7.25,0.64833513806));
#12135=ADVANCED_FACE('',(#12136),#12145,.T.);
#12136=FACE_BOUND('',#12137,.T.);
#12137=EDGE_LOOP('',(#12138,#12139,#12140));
#12138=ORIENTED_EDGE('',*,*,#12116,.F.);
#12139=ORIENTED_EDGE('',*,*,#12128,.F.);
#12140=ORIENTED_EDGE('',*,*,#12141,.T.);
#12141=EDGE_CURVE('',#12083,#2409,#12142,.T.);
#12142=LINE('',#12084,#12143);
#12143=VECTOR('',#12144,1.);
#12144=DIRECTION('',(0.991092659969,-0.11562744549,6.607293851601E-02));
#12145=PLANE('',#12146);
#12146=AXIS2_PLACEMENT_3D('',#12147,#12148,#12149);
#12147=CARTESIAN_POINT('',(-3.405962308713,7.156647594019,0.753344228957));
#12148=DIRECTION('',(0.,0.496139575296,0.868242778159));
#12149=DIRECTION('',(0.,0.868242778159,-0.496139575296));
#12150=ADVANCED_FACE('',(#12151),#12159,.T.);
#12151=FACE_BOUND('',#12152,.T.);
#12152=EDGE_LOOP('',(#12153,#12154,#12158));
#12153=ORIENTED_EDGE('',*,*,#2421,.F.);
#12154=ORIENTED_EDGE('',*,*,#12155,.T.);
#12155=EDGE_CURVE('',#2101,#12083,#12156,.T.);
#12156=LINE('',#2102,#12157);
#12157=VECTOR('',#12149,1.);
#12158=ORIENTED_EDGE('',*,*,#12100,.F.);
#12159=PLANE('',#12160);
#12160=AXIS2_PLACEMENT_3D('',#12161,#199,#55);
#12161=CARTESIAN_POINT('',(-5.,6.999487170265,0.480122367253));
#12162=ADVANCED_FACE('',(#12163),#12167,.T.);
#12163=FACE_BOUND('',#12164,.T.);
#12164=EDGE_LOOP('',(#12165,#2830,#12166));
#12165=ORIENTED_EDGE('',*,*,#12155,.F.);
#12166=ORIENTED_EDGE('',*,*,#12141,.F.);
#12167=PLANE('',#12168);
#12168=AXIS2_PLACEMENT_3D('',#12169,#12148,#12149);
#12169=CARTESIAN_POINT('',(-3.594037691287,6.993352501349,0.846655869391));
#12170=ADVANCED_FACE('',(#12171),#12176,.T.);
#12171=FACE_BOUND('',#12172,.T.);
#12172=EDGE_LOOP('',(#12173,#12174,#12175));
#12173=ORIENTED_EDGE('',*,*,#12079,.F.);
#12174=ORIENTED_EDGE('',*,*,#12043,.F.);
#12175=ORIENTED_EDGE('',*,*,#12067,.F.);
#12176=PLANE('',#12177);
#12177=AXIS2_PLACEMENT_3D('',#12178,#12074,#12048);
#12178=CARTESIAN_POINT('',(-3.362781541492,7.153689652199,0.362413848225));
#12179=ADVANCED_FACE('',(#12180),#12191,.T.);
#12180=FACE_BOUND('',#12181,.T.);
#12181=EDGE_LOOP('',(#12182,#12183,#12188));
#12182=ORIENTED_EDGE('',*,*,#2626,.F.);
#12183=ORIENTED_EDGE('',*,*,#12184,.T.);
#12184=EDGE_CURVE('',#2622,#12185,#12187,.T.);
#12185=VERTEX_POINT('',#12186);
#12186=CARTESIAN_POINT('',(5.,7.25,0.500000096858));
#12187=LINE('',#2623,#12047);
#12188=ORIENTED_EDGE('',*,*,#12189,.T.);
#12189=EDGE_CURVE('',#12185,#2082,#12190,.T.);
#12190=LINE('',#12186,#12052);
#12191=PLANE('',#12192);
#12192=AXIS2_PLACEMENT_3D('',#12193,#14,#13);
#12193=CARTESIAN_POINT('',(5.,6.997863567785,0.455295014077));
#12194=ADVANCED_FACE('',(#12195),#12206,.T.);
#12195=FACE_BOUND('',#12196,.T.);
#12196=EDGE_LOOP('',(#12197,#12198,#12203));
#12197=ORIENTED_EDGE('',*,*,#11025,.F.);
#12198=ORIENTED_EDGE('',*,*,#12199,.T.);
#12199=EDGE_CURVE('',#3070,#12200,#12202,.T.);
#12200=VERTEX_POINT('',#12201);
#12201=CARTESIAN_POINT('',(2.,7.25,0.500000096858));
#12202=LINE('',#3071,#12047);
#12203=ORIENTED_EDGE('',*,*,#12204,.T.);
#12204=EDGE_CURVE('',#12200,#2622,#12205,.T.);
#12205=LINE('',#12201,#12069);
#12206=PLANE('',#12207);
#12207=AXIS2_PLACEMENT_3D('',#12208,#12074,#12048);
#12208=CARTESIAN_POINT('',(3.362781541492,6.996310443168,0.137586345491));
#12209=ADVANCED_FACE('',(#12210),#12223,.T.);
#12210=FACE_BOUND('',#12211,.T.);
#12211=EDGE_LOOP('',(#12212,#12215,#12220));
#12212=ORIENTED_EDGE('',*,*,#12213,.T.);
#12213=EDGE_CURVE('',#12185,#12200,#12214,.T.);
#12214=LINE('',#12186,#228);
#12215=ORIENTED_EDGE('',*,*,#12216,.T.);
#12216=EDGE_CURVE('',#12200,#12217,#12219,.T.);
#12217=VERTEX_POINT('',#12218);
#12218=CARTESIAN_POINT('',(2.,7.25,0.699999906123));
#12219=LINE('',#12201,#82);
#12220=ORIENTED_EDGE('',*,*,#12221,.T.);
#12221=EDGE_CURVE('',#12217,#12185,#12222,.T.);
#12222=LINE('',#12218,#12089);
#12223=PLANE('',#12224);
#12224=AXIS2_PLACEMENT_3D('',#12225,#190,#13);
#12225=CARTESIAN_POINT('',(3.45166486343,7.25,0.551664864921));
#12226=ADVANCED_FACE('',(#12227),#12234,.T.);
#12227=FACE_BOUND('',#12228,.T.);
#12228=EDGE_LOOP('',(#12229,#12230,#12231));
#12229=ORIENTED_EDGE('',*,*,#12216,.F.);
#12230=ORIENTED_EDGE('',*,*,#12199,.F.);
#12231=ORIENTED_EDGE('',*,*,#12232,.T.);
#12232=EDGE_CURVE('',#3070,#12217,#12233,.T.);
#12233=LINE('',#3071,#12102);
#12234=PLANE('',#12235);
#12235=AXIS2_PLACEMENT_3D('',#12236,#199,#55);
#12236=CARTESIAN_POINT('',(2.,7.096971818676,0.343074012369));
#12237=ADVANCED_FACE('',(#12238),#12249,.T.);
#12238=FACE_BOUND('',#12239,.T.);
#12239=EDGE_LOOP('',(#12240,#12245,#12248));
#12240=ORIENTED_EDGE('',*,*,#12241,.T.);
#12241=EDGE_CURVE('',#12185,#12242,#12244,.T.);
#12242=VERTEX_POINT('',#12243);
#12243=CARTESIAN_POINT('',(5.,7.25,0.699999906123));
#12244=LINE('',#12186,#82);
#12245=ORIENTED_EDGE('',*,*,#12246,.T.);
#12246=EDGE_CURVE('',#12242,#2082,#12247,.T.);
#12247=LINE('',#12243,#12118);
#12248=ORIENTED_EDGE('',*,*,#12189,.F.);
#12249=PLANE('',#12250);
#12250=AXIS2_PLACEMENT_3D('',#12251,#14,#13);
#12251=CARTESIAN_POINT('',(5.,7.1058473405,0.717901508596));
#12252=ADVANCED_FACE('',(#12253),#12260,.T.);
#12253=FACE_BOUND('',#12254,.T.);
#12254=EDGE_LOOP('',(#12255,#12258,#12259));
#12255=ORIENTED_EDGE('',*,*,#12256,.T.);
#12256=EDGE_CURVE('',#12217,#12242,#12257,.T.);
#12257=LINE('',#12218,#34);
#12258=ORIENTED_EDGE('',*,*,#12241,.F.);
#12259=ORIENTED_EDGE('',*,*,#12221,.F.);
#12260=PLANE('',#12261);
#12261=AXIS2_PLACEMENT_3D('',#12262,#190,#13);
#12262=CARTESIAN_POINT('',(3.54833513657,7.25,0.64833513806));
#12263=ADVANCED_FACE('',(#12264),#12271,.T.);
#12264=FACE_BOUND('',#12265,.T.);
#12265=EDGE_LOOP('',(#12266,#12267,#12268));
#12266=ORIENTED_EDGE('',*,*,#12246,.F.);
#12267=ORIENTED_EDGE('',*,*,#12256,.F.);
#12268=ORIENTED_EDGE('',*,*,#12269,.T.);
#12269=EDGE_CURVE('',#12217,#2082,#12270,.T.);
#12270=LINE('',#12218,#12143);
#12271=PLANE('',#12272);
#12272=AXIS2_PLACEMENT_3D('',#12273,#12148,#12149);
#12273=CARTESIAN_POINT('',(3.594037691287,7.156647594019,0.753344228957));
#12274=ADVANCED_FACE('',(#12275),#12282,.T.);
#12275=FACE_BOUND('',#12276,.T.);
#12276=EDGE_LOOP('',(#12277,#12278,#12281));
#12277=ORIENTED_EDGE('',*,*,#3069,.F.);
#12278=ORIENTED_EDGE('',*,*,#12279,.T.);
#12279=EDGE_CURVE('',#2404,#12217,#12280,.T.);
#12280=LINE('',#2405,#12157);
#12281=ORIENTED_EDGE('',*,*,#12232,.F.);
#12282=PLANE('',#12283);
#12283=AXIS2_PLACEMENT_3D('',#12284,#199,#55);
#12284=CARTESIAN_POINT('',(2.,6.999487170265,0.480122367253));
#12285=ADVANCED_FACE('',(#12286),#12291,.T.);
#12286=FACE_BOUND('',#12287,.T.);
#12287=EDGE_LOOP('',(#12288,#12289,#12290));
#12288=ORIENTED_EDGE('',*,*,#12279,.F.);
#12289=ORIENTED_EDGE('',*,*,#2403,.F.);
#12290=ORIENTED_EDGE('',*,*,#12269,.F.);
#12291=PLANE('',#12292);
#12292=AXIS2_PLACEMENT_3D('',#12293,#12148,#12149);
#12293=CARTESIAN_POINT('',(3.405962308713,6.993352501349,0.846655869391));
#12294=ADVANCED_FACE('',(#12295),#12300,.T.);
#12295=FACE_BOUND('',#12296,.T.);
#12296=EDGE_LOOP('',(#12297,#12298,#12299));
#12297=ORIENTED_EDGE('',*,*,#12213,.F.);
#12298=ORIENTED_EDGE('',*,*,#12184,.F.);
#12299=ORIENTED_EDGE('',*,*,#12204,.F.);
#12300=PLANE('',#12301);
#12301=AXIS2_PLACEMENT_3D('',#12302,#12074,#12048);
#12302=CARTESIAN_POINT('',(3.637218458508,7.153689652199,0.362413848225));
#12303=ADVANCED_FACE('',(#12304),#12315,.T.);
#12304=FACE_BOUND('',#12305,.T.);
#12305=EDGE_LOOP('',(#12306,#12307,#12310));
#12306=ORIENTED_EDGE('',*,*,#2176,.F.);
#12307=ORIENTED_EDGE('',*,*,#12308,.T.);
#12308=EDGE_CURVE('',#1865,#31,#12309,.T.);
#12309=LINE('',#1866,#27);
#12310=ORIENTED_EDGE('',*,*,#12311,.T.);
#12311=EDGE_CURVE('',#31,#2177,#12312,.T.);
#12312=LINE('',#32,#12313);
#12313=VECTOR('',#12314,1.);
#12314=DIRECTION('',(0.,0.462994098376,-0.886361362464));
#12315=PLANE('',#12316);
#12316=AXIS2_PLACEMENT_3D('',#12317,#14,#13);
#12317=CARTESIAN_POINT('',(5.,-6.999086667571,0.475730772794));
#12318=ADVANCED_FACE('',(#12319),#12332,.T.);
#12319=FACE_BOUND('',#12320,.T.);
#12320=EDGE_LOOP('',(#12321,#12326,#12331));
#12321=ORIENTED_EDGE('',*,*,#12322,.T.);
#12322=EDGE_CURVE('',#31,#12323,#12325,.T.);
#12323=VERTEX_POINT('',#12324);
#12324=CARTESIAN_POINT('',(5.,-7.25,0.484344102442));
#12325=LINE('',#32,#54);
#12326=ORIENTED_EDGE('',*,*,#12327,.T.);
#12327=EDGE_CURVE('',#12323,#2177,#12328,.T.);
#12328=LINE('',#12324,#12329);
#12329=VECTOR('',#12330,1.);
#12330=DIRECTION('',(0.,0.585705982717,-0.810523597318));
#12331=ORIENTED_EDGE('',*,*,#12311,.F.);
#12332=PLANE('',#12333);
#12333=AXIS2_PLACEMENT_3D('',#12334,#14,#13);
#12334=CARTESIAN_POINT('',(5.,-7.096113026376,0.328192002261));
#12335=ADVANCED_FACE('',(#12336),#12343,.T.);
#12336=FACE_BOUND('',#12337,.T.);
#12337=EDGE_LOOP('',(#12338,#12341,#12342));
#12338=ORIENTED_EDGE('',*,*,#12339,.T.);
#12339=EDGE_CURVE('',#51,#12323,#12340,.T.);
#12340=LINE('',#52,#34);
#12341=ORIENTED_EDGE('',*,*,#12322,.F.);
#12342=ORIENTED_EDGE('',*,*,#57,.F.);
#12343=PLANE('',#12344);
#12344=AXIS2_PLACEMENT_3D('',#12345,#64,#55);
#12345=CARTESIAN_POINT('',(3.544989505848,-7.25,0.532204566458));
#12346=ADVANCED_FACE('',(#12347),#12356,.T.);
#12347=FACE_BOUND('',#12348,.T.);
#12348=EDGE_LOOP('',(#12349,#12350,#12351));
#12349=ORIENTED_EDGE('',*,*,#50,.F.);
#12350=ORIENTED_EDGE('',*,*,#21,.F.);
#12351=ORIENTED_EDGE('',*,*,#12352,.T.);
#12352=EDGE_CURVE('',#22,#51,#12353,.T.);
#12353=LINE('',#23,#12354);
#12354=VECTOR('',#12355,1.);
#12355=DIRECTION('',(0.,-0.644107452563,-0.764935023092));
#12356=PLANE('',#12357);
#12357=AXIS2_PLACEMENT_3D('',#12358,#199,#55);
#12358=CARTESIAN_POINT('',(2.,-7.103311137439,0.707446188441));
#12359=ADVANCED_FACE('',(#12360),#12369,.T.);
#12360=FACE_BOUND('',#12361,.T.);
#12361=EDGE_LOOP('',(#12362,#12363,#12368));
#12362=ORIENTED_EDGE('',*,*,#2849,.F.);
#12363=ORIENTED_EDGE('',*,*,#12364,.T.);
#12364=EDGE_CURVE('',#2846,#51,#12365,.T.);
#12365=LINE('',#2847,#12366);
#12366=VECTOR('',#12367,1.);
#12367=DIRECTION('',(0.,-0.585705982717,0.810523597318));
#12368=ORIENTED_EDGE('',*,*,#12352,.F.);
#12369=PLANE('',#12370);
#12370=AXIS2_PLACEMENT_3D('',#12371,#199,#55);
#12371=CARTESIAN_POINT('',(2.,-6.997830373291,0.453626664434));
#12372=ADVANCED_FACE('',(#12373),#12382,.T.);
#12373=FACE_BOUND('',#12374,.T.);
#12374=EDGE_LOOP('',(#12375,#12376,#12377));
#12375=ORIENTED_EDGE('',*,*,#11701,.F.);
#12376=ORIENTED_EDGE('',*,*,#12327,.F.);
#12377=ORIENTED_EDGE('',*,*,#12378,.T.);
#12378=EDGE_CURVE('',#12323,#2846,#12379,.T.);
#12379=LINE('',#12324,#12380);
#12380=VECTOR('',#12381,1.);
#12381=DIRECTION('',(-0.98073319109,0.114418841117,-0.158337414061));
#12382=PLANE('',#12383);
#12383=AXIS2_PLACEMENT_3D('',#12384,#12385,#12330);
#12384=CARTESIAN_POINT('',(3.634658337432,-6.996129853827,0.133028339585));
#12385=DIRECTION('',(0.,-0.810523597318,-0.585705982717));
#12386=ADVANCED_FACE('',(#12387),#12392,.T.);
#12387=FACE_BOUND('',#12388,.T.);
#12388=EDGE_LOOP('',(#12389,#12390,#12391));
#12389=ORIENTED_EDGE('',*,*,#12339,.F.);
#12390=ORIENTED_EDGE('',*,*,#12364,.F.);
#12391=ORIENTED_EDGE('',*,*,#12378,.F.);
#12392=PLANE('',#12393);
#12393=AXIS2_PLACEMENT_3D('',#12394,#12385,#12330);
#12394=CARTESIAN_POINT('',(3.365341662568,-7.153870241541,0.351315859715));
#12395=ADVANCED_FACE('',(#12396),#12400,.T.);
#12396=FACE_BOUND('',#12397,.T.);
#12397=EDGE_LOOP('',(#12398,#2458,#12399));
#12398=ORIENTED_EDGE('',*,*,#12308,.F.);
#12399=ORIENTED_EDGE('',*,*,#36,.F.);
#12400=PLANE('',#12401);
#12401=AXIS2_PLACEMENT_3D('',#12402,#43,#44);
#12402=CARTESIAN_POINT('',(3.59742368482,-6.993577865658,0.838517936082));
#12403=ADVANCED_FACE('',(#12404),#12419,.T.);
#12404=FACE_BOUND('',#12405,.T.);
#12405=EDGE_LOOP('',(#12406,#12407,#12414));
#12406=ORIENTED_EDGE('',*,*,#2146,.F.);
#12407=ORIENTED_EDGE('',*,*,#12408,.T.);
#12408=EDGE_CURVE('',#1996,#12409,#12411,.T.);
#12409=VERTEX_POINT('',#12410);
#12410=CARTESIAN_POINT('',(-5.,-7.25,0.500000096858));
#12411=LINE('',#1997,#12412);
#12412=VECTOR('',#12413,1.);
#12413=DIRECTION('',(0.,-0.573462239493,0.819231993928));
#12414=ORIENTED_EDGE('',*,*,#12415,.F.);
#12415=EDGE_CURVE('',#1584,#12409,#12416,.T.);
#12416=LINE('',#1585,#12417);
#12417=VECTOR('',#12418,1.);
#12418=DIRECTION('',(0.,-0.658504417325,-0.752576861432));
#12419=PLANE('',#12420);
#12420=AXIS2_PLACEMENT_3D('',#12421,#199,#55);
#12421=CARTESIAN_POINT('',(-5.,-6.997863567785,0.455295014077));
#12422=ADVANCED_FACE('',(#12423),#12440,.T.);
#12423=FACE_BOUND('',#12424,.T.);
#12424=EDGE_LOOP('',(#12425,#12430,#12435));
#12425=ORIENTED_EDGE('',*,*,#12426,.T.);
#12426=EDGE_CURVE('',#12409,#12427,#12429,.T.);
#12427=VERTEX_POINT('',#12428);
#12428=CARTESIAN_POINT('',(-2.,-7.25,0.500000096858));
#12429=LINE('',#12410,#34);
#12430=ORIENTED_EDGE('',*,*,#12431,.T.);
#12431=EDGE_CURVE('',#12427,#12432,#12434,.T.);
#12432=VERTEX_POINT('',#12433);
#12433=CARTESIAN_POINT('',(-2.,-7.25,0.685700036585));
#12434=LINE('',#12428,#82);
#12435=ORIENTED_EDGE('',*,*,#12436,.T.);
#12436=EDGE_CURVE('',#12432,#12409,#12437,.T.);
#12437=LINE('',#12433,#12438);
#12438=VECTOR('',#12439,1.);
#12439=DIRECTION('',(-0.998089684179,0.,-6.178173139844E-02));
#12440=PLANE('',#12441);
#12441=AXIS2_PLACEMENT_3D('',#12442,#64,#55);
#12442=CARTESIAN_POINT('',(-3.455010494152,-7.25,0.547860560873));
#12443=ADVANCED_FACE('',(#12444),#12457,.T.);
#12444=FACE_BOUND('',#12445,.T.);
#12445=EDGE_LOOP('',(#12446,#12447,#12452));
#12446=ORIENTED_EDGE('',*,*,#12431,.F.);
#12447=ORIENTED_EDGE('',*,*,#12448,.T.);
#12448=EDGE_CURVE('',#12427,#2291,#12449,.T.);
#12449=LINE('',#12428,#12450);
#12450=VECTOR('',#12451,1.);
#12451=DIRECTION('',(0.,0.573462239493,-0.819231993928));
#12452=ORIENTED_EDGE('',*,*,#12453,.T.);
#12453=EDGE_CURVE('',#2291,#12432,#12454,.T.);
#12454=LINE('',#2292,#12455);
#12455=VECTOR('',#12456,1.);
#12456=DIRECTION('',(0.,-0.454628020631,0.890681403678));
#12457=PLANE('',#12458);
#12458=AXIS2_PLACEMENT_3D('',#12459,#14,#13);
#12459=CARTESIAN_POINT('',(-2.,-7.09575344039,0.336308137436));
#12460=ADVANCED_FACE('',(#12461),#12470,.T.);
#12461=FACE_BOUND('',#12462,.T.);
#12462=EDGE_LOOP('',(#12463,#12464,#12465));
#12463=ORIENTED_EDGE('',*,*,#12426,.F.);
#12464=ORIENTED_EDGE('',*,*,#12408,.F.);
#12465=ORIENTED_EDGE('',*,*,#12466,.T.);
#12466=EDGE_CURVE('',#1996,#12427,#12467,.T.);
#12467=LINE('',#1997,#12468);
#12468=VECTOR('',#12469,1.);
#12469=DIRECTION('',(0.97992656619,-0.114324734904,0.163321094365));
#12470=PLANE('',#12471);
#12471=AXIS2_PLACEMENT_3D('',#12472,#12473,#12451);
#12472=CARTESIAN_POINT('',(-3.637218458508,-7.153689652199,0.362413848225));
#12473=DIRECTION('',(0.,-0.819231993928,-0.573462239493));
#12474=ADVANCED_FACE('',(#12475),#12488,.T.);
#12475=FACE_BOUND('',#12476,.T.);
#12476=EDGE_LOOP('',(#12477,#12482,#12487));
#12477=ORIENTED_EDGE('',*,*,#12478,.T.);
#12478=EDGE_CURVE('',#12409,#12479,#12481,.T.);
#12479=VERTEX_POINT('',#12480);
#12480=CARTESIAN_POINT('',(-5.,-7.25,0.685700036585));
#12481=LINE('',#12410,#82);
#12482=ORIENTED_EDGE('',*,*,#12483,.T.);
#12483=EDGE_CURVE('',#12479,#1584,#12484,.T.);
#12484=LINE('',#12480,#12485);
#12485=VECTOR('',#12486,1.);
#12486=DIRECTION('',(0.,0.85283557004,0.522179557696));
#12487=ORIENTED_EDGE('',*,*,#12415,.T.);
#12488=PLANE('',#12489);
#12489=AXIS2_PLACEMENT_3D('',#12490,#199,#55);
#12490=CARTESIAN_POINT('',(-5.,-7.103820020035,0.716147186738));
#12491=ADVANCED_FACE('',(#12492),#12503,.T.);
#12492=FACE_BOUND('',#12493,.T.);
#12493=EDGE_LOOP('',(#12494,#12495,#12498));
#12494=ORIENTED_EDGE('',*,*,#12483,.F.);
#12495=ORIENTED_EDGE('',*,*,#12496,.T.);
#12496=EDGE_CURVE('',#12479,#12432,#12497,.T.);
#12497=LINE('',#12480,#34);
#12498=ORIENTED_EDGE('',*,*,#12499,.T.);
#12499=EDGE_CURVE('',#12432,#1584,#12500,.T.);
#12500=LINE('',#12433,#12501);
#12501=VECTOR('',#12502,1.);
#12502=DIRECTION('',(-0.990772396652,0.115590081447,7.077422626862E-02));
#12503=PLANE('',#12504);
#12504=AXIS2_PLACEMENT_3D('',#12505,#12506,#12486);
#12505=CARTESIAN_POINT('',(-3.595613723381,-7.156542831967,0.742922582621));
#12506=DIRECTION('',(0.,-0.522179557696,0.85283557004));
#12507=ADVANCED_FACE('',(#12508),#12515,.T.);
#12508=FACE_BOUND('',#12509,.T.);
#12509=EDGE_LOOP('',(#12510,#12513,#12514));
#12510=ORIENTED_EDGE('',*,*,#12511,.T.);
#12511=EDGE_CURVE('',#12432,#1858,#12512,.T.);
#12512=LINE('',#12433,#12485);
#12513=ORIENTED_EDGE('',*,*,#1857,.F.);
#12514=ORIENTED_EDGE('',*,*,#12499,.F.);
#12515=PLANE('',#12516);
#12516=AXIS2_PLACEMENT_3D('',#12517,#12506,#12486);
#12517=CARTESIAN_POINT('',(-3.404386276619,-6.9934572634,0.84277764619));
#12518=ADVANCED_FACE('',(#12519),#12524,.T.);
#12519=FACE_BOUND('',#12520,.T.);
#12520=EDGE_LOOP('',(#12521,#12522,#12523));
#12521=ORIENTED_EDGE('',*,*,#2290,.F.);
#12522=ORIENTED_EDGE('',*,*,#12448,.F.);
#12523=ORIENTED_EDGE('',*,*,#12466,.F.);
#12524=PLANE('',#12525);
#12525=AXIS2_PLACEMENT_3D('',#12526,#12473,#12451);
#12526=CARTESIAN_POINT('',(-3.362781541492,-6.996310443168,0.137586345491));
#12527=ADVANCED_FACE('',(#12528),#12533,.T.);
#12528=FACE_BOUND('',#12529,.T.);
#12529=EDGE_LOOP('',(#12530,#12531,#12532));
#12530=ORIENTED_EDGE('',*,*,#2646,.F.);
#12531=ORIENTED_EDGE('',*,*,#12511,.F.);
#12532=ORIENTED_EDGE('',*,*,#12453,.F.);
#12533=PLANE('',#12534);
#12534=AXIS2_PLACEMENT_3D('',#12535,#14,#13);
#12535=CARTESIAN_POINT('',(-2.,-6.999288209273,0.47798398556));
#12536=ADVANCED_FACE('',(#12537),#12542,.T.);
#12537=FACE_BOUND('',#12538,.T.);
#12538=EDGE_LOOP('',(#12539,#12540,#12541));
#12539=ORIENTED_EDGE('',*,*,#12496,.F.);
#12540=ORIENTED_EDGE('',*,*,#12478,.F.);
#12541=ORIENTED_EDGE('',*,*,#12436,.F.);
#12542=PLANE('',#12543);
#12543=AXIS2_PLACEMENT_3D('',#12544,#64,#55);
#12544=CARTESIAN_POINT('',(-3.544989505848,-7.25,0.63783957257));
#12545=MANIFOLD_SOLID_BREP('',#12546);
#12546=CLOSED_SHELL('',(#12547,#12570,#12587,#12614,#12635,#12662,#12683,#12698,#12714,#12735,#12754,#12775,#12796,#12814,#12831,#12850,#12867,#12880,#12899,#12916,#12933,#12950,#12965,#12982,#12993,#13013,#13032,#13053,#13072,#13091,#13109,#13126,#13139,#13152,#13171,#13186,#13205,#13224,#13241,#13256,#13269,#13288,#13307,#13322,#13333,#13352,#13363,#13384,#13403,#13424,#13445,#13466,#13481,#13492,#13509,#13527,#13540,#13561,#13580,#13599,#13616,#13627,#13648,#13666,#13687,#13706,#13721,#13741,#13755,#13774,#13788,#13803,#13818,#13832,#13843,#13862,#13879,#13894,#13911,#13924,#13935,#13954,#13969,#13986,#14006,#14027,#14048,#14063,#14078,#14099,#14119,#14134,#14152,#14170,#14187,#14204,#14222,#14233,#14252,#14265,#14284,#14304,#14317,#14338,#14349,#14360,#14378,#14389,#14408,#14421,#14438,#14456,#14474,#14485,#14498,#14515,#14530,#14551,#14565,#14580,#14589,#14610,#14629,#14640,#14655,#14672,#14683,#14694,#14711,#14726,#14743,#14762,#14775,#14792,#14813,#14832,#14847,#14865,#14878,#14897,#14908,#14925,#14938,#14949,#14968,#14983,#14998,#15007,#15017,#15034,#15047,#15060,#15075,#15090,#15101,#15118,#15131,#15148,#15163,#15176,#15185,#15205,#15226,#15243,#15258,#15275,#15288,#15305,#15324,#15345,#15364,#15375,#15388,#15403,#15421,#15434,#15447,#15466,#15481,#15498,#15513,#15533,#15546,#15557,#15576,#15593,#15614,#15633,#15648,#15659,#15678,#15695,#15714,#15729,#15744,#15757,#15776,#15793,#15811,#15822,#15833,#15848,#15867,#15884,#15901,#15910,#15925,#15938,#15953,#15972,#15983,#16000,#16015,#16035,#16048,#16069,#16082,#16095,#16108,#16123,#16141,#16154,#16175,#16193,#16208,#16221,#16234,#16245,#16258,#16271,#16290,#16307,#16324,#16335,#16345,#16362,#16379,#16400,#16420,#16433,#16452,#16467,#16482,#16501,#16514,#16532,#16543,#16562,#16577,#16590,#16605,#16620,#16637,#16652,#16665,#16676,#16690,#16705,#16724,#16741,#16758,#16771,#16792,#16811,#16826,#16837,#16854,#16871,#16890,#16909,#16927,#16944,#16959,#16976,#16985,#17004,#17022,#17037,#17056,#17069,#17090,#17101,#17115,#17130,#17147,#17162,#17175,#17186,#17200,#17211,#17230,#17248,#17265,#17280,#17293,#17310,#17325,#17340,#17359,#17378,#17389,#17406,#17417,#17436,#17449,#17462,#17475,#17494,#17509,#17520,#17535,#17554,#17569,#17580,#17594,#17611,#17626,#17639,#17646,#17665,#17678,#17697,#17714,#17729,#17740,#17757,#17774,#17793,#17812,#17830,#17847,#17862,#17873,#17886,#17904,#17915,#17932,#17947,#17966,#17985,#18000,#18015,#18034,#18047,#18062,#18075,#18090,#18103,#18118,#18131,#18150,#18162,#18179,#18194,#18207,#18218,#18237,#18248,#18265,#18283,#18294,#18309,#18324,#18341,#18356,#18371,#18384,#18395,#18408,#18419,#18430,#18441,#18454,#18465,#18474,#18493,#18510,#18527,#18542,#18557,#18576,#18591,#18606,#18623,#18640,#18657,#18672,#18685,#18696,#18707,#18722,#18737,#18752,#18765,#18780,#18789,#18807,#18820,#18839,#18848,#18863,#18876,#18889,#18902,#18911,#18920,#18929,#18940,#18955,#18969,#18982,#18997,#19015,#19034,#19051,#19066,#19083,#19100,#19111,#19124,#19133,#19146,#19162,#19177,#19188,#19203,#19223,#19238,#19256,#19274,#19291,#19304,#19321,#19334,#19345,#19364,#19377,#19388,#19400,#19413,#19432,#19447,#19462,#19473,#19484,#19501,#19512,#19525,#19544,#19559,#19574,#19591,#19609,#19628,#19645,#19660,#19675,#19686,#19701,#19715,#19730,#19751,#19770,#19785,#19796,#19814,#19829,#19842,#19853,#19862,#19873,#19887,#19896,#19913,#19930,#19945,#19962,#19975,#19986,#20007,#20020,#20031,#20044,#20055,#20074,#20083,#20102,#20115,#20129,#20146,#20160,#20169,#20183,#20196,#20207,#20223,#20232,#20241,#20250,#20267,#20284,#20299,#20316,#20331,#20344,#20355,#20368,#20379,#20392,#20401,#20410,#20427,#20438,#20449,#20464,#20479,#20496,#20505,#20514,#20523));
#12547=ADVANCED_FACE('',(#12548),#12567,.T.);
#12548=FACE_BOUND('',#12549,.T.);
#12549=EDGE_LOOP('',(#12550,#12557,#12562));
#12550=ORIENTED_EDGE('',*,*,#12551,.T.);
#12551=EDGE_CURVE('',#12552,#12554,#12556,.T.);
#12552=VERTEX_POINT('',#12553);
#12553=CARTESIAN_POINT('',(5.057988166809,3.869568586349,-1.772452735901));
#12554=VERTEX_POINT('',#12555);
#12555=CARTESIAN_POINT('',(6.737988471985,3.869568586349,-1.772452735901));
#12556=LINE('',#12553,#34);
#12557=ORIENTED_EDGE('',*,*,#12558,.T.);
#12558=EDGE_CURVE('',#12554,#12559,#12561,.T.);
#12559=VERTEX_POINT('',#12560);
#12560=CARTESIAN_POINT('',(6.737988471985,3.869568586349,-3.622453117371));
#12561=LINE('',#12555,#54);
#12562=ORIENTED_EDGE('',*,*,#12563,.T.);
#12563=EDGE_CURVE('',#12559,#12552,#12564,.T.);
#12564=LINE('',#12560,#12565);
#12565=VECTOR('',#12566,1.);
#12566=DIRECTION('',(-0.672274334866,0.,0.740302113114));
#12567=PLANE('',#12568);
#12568=AXIS2_PLACEMENT_3D('',#12569,#190,#13);
#12569=CARTESIAN_POINT('',(6.155743421208,3.869568586349,-2.439697824824));
#12570=ADVANCED_FACE('',(#12571),#12584,.T.);
#12571=FACE_BOUND('',#12572,.T.);
#12572=EDGE_LOOP('',(#12573,#12574,#12579));
#12573=ORIENTED_EDGE('',*,*,#12558,.F.);
#12574=ORIENTED_EDGE('',*,*,#12575,.T.);
#12575=EDGE_CURVE('',#12554,#12576,#12578,.T.);
#12576=VERTEX_POINT('',#12577);
#12577=CARTESIAN_POINT('',(6.737988471985,2.069568634033,-1.772452735901));
#12578=LINE('',#12555,#345);
#12579=ORIENTED_EDGE('',*,*,#12580,.T.);
#12580=EDGE_CURVE('',#12576,#12559,#12581,.T.);
#12581=LINE('',#12577,#12582);
#12582=VECTOR('',#12583,1.);
#12583=DIRECTION('',(0.,0.697354876447,-0.716726012013));
#12584=PLANE('',#12585);
#12585=AXIS2_PLACEMENT_3D('',#12586,#14,#13);
#12586=CARTESIAN_POINT('',(6.737988471985,3.236773158642,-2.430248378185));
#12587=ADVANCED_FACE('',(#12588),#12609,.T.);
#12588=FACE_BOUND('',#12589,.T.);
#12589=EDGE_LOOP('',(#12590,#12597,#12604));
#12590=ORIENTED_EDGE('',*,*,#12591,.T.);
#12591=EDGE_CURVE('',#12592,#12594,#12596,.T.);
#12592=VERTEX_POINT('',#12593);
#12593=CARTESIAN_POINT('',(4.723293304443,-3.974695205688,-1.772452735901));
#12594=VERTEX_POINT('',#12595);
#12595=CARTESIAN_POINT('',(4.723293304443,-3.974695205688,-1.022452735901));
#12596=LINE('',#12593,#82);
#12597=ORIENTED_EDGE('',*,*,#12598,.T.);
#12598=EDGE_CURVE('',#12594,#12599,#12601,.T.);
#12599=VERTEX_POINT('',#12600);
#12600=CARTESIAN_POINT('',(4.953725337982,-4.275000095367,-1.022452735901));
#12601=LINE('',#12595,#12602);
#12602=VECTOR('',#12603,1.);
#12603=DIRECTION('',(0.608761407502,-0.793353356794,0.));
#12604=ORIENTED_EDGE('',*,*,#12605,.T.);
#12605=EDGE_CURVE('',#12599,#12592,#12606,.T.);
#12606=LINE('',#12600,#12607);
#12607=VECTOR('',#12608,1.);
#12608=DIRECTION('',(-0.274288487166,0.357459736017,-0.892742047254));
#12609=PLANE('',#12610);
#12610=AXIS2_PLACEMENT_3D('',#12611,#12612,#12613);
#12611=CARTESIAN_POINT('',(4.794614926089,-4.067643357866,-1.325348304537));
#12612=DIRECTION('',(0.793353356794,0.608761407502,0.));
#12613=DIRECTION('',(-0.608761407502,0.793353356794,0.));
#12614=ADVANCED_FACE('',(#12615),#12630,.T.);
#12615=FACE_BOUND('',#12616,.T.);
#12616=EDGE_LOOP('',(#12617,#12624,#12625));
#12617=ORIENTED_EDGE('',*,*,#12618,.T.);
#12618=EDGE_CURVE('',#12619,#12599,#12621,.T.);
#12619=VERTEX_POINT('',#12620);
#12620=CARTESIAN_POINT('',(4.564013957977,-4.5,-0.622453117371));
#12621=LINE('',#12620,#12622);
#12622=VECTOR('',#12623,1.);
#12623=DIRECTION('',(0.647275717888,0.37370470114,-0.664363561146));
#12624=ORIENTED_EDGE('',*,*,#12598,.F.);
#12625=ORIENTED_EDGE('',*,*,#12626,.T.);
#12626=EDGE_CURVE('',#12594,#12619,#12627,.T.);
#12627=LINE('',#12595,#12628);
#12628=VECTOR('',#12629,1.);
#12629=DIRECTION('',(-0.234509695697,-0.773415199115,0.588926253789));
#12630=PLANE('',#12631);
#12631=AXIS2_PLACEMENT_3D('',#12632,#12633,#12634);
#12632=CARTESIAN_POINT('',(4.72988482727,-4.266157902134,-0.868063731713));
#12633=DIRECTION('',(0.529601270791,0.406377325136,0.744566963806));
#12634=DIRECTION('',(0.814887384067,1.15102372078E-13,-0.579619315834));
#12635=ADVANCED_FACE('',(#12636),#12657,.T.);
#12636=FACE_BOUND('',#12637,.T.);
#12637=EDGE_LOOP('',(#12638,#12645,#12652));
#12638=ORIENTED_EDGE('',*,*,#12639,.T.);
#12639=EDGE_CURVE('',#12640,#12594,#12642,.T.);
#12640=VERTEX_POINT('',#12641);
#12641=CARTESIAN_POINT('',(4.405095100403,-4.292893409729,-0.622453117371));
#12642=LINE('',#12641,#12643);
#12643=VECTOR('',#12644,1.);
#12644=DIRECTION('',(0.528498531826,0.528498531826,-0.66436330702));
#12645=ORIENTED_EDGE('',*,*,#12646,.T.);
#12646=EDGE_CURVE('',#12594,#12647,#12649,.T.);
#12647=VERTEX_POINT('',#12648);
#12648=CARTESIAN_POINT('',(4.422988414764,-3.74426317215,-1.022452735901));
#12649=LINE('',#12595,#12650);
#12650=VECTOR('',#12651,1.);
#12651=DIRECTION('',(-0.793353356794,0.608761407502,0.));
#12652=ORIENTED_EDGE('',*,*,#12653,.T.);
#12653=EDGE_CURVE('',#12647,#12640,#12654,.T.);
#12654=LINE('',#12648,#12655);
#12655=VECTOR('',#12656,1.);
#12656=DIRECTION('',(-2.634462386899E-02,-0.807757409282,0.588926080712));
#12657=PLANE('',#12658);
#12658=AXIS2_PLACEMENT_3D('',#12659,#12660,#12661);
#12659=CARTESIAN_POINT('',(4.504791370905,-4.024088609451,-0.8680637199));
#12660=DIRECTION('',(0.406377168741,0.529601066973,0.744567194138));
#12661=DIRECTION('',(2.821631817085E-13,0.814887574118,-0.579619048642));
#12662=ADVANCED_FACE('',(#12663),#12678,.T.);
#12663=FACE_BOUND('',#12664,.T.);
#12664=EDGE_LOOP('',(#12665,#12672,#12677));
#12665=ORIENTED_EDGE('',*,*,#12666,.T.);
#12666=EDGE_CURVE('',#12647,#12667,#12669,.T.);
#12667=VERTEX_POINT('',#12668);
#12668=CARTESIAN_POINT('',(4.197988510132,-4.133974552155,-0.622453117371));
#12669=LINE('',#12648,#12670);
#12670=VECTOR('',#12671,1.);
#12671=DIRECTION('',(-0.37370470114,-0.647275717888,0.664363561146));
#12672=ORIENTED_EDGE('',*,*,#12673,.T.);
#12673=EDGE_CURVE('',#12667,#12640,#12674,.T.);
#12674=LINE('',#12668,#12675);
#12675=VECTOR('',#12676,1.);
#12676=DIRECTION('',(0.793352634546,-0.608762348753,0.));
#12677=ORIENTED_EDGE('',*,*,#12653,.F.);
#12678=PLANE('',#12679);
#12679=AXIS2_PLACEMENT_3D('',#12680,#12681,#12682);
#12680=CARTESIAN_POINT('',(4.354576223696,-4.020540677865,-0.788601347411));
#12681=DIRECTION('',(0.406377988655,0.529600834515,0.744566911981));
#12682=DIRECTION('',(-3.210764987216E-13,0.814887590538,-0.579619025557));
#12683=ADVANCED_FACE('',(#12684),#12693,.T.);
#12684=FACE_BOUND('',#12685,.T.);
#12685=EDGE_LOOP('',(#12686,#12687,#12692));
#12686=ORIENTED_EDGE('',*,*,#12639,.F.);
#12687=ORIENTED_EDGE('',*,*,#12688,.T.);
#12688=EDGE_CURVE('',#12640,#12619,#12689,.T.);
#12689=LINE('',#12641,#12690);
#12690=VECTOR('',#12691,1.);
#12691=DIRECTION('',(0.608762348753,-0.793352634546,0.));
#12692=ORIENTED_EDGE('',*,*,#12626,.F.);
#12693=PLANE('',#12694);
#12694=AXIS2_PLACEMENT_3D('',#12695,#12696,#12697);
#12695=CARTESIAN_POINT('',(4.58570630687,-4.22385238213,-0.788601348085));
#12696=DIRECTION('',(0.529600538979,0.406377761882,0.744567245963));
#12697=DIRECTION('',(0.814887866111,7.21311899099E-13,-0.579618638128));
#12698=ADVANCED_FACE('',(#12699),#12711,.T.);
#12699=FACE_BOUND('',#12700,.T.);
#12700=EDGE_LOOP('',(#12701,#12706,#12710));
#12701=ORIENTED_EDGE('',*,*,#12702,.T.);
#12702=EDGE_CURVE('',#12599,#12703,#12705,.T.);
#12703=VERTEX_POINT('',#12704);
#12704=CARTESIAN_POINT('',(4.953725337982,-4.275000095367,-1.772452735901));
#12705=LINE('',#12600,#54);
#12706=ORIENTED_EDGE('',*,*,#12707,.T.);
#12707=EDGE_CURVE('',#12703,#12592,#12708,.T.);
#12708=LINE('',#12704,#12709);
#12709=VECTOR('',#12613,1.);
#12710=ORIENTED_EDGE('',*,*,#12605,.F.);
#12711=PLANE('',#12712);
#12712=AXIS2_PLACEMENT_3D('',#12713,#12612,#12613);
#12713=CARTESIAN_POINT('',(4.882403716337,-4.18205194319,-1.469557167265));
#12714=ADVANCED_FACE('',(#12715),#12730,.T.);
#12715=FACE_BOUND('',#12716,.T.);
#12716=EDGE_LOOP('',(#12717,#12718,#12725));
#12717=ORIENTED_EDGE('',*,*,#12618,.F.);
#12718=ORIENTED_EDGE('',*,*,#12719,.T.);
#12719=EDGE_CURVE('',#12619,#12720,#12722,.T.);
#12720=VERTEX_POINT('',#12721);
#12721=CARTESIAN_POINT('',(4.663914203644,-4.741180896759,-0.622453117371));
#12722=LINE('',#12620,#12723);
#12723=VECTOR('',#12724,1.);
#12724=DIRECTION('',(0.382682932903,-0.923879739395,0.));
#12725=ORIENTED_EDGE('',*,*,#12726,.T.);
#12726=EDGE_CURVE('',#12720,#12599,#12727,.T.);
#12727=LINE('',#12721,#12728);
#12728=VECTOR('',#12729,1.);
#12729=DIRECTION('',(0.426693872891,0.686365939899,-0.58892625632));
#12730=PLANE('',#12731);
#12731=AXIS2_PLACEMENT_3D('',#12732,#12733,#12734);
#12732=CARTESIAN_POINT('',(4.756339892402,-4.480057216193,-0.788601355135));
#12733=DIRECTION('',(0.616733881719,0.255459147563,0.744566950023));
#12734=DIRECTION('',(0.770119634383,-1.979527652907E-13,-0.637899481687));
#12735=ADVANCED_FACE('',(#12736),#12751,.T.);
#12736=FACE_BOUND('',#12737,.T.);
#12737=EDGE_LOOP('',(#12738,#12745,#12746));
#12738=ORIENTED_EDGE('',*,*,#12739,.T.);
#12739=EDGE_CURVE('',#12740,#12592,#12742,.T.);
#12740=VERTEX_POINT('',#12741);
#12741=CARTESIAN_POINT('',(4.872683525085,-1.025304794312,-1.772452735901));
#12742=LINE('',#12741,#12743);
#12743=VECTOR('',#12744,1.);
#12744=DIRECTION('',(-5.058637007531E-02,-0.998719689984,0.));
#12745=ORIENTED_EDGE('',*,*,#12707,.F.);
#12746=ORIENTED_EDGE('',*,*,#12747,.T.);
#12747=EDGE_CURVE('',#12703,#12740,#12748,.T.);
#12748=LINE('',#12704,#12749);
#12749=VECTOR('',#12750,1.);
#12750=DIRECTION('',(-2.493052931596E-02,0.999689186051,0.));
#12751=PLANE('',#12752);
#12752=AXIS2_PLACEMENT_3D('',#12753,#13,#14);
#12753=CARTESIAN_POINT('',(4.857217783074,-2.667590545176,-1.772452735901));
#12754=ADVANCED_FACE('',(#12755),#12770,.T.);
#12755=FACE_BOUND('',#12756,.T.);
#12756=EDGE_LOOP('',(#12757,#12758,#12765));
#12757=ORIENTED_EDGE('',*,*,#12702,.F.);
#12758=ORIENTED_EDGE('',*,*,#12759,.T.);
#12759=EDGE_CURVE('',#12599,#12760,#12762,.T.);
#12760=VERTEX_POINT('',#12761);
#12761=CARTESIAN_POINT('',(5.09858083725,-4.624712467194,-1.022452735901));
#12762=LINE('',#12600,#12763);
#12763=VECTOR('',#12764,1.);
#12764=DIRECTION('',(0.382683188668,-0.923879633454,0.));
#12765=ORIENTED_EDGE('',*,*,#12766,.T.);
#12766=EDGE_CURVE('',#12760,#12703,#12767,.T.);
#12767=LINE('',#12761,#12768);
#12768=VECTOR('',#12769,1.);
#12769=DIRECTION('',(-0.172424804311,0.416270611623,-0.892742104282));
#12770=PLANE('',#12771);
#12771=AXIS2_PLACEMENT_3D('',#12772,#12773,#12774);
#12772=CARTESIAN_POINT('',(4.998559940165,-4.383240480776,-1.325348320897));
#12773=DIRECTION('',(0.923879633454,0.382683188668,0.));
#12774=DIRECTION('',(-0.382683188668,0.923879633454,0.));
#12775=ADVANCED_FACE('',(#12776),#12791,.T.);
#12776=FACE_BOUND('',#12777,.T.);
#12777=EDGE_LOOP('',(#12778,#12779,#12786));
#12778=ORIENTED_EDGE('',*,*,#12666,.F.);
#12779=ORIENTED_EDGE('',*,*,#12780,.F.);
#12780=EDGE_CURVE('',#12781,#12647,#12783,.T.);
#12781=VERTEX_POINT('',#12782);
#12782=CARTESIAN_POINT('',(4.073276042938,-3.599407434464,-1.022452735901));
#12783=LINE('',#12782,#12784);
#12784=VECTOR('',#12785,1.);
#12785=DIRECTION('',(0.923879410764,-0.382683726288,0.));
#12786=ORIENTED_EDGE('',*,*,#12787,.T.);
#12787=EDGE_CURVE('',#12781,#12667,#12788,.T.);
#12788=LINE('',#12782,#12789);
#12789=VECTOR('',#12790,1.);
#12790=DIRECTION('',(0.183616257406,-0.787052134333,0.588926148051));
#12791=PLANE('',#12792);
#12792=AXIS2_PLACEMENT_3D('',#12793,#12794,#12795);
#12793=CARTESIAN_POINT('',(4.224715802106,-3.848525860711,-0.86806372577));
#12794=DIRECTION('',(0.255459661174,0.616733623687,0.744566987535));
#12795=DIRECTION('',(8.95117313604E-15,0.770119781282,-0.63789930434));
#12796=ADVANCED_FACE('',(#12797),#12810,.T.);
#12797=FACE_BOUND('',#12798,.T.);
#12798=EDGE_LOOP('',(#12799,#12800,#12805));
#12799=ORIENTED_EDGE('',*,*,#12780,.T.);
#12800=ORIENTED_EDGE('',*,*,#12801,.F.);
#12801=EDGE_CURVE('',#12802,#12647,#12804,.T.);
#12802=VERTEX_POINT('',#12803);
#12803=CARTESIAN_POINT('',(4.422988414764,-3.74426317215,-1.772452735901));
#12804=LINE('',#12803,#82);
#12805=ORIENTED_EDGE('',*,*,#12806,.T.);
#12806=EDGE_CURVE('',#12802,#12781,#12807,.T.);
#12807=LINE('',#12803,#12808);
#12808=VECTOR('',#12809,1.);
#12809=DIRECTION('',(-0.416270591254,0.172425079668,0.892742060597));
#12810=PLANE('',#12811);
#12811=AXIS2_PLACEMENT_3D('',#12812,#12813,#12785);
#12812=CARTESIAN_POINT('',(4.314748024877,-3.699428494318,-1.325348308365));
#12813=DIRECTION('',(0.382683726288,0.923879410764,0.));
#12814=ADVANCED_FACE('',(#12815),#12826,.T.);
#12815=FACE_BOUND('',#12816,.T.);
#12816=EDGE_LOOP('',(#12817,#12820,#12821));
#12817=ORIENTED_EDGE('',*,*,#12818,.T.);
#12818=EDGE_CURVE('',#12592,#12802,#12819,.T.);
#12819=LINE('',#12593,#12650);
#12820=ORIENTED_EDGE('',*,*,#12801,.T.);
#12821=ORIENTED_EDGE('',*,*,#12822,.T.);
#12822=EDGE_CURVE('',#12647,#12592,#12823,.T.);
#12823=LINE('',#12648,#12824);
#12824=VECTOR('',#12825,1.);
#12825=DIRECTION('',(0.357459736017,-0.274288487166,-0.892742047254));
#12826=PLANE('',#12827);
#12827=AXIS2_PLACEMENT_3D('',#12828,#12829,#12830);
#12828=CARTESIAN_POINT('',(4.515936566942,-3.815584793795,-1.469557167265));
#12829=DIRECTION('',(0.608761407502,0.793353356794,0.));
#12830=DIRECTION('',(0.793353356794,-0.608761407502,0.));
#12831=ADVANCED_FACE('',(#12832),#12847,.T.);
#12832=FACE_BOUND('',#12833,.T.);
#12833=EDGE_LOOP('',(#12834,#12841,#12842));
#12834=ORIENTED_EDGE('',*,*,#12835,.T.);
#12835=EDGE_CURVE('',#12836,#12802,#12838,.T.);
#12836=VERTEX_POINT('',#12837);
#12837=CARTESIAN_POINT('',(4.642251491547,-0.725000023842,-1.772452735901));
#12838=LINE('',#12837,#12839);
#12839=VECTOR('',#12840,1.);
#12840=DIRECTION('',(-7.243064315821E-02,-0.997373451588,0.));
#12841=ORIENTED_EDGE('',*,*,#12818,.F.);
#12842=ORIENTED_EDGE('',*,*,#12843,.T.);
#12843=EDGE_CURVE('',#12592,#12836,#12844,.T.);
#12844=LINE('',#12593,#12845);
#12845=VECTOR('',#12846,1.);
#12846=DIRECTION('',(-2.493053022989E-02,0.999689186029,0.));
#12847=PLANE('',#12848);
#12848=AXIS2_PLACEMENT_3D('',#12849,#13,#14);
#12849=CARTESIAN_POINT('',(4.60825184663,-2.383296585633,-1.772452735901));
#12850=ADVANCED_FACE('',(#12851),#12864,.T.);
#12851=FACE_BOUND('',#12852,.T.);
#12852=EDGE_LOOP('',(#12853,#12860,#12863));
#12853=ORIENTED_EDGE('',*,*,#12854,.T.);
#12854=EDGE_CURVE('',#12802,#12855,#12857,.T.);
#12855=VERTEX_POINT('',#12856);
#12856=CARTESIAN_POINT('',(4.073276042938,-3.599407434464,-1.772452735901));
#12857=LINE('',#12803,#12858);
#12858=VECTOR('',#12859,1.);
#12859=DIRECTION('',(-0.923879410764,0.382683726288,0.));
#12860=ORIENTED_EDGE('',*,*,#12861,.T.);
#12861=EDGE_CURVE('',#12855,#12781,#12862,.T.);
#12862=LINE('',#12856,#82);
#12863=ORIENTED_EDGE('',*,*,#12806,.F.);
#12864=PLANE('',#12865);
#12865=AXIS2_PLACEMENT_3D('',#12866,#12813,#12785);
#12866=CARTESIAN_POINT('',(4.181516432826,-3.644242112295,-1.469557163437));
#12867=ADVANCED_FACE('',(#12868),#12877,.T.);
#12868=FACE_BOUND('',#12869,.T.);
#12869=EDGE_LOOP('',(#12870,#12875,#12876));
#12870=ORIENTED_EDGE('',*,*,#12871,.T.);
#12871=EDGE_CURVE('',#12740,#12836,#12872,.T.);
#12872=LINE('',#12741,#12873);
#12873=VECTOR('',#12874,1.);
#12874=DIRECTION('',(-0.608761559602,0.793353240083,0.));
#12875=ORIENTED_EDGE('',*,*,#12843,.F.);
#12876=ORIENTED_EDGE('',*,*,#12739,.F.);
#12877=PLANE('',#12878);
#12878=AXIS2_PLACEMENT_3D('',#12879,#13,#14);
#12879=CARTESIAN_POINT('',(4.7387590472,-2.33240950831,-1.772452735901));
#12880=ADVANCED_FACE('',(#12881),#12896,.T.);
#12881=FACE_BOUND('',#12882,.T.);
#12882=EDGE_LOOP('',(#12883,#12890,#12895));
#12883=ORIENTED_EDGE('',*,*,#12884,.T.);
#12884=EDGE_CURVE('',#12836,#12885,#12887,.T.);
#12885=VERTEX_POINT('',#12886);
#12886=CARTESIAN_POINT('',(4.497395992279,-0.375287622213,-1.772452735901));
#12887=LINE('',#12837,#12888);
#12888=VECTOR('',#12889,1.);
#12889=DIRECTION('',(-0.382683160832,0.923879644984,0.));
#12890=ORIENTED_EDGE('',*,*,#12891,.T.);
#12891=EDGE_CURVE('',#12885,#12802,#12892,.T.);
#12892=LINE('',#12886,#12893);
#12893=VECTOR('',#12894,1.);
#12894=DIRECTION('',(-2.208072904464E-02,-0.999756190981,0.));
#12895=ORIENTED_EDGE('',*,*,#12835,.F.);
#12896=PLANE('',#12897);
#12897=AXIS2_PLACEMENT_3D('',#12898,#13,#14);
#12898=CARTESIAN_POINT('',(4.49867663426,-2.053560759688,-1.772452735901));
#12899=ADVANCED_FACE('',(#12900),#12913,.T.);
#12900=FACE_BOUND('',#12901,.T.);
#12901=EDGE_LOOP('',(#12902,#12903,#12910));
#12902=ORIENTED_EDGE('',*,*,#12673,.F.);
#12903=ORIENTED_EDGE('',*,*,#12904,.T.);
#12904=EDGE_CURVE('',#12667,#12905,#12907,.T.);
#12905=VERTEX_POINT('',#12906);
#12906=CARTESIAN_POINT('',(4.405095100403,-5.707106590271,-0.622453117371));
#12907=LINE('',#12668,#12908);
#12908=VECTOR('',#12909,1.);
#12909=DIRECTION('',(0.130526085925,-0.991444875368,0.));
#12910=ORIENTED_EDGE('',*,*,#12911,.T.);
#12911=EDGE_CURVE('',#12905,#12640,#12912,.T.);
#12912=LINE('',#12906,#189);
#12913=PLANE('',#12914);
#12914=AXIS2_PLACEMENT_3D('',#12915,#13,#14);
#12915=CARTESIAN_POINT('',(4.346436866254,-4.898400809588,-0.622453117371));
#12916=ADVANCED_FACE('',(#12917),#12930,.T.);
#12917=FACE_BOUND('',#12918,.T.);
#12918=EDGE_LOOP('',(#12919,#12920,#12927));
#12919=ORIENTED_EDGE('',*,*,#12688,.F.);
#12920=ORIENTED_EDGE('',*,*,#12921,.T.);
#12921=EDGE_CURVE('',#12640,#12922,#12924,.T.);
#12922=VERTEX_POINT('',#12923);
#12923=CARTESIAN_POINT('',(4.564013957977,-5.5,-0.622453117371));
#12924=LINE('',#12641,#12925);
#12925=VECTOR('',#12926,1.);
#12926=DIRECTION('',(0.13052640222,-0.991444833727,0.));
#12927=ORIENTED_EDGE('',*,*,#12928,.T.);
#12928=EDGE_CURVE('',#12922,#12619,#12929,.T.);
#12929=LINE('',#12923,#189);
#12930=PLANE('',#12931);
#12931=AXIS2_PLACEMENT_3D('',#12932,#13,#14);
#12932=CARTESIAN_POINT('',(4.516613041186,-4.885564285711,-0.622453117371));
#12933=ADVANCED_FACE('',(#12934),#12947,.T.);
#12934=FACE_BOUND('',#12935,.T.);
#12935=EDGE_LOOP('',(#12936,#12937,#12944));
#12936=ORIENTED_EDGE('',*,*,#12719,.F.);
#12937=ORIENTED_EDGE('',*,*,#12938,.T.);
#12938=EDGE_CURVE('',#12619,#12939,#12941,.T.);
#12939=VERTEX_POINT('',#12940);
#12940=CARTESIAN_POINT('',(4.663914203644,-5.258819103241,-0.622453117371));
#12941=LINE('',#12620,#12942);
#12942=VECTOR('',#12943,1.);
#12943=DIRECTION('',(0.130525955276,-0.991444892568,0.));
#12944=ORIENTED_EDGE('',*,*,#12945,.T.);
#12945=EDGE_CURVE('',#12939,#12720,#12946,.T.);
#12946=LINE('',#12940,#189);
#12947=PLANE('',#12948);
#12948=AXIS2_PLACEMENT_3D('',#12949,#13,#14);
#12949=CARTESIAN_POINT('',(4.630709632186,-4.876078659059,-0.622453117371));
#12950=ADVANCED_FACE('',(#12951),#12960,.T.);
#12951=FACE_BOUND('',#12952,.T.);
#12952=EDGE_LOOP('',(#12953,#12958,#12959));
#12953=ORIENTED_EDGE('',*,*,#12954,.T.);
#12954=EDGE_CURVE('',#12720,#12760,#12955,.T.);
#12955=LINE('',#12721,#12956);
#12956=VECTOR('',#12957,1.);
#12957=DIRECTION('',(0.721942309622,0.193443619863,-0.664363505554));
#12958=ORIENTED_EDGE('',*,*,#12759,.F.);
#12959=ORIENTED_EDGE('',*,*,#12726,.F.);
#12960=PLANE('',#12961);
#12961=AXIS2_PLACEMENT_3D('',#12962,#12963,#12964);
#12962=CARTESIAN_POINT('',(4.884656032417,-4.558237389013,-0.86806371933));
#12963=DIRECTION('',(0.616733743153,0.255459290196,0.744567015861));
#12964=DIRECTION('',(0.770119732501,-2.303712776097E-14,-0.637899363232));
#12965=ADVANCED_FACE('',(#12966),#12979,.T.);
#12966=FACE_BOUND('',#12967,.T.);
#12967=EDGE_LOOP('',(#12968,#12969,#12974));
#12968=ORIENTED_EDGE('',*,*,#12747,.F.);
#12969=ORIENTED_EDGE('',*,*,#12970,.T.);
#12970=EDGE_CURVE('',#12703,#12971,#12973,.T.);
#12971=VERTEX_POINT('',#12972);
#12972=CARTESIAN_POINT('',(5.09858083725,-4.624712467194,-1.772452735901));
#12973=LINE('',#12704,#12763);
#12974=ORIENTED_EDGE('',*,*,#12975,.T.);
#12975=EDGE_CURVE('',#12971,#12740,#12976,.T.);
#12976=LINE('',#12972,#12977);
#12977=VECTOR('',#12978,1.);
#12978=DIRECTION('',(-6.263634585589E-02,0.998036416258,0.));
#12979=PLANE('',#12980);
#12980=AXIS2_PLACEMENT_3D('',#12981,#13,#14);
#12981=CARTESIAN_POINT('',(4.955213224035,-2.831454557765,-1.772452735901));
#12982=ADVANCED_FACE('',(#12983),#12990,.T.);
#12983=FACE_BOUND('',#12984,.T.);
#12984=EDGE_LOOP('',(#12985,#12988,#12989));
#12985=ORIENTED_EDGE('',*,*,#12986,.T.);
#12986=EDGE_CURVE('',#12760,#12971,#12987,.T.);
#12987=LINE('',#12761,#54);
#12988=ORIENTED_EDGE('',*,*,#12970,.F.);
#12989=ORIENTED_EDGE('',*,*,#12766,.F.);
#12990=PLANE('',#12991);
#12991=AXIS2_PLACEMENT_3D('',#12992,#12773,#12774);
#12992=CARTESIAN_POINT('',(5.053746235067,-4.516472081785,-1.469557150905));
#12993=ADVANCED_FACE('',(#12994),#13009,.T.);
#12994=FACE_BOUND('',#12995,.T.);
#12995=EDGE_LOOP('',(#12996,#13003,#13004));
#12996=ORIENTED_EDGE('',*,*,#12997,.T.);
#12997=EDGE_CURVE('',#12998,#12781,#13000,.T.);
#12998=VERTEX_POINT('',#12999);
#12999=CARTESIAN_POINT('',(3.697988271713,-3.549999952316,-1.022452735901));
#13000=LINE('',#12999,#13001);
#13001=VECTOR('',#13002,1.);
#13002=DIRECTION('',(0.991444892228,-0.130525957861,0.));
#13003=ORIENTED_EDGE('',*,*,#12861,.F.);
#13004=ORIENTED_EDGE('',*,*,#13005,.T.);
#13005=EDGE_CURVE('',#12855,#12998,#13006,.T.);
#13006=LINE('',#12856,#13007);
#13007=VECTOR('',#13008,1.);
#13008=DIRECTION('',(-0.446713544738,5.881084644604E-02,0.892742008246));
#13009=PLANE('',#13010);
#13010=AXIS2_PLACEMENT_3D('',#13011,#13012,#13002);
#13011=CARTESIAN_POINT('',(3.957119738603,-3.58411519482,-1.325348293346));
#13012=DIRECTION('',(0.130525957861,0.991444892228,0.));
#13013=ADVANCED_FACE('',(#13014),#13029,.T.);
#13014=FACE_BOUND('',#13015,.T.);
#13015=EDGE_LOOP('',(#13016,#13023,#13024));
#13016=ORIENTED_EDGE('',*,*,#13017,.T.);
#13017=EDGE_CURVE('',#13018,#12855,#13020,.T.);
#13018=VERTEX_POINT('',#13019);
#13019=CARTESIAN_POINT('',(4.322988510132,2.069568634033,-1.772452735901));
#13020=LINE('',#13019,#13021);
#13021=VECTOR('',#13022,1.);
#13022=DIRECTION('',(-4.400628196526E-02,-0.99903125434,0.));
#13023=ORIENTED_EDGE('',*,*,#12854,.F.);
#13024=ORIENTED_EDGE('',*,*,#13025,.T.);
#13025=EDGE_CURVE('',#12802,#13018,#13026,.T.);
#13026=LINE('',#12803,#13027);
#13027=VECTOR('',#13028,1.);
#13028=DIRECTION('',(-1.719779977654E-02,0.999852106905,0.));
#13029=PLANE('',#13030);
#13030=AXIS2_PLACEMENT_3D('',#13031,#13,#14);
#13031=CARTESIAN_POINT('',(4.285399556236,-0.893123696207,-1.772452735901));
#13032=ADVANCED_FACE('',(#13033),#13048,.T.);
#13033=FACE_BOUND('',#13034,.T.);
#13034=EDGE_LOOP('',(#13035,#13042,#13047));
#13035=ORIENTED_EDGE('',*,*,#13036,.T.);
#13036=EDGE_CURVE('',#12781,#13037,#13039,.T.);
#13037=VERTEX_POINT('',#13038);
#13038=CARTESIAN_POINT('',(3.956807374954,-4.034074306488,-0.622453117371));
#13039=LINE('',#12782,#13040);
#13040=VECTOR('',#13041,1.);
#13041=DIRECTION('',(-0.193443945735,-0.72194244392,0.664363264732));
#13042=ORIENTED_EDGE('',*,*,#13043,.T.);
#13043=EDGE_CURVE('',#13037,#12667,#13044,.T.);
#13044=LINE('',#13038,#13045);
#13045=VECTOR('',#13046,1.);
#13046=DIRECTION('',(0.923879873144,-0.382682610004,0.));
#13047=ORIENTED_EDGE('',*,*,#12787,.F.);
#13048=PLANE('',#13049);
#13049=AXIS2_PLACEMENT_3D('',#13050,#13051,#13052);
#13050=CARTESIAN_POINT('',(4.078700796403,-3.883977445247,-0.788601340043));
#13051=DIRECTION('',(0.25545879335,0.616733636242,0.744567274884));
#13052=DIRECTION('',(-7.33441085643E-14,0.770119895842,-0.637899166035));
#13053=ADVANCED_FACE('',(#13054),#13067,.T.);
#13054=FACE_BOUND('',#13055,.T.);
#13055=EDGE_LOOP('',(#13056,#13061,#13062));
#13056=ORIENTED_EDGE('',*,*,#13057,.T.);
#13057=EDGE_CURVE('',#13058,#12836,#13060,.T.);
#13058=VERTEX_POINT('',#13059);
#13059=CARTESIAN_POINT('',(4.642251491547,-0.725000023842,-1.072452926636));
#13060=LINE('',#13059,#54);
#13061=ORIENTED_EDGE('',*,*,#12871,.F.);
#13062=ORIENTED_EDGE('',*,*,#13063,.T.);
#13063=EDGE_CURVE('',#12740,#13058,#13064,.T.);
#13064=LINE('',#12741,#13065);
#13065=VECTOR('',#13066,1.);
#13066=DIRECTION('',(-0.289563897835,0.377366890098,0.879628887275));
#13067=PLANE('',#13068);
#13068=AXIS2_PLACEMENT_3D('',#13069,#13070,#13071);
#13069=CARTESIAN_POINT('',(4.714437835518,-0.819075066815,-1.493136783169));
#13070=DIRECTION('',(-0.793353240083,-0.608761559602,0.));
#13071=DIRECTION('',(0.608761559602,-0.793353240083,0.));
#13072=ADVANCED_FACE('',(#13073),#13088,.T.);
#13073=FACE_BOUND('',#13074,.T.);
#13074=EDGE_LOOP('',(#13075,#13082,#13087));
#13075=ORIENTED_EDGE('',*,*,#13076,.T.);
#13076=EDGE_CURVE('',#12885,#13077,#13079,.T.);
#13077=VERTEX_POINT('',#13078);
#13078=CARTESIAN_POINT('',(4.447988510132,1.7763568394E-15,-1.772452735901));
#13079=LINE('',#12886,#13080);
#13080=VECTOR('',#13081,1.);
#13081=DIRECTION('',(-0.130526008805,0.991444885521,0.));
#13082=ORIENTED_EDGE('',*,*,#13083,.T.);
#13083=EDGE_CURVE('',#13077,#12802,#13084,.T.);
#13084=LINE('',#13078,#13085);
#13085=VECTOR('',#13086,1.);
#13086=DIRECTION('',(-6.676757741376E-03,-0.999977710205,0.));
#13087=ORIENTED_EDGE('',*,*,#12891,.F.);
#13088=PLANE('',#13089);
#13089=AXIS2_PLACEMENT_3D('',#13090,#13,#14);
#13090=CARTESIAN_POINT('',(4.44847838449,-1.871424125765,-1.772452735901));
#13091=ADVANCED_FACE('',(#13092),#13105,.T.);
#13092=FACE_BOUND('',#13093,.T.);
#13093=EDGE_LOOP('',(#13094,#13099,#13100));
#13094=ORIENTED_EDGE('',*,*,#13095,.T.);
#13095=EDGE_CURVE('',#13096,#12885,#13098,.T.);
#13096=VERTEX_POINT('',#13097);
#13097=CARTESIAN_POINT('',(4.497395992279,-0.375287622213,-1.072452926636));
#13098=LINE('',#13097,#54);
#13099=ORIENTED_EDGE('',*,*,#12884,.F.);
#13100=ORIENTED_EDGE('',*,*,#13101,.T.);
#13101=EDGE_CURVE('',#12836,#13096,#13102,.T.);
#13102=LINE('',#12837,#13103);
#13103=VECTOR('',#13104,1.);
#13104=DIRECTION('',(-0.182027308752,0.439453162825,0.879628885696));
#13105=PLANE('',#13106);
#13106=AXIS2_PLACEMENT_3D('',#13107,#8795,#13108);
#13107=CARTESIAN_POINT('',(4.542774183629,-0.484840358276,-1.493136783562));
#13108=DIRECTION('',(0.382683160832,-0.923879644984,0.));
#13109=ADVANCED_FACE('',(#13110),#13123,.T.);
#13110=FACE_BOUND('',#13111,.T.);
#13111=EDGE_LOOP('',(#13112,#13117,#13122));
#13112=ORIENTED_EDGE('',*,*,#13113,.T.);
#13113=EDGE_CURVE('',#12667,#13114,#13116,.T.);
#13114=VERTEX_POINT('',#13115);
#13115=CARTESIAN_POINT('',(4.197988510132,-5.866025447845,-0.622453117371));
#13116=LINE('',#12668,#345);
#13117=ORIENTED_EDGE('',*,*,#13118,.T.);
#13118=EDGE_CURVE('',#13114,#12905,#13119,.T.);
#13119=LINE('',#13115,#13120);
#13120=VECTOR('',#13121,1.);
#13121=DIRECTION('',(0.793352634546,0.608762348753,0.));
#13122=ORIENTED_EDGE('',*,*,#12904,.F.);
#13123=PLANE('',#13124);
#13124=AXIS2_PLACEMENT_3D('',#13125,#13,#14);
#13125=CARTESIAN_POINT('',(4.251438702442,-5.022139761625,-0.622453117371));
#13126=ADVANCED_FACE('',(#13127),#13136,.T.);
#13127=FACE_BOUND('',#13128,.T.);
#13128=EDGE_LOOP('',(#13129,#13130,#13135));
#13129=ORIENTED_EDGE('',*,*,#12911,.F.);
#13130=ORIENTED_EDGE('',*,*,#13131,.T.);
#13131=EDGE_CURVE('',#12905,#12922,#13132,.T.);
#13132=LINE('',#12906,#13133);
#13133=VECTOR('',#13134,1.);
#13134=DIRECTION('',(0.608762348753,0.793352634546,0.));
#13135=ORIENTED_EDGE('',*,*,#12921,.F.);
#13136=PLANE('',#13137);
#13137=AXIS2_PLACEMENT_3D('',#13138,#13,#14);
#13138=CARTESIAN_POINT('',(4.445708764631,-5.010882419154,-0.622453117371));
#13139=ADVANCED_FACE('',(#13140),#13149,.T.);
#13140=FACE_BOUND('',#13141,.T.);
#13141=EDGE_LOOP('',(#13142,#13143,#13148));
#13142=ORIENTED_EDGE('',*,*,#12928,.F.);
#13143=ORIENTED_EDGE('',*,*,#13144,.T.);
#13144=EDGE_CURVE('',#12922,#12939,#13145,.T.);
#13145=LINE('',#12923,#13146);
#13146=VECTOR('',#13147,1.);
#13147=DIRECTION('',(0.382682932903,0.923879739395,0.));
#13148=ORIENTED_EDGE('',*,*,#12938,.F.);
#13149=PLANE('',#13150);
#13150=AXIS2_PLACEMENT_3D('',#13151,#13,#14);
#13151=CARTESIAN_POINT('',(4.589314628337,-5.003330892562,-0.622453117371));
#13152=ADVANCED_FACE('',(#13153),#13168,.T.);
#13153=FACE_BOUND('',#13154,.T.);
#13154=EDGE_LOOP('',(#13155,#13162,#13167));
#13155=ORIENTED_EDGE('',*,*,#13156,.T.);
#13156=EDGE_CURVE('',#12939,#13157,#13159,.T.);
#13157=VERTEX_POINT('',#13158);
#13158=CARTESIAN_POINT('',(4.697988510132,-5.,-0.622453117371));
#13159=LINE('',#12940,#13160);
#13160=VECTOR('',#13161,1.);
#13161=DIRECTION('',(0.130526663356,0.991444799347,0.));
#13162=ORIENTED_EDGE('',*,*,#13163,.T.);
#13163=EDGE_CURVE('',#13157,#12720,#13164,.T.);
#13164=LINE('',#13158,#13165);
#13165=VECTOR('',#13166,1.);
#13166=DIRECTION('',(-0.130526663356,0.991444799347,0.));
#13167=ORIENTED_EDGE('',*,*,#12945,.F.);
#13168=PLANE('',#13169);
#13169=AXIS2_PLACEMENT_3D('',#13170,#13,#14);
#13170=CARTESIAN_POINT('',(4.672469375873,-5.,-0.622453117371));
#13171=ADVANCED_FACE('',(#13172),#13181,.T.);
#13172=FACE_BOUND('',#13173,.T.);
#13173=EDGE_LOOP('',(#13174,#13175,#13176));
#13174=ORIENTED_EDGE('',*,*,#12954,.F.);
#13175=ORIENTED_EDGE('',*,*,#13163,.F.);
#13176=ORIENTED_EDGE('',*,*,#13177,.T.);
#13177=EDGE_CURVE('',#13157,#12760,#13178,.T.);
#13178=LINE('',#13158,#13179);
#13179=VECTOR('',#13180,1.);
#13180=DIRECTION('',(0.589798967753,0.552542284203,-0.588926312713));
#13181=PLANE('',#13182);
#13182=AXIS2_PLACEMENT_3D('',#13183,#13184,#13185);
#13183=CARTESIAN_POINT('',(4.854848463761,-4.771695344045,-0.788601333661));
#13184=DIRECTION('',(0.661836675567,8.713277129049E-02,0.744567052079));
#13185=DIRECTION('',(0.74740966962,-1.202510313547E-14,-0.664363444026));
#13186=ADVANCED_FACE('',(#13187),#13202,.T.);
#13187=FACE_BOUND('',#13188,.T.);
#13188=EDGE_LOOP('',(#13189,#13190,#13197));
#13189=ORIENTED_EDGE('',*,*,#12975,.F.);
#13190=ORIENTED_EDGE('',*,*,#13191,.T.);
#13191=EDGE_CURVE('',#12971,#13192,#13194,.T.);
#13192=VERTEX_POINT('',#13193);
#13193=CARTESIAN_POINT('',(5.147988319397,-5.,-1.772452735901));
#13194=LINE('',#12972,#13195);
#13195=VECTOR('',#13196,1.);
#13196=DIRECTION('',(0.130526039371,-0.991444881497,0.));
#13197=ORIENTED_EDGE('',*,*,#13198,.T.);
#13198=EDGE_CURVE('',#13192,#12740,#13199,.T.);
#13199=LINE('',#13193,#13200);
#13200=VECTOR('',#13201,1.);
#13201=DIRECTION('',(-6.909882444219E-02,0.99760981975,0.));
#13202=PLANE('',#13203);
#13203=AXIS2_PLACEMENT_3D('',#13204,#13,#14);
#13204=CARTESIAN_POINT('',(5.004521085594,-3.013216970302,-1.772452735901));
#13205=ADVANCED_FACE('',(#13206),#13219,.T.);
#13206=FACE_BOUND('',#13207,.T.);
#13207=EDGE_LOOP('',(#13208,#13209,#13214));
#13208=ORIENTED_EDGE('',*,*,#12986,.F.);
#13209=ORIENTED_EDGE('',*,*,#13210,.T.);
#13210=EDGE_CURVE('',#12760,#13211,#13213,.T.);
#13211=VERTEX_POINT('',#13212);
#13212=CARTESIAN_POINT('',(5.147988319397,-5.,-1.022452735901));
#13213=LINE('',#12761,#13195);
#13214=ORIENTED_EDGE('',*,*,#13215,.T.);
#13215=EDGE_CURVE('',#13211,#12971,#13216,.T.);
#13216=LINE('',#13212,#13217);
#13217=VECTOR('',#13218,1.);
#13218=DIRECTION('',(-5.881085390175E-02,0.446713317575,-0.892742121424));
#13219=PLANE('',#13220);
#13220=AXIS2_PLACEMENT_3D('',#13221,#13222,#13223);
#13221=CARTESIAN_POINT('',(5.113873075254,-4.740868685284,-1.325348325815));
#13222=DIRECTION('',(0.991444881497,0.130526039371,0.));
#13223=DIRECTION('',(-0.130526039371,0.991444881497,0.));
#13224=ADVANCED_FACE('',(#13225),#13238,.T.);
#13225=FACE_BOUND('',#13226,.T.);
#13226=EDGE_LOOP('',(#13227,#13234,#13237));
#13227=ORIENTED_EDGE('',*,*,#13228,.T.);
#13228=EDGE_CURVE('',#12855,#13229,#13231,.T.);
#13229=VERTEX_POINT('',#13230);
#13230=CARTESIAN_POINT('',(3.697988271713,-3.549999952316,-1.772452735901));
#13231=LINE('',#12856,#13232);
#13232=VECTOR('',#13233,1.);
#13233=DIRECTION('',(-0.991444892228,0.130525957861,0.));
#13234=ORIENTED_EDGE('',*,*,#13235,.T.);
#13235=EDGE_CURVE('',#13229,#12998,#13236,.T.);
#13236=LINE('',#13230,#82);
#13237=ORIENTED_EDGE('',*,*,#13005,.F.);
#13238=PLANE('',#13239);
#13239=AXIS2_PLACEMENT_3D('',#13240,#13012,#13002);
#13240=CARTESIAN_POINT('',(3.814144576048,-3.565292191959,-1.469557178455));
#13241=ADVANCED_FACE('',(#13242),#13251,.T.);
#13242=FACE_BOUND('',#13243,.T.);
#13243=EDGE_LOOP('',(#13244,#13245,#13246));
#13244=ORIENTED_EDGE('',*,*,#13036,.F.);
#13245=ORIENTED_EDGE('',*,*,#12997,.F.);
#13246=ORIENTED_EDGE('',*,*,#13247,.T.);
#13247=EDGE_CURVE('',#12998,#13037,#13248,.T.);
#13248=LINE('',#12999,#13249);
#13249=VECTOR('',#13250,1.);
#13250=DIRECTION('',(0.381063663506,-0.712710709914,0.588926080531));
#13251=PLANE('',#13252);
#13252=AXIS2_PLACEMENT_3D('',#13253,#13254,#13255);
#13253=CARTESIAN_POINT('',(3.908744475719,-3.751434374304,-0.868063726419));
#13254=DIRECTION('',(8.713227590201E-02,0.661836551954,0.74456721993));
#13255=DIRECTION('',(3.823330541053E-15,0.747409805603,-0.664363291045));
#13256=ADVANCED_FACE('',(#13257),#13266,.T.);
#13257=FACE_BOUND('',#13258,.T.);
#13258=EDGE_LOOP('',(#13259,#13260,#13261));
#13259=ORIENTED_EDGE('',*,*,#13025,.F.);
#13260=ORIENTED_EDGE('',*,*,#13083,.F.);
#13261=ORIENTED_EDGE('',*,*,#13262,.T.);
#13262=EDGE_CURVE('',#13077,#13018,#13263,.T.);
#13263=LINE('',#13078,#13264);
#13264=VECTOR('',#13265,1.);
#13265=DIRECTION('',(-6.028919117686E-02,0.998180952246,0.));
#13266=PLANE('',#13267);
#13267=AXIS2_PLACEMENT_3D('',#13268,#13,#14);
#13268=CARTESIAN_POINT('',(4.39533458147,-0.836747702146,-1.772452735901));
#13269=ADVANCED_FACE('',(#13270),#13285,.T.);
#13270=FACE_BOUND('',#13271,.T.);
#13271=EDGE_LOOP('',(#13272,#13279,#13284));
#13272=ORIENTED_EDGE('',*,*,#13273,.T.);
#13273=EDGE_CURVE('',#13018,#13274,#13276,.T.);
#13274=VERTEX_POINT('',#13275);
#13275=CARTESIAN_POINT('',(3.572988271713,1.319568634033,-1.772452735901));
#13276=LINE('',#13019,#13277);
#13277=VECTOR('',#13278,1.);
#13278=DIRECTION('',(-0.707106893578,-0.707106668795,0.));
#13279=ORIENTED_EDGE('',*,*,#13280,.T.);
#13280=EDGE_CURVE('',#13274,#12855,#13281,.T.);
#13281=LINE('',#13275,#13282);
#13282=VECTOR('',#13283,1.);
#13283=DIRECTION('',(0.101183695016,-0.994867759988,0.));
#13284=ORIENTED_EDGE('',*,*,#13017,.F.);
#13285=PLANE('',#13286);
#13286=AXIS2_PLACEMENT_3D('',#13287,#13,#14);
#13287=CARTESIAN_POINT('',(4.016664503957,-0.700314708548,-1.772452735901));
#13288=ADVANCED_FACE('',(#13289),#13304,.T.);
#13289=FACE_BOUND('',#13290,.T.);
#13290=EDGE_LOOP('',(#13291,#13298,#13299));
#13291=ORIENTED_EDGE('',*,*,#13292,.T.);
#13292=EDGE_CURVE('',#13293,#12667,#13295,.T.);
#13293=VERTEX_POINT('',#13294);
#13294=CARTESIAN_POINT('',(4.097988128662,-4.400000095367,-0.622453117371));
#13295=LINE('',#13294,#13296);
#13296=VECTOR('',#13297,1.);
#13297=DIRECTION('',(0.351866169649,0.936050318443,0.));
#13298=ORIENTED_EDGE('',*,*,#13043,.F.);
#13299=ORIENTED_EDGE('',*,*,#13300,.T.);
#13300=EDGE_CURVE('',#13037,#13293,#13301,.T.);
#13301=LINE('',#13038,#13302);
#13302=VECTOR('',#13303,1.);
#13303=DIRECTION('',(0.359956292399,-0.93296916753,0.));
#13304=PLANE('',#13305);
#13305=AXIS2_PLACEMENT_3D('',#13306,#13,#14);
#13306=CARTESIAN_POINT('',(4.07787891268,-4.195140488437,-0.622453117371));
#13307=ADVANCED_FACE('',(#13308),#13319,.T.);
#13308=FACE_BOUND('',#13309,.T.);
#13309=EDGE_LOOP('',(#13310,#13315,#13318));
#13310=ORIENTED_EDGE('',*,*,#13311,.T.);
#13311=EDGE_CURVE('',#12740,#13312,#13314,.T.);
#13312=VERTEX_POINT('',#13313);
#13313=CARTESIAN_POINT('',(4.872683525085,-1.025304794312,-1.072452926636));
#13314=LINE('',#12741,#82);
#13315=ORIENTED_EDGE('',*,*,#13316,.T.);
#13316=EDGE_CURVE('',#13312,#13058,#13317,.T.);
#13317=LINE('',#13313,#12873);
#13318=ORIENTED_EDGE('',*,*,#13063,.F.);
#13319=PLANE('',#13320);
#13320=AXIS2_PLACEMENT_3D('',#13321,#13070,#13071);
#13321=CARTESIAN_POINT('',(4.800497181114,-0.931229751339,-1.351768879368));
#13322=ADVANCED_FACE('',(#13323),#13330,.T.);
#13323=FACE_BOUND('',#13324,.T.);
#13324=EDGE_LOOP('',(#13325,#13326,#13329));
#13325=ORIENTED_EDGE('',*,*,#13057,.F.);
#13326=ORIENTED_EDGE('',*,*,#13327,.T.);
#13327=EDGE_CURVE('',#13058,#13096,#13328,.T.);
#13328=LINE('',#13059,#12888);
#13329=ORIENTED_EDGE('',*,*,#13101,.F.);
#13330=PLANE('',#13331);
#13331=AXIS2_PLACEMENT_3D('',#13332,#8795,#13108);
#13332=CARTESIAN_POINT('',(4.596873300197,-0.615447287779,-1.351768878974));
#13333=ADVANCED_FACE('',(#13334),#13347,.T.);
#13334=FACE_BOUND('',#13335,.T.);
#13335=EDGE_LOOP('',(#13336,#13341,#13342));
#13336=ORIENTED_EDGE('',*,*,#13337,.T.);
#13337=EDGE_CURVE('',#13338,#13077,#13340,.T.);
#13338=VERTEX_POINT('',#13339);
#13339=CARTESIAN_POINT('',(4.447988510132,1.7763568394E-15,-1.072452926636));
#13340=LINE('',#13339,#54);
#13341=ORIENTED_EDGE('',*,*,#13076,.F.);
#13342=ORIENTED_EDGE('',*,*,#13343,.T.);
#13343=EDGE_CURVE('',#12885,#13338,#13344,.T.);
#13344=LINE('',#12886,#13345);
#13345=VECTOR('',#13346,1.);
#13346=DIRECTION('',(-6.208608521548E-02,0.471591311284,0.879628872391));
#13347=PLANE('',#13348);
#13348=AXIS2_PLACEMENT_3D('',#13349,#13350,#13351);
#13349=CARTESIAN_POINT('',(4.463466156593,-0.117564564828,-1.493136786879));
#13350=DIRECTION('',(-0.991444885521,-0.130526008805,0.));
#13351=DIRECTION('',(0.130526008805,-0.991444885521,0.));
#13352=ADVANCED_FACE('',(#13353),#13360,.T.);
#13353=FACE_BOUND('',#13354,.T.);
#13354=EDGE_LOOP('',(#13355,#13356,#13359));
#13355=ORIENTED_EDGE('',*,*,#13095,.F.);
#13356=ORIENTED_EDGE('',*,*,#13357,.T.);
#13357=EDGE_CURVE('',#13096,#13338,#13358,.T.);
#13358=LINE('',#13097,#13080);
#13359=ORIENTED_EDGE('',*,*,#13343,.F.);
#13360=PLANE('',#13361);
#13361=AXIS2_PLACEMENT_3D('',#13362,#13350,#13351);
#13362=CARTESIAN_POINT('',(4.481918345818,-0.257723057386,-1.351768875657));
#13363=ADVANCED_FACE('',(#13364),#13379,.T.);
#13364=FACE_BOUND('',#13365,.T.);
#13365=EDGE_LOOP('',(#13366,#13367,#13374));
#13366=ORIENTED_EDGE('',*,*,#13118,.F.);
#13367=ORIENTED_EDGE('',*,*,#13368,.T.);
#13368=EDGE_CURVE('',#13114,#13369,#13371,.T.);
#13369=VERTEX_POINT('',#13370);
#13370=CARTESIAN_POINT('',(4.422988414764,-6.25573682785,-1.022452735901));
#13371=LINE('',#13115,#13372);
#13372=VECTOR('',#13373,1.);
#13373=DIRECTION('',(0.37370470114,-0.647275717888,-0.664363561146));
#13374=ORIENTED_EDGE('',*,*,#13375,.T.);
#13375=EDGE_CURVE('',#13369,#12905,#13376,.T.);
#13376=LINE('',#13370,#13377);
#13377=VECTOR('',#13378,1.);
#13378=DIRECTION('',(-2.634462386899E-02,0.807757409282,0.588926080712));
#13379=PLANE('',#13380);
#13380=AXIS2_PLACEMENT_3D('',#13381,#13382,#13383);
#13381=CARTESIAN_POINT('',(4.354576223696,-5.979459322135,-0.788601347411));
#13382=DIRECTION('',(0.406377988655,-0.529600834515,0.744566911981));
#13383=DIRECTION('',(3.211042542972E-13,0.814887590538,0.579619025557));
#13384=ADVANCED_FACE('',(#13385),#13400,.T.);
#13385=FACE_BOUND('',#13386,.T.);
#13386=EDGE_LOOP('',(#13387,#13394,#13399));
#13387=ORIENTED_EDGE('',*,*,#13388,.T.);
#13388=EDGE_CURVE('',#12667,#13389,#13391,.T.);
#13389=VERTEX_POINT('',#13390);
#13390=CARTESIAN_POINT('',(4.097988128662,-5.599999904633,-0.622453117371));
#13391=LINE('',#12668,#13392);
#13392=VECTOR('',#13393,1.);
#13393=DIRECTION('',(-6.805376586981E-02,-0.997681655114,0.));
#13394=ORIENTED_EDGE('',*,*,#13395,.T.);
#13395=EDGE_CURVE('',#13389,#13114,#13396,.T.);
#13396=LINE('',#13390,#13397);
#13397=VECTOR('',#13398,1.);
#13398=DIRECTION('',(0.351866169649,-0.936050318443,0.));
#13399=ORIENTED_EDGE('',*,*,#13113,.F.);
#13400=PLANE('',#13401);
#13401=AXIS2_PLACEMENT_3D('',#13402,#13,#14);
#13402=CARTESIAN_POINT('',(4.172833629926,-5.003691963062,-0.622453117371));
#13403=ADVANCED_FACE('',(#13404),#13419,.T.);
#13404=FACE_BOUND('',#13405,.T.);
#13405=EDGE_LOOP('',(#13406,#13407,#13414));
#13406=ORIENTED_EDGE('',*,*,#13131,.F.);
#13407=ORIENTED_EDGE('',*,*,#13408,.T.);
#13408=EDGE_CURVE('',#12905,#13409,#13411,.T.);
#13409=VERTEX_POINT('',#13410);
#13410=CARTESIAN_POINT('',(4.723293304443,-6.025304794312,-1.022452735901));
#13411=LINE('',#12906,#13412);
#13412=VECTOR('',#13413,1.);
#13413=DIRECTION('',(0.528498531826,-0.528498531826,-0.66436330702));
#13414=ORIENTED_EDGE('',*,*,#13415,.T.);
#13415=EDGE_CURVE('',#13409,#12922,#13416,.T.);
#13416=LINE('',#13410,#13417);
#13417=VECTOR('',#13418,1.);
#13418=DIRECTION('',(-0.234509695697,0.773415199115,0.588926253789));
#13419=PLANE('',#13420);
#13420=AXIS2_PLACEMENT_3D('',#13421,#13422,#13423);
#13421=CARTESIAN_POINT('',(4.58570630687,-5.77614761787,-0.788601348085));
#13422=DIRECTION('',(0.529600538979,-0.406377761882,0.744567245963));
#13423=DIRECTION('',(0.814887866111,-7.21311899099E-13,-0.579618638128));
#13424=ADVANCED_FACE('',(#13425),#13440,.T.);
#13425=FACE_BOUND('',#13426,.T.);
#13426=EDGE_LOOP('',(#13427,#13428,#13435));
#13427=ORIENTED_EDGE('',*,*,#13144,.F.);
#13428=ORIENTED_EDGE('',*,*,#13429,.T.);
#13429=EDGE_CURVE('',#12922,#13430,#13432,.T.);
#13430=VERTEX_POINT('',#13431);
#13431=CARTESIAN_POINT('',(4.953725337982,-5.724999904633,-1.022452735901));
#13432=LINE('',#12923,#13433);
#13433=VECTOR('',#13434,1.);
#13434=DIRECTION('',(0.647275717888,-0.37370470114,-0.664363561146));
#13435=ORIENTED_EDGE('',*,*,#13436,.T.);
#13436=EDGE_CURVE('',#13430,#12939,#13437,.T.);
#13437=LINE('',#13431,#13438);
#13438=VECTOR('',#13439,1.);
#13439=DIRECTION('',(-0.426693872891,0.686365939899,0.58892625632));
#13440=PLANE('',#13441);
#13441=AXIS2_PLACEMENT_3D('',#13442,#13443,#13444);
#13442=CARTESIAN_POINT('',(4.756339892402,-5.519942783807,-0.788601355135));
#13443=DIRECTION('',(0.616733881719,-0.255459147563,0.744566950023));
#13444=DIRECTION('',(0.770119634383,1.979666430785E-13,-0.637899481687));
#13445=ADVANCED_FACE('',(#13446),#13461,.T.);
#13446=FACE_BOUND('',#13447,.T.);
#13447=EDGE_LOOP('',(#13448,#13449,#13456));
#13448=ORIENTED_EDGE('',*,*,#13156,.F.);
#13449=ORIENTED_EDGE('',*,*,#13450,.T.);
#13450=EDGE_CURVE('',#12939,#13451,#13453,.T.);
#13451=VERTEX_POINT('',#13452);
#13452=CARTESIAN_POINT('',(5.09858083725,-5.375287532806,-1.022452735901));
#13453=LINE('',#12940,#13454);
#13454=VECTOR('',#13455,1.);
#13455=DIRECTION('',(0.721942309622,-0.193443619863,-0.664363505554));
#13456=ORIENTED_EDGE('',*,*,#13457,.T.);
#13457=EDGE_CURVE('',#13451,#13157,#13458,.T.);
#13458=LINE('',#13452,#13459);
#13459=VECTOR('',#13460,1.);
#13460=DIRECTION('',(-0.589798967753,0.552542284203,0.588926312713));
#13461=PLANE('',#13462);
#13462=AXIS2_PLACEMENT_3D('',#13463,#13464,#13465);
#13463=CARTESIAN_POINT('',(4.854848463761,-5.228304655955,-0.788601333661));
#13464=DIRECTION('',(0.661836675567,-8.713277129049E-02,0.744567052079));
#13465=DIRECTION('',(0.74740966962,1.202510313547E-14,-0.664363444026));
#13466=ADVANCED_FACE('',(#13467),#13476,.T.);
#13467=FACE_BOUND('',#13468,.T.);
#13468=EDGE_LOOP('',(#13469,#13474,#13475));
#13469=ORIENTED_EDGE('',*,*,#13470,.T.);
#13470=EDGE_CURVE('',#13157,#13211,#13471,.T.);
#13471=LINE('',#13158,#13472);
#13472=VECTOR('',#13473,1.);
#13473=DIRECTION('',(0.747409493466,0.,-0.664363642199));
#13474=ORIENTED_EDGE('',*,*,#13210,.F.);
#13475=ORIENTED_EDGE('',*,*,#13177,.F.);
#13476=PLANE('',#13477);
#13477=AXIS2_PLACEMENT_3D('',#13478,#13479,#13480);
#13478=CARTESIAN_POINT('',(4.958557895578,-4.880422253363,-0.86806372119));
#13479=DIRECTION('',(0.661836895925,8.713237654132E-02,0.744566902401));
#13480=DIRECTION('',(0.747409493466,-1.467576060676E-14,-0.6643636422));
#13481=ADVANCED_FACE('',(#13482),#13489,.T.);
#13482=FACE_BOUND('',#13483,.T.);
#13483=EDGE_LOOP('',(#13484,#13487,#13488));
#13484=ORIENTED_EDGE('',*,*,#13485,.T.);
#13485=EDGE_CURVE('',#13211,#13192,#13486,.T.);
#13486=LINE('',#13212,#54);
#13487=ORIENTED_EDGE('',*,*,#13191,.F.);
#13488=ORIENTED_EDGE('',*,*,#13215,.F.);
#13489=PLANE('',#13490);
#13490=AXIS2_PLACEMENT_3D('',#13491,#13222,#13223);
#13491=CARTESIAN_POINT('',(5.132696081393,-4.88384378191,-1.469557145987));
#13492=ADVANCED_FACE('',(#13493),#13506,.T.);
#13493=FACE_BOUND('',#13494,.T.);
#13494=EDGE_LOOP('',(#13495,#13502,#13505));
#13495=ORIENTED_EDGE('',*,*,#13496,.T.);
#13496=EDGE_CURVE('',#13192,#13497,#13499,.T.);
#13497=VERTEX_POINT('',#13498);
#13498=CARTESIAN_POINT('',(5.172988414764,-1.25573682785,-1.772452735901));
#13499=LINE('',#13193,#13500);
#13500=VECTOR('',#13501,1.);
#13501=DIRECTION('',(6.676757741376E-03,0.999977710205,0.));
#13502=ORIENTED_EDGE('',*,*,#13503,.T.);
#13503=EDGE_CURVE('',#13497,#12740,#13504,.T.);
#13504=LINE('',#13498,#12650);
#13505=ORIENTED_EDGE('',*,*,#13198,.F.);
#13506=PLANE('',#13507);
#13507=AXIS2_PLACEMENT_3D('',#13508,#13,#14);
#13508=CARTESIAN_POINT('',(5.08026907143,-2.978454949379,-1.772452735901));
#13509=ADVANCED_FACE('',(#13510),#13524,.T.);
#13510=FACE_BOUND('',#13511,.T.);
#13511=EDGE_LOOP('',(#13512,#13518,#13519));
#13512=ORIENTED_EDGE('',*,*,#13513,.T.);
#13513=EDGE_CURVE('',#13514,#12998,#13516,.T.);
#13514=VERTEX_POINT('',#13515);
#13515=CARTESIAN_POINT('',(3.322700738907,-3.599407434464,-1.022452735901));
#13516=LINE('',#13515,#13517);
#13517=VECTOR('',#13222,1.);
#13518=ORIENTED_EDGE('',*,*,#13235,.F.);
#13519=ORIENTED_EDGE('',*,*,#13520,.T.);
#13520=EDGE_CURVE('',#13229,#13514,#13521,.T.);
#13521=LINE('',#13230,#13522);
#13522=VECTOR('',#13523,1.);
#13523=DIRECTION('',(-0.446713317575,-5.881085390175E-02,0.892742121424));
#13524=PLANE('',#13525);
#13525=AXIS2_PLACEMENT_3D('',#13526,#13223,#13222);
#13526=CARTESIAN_POINT('',(3.581832053623,-3.56529219032,-1.325348325815));
#13527=ADVANCED_FACE('',(#13528),#13537,.T.);
#13528=FACE_BOUND('',#13529,.T.);
#13529=EDGE_LOOP('',(#13530,#13535,#13536));
#13530=ORIENTED_EDGE('',*,*,#13531,.T.);
#13531=EDGE_CURVE('',#13274,#13229,#13532,.T.);
#13532=LINE('',#13275,#13533);
#13533=VECTOR('',#13534,1.);
#13534=DIRECTION('',(2.566117203655E-02,-0.999670697905,0.));
#13535=ORIENTED_EDGE('',*,*,#13228,.F.);
#13536=ORIENTED_EDGE('',*,*,#13280,.F.);
#13537=PLANE('',#13538);
#13538=AXIS2_PLACEMENT_3D('',#13539,#13,#14);
#13539=CARTESIAN_POINT('',(3.735788280483,-1.218523408076,-1.772452735901));
#13540=ADVANCED_FACE('',(#13541),#13556,.T.);
#13541=FACE_BOUND('',#13542,.T.);
#13542=EDGE_LOOP('',(#13543,#13550,#13555));
#13543=ORIENTED_EDGE('',*,*,#13544,.T.);
#13544=EDGE_CURVE('',#12998,#13545,#13547,.T.);
#13545=VERTEX_POINT('',#13546);
#13546=CARTESIAN_POINT('',(3.697988271713,-4.,-0.622453117371));
#13547=LINE('',#12999,#13548);
#13548=VECTOR('',#13549,1.);
#13549=DIRECTION('',(0.,-0.747409668249,0.664363445569));
#13550=ORIENTED_EDGE('',*,*,#13551,.T.);
#13551=EDGE_CURVE('',#13545,#13037,#13552,.T.);
#13552=LINE('',#13546,#13553);
#13553=VECTOR('',#13554,1.);
#13554=DIRECTION('',(0.991444799347,-0.130526663356,0.));
#13555=ORIENTED_EDGE('',*,*,#13247,.F.);
#13556=PLANE('',#13557);
#13557=AXIS2_PLACEMENT_3D('',#13558,#13559,#13560);
#13558=CARTESIAN_POINT('',(3.776880325692,-3.82346942474,-0.788601340731));
#13559=DIRECTION('',(8.713277149121E-02,0.661836677092,0.7445670507));
#13560=DIRECTION('',(-2.638861351656E-14,0.747409668249,-0.664363445569));
#13561=ADVANCED_FACE('',(#13562),#13577,.T.);
#13562=FACE_BOUND('',#13563,.T.);
#13563=EDGE_LOOP('',(#13564,#13565,#13572));
#13564=ORIENTED_EDGE('',*,*,#13262,.F.);
#13565=ORIENTED_EDGE('',*,*,#13566,.T.);
#13566=EDGE_CURVE('',#13077,#13567,#13569,.T.);
#13567=VERTEX_POINT('',#13568);
#13568=CARTESIAN_POINT('',(4.497395992279,0.375287622213,-1.772452735901));
#13569=LINE('',#13078,#13570);
#13570=VECTOR('',#13571,1.);
#13571=DIRECTION('',(0.130526008805,0.991444885521,0.));
#13572=ORIENTED_EDGE('',*,*,#13573,.T.);
#13573=EDGE_CURVE('',#13567,#13018,#13574,.T.);
#13574=LINE('',#13568,#13575);
#13575=VECTOR('',#13576,1.);
#13576=DIRECTION('',(-0.1023978387,0.994743526056,0.));
#13577=PLANE('',#13578);
#13578=AXIS2_PLACEMENT_3D('',#13579,#13,#14);
#13579=CARTESIAN_POINT('',(4.403559105188,1.034528403344,-1.772452735901));
#13580=ADVANCED_FACE('',(#13581),#13594,.T.);
#13581=FACE_BOUND('',#13582,.T.);
#13582=EDGE_LOOP('',(#13583,#13588,#13589));
#13583=ORIENTED_EDGE('',*,*,#13584,.T.);
#13584=EDGE_CURVE('',#13585,#13274,#13587,.T.);
#13585=VERTEX_POINT('',#13586);
#13586=CARTESIAN_POINT('',(3.572988271713,1.319568634033,-3.622453117371));
#13587=LINE('',#13586,#82);
#13588=ORIENTED_EDGE('',*,*,#13273,.F.);
#13589=ORIENTED_EDGE('',*,*,#13590,.T.);
#13590=EDGE_CURVE('',#13018,#13585,#13591,.T.);
#13591=LINE('',#13019,#13592);
#13592=VECTOR('',#13593,1.);
#13593=DIRECTION('',(-0.351702101318,-0.351701989515,-0.867531753021));
#13594=PLANE('',#13595);
#13595=AXIS2_PLACEMENT_3D('',#13596,#13597,#13598);
#13596=CARTESIAN_POINT('',(3.810425430097,1.557005716937,-2.502909552677));
#13597=DIRECTION('',(-0.707106668795,0.707106893578,0.));
#13598=DIRECTION('',(0.707106893578,0.707106668795,0.));
#13599=ADVANCED_FACE('',(#13600),#13613,.T.);
#13600=FACE_BOUND('',#13601,.T.);
#13601=EDGE_LOOP('',(#13602,#13609,#13612));
#13602=ORIENTED_EDGE('',*,*,#13603,.T.);
#13603=EDGE_CURVE('',#13037,#13604,#13606,.T.);
#13604=VERTEX_POINT('',#13605);
#13605=CARTESIAN_POINT('',(3.297988414764,-4.400000095367,-0.622453117371));
#13606=LINE('',#13038,#13607);
#13607=VECTOR('',#13608,1.);
#13608=DIRECTION('',(-0.874205010058,-0.485557000144,0.));
#13609=ORIENTED_EDGE('',*,*,#13610,.T.);
#13610=EDGE_CURVE('',#13604,#13293,#13611,.T.);
#13611=LINE('',#13605,#34);
#13612=ORIENTED_EDGE('',*,*,#13300,.F.);
#13613=PLANE('',#13614);
#13614=AXIS2_PLACEMENT_3D('',#13615,#13,#14);
#13615=CARTESIAN_POINT('',(3.737046752146,-4.29225947364,-0.622453117371));
#13616=ADVANCED_FACE('',(#13617),#13624,.T.);
#13617=FACE_BOUND('',#13618,.T.);
#13618=EDGE_LOOP('',(#13619,#13620,#13623));
#13619=ORIENTED_EDGE('',*,*,#13292,.F.);
#13620=ORIENTED_EDGE('',*,*,#13621,.T.);
#13621=EDGE_CURVE('',#13293,#13389,#13622,.T.);
#13622=LINE('',#13294,#345);
#13623=ORIENTED_EDGE('',*,*,#13388,.F.);
#13624=PLANE('',#13625);
#13625=AXIS2_PLACEMENT_3D('',#13626,#13,#14);
#13626=CARTESIAN_POINT('',(4.127674271391,-4.863295265332,-0.622453117371));
#13627=ADVANCED_FACE('',(#13628),#13643,.T.);
#13628=FACE_BOUND('',#13629,.T.);
#13629=EDGE_LOOP('',(#13630,#13637,#13638));
#13630=ORIENTED_EDGE('',*,*,#13631,.T.);
#13631=EDGE_CURVE('',#13632,#13058,#13634,.T.);
#13632=VERTEX_POINT('',#13633);
#13633=CARTESIAN_POINT('',(5.031962871552,-0.5,-0.622453117371));
#13634=LINE('',#13633,#13635);
#13635=VECTOR('',#13636,1.);
#13636=DIRECTION('',(-0.612372506591,-0.35355351589,-0.707106657141));
#13637=ORIENTED_EDGE('',*,*,#13316,.F.);
#13638=ORIENTED_EDGE('',*,*,#13639,.T.);
#13639=EDGE_CURVE('',#13312,#13632,#13640,.T.);
#13640=LINE('',#13313,#13641);
#13641=VECTOR('',#13642,1.);
#13642=DIRECTION('',(0.224400580624,0.74007524179,0.633981873483));
#13643=PLANE('',#13644);
#13644=AXIS2_PLACEMENT_3D('',#13645,#13646,#13647);
#13645=CARTESIAN_POINT('',(4.867045096684,-0.731938909901,-0.896833933603));
#13646=DIRECTION('',(-0.563390124462,-0.432304594604,0.704062713927));
#13647=DIRECTION('',(0.780793093583,1.698641227676E-13,0.624789680623));
#13648=ADVANCED_FACE('',(#13649),#13662,.T.);
#13649=FACE_BOUND('',#13650,.T.);
#13650=EDGE_LOOP('',(#13651,#13656,#13657));
#13651=ORIENTED_EDGE('',*,*,#13652,.T.);
#13652=EDGE_CURVE('',#13653,#13312,#13655,.T.);
#13653=VERTEX_POINT('',#13654);
#13654=CARTESIAN_POINT('',(5.172988414764,-1.25573682785,-1.072452926636));
#13655=LINE('',#13654,#12650);
#13656=ORIENTED_EDGE('',*,*,#13311,.F.);
#13657=ORIENTED_EDGE('',*,*,#13658,.T.);
#13658=EDGE_CURVE('',#12740,#13653,#13659,.T.);
#13659=LINE('',#12741,#13660);
#13660=VECTOR('',#13661,1.);
#13661=DIRECTION('',(0.377367018566,-0.289563881466,0.87962883755));
#13662=PLANE('',#13663);
#13663=AXIS2_PLACEMENT_3D('',#13664,#13665,#12651);
#13664=CARTESIAN_POINT('',(4.966758609578,-1.097491141487,-1.351768866971));
#13665=DIRECTION('',(-0.608761407502,-0.793353356794,0.));
#13666=ADVANCED_FACE('',(#13667),#13682,.T.);
#13667=FACE_BOUND('',#13668,.T.);
#13668=EDGE_LOOP('',(#13669,#13676,#13677));
#13669=ORIENTED_EDGE('',*,*,#13670,.T.);
#13670=EDGE_CURVE('',#13671,#13096,#13673,.T.);
#13671=VERTEX_POINT('',#13672);
#13672=CARTESIAN_POINT('',(4.932062625885,-0.258819043636,-0.622453117371));
#13673=LINE('',#13672,#13674);
#13674=VECTOR('',#13675,1.);
#13675=DIRECTION('',(-0.683012854887,-0.183012750941,-0.70710662071));
#13676=ORIENTED_EDGE('',*,*,#13327,.F.);
#13677=ORIENTED_EDGE('',*,*,#13678,.T.);
#13678=EDGE_CURVE('',#13058,#13671,#13679,.T.);
#13679=LINE('',#13059,#13680);
#13680=VECTOR('',#13681,1.);
#13681=DIRECTION('',(0.408300120231,0.656778597212,0.633981771081));
#13682=PLANE('',#13683);
#13683=AXIS2_PLACEMENT_3D('',#13684,#13685,#13686);
#13684=CARTESIAN_POINT('',(4.712734001386,-0.440170971789,-0.896833929687));
#13685=DIRECTION('',(-0.656081809277,-0.271757757519,0.70406276763));
#13686=DIRECTION('',(0.731595873554,2.386979502944E-14,0.681738569981));
#13687=ADVANCED_FACE('',(#13688),#13701,.T.);
#13688=FACE_BOUND('',#13689,.T.);
#13689=EDGE_LOOP('',(#13690,#13691,#13696));
#13690=ORIENTED_EDGE('',*,*,#13337,.F.);
#13691=ORIENTED_EDGE('',*,*,#13692,.T.);
#13692=EDGE_CURVE('',#13338,#13693,#13695,.T.);
#13693=VERTEX_POINT('',#13694);
#13694=CARTESIAN_POINT('',(4.497395992279,0.375287622213,-1.072452926636));
#13695=LINE('',#13339,#13570);
#13696=ORIENTED_EDGE('',*,*,#13697,.T.);
#13697=EDGE_CURVE('',#13693,#13077,#13698,.T.);
#13698=LINE('',#13694,#13699);
#13699=VECTOR('',#13700,1.);
#13700=DIRECTION('',(-6.208608521548E-02,-0.471591311284,-0.879628872391));
#13701=PLANE('',#13702);
#13702=AXIS2_PLACEMENT_3D('',#13703,#13704,#13705);
#13703=CARTESIAN_POINT('',(4.463466156593,0.117564564828,-1.351768875657));
#13704=DIRECTION('',(-0.991444885521,0.130526008805,0.));
#13705=DIRECTION('',(-0.130526008805,-0.991444885521,0.));
#13706=ADVANCED_FACE('',(#13707),#13716,.T.);
#13707=FACE_BOUND('',#13708,.T.);
#13708=EDGE_LOOP('',(#13709,#13710,#13711));
#13709=ORIENTED_EDGE('',*,*,#13357,.F.);
#13710=ORIENTED_EDGE('',*,*,#13670,.F.);
#13711=ORIENTED_EDGE('',*,*,#13712,.T.);
#13712=EDGE_CURVE('',#13671,#13338,#13713,.T.);
#13713=LINE('',#13672,#13714);
#13714=VECTOR('',#13715,1.);
#13715=DIRECTION('',(-0.681987426484,0.364637000307,-0.633981867346));
#13716=PLANE('',#13717);
#13717=AXIS2_PLACEMENT_3D('',#13718,#13719,#13720);
#13718=CARTESIAN_POINT('',(4.651442553407,-0.211427974308,-0.89683393535));
#13719=DIRECTION('',(-0.704062459961,-9.269144880359E-02,0.704062744216));
#13720=DIRECTION('',(0.707106923929,-5.912631495519E-14,0.707106638445));
#13721=ADVANCED_FACE('',(#13722),#13736,.T.);
#13722=FACE_BOUND('',#13723,.T.);
#13723=EDGE_LOOP('',(#13724,#13730,#13731));
#13724=ORIENTED_EDGE('',*,*,#13725,.T.);
#13725=EDGE_CURVE('',#13726,#13369,#13728,.T.);
#13726=VERTEX_POINT('',#13727);
#13727=CARTESIAN_POINT('',(4.073276042938,-6.400592327118,-1.022452735901));
#13728=LINE('',#13727,#13729);
#13729=VECTOR('',#12773,1.);
#13730=ORIENTED_EDGE('',*,*,#13368,.F.);
#13731=ORIENTED_EDGE('',*,*,#13732,.T.);
#13732=EDGE_CURVE('',#13114,#13726,#13733,.T.);
#13733=LINE('',#13115,#13734);
#13734=VECTOR('',#13735,1.);
#13735=DIRECTION('',(-0.183616308135,-0.78705200075,-0.588926310758));
#13736=PLANE('',#13737);
#13737=AXIS2_PLACEMENT_3D('',#13738,#13739,#13740);
#13738=CARTESIAN_POINT('',(4.224715810891,-6.151474055663,-0.86806372244));
#13739=DIRECTION('',(0.255459313137,-0.616733798536,0.744566962116));
#13740=DIRECTION('',(-9.515999099818E-14,0.77011968174,0.637899424515));
#13741=ADVANCED_FACE('',(#13742),#13750,.T.);
#13742=FACE_BOUND('',#13743,.T.);
#13743=EDGE_LOOP('',(#13744,#13748,#13749));
#13744=ORIENTED_EDGE('',*,*,#13745,.T.);
#13745=EDGE_CURVE('',#13369,#13409,#13746,.T.);
#13746=LINE('',#13370,#13747);
#13747=VECTOR('',#12612,1.);
#13748=ORIENTED_EDGE('',*,*,#13408,.F.);
#13749=ORIENTED_EDGE('',*,*,#13375,.F.);
#13750=PLANE('',#13751);
#13751=AXIS2_PLACEMENT_3D('',#13752,#13753,#13754);
#13752=CARTESIAN_POINT('',(4.504791370905,-5.975911390549,-0.8680637199));
#13753=DIRECTION('',(0.406377168741,-0.529601066973,0.744567194138));
#13754=DIRECTION('',(-2.821354261329E-13,0.814887574118,0.579619048642));
#13755=ADVANCED_FACE('',(#13756),#13771,.T.);
#13756=FACE_BOUND('',#13757,.T.);
#13757=EDGE_LOOP('',(#13758,#13765,#13770));
#13758=ORIENTED_EDGE('',*,*,#13759,.T.);
#13759=EDGE_CURVE('',#13389,#13760,#13762,.T.);
#13760=VERTEX_POINT('',#13761);
#13761=CARTESIAN_POINT('',(3.956807374954,-5.965925693512,-0.622453117371));
#13762=LINE('',#13390,#13763);
#13763=VECTOR('',#13764,1.);
#13764=DIRECTION('',(-0.359956292399,-0.93296916753,0.));
#13765=ORIENTED_EDGE('',*,*,#13766,.T.);
#13766=EDGE_CURVE('',#13760,#13114,#13767,.T.);
#13767=LINE('',#13761,#13768);
#13768=VECTOR('',#13769,1.);
#13769=DIRECTION('',(0.923879873144,0.382682610004,0.));
#13770=ORIENTED_EDGE('',*,*,#13395,.F.);
#13771=PLANE('',#13772);
#13772=AXIS2_PLACEMENT_3D('',#13773,#13,#14);
#13773=CARTESIAN_POINT('',(4.07787891268,-5.804859511563,-0.622453117371));
#13774=ADVANCED_FACE('',(#13775),#13783,.T.);
#13775=FACE_BOUND('',#13776,.T.);
#13776=EDGE_LOOP('',(#13777,#13781,#13782));
#13777=ORIENTED_EDGE('',*,*,#13778,.T.);
#13778=EDGE_CURVE('',#13409,#13430,#13779,.T.);
#13779=LINE('',#13410,#13780);
#13780=VECTOR('',#12829,1.);
#13781=ORIENTED_EDGE('',*,*,#13429,.F.);
#13782=ORIENTED_EDGE('',*,*,#13415,.F.);
#13783=PLANE('',#13784);
#13784=AXIS2_PLACEMENT_3D('',#13785,#13786,#13787);
#13785=CARTESIAN_POINT('',(4.72988482727,-5.733842097866,-0.868063731713));
#13786=DIRECTION('',(0.529601270791,-0.406377325136,0.744566963806));
#13787=DIRECTION('',(0.814887384067,-1.152411499561E-13,-0.579619315834));
#13788=ADVANCED_FACE('',(#13789),#13798,.T.);
#13789=FACE_BOUND('',#13790,.T.);
#13790=EDGE_LOOP('',(#13791,#13796,#13797));
#13791=ORIENTED_EDGE('',*,*,#13792,.T.);
#13792=EDGE_CURVE('',#13430,#13451,#13793,.T.);
#13793=LINE('',#13431,#13794);
#13794=VECTOR('',#13795,1.);
#13795=DIRECTION('',(0.382683188668,0.923879633454,0.));
#13796=ORIENTED_EDGE('',*,*,#13450,.F.);
#13797=ORIENTED_EDGE('',*,*,#13436,.F.);
#13798=PLANE('',#13799);
#13799=AXIS2_PLACEMENT_3D('',#13800,#13801,#13802);
#13800=CARTESIAN_POINT('',(4.884656032417,-5.441762610987,-0.86806371933));
#13801=DIRECTION('',(0.616733743153,-0.255459290196,0.744567015861));
#13802=DIRECTION('',(0.770119732501,2.300937218536E-14,-0.637899363232));
#13803=ADVANCED_FACE('',(#13804),#13813,.T.);
#13804=FACE_BOUND('',#13805,.T.);
#13805=EDGE_LOOP('',(#13806,#13811,#13812));
#13806=ORIENTED_EDGE('',*,*,#13807,.T.);
#13807=EDGE_CURVE('',#13451,#13211,#13808,.T.);
#13808=LINE('',#13452,#13809);
#13809=VECTOR('',#13810,1.);
#13810=DIRECTION('',(0.130526039371,0.991444881497,0.));
#13811=ORIENTED_EDGE('',*,*,#13470,.F.);
#13812=ORIENTED_EDGE('',*,*,#13457,.F.);
#13813=PLANE('',#13814);
#13814=AXIS2_PLACEMENT_3D('',#13815,#13816,#13817);
#13815=CARTESIAN_POINT('',(4.958557895578,-5.119577746637,-0.86806372119));
#13816=DIRECTION('',(0.661836895925,-8.713237654132E-02,0.744566902401));
#13817=DIRECTION('',(0.747409493466,1.467576060676E-14,-0.6643636422));
#13818=ADVANCED_FACE('',(#13819),#13828,.T.);
#13819=FACE_BOUND('',#13820,.T.);
#13820=EDGE_LOOP('',(#13821,#13822,#13823));
#13821=ORIENTED_EDGE('',*,*,#13485,.F.);
#13822=ORIENTED_EDGE('',*,*,#13807,.F.);
#13823=ORIENTED_EDGE('',*,*,#13824,.T.);
#13824=EDGE_CURVE('',#13451,#13192,#13825,.T.);
#13825=LINE('',#13452,#13826);
#13826=VECTOR('',#13827,1.);
#13827=DIRECTION('',(5.881085390175E-02,0.446713317575,-0.892742121424));
#13828=PLANE('',#13829);
#13829=AXIS2_PLACEMENT_3D('',#13830,#13831,#13810);
#13830=CARTESIAN_POINT('',(5.132696081393,-5.11615621809,-1.325348325815));
#13831=DIRECTION('',(0.991444881497,-0.130526039371,0.));
#13832=ADVANCED_FACE('',(#13833),#13840,.T.);
#13833=FACE_BOUND('',#13834,.T.);
#13834=EDGE_LOOP('',(#13835,#13836,#13839));
#13835=ORIENTED_EDGE('',*,*,#13503,.F.);
#13836=ORIENTED_EDGE('',*,*,#13837,.T.);
#13837=EDGE_CURVE('',#13497,#13653,#13838,.T.);
#13838=LINE('',#13498,#82);
#13839=ORIENTED_EDGE('',*,*,#13658,.F.);
#13840=PLANE('',#13841);
#13841=AXIS2_PLACEMENT_3D('',#13842,#13665,#12651);
#13842=CARTESIAN_POINT('',(5.078913330272,-1.183550480675,-1.493136795566));
#13843=ADVANCED_FACE('',(#13844),#13859,.T.);
#13844=FACE_BOUND('',#13845,.T.);
#13845=EDGE_LOOP('',(#13846,#13847,#13854));
#13846=ORIENTED_EDGE('',*,*,#13496,.F.);
#13847=ORIENTED_EDGE('',*,*,#13848,.T.);
#13848=EDGE_CURVE('',#13192,#13849,#13851,.T.);
#13849=VERTEX_POINT('',#13850);
#13850=CARTESIAN_POINT('',(5.272988319397,-7.480431556702,-1.772452735901));
#13851=LINE('',#13193,#13852);
#13852=VECTOR('',#13853,1.);
#13853=DIRECTION('',(5.033058713945E-02,-0.998732612864,0.));
#13854=ORIENTED_EDGE('',*,*,#13855,.T.);
#13855=EDGE_CURVE('',#13849,#13497,#13856,.T.);
#13856=LINE('',#13850,#13857);
#13857=VECTOR('',#13858,1.);
#13858=DIRECTION('',(-1.606295685795E-02,0.999870982386,0.));
#13859=PLANE('',#13860);
#13860=AXIS2_PLACEMENT_3D('',#13861,#13,#14);
#13861=CARTESIAN_POINT('',(5.201703736608,-4.368549069861,-1.772452735901));
#13862=ADVANCED_FACE('',(#13863),#13876,.T.);
#13863=FACE_BOUND('',#13864,.T.);
#13864=EDGE_LOOP('',(#13865,#13872,#13875));
#13865=ORIENTED_EDGE('',*,*,#13866,.T.);
#13866=EDGE_CURVE('',#13229,#13867,#13869,.T.);
#13867=VERTEX_POINT('',#13868);
#13868=CARTESIAN_POINT('',(3.322700738907,-3.599407434464,-1.772452735901));
#13869=LINE('',#13230,#13870);
#13870=VECTOR('',#13871,1.);
#13871=DIRECTION('',(-0.991444881497,-0.130526039371,0.));
#13872=ORIENTED_EDGE('',*,*,#13873,.T.);
#13873=EDGE_CURVE('',#13867,#13514,#13874,.T.);
#13874=LINE('',#13868,#82);
#13875=ORIENTED_EDGE('',*,*,#13520,.F.);
#13876=PLANE('',#13877);
#13877=AXIS2_PLACEMENT_3D('',#13878,#13223,#13222);
#13878=CARTESIAN_POINT('',(3.438856956997,-3.58411519646,-1.469557145987));
#13879=ADVANCED_FACE('',(#13880),#13889,.T.);
#13880=FACE_BOUND('',#13881,.T.);
#13881=EDGE_LOOP('',(#13882,#13883,#13884));
#13882=ORIENTED_EDGE('',*,*,#13544,.F.);
#13883=ORIENTED_EDGE('',*,*,#13513,.F.);
#13884=ORIENTED_EDGE('',*,*,#13885,.T.);
#13885=EDGE_CURVE('',#13514,#13545,#13886,.T.);
#13886=LINE('',#13515,#13887);
#13887=VECTOR('',#13888,1.);
#13888=DIRECTION('',(0.552542169807,-0.589799196671,0.588926190784));
#13889=PLANE('',#13890);
#13890=AXIS2_PLACEMENT_3D('',#13891,#13892,#13893);
#13891=CARTESIAN_POINT('',(3.578410532148,-3.739430477083,-0.868063712429));
#13892=DIRECTION('',(-8.713235094874E-02,0.661836701529,0.744567078192));
#13893=DIRECTION('',(-1.34892097492E-14,0.747409668249,-0.664363445569));
#13894=ADVANCED_FACE('',(#13895),#13908,.T.);
#13895=FACE_BOUND('',#13896,.T.);
#13896=EDGE_LOOP('',(#13897,#13902,#13907));
#13897=ORIENTED_EDGE('',*,*,#13898,.T.);
#13898=EDGE_CURVE('',#13274,#13899,#13901,.T.);
#13899=VERTEX_POINT('',#13900);
#13900=CARTESIAN_POINT('',(3.572988271713,-1.180431365967,-1.772452735901));
#13901=LINE('',#13275,#345);
#13902=ORIENTED_EDGE('',*,*,#13903,.T.);
#13903=EDGE_CURVE('',#13899,#13229,#13904,.T.);
#13904=LINE('',#13900,#13905);
#13905=VECTOR('',#13906,1.);
#13906=DIRECTION('',(5.267897206779E-02,-0.998611498983,0.));
#13907=ORIENTED_EDGE('',*,*,#13531,.F.);
#13908=PLANE('',#13909);
#13909=AXIS2_PLACEMENT_3D('',#13910,#13,#14);
#13910=CARTESIAN_POINT('',(3.619452821899,-1.115638318079,-1.772452735901));
#13911=ADVANCED_FACE('',(#13912),#13921,.T.);
#13912=FACE_BOUND('',#13913,.T.);
#13913=EDGE_LOOP('',(#13914,#13915,#13920));
#13914=ORIENTED_EDGE('',*,*,#13551,.F.);
#13915=ORIENTED_EDGE('',*,*,#13916,.T.);
#13916=EDGE_CURVE('',#13545,#13604,#13917,.T.);
#13917=LINE('',#13546,#13918);
#13918=VECTOR('',#13919,1.);
#13919=DIRECTION('',(-0.707106570452,-0.707106991921,0.));
#13920=ORIENTED_EDGE('',*,*,#13603,.F.);
#13921=PLANE('',#13922);
#13922=AXIS2_PLACEMENT_3D('',#13923,#13,#14);
#13923=CARTESIAN_POINT('',(3.614113175328,-4.177901667785,-0.622453117371));
#13924=ADVANCED_FACE('',(#13925),#13932,.T.);
#13925=FACE_BOUND('',#13926,.T.);
#13926=EDGE_LOOP('',(#13927,#13930,#13931));
#13927=ORIENTED_EDGE('',*,*,#13928,.T.);
#13928=EDGE_CURVE('',#13693,#13567,#13929,.T.);
#13929=LINE('',#13694,#54);
#13930=ORIENTED_EDGE('',*,*,#13566,.F.);
#13931=ORIENTED_EDGE('',*,*,#13697,.F.);
#13932=PLANE('',#13933);
#13933=AXIS2_PLACEMENT_3D('',#13934,#13704,#13705);
#13934=CARTESIAN_POINT('',(4.481918345818,0.257723057386,-1.493136786879));
#13935=ADVANCED_FACE('',(#13936),#13951,.T.);
#13936=FACE_BOUND('',#13937,.T.);
#13937=EDGE_LOOP('',(#13938,#13939,#13946));
#13938=ORIENTED_EDGE('',*,*,#13573,.F.);
#13939=ORIENTED_EDGE('',*,*,#13940,.T.);
#13940=EDGE_CURVE('',#13567,#13941,#13943,.T.);
#13941=VERTEX_POINT('',#13942);
#13942=CARTESIAN_POINT('',(4.642251491547,0.725000023842,-1.772452735901));
#13943=LINE('',#13568,#13944);
#13944=VECTOR('',#13945,1.);
#13945=DIRECTION('',(0.382683160832,0.923879644984,0.));
#13946=ORIENTED_EDGE('',*,*,#13947,.T.);
#13947=EDGE_CURVE('',#13941,#13018,#13948,.T.);
#13948=LINE('',#13942,#13949);
#13949=VECTOR('',#13950,1.);
#13950=DIRECTION('',(-0.231023068674,0.972948272901,0.));
#13951=PLANE('',#13952);
#13952=AXIS2_PLACEMENT_3D('',#13953,#13,#14);
#13953=CARTESIAN_POINT('',(4.456534544034,1.218722849255,-1.772452735901));
#13954=ADVANCED_FACE('',(#13955),#13966,.T.);
#13955=FACE_BOUND('',#13956,.T.);
#13956=EDGE_LOOP('',(#13957,#13962,#13965));
#13957=ORIENTED_EDGE('',*,*,#13958,.T.);
#13958=EDGE_CURVE('',#13018,#13959,#13961,.T.);
#13959=VERTEX_POINT('',#13960);
#13960=CARTESIAN_POINT('',(4.322988510132,2.069568634033,-3.622453117371));
#13961=LINE('',#13019,#54);
#13962=ORIENTED_EDGE('',*,*,#13963,.T.);
#13963=EDGE_CURVE('',#13959,#13585,#13964,.T.);
#13964=LINE('',#13960,#13277);
#13965=ORIENTED_EDGE('',*,*,#13590,.F.);
#13966=PLANE('',#13967);
#13967=AXIS2_PLACEMENT_3D('',#13968,#13597,#13598);
#13968=CARTESIAN_POINT('',(4.085551351749,1.832131551129,-2.891996300594));
#13969=ADVANCED_FACE('',(#13970),#13983,.T.);
#13970=FACE_BOUND('',#13971,.T.);
#13971=EDGE_LOOP('',(#13972,#13973,#13978));
#13972=ORIENTED_EDGE('',*,*,#13584,.F.);
#13973=ORIENTED_EDGE('',*,*,#13974,.T.);
#13974=EDGE_CURVE('',#13585,#13975,#13977,.T.);
#13975=VERTEX_POINT('',#13976);
#13976=CARTESIAN_POINT('',(3.572988271713,-1.180431365967,-3.622453117371));
#13977=LINE('',#13586,#345);
#13978=ORIENTED_EDGE('',*,*,#13979,.T.);
#13979=EDGE_CURVE('',#13975,#13274,#13980,.T.);
#13980=LINE('',#13976,#13981);
#13981=VECTOR('',#13982,1.);
#13982=DIRECTION('',(0.,0.803841840554,0.594843084666));
#13983=PLANE('',#13984);
#13984=AXIS2_PLACEMENT_3D('',#13985,#199,#55);
#13985=CARTESIAN_POINT('',(3.572988271713,0.379552595668,-3.00743688827));
#13986=ADVANCED_FACE('',(#13987),#14002,.T.);
#13987=FACE_BOUND('',#13988,.T.);
#13988=EDGE_LOOP('',(#13989,#13990,#13997));
#13989=ORIENTED_EDGE('',*,*,#13610,.F.);
#13990=ORIENTED_EDGE('',*,*,#13991,.T.);
#13991=EDGE_CURVE('',#13604,#13992,#13994,.T.);
#13992=VERTEX_POINT('',#13993);
#13993=CARTESIAN_POINT('',(3.49798822403,-4.599999904633,-0.822452926636));
#13994=LINE('',#13605,#13995);
#13995=VECTOR('',#13996,1.);
#13996=DIRECTION('',(0.57735026919,-0.57735026919,-0.57735026919));
#13997=ORIENTED_EDGE('',*,*,#13998,.T.);
#13998=EDGE_CURVE('',#13992,#13293,#13999,.T.);
#13999=LINE('',#13993,#14000);
#14000=VECTOR('',#14001,1.);
#14001=DIRECTION('',(0.904534164435,0.301511148525,0.301511148525));
#14002=PLANE('',#14003);
#14003=AXIS2_PLACEMENT_3D('',#14004,#14005,#3190);
#14004=CARTESIAN_POINT('',(3.677216979281,-4.455794673829,-0.678247695832));
#14005=DIRECTION('',(0.,-0.707106781187,0.707106781187));
#14006=ADVANCED_FACE('',(#14007),#14022,.T.);
#14007=FACE_BOUND('',#14008,.T.);
#14008=EDGE_LOOP('',(#14009,#14016,#14017));
#14009=ORIENTED_EDGE('',*,*,#14010,.T.);
#14010=EDGE_CURVE('',#14011,#13389,#14013,.T.);
#14011=VERTEX_POINT('',#14012);
#14012=CARTESIAN_POINT('',(3.897988319397,-5.400000095367,-0.822452926636));
#14013=LINE('',#14012,#14014);
#14014=VECTOR('',#14015,1.);
#14015=DIRECTION('',(0.57735026919,-0.57735026919,0.57735026919));
#14016=ORIENTED_EDGE('',*,*,#13621,.F.);
#14017=ORIENTED_EDGE('',*,*,#14018,.T.);
#14018=EDGE_CURVE('',#13293,#14011,#14019,.T.);
#14019=LINE('',#13294,#14020);
#14020=VECTOR('',#14021,1.);
#14021=DIRECTION('',(-0.19244991979,-0.962250516625,-0.19244991979));
#14022=PLANE('',#14023);
#14023=AXIS2_PLACEMENT_3D('',#14024,#14025,#14026);
#14024=CARTESIAN_POINT('',(4.044398344577,-5.02679490269,-0.676042901455));
#14025=DIRECTION('',(-0.707106781187,0.,0.707106781187));
#14026=DIRECTION('',(0.707106781187,0.,0.707106781187));
#14027=ADVANCED_FACE('',(#14028),#14043,.T.);
#14028=FACE_BOUND('',#14029,.T.);
#14029=EDGE_LOOP('',(#14030,#14037,#14042));
#14030=ORIENTED_EDGE('',*,*,#14031,.T.);
#14031=EDGE_CURVE('',#13312,#14032,#14034,.T.);
#14032=VERTEX_POINT('',#14033);
#14033=CARTESIAN_POINT('',(5.190881729126,-0.707106769085,-0.622453117371));
#14034=LINE('',#13313,#14035);
#14035=VECTOR('',#14036,1.);
#14036=DIRECTION('',(0.500000296029,0.50000001505,0.70710656122));
#14037=ORIENTED_EDGE('',*,*,#14038,.T.);
#14038=EDGE_CURVE('',#14032,#13632,#14039,.T.);
#14039=LINE('',#14033,#14040);
#14040=VECTOR('',#14041,1.);
#14041=DIRECTION('',(-0.608762017937,0.793352888391,0.));
#14042=ORIENTED_EDGE('',*,*,#13639,.F.);
#14043=PLANE('',#14044);
#14044=AXIS2_PLACEMENT_3D('',#14045,#14046,#14047);
#14045=CARTESIAN_POINT('',(5.009626677461,-0.777813572862,-0.810908069517));
#14046=DIRECTION('',(-0.563389759066,-0.432304831346,0.704062860954));
#14047=DIRECTION('',(0.78079335491,1.171562846736E-13,0.624789354046));
#14048=ADVANCED_FACE('',(#14049),#14058,.T.);
#14049=FACE_BOUND('',#14050,.T.);
#14050=EDGE_LOOP('',(#14051,#14052,#14057));
#14051=ORIENTED_EDGE('',*,*,#13631,.F.);
#14052=ORIENTED_EDGE('',*,*,#14053,.T.);
#14053=EDGE_CURVE('',#13632,#13671,#14054,.T.);
#14054=LINE('',#13633,#14055);
#14055=VECTOR('',#14056,1.);
#14056=DIRECTION('',(-0.382682852178,0.923879772832,0.));
#14057=ORIENTED_EDGE('',*,*,#13678,.F.);
#14058=PLANE('',#14059);
#14059=AXIS2_PLACEMENT_3D('',#14060,#14061,#14062);
#14060=CARTESIAN_POINT('',(4.838583850548,-0.521385330672,-0.810908093583));
#14061=DIRECTION('',(-0.656081977946,-0.271757570591,0.704062682607));
#14062=DIRECTION('',(0.731595745078,-1.794675519307E-13,0.681738707852));
#14063=ADVANCED_FACE('',(#14064),#14073,.T.);
#14064=FACE_BOUND('',#14065,.T.);
#14065=EDGE_LOOP('',(#14066,#14067,#14068));
#14066=ORIENTED_EDGE('',*,*,#14031,.F.);
#14067=ORIENTED_EDGE('',*,*,#13652,.F.);
#14068=ORIENTED_EDGE('',*,*,#14069,.T.);
#14069=EDGE_CURVE('',#13653,#14032,#14070,.T.);
#14070=LINE('',#13654,#14071);
#14071=VECTOR('',#14072,1.);
#14072=DIRECTION('',(2.52089798362E-02,0.772936964582,0.633981826331));
#14073=PLANE('',#14074);
#14074=AXIS2_PLACEMENT_3D('',#14075,#14076,#14077);
#14075=CARTESIAN_POINT('',(5.091613480825,-0.973826426547,-0.89683393925));
#14076=DIRECTION('',(-0.432304435416,-0.563390140648,0.704062798719));
#14077=DIRECTION('',(1.955657857877E-13,0.780793121533,0.624789645694));
#14078=ADVANCED_FACE('',(#14079),#14094,.T.);
#14079=FACE_BOUND('',#14080,.T.);
#14080=EDGE_LOOP('',(#14081,#14088,#14089));
#14081=ORIENTED_EDGE('',*,*,#14082,.T.);
#14082=EDGE_CURVE('',#14083,#13693,#14085,.T.);
#14083=VERTEX_POINT('',#14084);
#14084=CARTESIAN_POINT('',(4.932062625885,0.258819043636,-0.622453117371));
#14085=LINE('',#14084,#14086);
#14086=VECTOR('',#14087,1.);
#14087=DIRECTION('',(-0.683012854887,0.183012750941,-0.70710662071));
#14088=ORIENTED_EDGE('',*,*,#13692,.F.);
#14089=ORIENTED_EDGE('',*,*,#14090,.T.);
#14090=EDGE_CURVE('',#13338,#14083,#14091,.T.);
#14091=LINE('',#13339,#14092);
#14092=VECTOR('',#14093,1.);
#14093=DIRECTION('',(0.681987426484,0.364637000307,0.633981867346));
#14094=PLANE('',#14095);
#14095=AXIS2_PLACEMENT_3D('',#14096,#14097,#14098);
#14096=CARTESIAN_POINT('',(4.651442553407,0.211427974308,-0.89683393535));
#14097=DIRECTION('',(-0.704062459961,9.269144880359E-02,0.704062744216));
#14098=DIRECTION('',(0.707106923929,5.915407053081E-14,0.707106638445));
#14099=ADVANCED_FACE('',(#14100),#14115,.T.);
#14100=FACE_BOUND('',#14101,.T.);
#14101=EDGE_LOOP('',(#14102,#14109,#14114));
#14102=ORIENTED_EDGE('',*,*,#14103,.T.);
#14103=EDGE_CURVE('',#13671,#14104,#14106,.T.);
#14104=VERTEX_POINT('',#14105);
#14105=CARTESIAN_POINT('',(4.897988319397,1.7763568394E-15,-0.622453117371));
#14106=LINE('',#13672,#14107);
#14107=VECTOR('',#14108,1.);
#14108=DIRECTION('',(-0.130526692904,0.991444795457,0.));
#14109=ORIENTED_EDGE('',*,*,#14110,.T.);
#14110=EDGE_CURVE('',#14104,#13338,#14111,.T.);
#14111=LINE('',#14105,#14112);
#14112=VECTOR('',#14113,1.);
#14113=DIRECTION('',(-0.707106781187,0.,-0.707106781187));
#14114=ORIENTED_EDGE('',*,*,#13712,.F.);
#14115=PLANE('',#14116);
#14116=AXIS2_PLACEMENT_3D('',#14117,#14118,#14026);
#14117=CARTESIAN_POINT('',(4.719824584294,-7.816932083598E-02,-0.810908078957));
#14118=DIRECTION('',(-0.704062568614,-9.269195733289E-02,0.704062568614));
#14119=ADVANCED_FACE('',(#14120),#14129,.T.);
#14120=FACE_BOUND('',#14121,.T.);
#14121=EDGE_LOOP('',(#14122,#14123,#14128));
#14122=ORIENTED_EDGE('',*,*,#13766,.F.);
#14123=ORIENTED_EDGE('',*,*,#14124,.T.);
#14124=EDGE_CURVE('',#13760,#13726,#14125,.T.);
#14125=LINE('',#13761,#14126);
#14126=VECTOR('',#14127,1.);
#14127=DIRECTION('',(0.193444001037,-0.72194225432,-0.664363454662));
#14128=ORIENTED_EDGE('',*,*,#13732,.F.);
#14129=PLANE('',#14130);
#14130=AXIS2_PLACEMENT_3D('',#14131,#14132,#14133);
#14131=CARTESIAN_POINT('',(4.078700796581,-6.116022446114,-0.788601332147));
#14132=DIRECTION('',(0.255458863271,-0.616733805044,0.744567111073));
#14133=DIRECTION('',(-1.905142710257E-13,0.770119741126,0.63789935282));
#14134=ADVANCED_FACE('',(#14135),#14148,.T.);
#14135=FACE_BOUND('',#14136,.T.);
#14136=EDGE_LOOP('',(#14137,#14138,#14143));
#14137=ORIENTED_EDGE('',*,*,#13725,.F.);
#14138=ORIENTED_EDGE('',*,*,#14139,.T.);
#14139=EDGE_CURVE('',#13726,#14140,#14142,.T.);
#14140=VERTEX_POINT('',#14141);
#14141=CARTESIAN_POINT('',(4.073276042938,-6.400592327118,-1.772452735901));
#14142=LINE('',#13727,#54);
#14143=ORIENTED_EDGE('',*,*,#14144,.T.);
#14144=EDGE_CURVE('',#14140,#13369,#14145,.T.);
#14145=LINE('',#14141,#14146);
#14146=VECTOR('',#14147,1.);
#14147=DIRECTION('',(0.416270611623,0.172424804311,0.892742104282));
#14148=PLANE('',#14149);
#14149=AXIS2_PLACEMENT_3D('',#14150,#12764,#14151);
#14150=CARTESIAN_POINT('',(4.181516428347,-6.355757724935,-1.325348320897));
#14151=DIRECTION('',(-0.923879633454,-0.382683188668,0.));
#14152=ADVANCED_FACE('',(#14153),#14166,.T.);
#14153=FACE_BOUND('',#14154,.T.);
#14154=EDGE_LOOP('',(#14155,#14156,#14161));
#14155=ORIENTED_EDGE('',*,*,#13745,.F.);
#14156=ORIENTED_EDGE('',*,*,#14157,.T.);
#14157=EDGE_CURVE('',#13369,#14158,#14160,.T.);
#14158=VERTEX_POINT('',#14159);
#14159=CARTESIAN_POINT('',(4.422988414764,-6.25573682785,-1.772452735901));
#14160=LINE('',#13370,#54);
#14161=ORIENTED_EDGE('',*,*,#14162,.T.);
#14162=EDGE_CURVE('',#14158,#13409,#14163,.T.);
#14163=LINE('',#14159,#14164);
#14164=VECTOR('',#14165,1.);
#14165=DIRECTION('',(0.357459736017,0.274288487166,0.892742047254));
#14166=PLANE('',#14167);
#14167=AXIS2_PLACEMENT_3D('',#14168,#12603,#14169);
#14168=CARTESIAN_POINT('',(4.515936566942,-6.184415206205,-1.325348304537));
#14169=DIRECTION('',(-0.793353356794,-0.608761407502,0.));
#14170=ADVANCED_FACE('',(#14171),#14184,.T.);
#14171=FACE_BOUND('',#14172,.T.);
#14172=EDGE_LOOP('',(#14173,#14178,#14183));
#14173=ORIENTED_EDGE('',*,*,#14174,.T.);
#14174=EDGE_CURVE('',#13389,#14175,#14177,.T.);
#14175=VERTEX_POINT('',#14176);
#14176=CARTESIAN_POINT('',(3.297988414764,-5.599999904633,-0.622453117371));
#14177=LINE('',#13390,#228);
#14178=ORIENTED_EDGE('',*,*,#14179,.T.);
#14179=EDGE_CURVE('',#14175,#13760,#14180,.T.);
#14180=LINE('',#14176,#14181);
#14181=VECTOR('',#14182,1.);
#14182=DIRECTION('',(0.874205010058,-0.485557000144,0.));
#14183=ORIENTED_EDGE('',*,*,#13759,.F.);
#14184=PLANE('',#14185);
#14185=AXIS2_PLACEMENT_3D('',#14186,#13,#14);
#14186=CARTESIAN_POINT('',(3.737046752146,-5.70774052636,-0.622453117371));
#14187=ADVANCED_FACE('',(#14188),#14201,.T.);
#14188=FACE_BOUND('',#14189,.T.);
#14189=EDGE_LOOP('',(#14190,#14195,#14196));
#14190=ORIENTED_EDGE('',*,*,#14191,.T.);
#14191=EDGE_CURVE('',#14192,#13430,#14194,.T.);
#14192=VERTEX_POINT('',#14193);
#14193=CARTESIAN_POINT('',(4.953725337982,-5.724999904633,-1.772452735901));
#14194=LINE('',#14193,#82);
#14195=ORIENTED_EDGE('',*,*,#13778,.F.);
#14196=ORIENTED_EDGE('',*,*,#14197,.T.);
#14197=EDGE_CURVE('',#13409,#14192,#14198,.T.);
#14198=LINE('',#13410,#14199);
#14199=VECTOR('',#14200,1.);
#14200=DIRECTION('',(0.274288487166,0.357459736017,-0.892742047254));
#14201=PLANE('',#14202);
#14202=AXIS2_PLACEMENT_3D('',#14203,#12830,#12829);
#14203=CARTESIAN_POINT('',(4.882403716337,-5.81794805681,-1.325348304537));
#14204=ADVANCED_FACE('',(#14205),#14218,.T.);
#14205=FACE_BOUND('',#14206,.T.);
#14206=EDGE_LOOP('',(#14207,#14212,#14213));
#14207=ORIENTED_EDGE('',*,*,#14208,.T.);
#14208=EDGE_CURVE('',#14209,#13451,#14211,.T.);
#14209=VERTEX_POINT('',#14210);
#14210=CARTESIAN_POINT('',(5.09858083725,-5.375287532806,-1.772452735901));
#14211=LINE('',#14210,#82);
#14212=ORIENTED_EDGE('',*,*,#13792,.F.);
#14213=ORIENTED_EDGE('',*,*,#14214,.T.);
#14214=EDGE_CURVE('',#13430,#14209,#14215,.T.);
#14215=LINE('',#13431,#14216);
#14216=VECTOR('',#14217,1.);
#14217=DIRECTION('',(0.172424804311,0.416270611623,-0.892742104282));
#14218=PLANE('',#14219);
#14219=AXIS2_PLACEMENT_3D('',#14220,#14221,#13795);
#14220=CARTESIAN_POINT('',(5.053746235067,-5.483527918215,-1.325348320897));
#14221=DIRECTION('',(0.923879633454,-0.382683188668,0.));
#14222=ADVANCED_FACE('',(#14223),#14230,.T.);
#14223=FACE_BOUND('',#14224,.T.);
#14224=EDGE_LOOP('',(#14225,#14226,#14229));
#14225=ORIENTED_EDGE('',*,*,#14208,.F.);
#14226=ORIENTED_EDGE('',*,*,#14227,.T.);
#14227=EDGE_CURVE('',#14209,#13192,#14228,.T.);
#14228=LINE('',#14210,#13809);
#14229=ORIENTED_EDGE('',*,*,#13824,.F.);
#14230=PLANE('',#14231);
#14231=AXIS2_PLACEMENT_3D('',#14232,#13831,#13810);
#14232=CARTESIAN_POINT('',(5.113873075254,-5.259131314716,-1.469557145987));
#14233=ADVANCED_FACE('',(#14234),#14249,.T.);
#14234=FACE_BOUND('',#14235,.T.);
#14235=EDGE_LOOP('',(#14236,#14243,#14244));
#14236=ORIENTED_EDGE('',*,*,#14237,.T.);
#14237=EDGE_CURVE('',#14238,#13653,#14240,.T.);
#14238=VERTEX_POINT('',#14239);
#14239=CARTESIAN_POINT('',(5.522700786591,-1.400592446327,-1.072452926636));
#14240=LINE('',#14239,#14241);
#14241=VECTOR('',#14242,1.);
#14242=DIRECTION('',(-0.923879522109,0.382683457478,0.));
#14243=ORIENTED_EDGE('',*,*,#13837,.F.);
#14244=ORIENTED_EDGE('',*,*,#14245,.T.);
#14245=EDGE_CURVE('',#13497,#14238,#14246,.T.);
#14246=LINE('',#13498,#14247);
#14247=VECTOR('',#14248,1.);
#14248=DIRECTION('',(0.439453120625,-0.182027456585,0.879628876187));
#14249=PLANE('',#14250);
#14250=AXIS2_PLACEMENT_3D('',#14251,#6933,#14242);
#14251=CARTESIAN_POINT('',(5.282541142421,-1.301115056929,-1.351768876604));
#14252=ADVANCED_FACE('',(#14253),#14262,.T.);
#14253=FACE_BOUND('',#14254,.T.);
#14254=EDGE_LOOP('',(#14255,#14256,#14261));
#14255=ORIENTED_EDGE('',*,*,#14227,.F.);
#14256=ORIENTED_EDGE('',*,*,#14257,.T.);
#14257=EDGE_CURVE('',#14209,#13849,#14258,.T.);
#14258=LINE('',#14210,#14259);
#14259=VECTOR('',#14260,1.);
#14260=DIRECTION('',(8.256536947622E-02,-0.996585650992,0.));
#14261=ORIENTED_EDGE('',*,*,#13848,.F.);
#14262=PLANE('',#14263);
#14263=AXIS2_PLACEMENT_3D('',#14264,#13,#14);
#14264=CARTESIAN_POINT('',(5.193362450165,-6.239802621637,-1.772452735901));
#14265=ADVANCED_FACE('',(#14266),#14281,.T.);
#14266=FACE_BOUND('',#14267,.T.);
#14267=EDGE_LOOP('',(#14268,#14269,#14276));
#14268=ORIENTED_EDGE('',*,*,#13855,.F.);
#14269=ORIENTED_EDGE('',*,*,#14270,.T.);
#14270=EDGE_CURVE('',#13849,#14271,#14273,.T.);
#14271=VERTEX_POINT('',#14272);
#14272=CARTESIAN_POINT('',(5.467102527618,-7.454875946045,-1.772452735901));
#14273=LINE('',#13850,#14274);
#14274=VECTOR('',#14275,1.);
#14275=DIRECTION('',(0.991444867767,0.130526143658,0.));
#14276=ORIENTED_EDGE('',*,*,#14277,.T.);
#14277=EDGE_CURVE('',#14271,#13497,#14278,.T.);
#14278=LINE('',#14272,#14279);
#14279=VECTOR('',#14280,1.);
#14280=DIRECTION('',(-4.739104004413E-02,0.998876413438,0.));
#14281=PLANE('',#14282);
#14282=AXIS2_PLACEMENT_3D('',#14283,#13,#14);
#14283=CARTESIAN_POINT('',(5.272970112892,-4.409863324219,-1.772452735901));
#14284=ADVANCED_FACE('',(#14285),#14300,.T.);
#14285=FACE_BOUND('',#14286,.T.);
#14286=EDGE_LOOP('',(#14287,#14294,#14295));
#14287=ORIENTED_EDGE('',*,*,#14288,.T.);
#14288=EDGE_CURVE('',#14289,#13514,#14291,.T.);
#14289=VERTEX_POINT('',#14290);
#14290=CARTESIAN_POINT('',(2.972988367081,-3.74426317215,-1.022452735901));
#14291=LINE('',#14290,#14292);
#14292=VECTOR('',#14293,1.);
#14293=DIRECTION('',(0.923879410764,0.382683726288,0.));
#14294=ORIENTED_EDGE('',*,*,#13873,.F.);
#14295=ORIENTED_EDGE('',*,*,#14296,.T.);
#14296=EDGE_CURVE('',#13867,#14289,#14297,.T.);
#14297=LINE('',#13868,#14298);
#14298=VECTOR('',#14299,1.);
#14299=DIRECTION('',(-0.416270591254,-0.172425079668,0.892742060597));
#14300=PLANE('',#14301);
#14301=AXIS2_PLACEMENT_3D('',#14302,#14303,#14293);
#14302=CARTESIAN_POINT('',(3.214460349019,-3.644242112295,-1.325348308365));
#14303=DIRECTION('',(-0.382683726288,0.923879410764,0.));
#14304=ADVANCED_FACE('',(#14305),#14314,.T.);
#14305=FACE_BOUND('',#14306,.T.);
#14306=EDGE_LOOP('',(#14307,#14312,#14313));
#14307=ORIENTED_EDGE('',*,*,#14308,.T.);
#14308=EDGE_CURVE('',#13899,#13867,#14309,.T.);
#14309=LINE('',#13900,#14310);
#14310=VECTOR('',#14311,1.);
#14311=DIRECTION('',(-0.102918935789,-0.994689746934,0.));
#14312=ORIENTED_EDGE('',*,*,#13866,.F.);
#14313=ORIENTED_EDGE('',*,*,#13903,.F.);
#14314=PLANE('',#14315);
#14315=AXIS2_PLACEMENT_3D('',#14316,#13,#14);
#14316=CARTESIAN_POINT('',(3.538310570803,-2.465132963984,-1.772452735901));
#14317=ADVANCED_FACE('',(#14318),#14333,.T.);
#14318=FACE_BOUND('',#14319,.T.);
#14319=EDGE_LOOP('',(#14320,#14327,#14332));
#14320=ORIENTED_EDGE('',*,*,#14321,.T.);
#14321=EDGE_CURVE('',#13514,#14322,#14324,.T.);
#14322=VERTEX_POINT('',#14323);
#14323=CARTESIAN_POINT('',(3.439169168472,-4.034074306488,-0.622453117371));
#14324=LINE('',#13515,#14325);
#14325=VECTOR('',#14326,1.);
#14326=DIRECTION('',(0.193443564561,-0.721942499223,0.664363315623));
#14327=ORIENTED_EDGE('',*,*,#14328,.T.);
#14328=EDGE_CURVE('',#14322,#13545,#14329,.T.);
#14329=LINE('',#14323,#14330);
#14330=VECTOR('',#14331,1.);
#14331=DIRECTION('',(0.991444799347,0.130526663356,0.));
#14332=ORIENTED_EDGE('',*,*,#13885,.F.);
#14333=PLANE('',#14334);
#14334=AXIS2_PLACEMENT_3D('',#14335,#14336,#14337);
#14335=CARTESIAN_POINT('',(3.469683609562,-3.843139940432,-0.788601340525));
#14336=DIRECTION('',(-8.71327456978E-02,0.661836481172,0.744567227869));
#14337=DIRECTION('',(4.714284518315E-14,0.747409844402,-0.664363247397));
#14338=ADVANCED_FACE('',(#14339),#14346,.T.);
#14339=FACE_BOUND('',#14340,.T.);
#14340=EDGE_LOOP('',(#14341,#14344,#14345));
#14341=ORIENTED_EDGE('',*,*,#14342,.T.);
#14342=EDGE_CURVE('',#13975,#13899,#14343,.T.);
#14343=LINE('',#13976,#82);
#14344=ORIENTED_EDGE('',*,*,#13898,.F.);
#14345=ORIENTED_EDGE('',*,*,#13979,.F.);
#14346=PLANE('',#14347);
#14347=AXIS2_PLACEMENT_3D('',#14348,#199,#55);
#14348=CARTESIAN_POINT('',(3.572988271713,-0.240415327601,-2.387468965001));
#14349=ADVANCED_FACE('',(#14350),#14357,.T.);
#14350=FACE_BOUND('',#14351,.T.);
#14351=EDGE_LOOP('',(#14352,#14353,#14356));
#14352=ORIENTED_EDGE('',*,*,#14328,.F.);
#14353=ORIENTED_EDGE('',*,*,#14354,.T.);
#14354=EDGE_CURVE('',#14322,#13604,#14355,.T.);
#14355=LINE('',#14323,#13763);
#14356=ORIENTED_EDGE('',*,*,#13916,.F.);
#14357=PLANE('',#14358);
#14358=AXIS2_PLACEMENT_3D('',#14359,#13,#14);
#14359=CARTESIAN_POINT('',(3.4714666302,-4.166298484486,-0.622453117371));
#14360=ADVANCED_FACE('',(#14361),#14374,.T.);
#14361=FACE_BOUND('',#14362,.T.);
#14362=EDGE_LOOP('',(#14363,#14364,#14369));
#14363=ORIENTED_EDGE('',*,*,#13928,.F.);
#14364=ORIENTED_EDGE('',*,*,#14365,.T.);
#14365=EDGE_CURVE('',#13693,#14366,#14368,.T.);
#14366=VERTEX_POINT('',#14367);
#14367=CARTESIAN_POINT('',(4.642251491547,0.725000023842,-1.072452926636));
#14368=LINE('',#13694,#13944);
#14369=ORIENTED_EDGE('',*,*,#14370,.T.);
#14370=EDGE_CURVE('',#14366,#13567,#14371,.T.);
#14371=LINE('',#14367,#14372);
#14372=VECTOR('',#14373,1.);
#14373=DIRECTION('',(-0.182027308752,-0.439453162825,-0.879628885696));
#14374=PLANE('',#14375);
#14375=AXIS2_PLACEMENT_3D('',#14376,#7085,#14377);
#14376=CARTESIAN_POINT('',(4.542774183629,0.484840358276,-1.351768878974));
#14377=DIRECTION('',(-0.382683160832,-0.923879644984,0.));
#14378=ADVANCED_FACE('',(#14379),#14386,.T.);
#14379=FACE_BOUND('',#14380,.T.);
#14380=EDGE_LOOP('',(#14381,#14384,#14385));
#14381=ORIENTED_EDGE('',*,*,#14382,.T.);
#14382=EDGE_CURVE('',#14366,#13941,#14383,.T.);
#14383=LINE('',#14367,#54);
#14384=ORIENTED_EDGE('',*,*,#13940,.F.);
#14385=ORIENTED_EDGE('',*,*,#14370,.F.);
#14386=PLANE('',#14387);
#14387=AXIS2_PLACEMENT_3D('',#14388,#7085,#14377);
#14388=CARTESIAN_POINT('',(4.596873300197,0.615447287779,-1.493136783562));
#14389=ADVANCED_FACE('',(#14390),#14405,.T.);
#14390=FACE_BOUND('',#14391,.T.);
#14391=EDGE_LOOP('',(#14392,#14393,#14400));
#14392=ORIENTED_EDGE('',*,*,#13947,.F.);
#14393=ORIENTED_EDGE('',*,*,#14394,.T.);
#14394=EDGE_CURVE('',#13941,#14395,#14397,.T.);
#14395=VERTEX_POINT('',#14396);
#14396=CARTESIAN_POINT('',(4.872683525085,1.025304794312,-1.772452735901));
#14397=LINE('',#13942,#14398);
#14398=VECTOR('',#14399,1.);
#14399=DIRECTION('',(0.608761559602,0.793353240083,0.));
#14400=ORIENTED_EDGE('',*,*,#14401,.T.);
#14401=EDGE_CURVE('',#14395,#13018,#14402,.T.);
#14402=LINE('',#14396,#14403);
#14403=VECTOR('',#14404,1.);
#14404=DIRECTION('',(-0.46580115484,0.884889419165,0.));
#14405=PLANE('',#14406);
#14406=AXIS2_PLACEMENT_3D('',#14407,#13,#14);
#14407=CARTESIAN_POINT('',(4.564237794845,1.390331751012,-1.772452735901));
#14408=ADVANCED_FACE('',(#14409),#14418,.T.);
#14409=FACE_BOUND('',#14410,.T.);
#14410=EDGE_LOOP('',(#14411,#14416,#14417));
#14411=ORIENTED_EDGE('',*,*,#14412,.T.);
#14412=EDGE_CURVE('',#13959,#13975,#14413,.T.);
#14413=LINE('',#13960,#14414);
#14414=VECTOR('',#14415,1.);
#14415=DIRECTION('',(-0.224859574565,-0.974391180033,0.));
#14416=ORIENTED_EDGE('',*,*,#13974,.F.);
#14417=ORIENTED_EDGE('',*,*,#13963,.F.);
#14418=PLANE('',#14419);
#14419=AXIS2_PLACEMENT_3D('',#14420,#55,#199);
#14420=CARTESIAN_POINT('',(3.812041478173,0.500879701714,-3.622453117371));
#14421=ADVANCED_FACE('',(#14422),#14435,.T.);
#14422=FACE_BOUND('',#14423,.T.);
#14423=EDGE_LOOP('',(#14424,#14429,#14430));
#14424=ORIENTED_EDGE('',*,*,#14425,.T.);
#14425=EDGE_CURVE('',#14426,#13959,#14428,.T.);
#14426=VERTEX_POINT('',#14427);
#14427=CARTESIAN_POINT('',(5.057988166809,2.069568634033,-3.622453117371));
#14428=LINE('',#14427,#228);
#14429=ORIENTED_EDGE('',*,*,#13958,.F.);
#14430=ORIENTED_EDGE('',*,*,#14431,.T.);
#14431=EDGE_CURVE('',#13018,#14426,#14432,.T.);
#14432=LINE('',#13019,#14433);
#14433=VECTOR('',#14434,1.);
#14434=DIRECTION('',(0.369224166816,0.,-0.929340365334));
#14435=PLANE('',#14436);
#14436=AXIS2_PLACEMENT_3D('',#14437,#190,#13);
#14437=CARTESIAN_POINT('',(4.541903245491,2.069568634033,-2.846038019615));
#14438=ADVANCED_FACE('',(#14439),#14452,.T.);
#14439=FACE_BOUND('',#14440,.T.);
#14440=EDGE_LOOP('',(#14441,#14446,#14447));
#14441=ORIENTED_EDGE('',*,*,#14442,.T.);
#14442=EDGE_CURVE('',#14443,#13992,#14445,.T.);
#14443=VERTEX_POINT('',#14444);
#14444=CARTESIAN_POINT('',(3.49798822403,-5.400000095367,-0.822452926636));
#14445=LINE('',#14444,#189);
#14446=ORIENTED_EDGE('',*,*,#13991,.F.);
#14447=ORIENTED_EDGE('',*,*,#14448,.T.);
#14448=EDGE_CURVE('',#13604,#14443,#14449,.T.);
#14449=LINE('',#13605,#14450);
#14450=VECTOR('',#14451,1.);
#14451=DIRECTION('',(0.19244991979,-0.962250516625,-0.19244991979));
#14452=PLANE('',#14453);
#14453=AXIS2_PLACEMENT_3D('',#14454,#14026,#14455);
#14454=CARTESIAN_POINT('',(3.434590837163,-4.873205192678,-0.759055539769));
#14455=DIRECTION('',(0.707106781187,0.,-0.707106781187));
#14456=ADVANCED_FACE('',(#14457),#14470,.T.);
#14457=FACE_BOUND('',#14458,.T.);
#14458=EDGE_LOOP('',(#14459,#14464,#14469));
#14459=ORIENTED_EDGE('',*,*,#14460,.T.);
#14460=EDGE_CURVE('',#13992,#14461,#14463,.T.);
#14461=VERTEX_POINT('',#14462);
#14462=CARTESIAN_POINT('',(3.897988319397,-4.599999904633,-0.822452926636));
#14463=LINE('',#13993,#34);
#14464=ORIENTED_EDGE('',*,*,#14465,.T.);
#14465=EDGE_CURVE('',#14461,#13293,#14466,.T.);
#14466=LINE('',#14462,#14467);
#14467=VECTOR('',#14468,1.);
#14468=DIRECTION('',(0.57735026919,0.57735026919,0.57735026919));
#14469=ORIENTED_EDGE('',*,*,#13998,.F.);
#14470=PLANE('',#14471);
#14471=AXIS2_PLACEMENT_3D('',#14472,#14005,#14473);
#14472=CARTESIAN_POINT('',(3.818759468778,-4.528374113132,-0.750827135135));
#14473=DIRECTION('',(0.,0.707106781187,0.707106781187));
#14474=ADVANCED_FACE('',(#14475),#14482,.T.);
#14475=FACE_BOUND('',#14476,.T.);
#14476=EDGE_LOOP('',(#14477,#14478,#14481));
#14477=ORIENTED_EDGE('',*,*,#14465,.F.);
#14478=ORIENTED_EDGE('',*,*,#14479,.T.);
#14479=EDGE_CURVE('',#14461,#14011,#14480,.T.);
#14480=LINE('',#14462,#345);
#14481=ORIENTED_EDGE('',*,*,#14018,.F.);
#14482=PLANE('',#14483);
#14483=AXIS2_PLACEMENT_3D('',#14484,#14025,#14026);
#14484=CARTESIAN_POINT('',(3.961385706264,-4.873205192678,-0.759055539769));
#14485=ADVANCED_FACE('',(#14486),#14495,.T.);
#14486=FACE_BOUND('',#14487,.T.);
#14487=EDGE_LOOP('',(#14488,#14489,#14490));
#14488=ORIENTED_EDGE('',*,*,#14174,.F.);
#14489=ORIENTED_EDGE('',*,*,#14010,.F.);
#14490=ORIENTED_EDGE('',*,*,#14491,.T.);
#14491=EDGE_CURVE('',#14011,#14175,#14492,.T.);
#14492=LINE('',#14012,#14493);
#14493=VECTOR('',#14494,1.);
#14494=DIRECTION('',(-0.904534164435,-0.301511148525,0.301511148525));
#14495=PLANE('',#14496);
#14496=AXIS2_PLACEMENT_3D('',#14497,#14473,#14005);
#14497=CARTESIAN_POINT('',(3.718759564145,-5.544205326171,-0.678247695832));
#14498=ADVANCED_FACE('',(#14499),#14512,.T.);
#14499=FACE_BOUND('',#14500,.T.);
#14500=EDGE_LOOP('',(#14501,#14506,#14507));
#14501=ORIENTED_EDGE('',*,*,#14502,.T.);
#14502=EDGE_CURVE('',#14503,#13632,#14505,.T.);
#14503=VERTEX_POINT('',#14504);
#14504=CARTESIAN_POINT('',(5.031962871552,0.5,-0.622453117371));
#14505=LINE('',#14504,#345);
#14506=ORIENTED_EDGE('',*,*,#14038,.F.);
#14507=ORIENTED_EDGE('',*,*,#14508,.T.);
#14508=EDGE_CURVE('',#14032,#14503,#14509,.T.);
#14509=LINE('',#14033,#14510);
#14510=VECTOR('',#14511,1.);
#14511=DIRECTION('',(-0.130526383214,0.991444836229,0.));
#14512=PLANE('',#14513);
#14513=AXIS2_PLACEMENT_3D('',#14514,#13,#14);
#14514=CARTESIAN_POINT('',(5.079363792471,-0.114435794841,-0.622453117371));
#14515=ADVANCED_FACE('',(#14516),#14527,.T.);
#14516=FACE_BOUND('',#14517,.T.);
#14517=EDGE_LOOP('',(#14518,#14521,#14522));
#14518=ORIENTED_EDGE('',*,*,#14519,.T.);
#14519=EDGE_CURVE('',#14083,#13671,#14520,.T.);
#14520=LINE('',#14084,#345);
#14521=ORIENTED_EDGE('',*,*,#14053,.F.);
#14522=ORIENTED_EDGE('',*,*,#14523,.T.);
#14523=EDGE_CURVE('',#13632,#14083,#14524,.T.);
#14524=LINE('',#13633,#14525);
#14525=VECTOR('',#14526,1.);
#14526=DIRECTION('',(-0.130525965354,0.991444891241,0.));
#14527=PLANE('',#14528);
#14528=AXIS2_PLACEMENT_3D('',#14529,#13,#14);
#14529=CARTESIAN_POINT('',(4.965267199862,-0.123921369482,-0.622453117371));
#14530=ADVANCED_FACE('',(#14531),#14546,.T.);
#14531=FACE_BOUND('',#14532,.T.);
#14532=EDGE_LOOP('',(#14533,#14540,#14545));
#14533=ORIENTED_EDGE('',*,*,#14534,.T.);
#14534=EDGE_CURVE('',#13653,#14535,#14537,.T.);
#14535=VERTEX_POINT('',#14536);
#14536=CARTESIAN_POINT('',(5.397988319397,-0.866025388241,-0.622453117371));
#14537=LINE('',#13654,#14538);
#14538=VECTOR('',#14539,1.);
#14539=DIRECTION('',(0.353553331708,0.612372605684,0.707106663415));
#14540=ORIENTED_EDGE('',*,*,#14541,.T.);
#14541=EDGE_CURVE('',#14535,#14032,#14542,.T.);
#14542=LINE('',#14536,#14543);
#14543=VECTOR('',#14544,1.);
#14544=DIRECTION('',(-0.793353075635,0.608761773915,0.));
#14545=ORIENTED_EDGE('',*,*,#14069,.F.);
#14546=PLANE('',#14547);
#14547=AXIS2_PLACEMENT_3D('',#14548,#14549,#14550);
#14548=CARTESIAN_POINT('',(5.241209867047,-0.98123518227,-0.810908102278));
#14549=DIRECTION('',(-0.432304766561,-0.563390033439,0.70406268118));
#14550=DIRECTION('',(-1.398881011028E-13,0.78079312865,0.6247896368));
#14551=ADVANCED_FACE('',(#14552),#14561,.T.);
#14552=FACE_BOUND('',#14553,.T.);
#14553=EDGE_LOOP('',(#14554,#14555,#14560));
#14554=ORIENTED_EDGE('',*,*,#14110,.F.);
#14555=ORIENTED_EDGE('',*,*,#14556,.T.);
#14556=EDGE_CURVE('',#14104,#14083,#14557,.T.);
#14557=LINE('',#14105,#14558);
#14558=VECTOR('',#14559,1.);
#14559=DIRECTION('',(0.130526692904,0.991444795457,0.));
#14560=ORIENTED_EDGE('',*,*,#14090,.F.);
#14561=PLANE('',#14562);
#14562=AXIS2_PLACEMENT_3D('',#14563,#14564,#14026);
#14563=CARTESIAN_POINT('',(4.719824584294,7.816932083598E-02,-0.810908078957));
#14564=DIRECTION('',(-0.704062568614,9.269195733289E-02,0.704062568614));
#14565=ADVANCED_FACE('',(#14566),#14575,.T.);
#14566=FACE_BOUND('',#14567,.T.);
#14567=EDGE_LOOP('',(#14568,#14569,#14570));
#14568=ORIENTED_EDGE('',*,*,#14365,.F.);
#14569=ORIENTED_EDGE('',*,*,#14082,.F.);
#14570=ORIENTED_EDGE('',*,*,#14571,.T.);
#14571=EDGE_CURVE('',#14083,#14366,#14572,.T.);
#14572=LINE('',#14084,#14573);
#14573=VECTOR('',#14574,1.);
#14574=DIRECTION('',(-0.408300120231,0.656778597212,-0.633981771081));
#14575=PLANE('',#14576);
#14576=AXIS2_PLACEMENT_3D('',#14577,#14578,#14579);
#14577=CARTESIAN_POINT('',(4.712734001386,0.440170971789,-0.896833929687));
#14578=DIRECTION('',(-0.656081809277,0.271757757519,0.70406276763));
#14579=DIRECTION('',(0.731595873554,-2.386979502944E-14,0.681738569981));
#14580=ADVANCED_FACE('',(#14581),#14586,.T.);
#14581=FACE_BOUND('',#14582,.T.);
#14582=EDGE_LOOP('',(#14583,#14584,#14585));
#14583=ORIENTED_EDGE('',*,*,#14556,.F.);
#14584=ORIENTED_EDGE('',*,*,#14103,.F.);
#14585=ORIENTED_EDGE('',*,*,#14519,.F.);
#14586=PLANE('',#14587);
#14587=AXIS2_PLACEMENT_3D('',#14588,#13,#14);
#14588=CARTESIAN_POINT('',(4.923507453639,0.,-0.622453117371));
#14589=ADVANCED_FACE('',(#14590),#14605,.T.);
#14590=FACE_BOUND('',#14591,.T.);
#14591=EDGE_LOOP('',(#14592,#14599,#14600));
#14592=ORIENTED_EDGE('',*,*,#14593,.T.);
#14593=EDGE_CURVE('',#14594,#13726,#14596,.T.);
#14594=VERTEX_POINT('',#14595);
#14595=CARTESIAN_POINT('',(3.697988271713,-6.449999809265,-1.022452735901));
#14596=LINE('',#14595,#14597);
#14597=VECTOR('',#14598,1.);
#14598=DIRECTION('',(0.991444892228,0.130525957861,0.));
#14599=ORIENTED_EDGE('',*,*,#14124,.F.);
#14600=ORIENTED_EDGE('',*,*,#14601,.T.);
#14601=EDGE_CURVE('',#13760,#14594,#14602,.T.);
#14602=LINE('',#13761,#14603);
#14603=VECTOR('',#14604,1.);
#14604=DIRECTION('',(-0.381063758841,-0.712710537193,-0.588926227869));
#14605=PLANE('',#14606);
#14606=AXIS2_PLACEMENT_3D('',#14607,#14608,#14609);
#14607=CARTESIAN_POINT('',(3.908744473023,-6.248565490229,-0.868063735818));
#14608=DIRECTION('',(8.713230149468E-02,-0.661836746349,0.744567044139));
#14609=DIRECTION('',(9.645062526431E-15,0.747409630821,0.664363487675));
#14610=ADVANCED_FACE('',(#14611),#14624,.T.);
#14611=FACE_BOUND('',#14612,.T.);
#14612=EDGE_LOOP('',(#14613,#14618,#14619));
#14613=ORIENTED_EDGE('',*,*,#14614,.T.);
#14614=EDGE_CURVE('',#14615,#14140,#14617,.T.);
#14615=VERTEX_POINT('',#14616);
#14616=CARTESIAN_POINT('',(3.697988271713,-6.449999809265,-1.772452735901));
#14617=LINE('',#14616,#14597);
#14618=ORIENTED_EDGE('',*,*,#14139,.F.);
#14619=ORIENTED_EDGE('',*,*,#14620,.T.);
#14620=EDGE_CURVE('',#13726,#14615,#14621,.T.);
#14621=LINE('',#13727,#14622);
#14622=VECTOR('',#14623,1.);
#14623=DIRECTION('',(-0.446713544738,-5.881084644604E-02,-0.892742008246));
#14624=PLANE('',#14625);
#14625=AXIS2_PLACEMENT_3D('',#14626,#14627,#14628);
#14626=CARTESIAN_POINT('',(3.957119738603,-6.415884566761,-1.469557178455));
#14627=DIRECTION('',(0.130525957861,-0.991444892228,0.));
#14628=DIRECTION('',(-0.991444892228,-0.130525957861,0.));
#14629=ADVANCED_FACE('',(#14630),#14637,.T.);
#14630=FACE_BOUND('',#14631,.T.);
#14631=EDGE_LOOP('',(#14632,#14635,#14636));
#14632=ORIENTED_EDGE('',*,*,#14633,.T.);
#14633=EDGE_CURVE('',#14140,#14158,#14634,.T.);
#14634=LINE('',#14141,#13729);
#14635=ORIENTED_EDGE('',*,*,#14157,.F.);
#14636=ORIENTED_EDGE('',*,*,#14144,.F.);
#14637=PLANE('',#14638);
#14638=AXIS2_PLACEMENT_3D('',#14639,#12764,#14151);
#14639=CARTESIAN_POINT('',(4.314748029355,-6.300571430033,-1.469557150905));
#14640=ADVANCED_FACE('',(#14641),#14652,.T.);
#14641=FACE_BOUND('',#14642,.T.);
#14642=EDGE_LOOP('',(#14643,#14648,#14651));
#14643=ORIENTED_EDGE('',*,*,#14644,.T.);
#14644=EDGE_CURVE('',#14158,#14645,#14647,.T.);
#14645=VERTEX_POINT('',#14646);
#14646=CARTESIAN_POINT('',(4.723293304443,-6.025304794312,-1.772452735901));
#14647=LINE('',#14159,#13747);
#14648=ORIENTED_EDGE('',*,*,#14649,.T.);
#14649=EDGE_CURVE('',#14645,#13409,#14650,.T.);
#14650=LINE('',#14646,#82);
#14651=ORIENTED_EDGE('',*,*,#14162,.F.);
#14652=PLANE('',#14653);
#14653=AXIS2_PLACEMENT_3D('',#14654,#12603,#14169);
#14654=CARTESIAN_POINT('',(4.630345152266,-6.096626415957,-1.469557167265));
#14655=ADVANCED_FACE('',(#14656),#14669,.T.);
#14656=FACE_BOUND('',#14657,.T.);
#14657=EDGE_LOOP('',(#14658,#14665,#14668));
#14658=ORIENTED_EDGE('',*,*,#14659,.T.);
#14659=EDGE_CURVE('',#14175,#14660,#14662,.T.);
#14660=VERTEX_POINT('',#14661);
#14661=CARTESIAN_POINT('',(3.697988271713,-6.,-0.622453117371));
#14662=LINE('',#14176,#14663);
#14663=VECTOR('',#14664,1.);
#14664=DIRECTION('',(0.707106570452,-0.707106991921,0.));
#14665=ORIENTED_EDGE('',*,*,#14666,.T.);
#14666=EDGE_CURVE('',#14660,#13760,#14667,.T.);
#14667=LINE('',#14661,#14330);
#14668=ORIENTED_EDGE('',*,*,#14179,.F.);
#14669=PLANE('',#14670);
#14670=AXIS2_PLACEMENT_3D('',#14671,#13,#14);
#14671=CARTESIAN_POINT('',(3.614113175328,-5.822098332215,-0.622453117371));
#14672=ADVANCED_FACE('',(#14673),#14680,.T.);
#14673=FACE_BOUND('',#14674,.T.);
#14674=EDGE_LOOP('',(#14675,#14676,#14679));
#14675=ORIENTED_EDGE('',*,*,#14649,.F.);
#14676=ORIENTED_EDGE('',*,*,#14677,.T.);
#14677=EDGE_CURVE('',#14645,#14192,#14678,.T.);
#14678=LINE('',#14646,#13780);
#14679=ORIENTED_EDGE('',*,*,#14197,.F.);
#14680=PLANE('',#14681);
#14681=AXIS2_PLACEMENT_3D('',#14682,#12830,#12829);
#14682=CARTESIAN_POINT('',(4.794614926089,-5.932356642134,-1.469557167265));
#14683=ADVANCED_FACE('',(#14684),#14691,.T.);
#14684=FACE_BOUND('',#14685,.T.);
#14685=EDGE_LOOP('',(#14686,#14687,#14690));
#14686=ORIENTED_EDGE('',*,*,#14191,.F.);
#14687=ORIENTED_EDGE('',*,*,#14688,.T.);
#14688=EDGE_CURVE('',#14192,#14209,#14689,.T.);
#14689=LINE('',#14193,#13794);
#14690=ORIENTED_EDGE('',*,*,#14214,.F.);
#14691=PLANE('',#14692);
#14692=AXIS2_PLACEMENT_3D('',#14693,#14221,#13795);
#14693=CARTESIAN_POINT('',(4.998559940165,-5.616759519224,-1.469557150905));
#14694=ADVANCED_FACE('',(#14695),#14708,.T.);
#14695=FACE_BOUND('',#14696,.T.);
#14696=EDGE_LOOP('',(#14697,#14704,#14707));
#14697=ORIENTED_EDGE('',*,*,#14698,.T.);
#14698=EDGE_CURVE('',#13497,#14699,#14701,.T.);
#14699=VERTEX_POINT('',#14700);
#14700=CARTESIAN_POINT('',(5.522700786591,-1.400592446327,-1.772452735901));
#14701=LINE('',#13498,#14702);
#14702=VECTOR('',#14703,1.);
#14703=DIRECTION('',(0.923879522109,-0.382683457478,0.));
#14704=ORIENTED_EDGE('',*,*,#14705,.T.);
#14705=EDGE_CURVE('',#14699,#14238,#14706,.T.);
#14706=LINE('',#14700,#82);
#14707=ORIENTED_EDGE('',*,*,#14245,.F.);
#14708=PLANE('',#14709);
#14709=AXIS2_PLACEMENT_3D('',#14710,#6933,#14242);
#14710=CARTESIAN_POINT('',(5.413148058934,-1.355214217248,-1.493136785933));
#14711=ADVANCED_FACE('',(#14712),#14721,.T.);
#14712=FACE_BOUND('',#14713,.T.);
#14713=EDGE_LOOP('',(#14714,#14715,#14716));
#14714=ORIENTED_EDGE('',*,*,#14534,.F.);
#14715=ORIENTED_EDGE('',*,*,#14237,.F.);
#14716=ORIENTED_EDGE('',*,*,#14717,.T.);
#14717=EDGE_CURVE('',#14238,#14535,#14718,.T.);
#14718=LINE('',#14239,#14719);
#14719=VECTOR('',#14720,1.);
#14720=DIRECTION('',(-0.175701042472,0.753124298562,0.633981809352));
#14721=PLANE('',#14722);
#14722=AXIS2_PLACEMENT_3D('',#14723,#14724,#14725);
#14723=CARTESIAN_POINT('',(5.371134816449,-1.149349297283,-0.896833933856));
#14724=DIRECTION('',(-0.271757985965,-0.656081764959,0.704062720752));
#14725=DIRECTION('',(-7.466249840604E-15,0.731595873883,0.681738569628));
#14726=ADVANCED_FACE('',(#14727),#14740,.T.);
#14727=FACE_BOUND('',#14728,.T.);
#14728=EDGE_LOOP('',(#14729,#14736,#14739));
#14729=ORIENTED_EDGE('',*,*,#14730,.T.);
#14730=EDGE_CURVE('',#14209,#14731,#14733,.T.);
#14731=VERTEX_POINT('',#14732);
#14732=CARTESIAN_POINT('',(4.537988185883,-7.480431556702,-1.772452735901));
#14733=LINE('',#14210,#14734);
#14734=VECTOR('',#14735,1.);
#14735=DIRECTION('',(-0.25732875311,-0.966323917133,0.));
#14736=ORIENTED_EDGE('',*,*,#14737,.T.);
#14737=EDGE_CURVE('',#14731,#13849,#14738,.T.);
#14738=LINE('',#14732,#34);
#14739=ORIENTED_EDGE('',*,*,#14257,.F.);
#14740=PLANE('',#14741);
#14741=AXIS2_PLACEMENT_3D('',#14742,#13,#14);
#14742=CARTESIAN_POINT('',(4.985496724547,-6.581791396655,-1.772452735901));
#14743=ADVANCED_FACE('',(#14744),#14757,.T.);
#14744=FACE_BOUND('',#14745,.T.);
#14745=EDGE_LOOP('',(#14746,#14751,#14752));
#14746=ORIENTED_EDGE('',*,*,#14747,.T.);
#14747=EDGE_CURVE('',#14748,#14271,#14750,.T.);
#14748=VERTEX_POINT('',#14749);
#14749=CARTESIAN_POINT('',(5.467102527618,-7.454875946045,-3.622453117371));
#14750=LINE('',#14749,#82);
#14751=ORIENTED_EDGE('',*,*,#14270,.F.);
#14752=ORIENTED_EDGE('',*,*,#14753,.T.);
#14753=EDGE_CURVE('',#13849,#14748,#14754,.T.);
#14754=LINE('',#13850,#14755);
#14755=VECTOR('',#14756,1.);
#14756=DIRECTION('',(0.104343857602,1.373712426166E-02,-0.994446404186));
#14757=PLANE('',#14758);
#14758=AXIS2_PLACEMENT_3D('',#14759,#14760,#14761);
#14759=CARTESIAN_POINT('',(5.416013189586,-7.461601982451,-2.651088506815));
#14760=DIRECTION('',(0.130526143658,-0.991444867767,0.));
#14761=DIRECTION('',(-0.991444867767,-0.130526143658,0.));
#14762=ADVANCED_FACE('',(#14763),#14772,.T.);
#14763=FACE_BOUND('',#14764,.T.);
#14764=EDGE_LOOP('',(#14765,#14766,#14767));
#14765=ORIENTED_EDGE('',*,*,#14698,.F.);
#14766=ORIENTED_EDGE('',*,*,#14277,.F.);
#14767=ORIENTED_EDGE('',*,*,#14768,.T.);
#14768=EDGE_CURVE('',#14271,#14699,#14769,.T.);
#14769=LINE('',#14272,#14770);
#14770=VECTOR('',#14771,1.);
#14771=DIRECTION('',(9.182905746433E-03,0.999957836232,0.));
#14772=PLANE('',#14773);
#14773=AXIS2_PLACEMENT_3D('',#14774,#13,#14);
#14774=CARTESIAN_POINT('',(5.404639290452,-4.29934271756,-1.772452735901));
#14775=ADVANCED_FACE('',(#14776),#14789,.T.);
#14776=FACE_BOUND('',#14777,.T.);
#14777=EDGE_LOOP('',(#14778,#14785,#14788));
#14778=ORIENTED_EDGE('',*,*,#14779,.T.);
#14779=EDGE_CURVE('',#13867,#14780,#14782,.T.);
#14780=VERTEX_POINT('',#14781);
#14781=CARTESIAN_POINT('',(2.972988367081,-3.74426317215,-1.772452735901));
#14782=LINE('',#13868,#14783);
#14783=VECTOR('',#14784,1.);
#14784=DIRECTION('',(-0.923879410764,-0.382683726288,0.));
#14785=ORIENTED_EDGE('',*,*,#14786,.T.);
#14786=EDGE_CURVE('',#14780,#14289,#14787,.T.);
#14787=LINE('',#14781,#82);
#14788=ORIENTED_EDGE('',*,*,#14296,.F.);
#14789=PLANE('',#14790);
#14790=AXIS2_PLACEMENT_3D('',#14791,#14303,#14293);
#14791=CARTESIAN_POINT('',(3.081228756968,-3.699428494318,-1.469557163437));
#14792=ADVANCED_FACE('',(#14793),#14808,.T.);
#14793=FACE_BOUND('',#14794,.T.);
#14794=EDGE_LOOP('',(#14795,#14796,#14803));
#14795=ORIENTED_EDGE('',*,*,#14288,.F.);
#14796=ORIENTED_EDGE('',*,*,#14797,.T.);
#14797=EDGE_CURVE('',#14289,#14798,#14800,.T.);
#14798=VERTEX_POINT('',#14799);
#14799=CARTESIAN_POINT('',(3.197988271713,-4.133974552155,-0.622453117371));
#14800=LINE('',#14290,#14801);
#14801=VECTOR('',#14802,1.);
#14802=DIRECTION('',(0.37370470114,-0.647275717888,0.664363561146));
#14803=ORIENTED_EDGE('',*,*,#14804,.T.);
#14804=EDGE_CURVE('',#14798,#13514,#14805,.T.);
#14805=LINE('',#14799,#14806);
#14806=VECTOR('',#14807,1.);
#14807=DIRECTION('',(0.183616257406,0.787052134333,-0.588926148051));
#14808=PLANE('',#14809);
#14809=AXIS2_PLACEMENT_3D('',#14810,#14811,#14812);
#14810=CARTESIAN_POINT('',(3.171260979739,-3.848525860711,-0.86806372577));
#14811=DIRECTION('',(-0.255459661174,0.616733623687,0.744566987535));
#14812=DIRECTION('',(-8.95117313604E-15,0.770119781282,-0.63789930434));
#14813=ADVANCED_FACE('',(#14814),#14829,.T.);
#14814=FACE_BOUND('',#14815,.T.);
#14815=EDGE_LOOP('',(#14816,#14823,#14828));
#14816=ORIENTED_EDGE('',*,*,#14817,.T.);
#14817=EDGE_CURVE('',#13899,#14818,#14820,.T.);
#14818=VERTEX_POINT('',#14819);
#14819=CARTESIAN_POINT('',(3.5218770504,-1.568660020828,-1.772452735901));
#14820=LINE('',#13900,#14821);
#14821=VECTOR('',#14822,1.);
#14822=DIRECTION('',(-0.130526064865,-0.99144487814,0.));
#14823=ORIENTED_EDGE('',*,*,#14824,.T.);
#14824=EDGE_CURVE('',#14818,#13867,#14825,.T.);
#14825=LINE('',#14819,#14826);
#14826=VECTOR('',#14827,1.);
#14827=DIRECTION('',(-9.761192083501E-02,-0.995224554013,0.));
#14828=ORIENTED_EDGE('',*,*,#14308,.F.);
#14829=PLANE('',#14830);
#14830=AXIS2_PLACEMENT_3D('',#14831,#13,#14);
#14831=CARTESIAN_POINT('',(3.445141067498,-2.389608952565,-1.772452735901));
#14832=ADVANCED_FACE('',(#14833),#14842,.T.);
#14833=FACE_BOUND('',#14834,.T.);
#14834=EDGE_LOOP('',(#14835,#14840,#14841));
#14835=ORIENTED_EDGE('',*,*,#14836,.T.);
#14836=EDGE_CURVE('',#14798,#14322,#14837,.T.);
#14837=LINE('',#14799,#14838);
#14838=VECTOR('',#14839,1.);
#14839=DIRECTION('',(0.923879739395,0.382682932903,0.));
#14840=ORIENTED_EDGE('',*,*,#14321,.F.);
#14841=ORIENTED_EDGE('',*,*,#14804,.F.);
#14842=PLANE('',#14843);
#14843=AXIS2_PLACEMENT_3D('',#14844,#14845,#14846);
#14844=CARTESIAN_POINT('',(3.31727591664,-3.883977418688,-0.78860136276));
#14845=DIRECTION('',(-0.255459044379,0.61673363261,0.744567191765));
#14846=DIRECTION('',(4.872491299324E-14,0.770119862705,-0.637899206041));
#14847=ADVANCED_FACE('',(#14848),#14861,.T.);
#14848=FACE_BOUND('',#14849,.T.);
#14849=EDGE_LOOP('',(#14850,#14851,#14856));
#14850=ORIENTED_EDGE('',*,*,#14342,.F.);
#14851=ORIENTED_EDGE('',*,*,#14852,.T.);
#14852=EDGE_CURVE('',#13975,#14853,#14855,.T.);
#14853=VERTEX_POINT('',#14854);
#14854=CARTESIAN_POINT('',(3.5218770504,-1.568660020828,-3.622453117371));
#14855=LINE('',#13976,#14821);
#14856=ORIENTED_EDGE('',*,*,#14857,.T.);
#14857=EDGE_CURVE('',#14853,#13899,#14858,.T.);
#14858=LINE('',#14854,#14859);
#14859=VECTOR('',#14860,1.);
#14860=DIRECTION('',(2.70288462335E-02,0.205304673729,0.978324809261));
#14861=PLANE('',#14862);
#14862=AXIS2_PLACEMENT_3D('',#14863,#14864,#14822);
#14863=CARTESIAN_POINT('',(3.558872981346,-1.287647747249,-2.785100710254));
#14864=DIRECTION('',(-0.99144487814,0.130526064865,0.));
#14865=ADVANCED_FACE('',(#14866),#14875,.T.);
#14866=FACE_BOUND('',#14867,.T.);
#14867=EDGE_LOOP('',(#14868,#14869,#14874));
#14868=ORIENTED_EDGE('',*,*,#14836,.F.);
#14869=ORIENTED_EDGE('',*,*,#14870,.T.);
#14870=EDGE_CURVE('',#14798,#13604,#14871,.T.);
#14871=LINE('',#14799,#14872);
#14872=VECTOR('',#14873,1.);
#14873=DIRECTION('',(0.351865434603,-0.93605059475,0.));
#14874=ORIENTED_EDGE('',*,*,#14354,.F.);
#14875=PLANE('',#14876);
#14876=AXIS2_PLACEMENT_3D('',#14877,#13,#14);
#14877=CARTESIAN_POINT('',(3.318097706242,-4.195140508115,-0.622453117371));
#14878=ADVANCED_FACE('',(#14879),#14892,.T.);
#14879=FACE_BOUND('',#14880,.T.);
#14880=EDGE_LOOP('',(#14881,#14882,#14887));
#14881=ORIENTED_EDGE('',*,*,#14382,.F.);
#14882=ORIENTED_EDGE('',*,*,#14883,.T.);
#14883=EDGE_CURVE('',#14366,#14884,#14886,.T.);
#14884=VERTEX_POINT('',#14885);
#14885=CARTESIAN_POINT('',(4.872683525085,1.025304794312,-1.072452926636));
#14886=LINE('',#14367,#14398);
#14887=ORIENTED_EDGE('',*,*,#14888,.T.);
#14888=EDGE_CURVE('',#14884,#13941,#14889,.T.);
#14889=LINE('',#14885,#14890);
#14890=VECTOR('',#14891,1.);
#14891=DIRECTION('',(-0.289563897835,-0.377366890098,-0.879628887275));
#14892=PLANE('',#14893);
#14893=AXIS2_PLACEMENT_3D('',#14894,#14895,#14896);
#14894=CARTESIAN_POINT('',(4.714437835518,0.819075066815,-1.351768879368));
#14895=DIRECTION('',(-0.793353240083,0.608761559602,0.));
#14896=DIRECTION('',(-0.608761559602,-0.793353240083,0.));
#14897=ADVANCED_FACE('',(#14898),#14905,.T.);
#14898=FACE_BOUND('',#14899,.T.);
#14899=EDGE_LOOP('',(#14900,#14903,#14904));
#14900=ORIENTED_EDGE('',*,*,#14901,.T.);
#14901=EDGE_CURVE('',#14884,#14395,#14902,.T.);
#14902=LINE('',#14885,#54);
#14903=ORIENTED_EDGE('',*,*,#14394,.F.);
#14904=ORIENTED_EDGE('',*,*,#14888,.F.);
#14905=PLANE('',#14906);
#14906=AXIS2_PLACEMENT_3D('',#14907,#14895,#14896);
#14907=CARTESIAN_POINT('',(4.800497181114,0.931229751339,-1.493136783169));
#14908=ADVANCED_FACE('',(#14909),#14922,.T.);
#14909=FACE_BOUND('',#14910,.T.);
#14910=EDGE_LOOP('',(#14911,#14916,#14917));
#14911=ORIENTED_EDGE('',*,*,#14912,.T.);
#14912=EDGE_CURVE('',#14913,#13018,#14915,.T.);
#14913=VERTEX_POINT('',#14914);
#14914=CARTESIAN_POINT('',(5.057988166809,2.069568634033,-1.772452735901));
#14915=LINE('',#14914,#228);
#14916=ORIENTED_EDGE('',*,*,#14401,.F.);
#14917=ORIENTED_EDGE('',*,*,#14918,.T.);
#14918=EDGE_CURVE('',#14395,#14913,#14919,.T.);
#14919=LINE('',#14396,#14920);
#14920=VECTOR('',#14921,1.);
#14921=DIRECTION('',(0.174720498868,0.98461807178,0.));
#14922=PLANE('',#14923);
#14923=AXIS2_PLACEMENT_3D('',#14924,#13,#14);
#14924=CARTESIAN_POINT('',(4.751703674873,1.676404307869,-1.772452735901));
#14925=ADVANCED_FACE('',(#14926),#14935,.T.);
#14926=FACE_BOUND('',#14927,.T.);
#14927=EDGE_LOOP('',(#14928,#14929,#14930));
#14928=ORIENTED_EDGE('',*,*,#14852,.F.);
#14929=ORIENTED_EDGE('',*,*,#14412,.F.);
#14930=ORIENTED_EDGE('',*,*,#14931,.T.);
#14931=EDGE_CURVE('',#13959,#14853,#14932,.T.);
#14932=LINE('',#13960,#14933);
#14933=VECTOR('',#14934,1.);
#14934=DIRECTION('',(-0.215041300503,-0.976604955485,0.));
#14935=PLANE('',#14936);
#14936=AXIS2_PLACEMENT_3D('',#14937,#55,#199);
#14937=CARTESIAN_POINT('',(3.914166500504,0.251948692214,-3.622453117371));
#14938=ADVANCED_FACE('',(#14939),#14946,.T.);
#14939=FACE_BOUND('',#14940,.T.);
#14940=EDGE_LOOP('',(#14941,#14942,#14945));
#14941=ORIENTED_EDGE('',*,*,#14912,.F.);
#14942=ORIENTED_EDGE('',*,*,#14943,.T.);
#14943=EDGE_CURVE('',#14913,#14426,#14944,.T.);
#14944=LINE('',#14914,#54);
#14945=ORIENTED_EDGE('',*,*,#14431,.F.);
#14946=PLANE('',#14947);
#14947=AXIS2_PLACEMENT_3D('',#14948,#190,#13);
#14948=CARTESIAN_POINT('',(4.83907343145,2.069568634033,-2.548867833656));
#14949=ADVANCED_FACE('',(#14950),#14965,.T.);
#14950=FACE_BOUND('',#14951,.T.);
#14951=EDGE_LOOP('',(#14952,#14959,#14960));
#14952=ORIENTED_EDGE('',*,*,#14953,.T.);
#14953=EDGE_CURVE('',#14954,#13959,#14956,.T.);
#14954=VERTEX_POINT('',#14955);
#14955=CARTESIAN_POINT('',(4.537988185883,-4.400000095367,-3.622453117371));
#14956=LINE('',#14955,#14957);
#14957=VECTOR('',#14958,1.);
#14958=DIRECTION('',(-3.321412300588E-02,0.999448258807,0.));
#14959=ORIENTED_EDGE('',*,*,#14425,.F.);
#14960=ORIENTED_EDGE('',*,*,#14961,.T.);
#14961=EDGE_CURVE('',#14426,#14954,#14962,.T.);
#14962=LINE('',#14427,#14963);
#14963=VECTOR('',#14964,1.);
#14964=DIRECTION('',(-8.011791926919E-02,-0.996785392656,0.));
#14965=PLANE('',#14966);
#14966=AXIS2_PLACEMENT_3D('',#14967,#55,#199);
#14967=CARTESIAN_POINT('',(4.618561435984,-0.991652730274,-3.622453117371));
#14968=ADVANCED_FACE('',(#14969),#14980,.T.);
#14969=FACE_BOUND('',#14970,.T.);
#14970=EDGE_LOOP('',(#14971,#14974,#14979));
#14971=ORIENTED_EDGE('',*,*,#14972,.T.);
#14972=EDGE_CURVE('',#13604,#14175,#14973,.T.);
#14973=LINE('',#13605,#345);
#14974=ORIENTED_EDGE('',*,*,#14975,.T.);
#14975=EDGE_CURVE('',#14175,#14443,#14976,.T.);
#14976=LINE('',#14176,#14977);
#14977=VECTOR('',#14978,1.);
#14978=DIRECTION('',(0.57735026919,0.57735026919,-0.57735026919));
#14979=ORIENTED_EDGE('',*,*,#14448,.F.);
#14980=PLANE('',#14981);
#14981=AXIS2_PLACEMENT_3D('',#14982,#14026,#14025);
#14982=CARTESIAN_POINT('',(3.351578198849,-5.02679490269,-0.676042901455));
#14983=ADVANCED_FACE('',(#14984),#14995,.T.);
#14984=FACE_BOUND('',#14985,.T.);
#14985=EDGE_LOOP('',(#14986,#14987,#14990));
#14986=ORIENTED_EDGE('',*,*,#14442,.F.);
#14987=ORIENTED_EDGE('',*,*,#14988,.T.);
#14988=EDGE_CURVE('',#14443,#14011,#14989,.T.);
#14989=LINE('',#14444,#34);
#14990=ORIENTED_EDGE('',*,*,#14991,.T.);
#14991=EDGE_CURVE('',#14011,#13992,#14992,.T.);
#14992=LINE('',#14012,#14993);
#14993=VECTOR('',#14994,1.);
#14994=DIRECTION('',(-0.4472135955,0.894427191,0.));
#14995=PLANE('',#14996);
#14996=AXIS2_PLACEMENT_3D('',#14997,#13,#14);
#14997=CARTESIAN_POINT('',(3.62159505125,-5.076393220464,-0.822452926636));
#14998=ADVANCED_FACE('',(#14999),#15004,.T.);
#14999=FACE_BOUND('',#15000,.T.);
#15000=EDGE_LOOP('',(#15001,#15002,#15003));
#15001=ORIENTED_EDGE('',*,*,#14479,.F.);
#15002=ORIENTED_EDGE('',*,*,#14460,.F.);
#15003=ORIENTED_EDGE('',*,*,#14991,.F.);
#15004=PLANE('',#15005);
#15005=AXIS2_PLACEMENT_3D('',#15006,#13,#14);
#15006=CARTESIAN_POINT('',(3.774381492177,-4.923606779536,-0.822452926636));
#15007=ADVANCED_FACE('',(#15008),#15013,.T.);
#15008=FACE_BOUND('',#15009,.T.);
#15009=EDGE_LOOP('',(#15010,#15011,#15012));
#15010=ORIENTED_EDGE('',*,*,#14988,.F.);
#15011=ORIENTED_EDGE('',*,*,#14975,.F.);
#15012=ORIENTED_EDGE('',*,*,#14491,.F.);
#15013=PLANE('',#15014);
#15014=AXIS2_PLACEMENT_3D('',#15015,#15016,#14005);
#15015=CARTESIAN_POINT('',(3.577217074649,-5.471625886868,-0.750827135135));
#15016=DIRECTION('',(-1.838780545598E-16,0.707106781187,0.707106781187));
#15017=ADVANCED_FACE('',(#15018),#15031,.T.);
#15018=FACE_BOUND('',#15019,.T.);
#15019=EDGE_LOOP('',(#15020,#15027,#15028));
#15020=ORIENTED_EDGE('',*,*,#15021,.T.);
#15021=EDGE_CURVE('',#15022,#14503,#15024,.T.);
#15022=VERTEX_POINT('',#15023);
#15023=CARTESIAN_POINT('',(5.190881729126,0.707106769085,-0.622453117371));
#15024=LINE('',#15023,#15025);
#15025=VECTOR('',#15026,1.);
#15026=DIRECTION('',(-0.608762017937,-0.793352888391,0.));
#15027=ORIENTED_EDGE('',*,*,#14508,.F.);
#15028=ORIENTED_EDGE('',*,*,#15029,.T.);
#15029=EDGE_CURVE('',#14032,#15022,#15030,.T.);
#15030=LINE('',#14033,#189);
#15031=PLANE('',#15032);
#15032=AXIS2_PLACEMENT_3D('',#15033,#13,#14);
#15033=CARTESIAN_POINT('',(5.150268065633,1.08824102985E-02,-0.622453117371));
#15034=ADVANCED_FACE('',(#15035),#15044,.T.);
#15035=FACE_BOUND('',#15036,.T.);
#15036=EDGE_LOOP('',(#15037,#15042,#15043));
#15037=ORIENTED_EDGE('',*,*,#15038,.T.);
#15038=EDGE_CURVE('',#14503,#14083,#15039,.T.);
#15039=LINE('',#14504,#15040);
#15040=VECTOR('',#15041,1.);
#15041=DIRECTION('',(-0.382682852178,-0.923879772832,0.));
#15042=ORIENTED_EDGE('',*,*,#14523,.F.);
#15043=ORIENTED_EDGE('',*,*,#14502,.F.);
#15044=PLANE('',#15045);
#15045=AXIS2_PLACEMENT_3D('',#15046,#13,#14);
#15046=CARTESIAN_POINT('',(5.006662201241,3.330891299958E-03,-0.622453117371));
#15047=ADVANCED_FACE('',(#15048),#15057,.T.);
#15048=FACE_BOUND('',#15049,.T.);
#15049=EDGE_LOOP('',(#15050,#15051,#15052));
#15050=ORIENTED_EDGE('',*,*,#15029,.F.);
#15051=ORIENTED_EDGE('',*,*,#14541,.F.);
#15052=ORIENTED_EDGE('',*,*,#15053,.T.);
#15053=EDGE_CURVE('',#14535,#15022,#15054,.T.);
#15054=LINE('',#14536,#15055);
#15055=VECTOR('',#15056,1.);
#15056=DIRECTION('',(-0.130526076203,0.991444876648,0.));
#15057=PLANE('',#15058);
#15058=AXIS2_PLACEMENT_3D('',#15059,#13,#14);
#15059=CARTESIAN_POINT('',(5.249539956473,-0.101599094777,-0.622453117371));
#15060=ADVANCED_FACE('',(#15061),#15070,.T.);
#15061=FACE_BOUND('',#15062,.T.);
#15062=EDGE_LOOP('',(#15063,#15064,#15069));
#15063=ORIENTED_EDGE('',*,*,#15038,.F.);
#15064=ORIENTED_EDGE('',*,*,#15065,.T.);
#15065=EDGE_CURVE('',#14503,#14366,#15066,.T.);
#15066=LINE('',#14504,#15067);
#15067=VECTOR('',#15068,1.);
#15068=DIRECTION('',(-0.612372506591,0.35355351589,-0.707106657141));
#15069=ORIENTED_EDGE('',*,*,#14571,.F.);
#15070=PLANE('',#15071);
#15071=AXIS2_PLACEMENT_3D('',#15072,#15073,#15074);
#15072=CARTESIAN_POINT('',(4.838583850548,0.521385330672,-0.810908093583));
#15073=DIRECTION('',(-0.656081977946,0.271757570591,0.704062682607));
#15074=DIRECTION('',(0.731595745078,1.794675519307E-13,0.681738707852));
#15075=ADVANCED_FACE('',(#15076),#15085,.T.);
#15076=FACE_BOUND('',#15077,.T.);
#15077=EDGE_LOOP('',(#15078,#15079,#15084));
#15078=ORIENTED_EDGE('',*,*,#14666,.F.);
#15079=ORIENTED_EDGE('',*,*,#15080,.T.);
#15080=EDGE_CURVE('',#14660,#14594,#15081,.T.);
#15081=LINE('',#14661,#15082);
#15082=VECTOR('',#15083,1.);
#15083=DIRECTION('',(0.,-0.747409493466,-0.664363642199));
#15084=ORIENTED_EDGE('',*,*,#14601,.F.);
#15085=PLANE('',#15086);
#15086=AXIS2_PLACEMENT_3D('',#15087,#15088,#15089);
#15087=CARTESIAN_POINT('',(3.776880329242,-6.176530467164,-0.788601333091));
#15088=DIRECTION('',(8.713279708403E-02,-0.661836871487,0.744566874909));
#15089=DIRECTION('',(-8.618106228653E-15,0.747409493466,0.664363642199));
#15090=ADVANCED_FACE('',(#15091),#15098,.T.);
#15091=FACE_BOUND('',#15092,.T.);
#15092=EDGE_LOOP('',(#15093,#15094,#15097));
#15093=ORIENTED_EDGE('',*,*,#14593,.F.);
#15094=ORIENTED_EDGE('',*,*,#15095,.T.);
#15095=EDGE_CURVE('',#14594,#14615,#15096,.T.);
#15096=LINE('',#14595,#54);
#15097=ORIENTED_EDGE('',*,*,#14620,.F.);
#15098=PLANE('',#15099);
#15099=AXIS2_PLACEMENT_3D('',#15100,#14627,#14628);
#15100=CARTESIAN_POINT('',(3.814144576048,-6.434707569622,-1.325348293346));
#15101=ADVANCED_FACE('',(#15102),#15115,.T.);
#15102=FACE_BOUND('',#15103,.T.);
#15103=EDGE_LOOP('',(#15104,#15105,#15110));
#15104=ORIENTED_EDGE('',*,*,#14614,.F.);
#15105=ORIENTED_EDGE('',*,*,#15106,.T.);
#15106=EDGE_CURVE('',#14615,#15107,#15109,.T.);
#15107=VERTEX_POINT('',#15108);
#15108=CARTESIAN_POINT('',(3.697988271713,-7.480431556702,-1.772452735901));
#15109=LINE('',#14616,#345);
#15110=ORIENTED_EDGE('',*,*,#15111,.T.);
#15111=EDGE_CURVE('',#15107,#14140,#15112,.T.);
#15112=LINE('',#15108,#15113);
#15113=VECTOR('',#15114,1.);
#15114=DIRECTION('',(0.328279894677,0.944580494585,0.));
#15115=PLANE('',#15116);
#15116=AXIS2_PLACEMENT_3D('',#15117,#13,#14);
#15117=CARTESIAN_POINT('',(3.809870921263,-6.874071105234,-1.772452735901));
#15118=ADVANCED_FACE('',(#15119),#15128,.T.);
#15119=FACE_BOUND('',#15120,.T.);
#15120=EDGE_LOOP('',(#15121,#15122,#15123));
#15121=ORIENTED_EDGE('',*,*,#14633,.F.);
#15122=ORIENTED_EDGE('',*,*,#15111,.F.);
#15123=ORIENTED_EDGE('',*,*,#15124,.T.);
#15124=EDGE_CURVE('',#15107,#14158,#15125,.T.);
#15125=LINE('',#15108,#15126);
#15126=VECTOR('',#15127,1.);
#15127=DIRECTION('',(0.509414981026,0.860520991671,0.));
#15128=PLANE('',#15129);
#15129=AXIS2_PLACEMENT_3D('',#15130,#13,#14);
#15130=CARTESIAN_POINT('',(4.016729437039,-6.826801414762,-1.772452735901));
#15131=ADVANCED_FACE('',(#15132),#15145,.T.);
#15132=FACE_BOUND('',#15133,.T.);
#15133=EDGE_LOOP('',(#15134,#15135,#15140));
#15134=ORIENTED_EDGE('',*,*,#14644,.F.);
#15135=ORIENTED_EDGE('',*,*,#15136,.T.);
#15136=EDGE_CURVE('',#14158,#14731,#15137,.T.);
#15137=LINE('',#14159,#15138);
#15138=VECTOR('',#15139,1.);
#15139=DIRECTION('',(9.34895039E-02,-0.995620265292,0.));
#15140=ORIENTED_EDGE('',*,*,#15141,.T.);
#15141=EDGE_CURVE('',#14731,#14645,#15142,.T.);
#15142=LINE('',#14732,#15143);
#15143=VECTOR('',#15144,1.);
#15144=DIRECTION('',(0.126326172647,0.991988759062,0.));
#15145=PLANE('',#15146);
#15146=AXIS2_PLACEMENT_3D('',#15147,#13,#14);
#15147=CARTESIAN_POINT('',(4.563508260747,-6.723583623087,-1.772452735901));
#15148=ADVANCED_FACE('',(#15149),#15160,.T.);
#15149=FACE_BOUND('',#15150,.T.);
#15150=EDGE_LOOP('',(#15151,#15156,#15159));
#15151=ORIENTED_EDGE('',*,*,#15152,.T.);
#15152=EDGE_CURVE('',#14175,#15153,#15155,.T.);
#15153=VERTEX_POINT('',#15154);
#15154=CARTESIAN_POINT('',(3.439169168472,-5.965925693512,-0.622453117371));
#15155=LINE('',#14176,#13302);
#15156=ORIENTED_EDGE('',*,*,#15157,.T.);
#15157=EDGE_CURVE('',#15153,#14660,#15158,.T.);
#15158=LINE('',#15154,#13553);
#15159=ORIENTED_EDGE('',*,*,#14659,.F.);
#15160=PLANE('',#15161);
#15161=AXIS2_PLACEMENT_3D('',#15162,#13,#14);
#15162=CARTESIAN_POINT('',(3.4714666302,-5.833701515514,-0.622453117371));
#15163=ADVANCED_FACE('',(#15164),#15173,.T.);
#15164=FACE_BOUND('',#15165,.T.);
#15165=EDGE_LOOP('',(#15166,#15167,#15168));
#15166=ORIENTED_EDGE('',*,*,#14677,.F.);
#15167=ORIENTED_EDGE('',*,*,#15141,.F.);
#15168=ORIENTED_EDGE('',*,*,#15169,.T.);
#15169=EDGE_CURVE('',#14731,#14192,#15170,.T.);
#15170=LINE('',#14732,#15171);
#15171=VECTOR('',#15172,1.);
#15172=DIRECTION('',(0.230454324114,0.973083143671,0.));
#15173=PLANE('',#15174);
#15174=AXIS2_PLACEMENT_3D('',#15175,#13,#14);
#15175=CARTESIAN_POINT('',(4.709155742647,-6.587604641752,-1.772452735901));
#15176=ADVANCED_FACE('',(#15177),#15182,.T.);
#15177=FACE_BOUND('',#15178,.T.);
#15178=EDGE_LOOP('',(#15179,#15180,#15181));
#15179=ORIENTED_EDGE('',*,*,#14688,.F.);
#15180=ORIENTED_EDGE('',*,*,#15169,.F.);
#15181=ORIENTED_EDGE('',*,*,#14730,.F.);
#15182=PLANE('',#15183);
#15183=AXIS2_PLACEMENT_3D('',#15184,#13,#14);
#15184=CARTESIAN_POINT('',(4.806366378682,-6.424007358279,-1.772452735901));
#15185=ADVANCED_FACE('',(#15186),#15201,.T.);
#15186=FACE_BOUND('',#15187,.T.);
#15187=EDGE_LOOP('',(#15188,#15195,#15196));
#15188=ORIENTED_EDGE('',*,*,#15189,.T.);
#15189=EDGE_CURVE('',#15190,#14238,#15192,.T.);
#15190=VERTEX_POINT('',#15191);
#15191=CARTESIAN_POINT('',(5.897988319397,-1.450000047684,-1.072452926636));
#15192=LINE('',#15191,#15193);
#15193=VECTOR('',#15194,1.);
#15194=DIRECTION('',(-0.991444840742,0.130526348936,0.));
#15195=ORIENTED_EDGE('',*,*,#14705,.F.);
#15196=ORIENTED_EDGE('',*,*,#15197,.T.);
#15197=EDGE_CURVE('',#14699,#15190,#15198,.T.);
#15198=LINE('',#14700,#15199);
#15199=VECTOR('',#15200,1.);
#15200=DIRECTION('',(0.471591219534,-6.20862377275E-02,0.879628910816));
#15201=PLANE('',#15202);
#15202=AXIS2_PLACEMENT_3D('',#15203,#15204,#15194);
#15203=CARTESIAN_POINT('',(5.640265319378,-1.416070129602,-1.351768885237));
#15204=DIRECTION('',(-0.130526348936,-0.991444840742,0.));
#15205=ADVANCED_FACE('',(#15206),#15221,.T.);
#15206=FACE_BOUND('',#15207,.T.);
#15207=EDGE_LOOP('',(#15208,#15215,#15220));
#15208=ORIENTED_EDGE('',*,*,#15209,.T.);
#15209=EDGE_CURVE('',#14238,#15210,#15212,.T.);
#15210=VERTEX_POINT('',#15211);
#15211=CARTESIAN_POINT('',(5.639169216156,-0.965925812721,-0.622453117371));
#15212=LINE('',#14239,#15213);
#15213=VECTOR('',#15214,1.);
#15214=DIRECTION('',(0.183012524634,0.683012884155,0.707106651012));
#15215=ORIENTED_EDGE('',*,*,#15216,.T.);
#15216=EDGE_CURVE('',#15210,#14535,#15217,.T.);
#15217=LINE('',#15211,#15218);
#15218=VECTOR('',#15219,1.);
#15219=DIRECTION('',(-0.923879497221,0.382683517564,0.));
#15220=ORIENTED_EDGE('',*,*,#14717,.F.);
#15221=PLANE('',#15222);
#15222=AXIS2_PLACEMENT_3D('',#15223,#15224,#15225);
#15223=CARTESIAN_POINT('',(5.517551329826,-1.117787190944,-0.810908091168));
#15224=DIRECTION('',(-0.271758034915,-0.656081762446,0.7040627042));
#15225=DIRECTION('',(-1.553757122963E-13,0.731595867191,0.681738576808));
#15226=ADVANCED_FACE('',(#15227),#15240,.T.);
#15227=FACE_BOUND('',#15228,.T.);
#15228=EDGE_LOOP('',(#15229,#15230,#15235));
#15229=ORIENTED_EDGE('',*,*,#14737,.F.);
#15230=ORIENTED_EDGE('',*,*,#15231,.T.);
#15231=EDGE_CURVE('',#14731,#15232,#15234,.T.);
#15232=VERTEX_POINT('',#15233);
#15233=CARTESIAN_POINT('',(4.537988185883,-7.480431556702,-3.622453117371));
#15234=LINE('',#14732,#54);
#15235=ORIENTED_EDGE('',*,*,#15236,.T.);
#15236=EDGE_CURVE('',#15232,#13849,#15237,.T.);
#15237=LINE('',#15233,#15238);
#15238=VECTOR('',#15239,1.);
#15239=DIRECTION('',(0.369224373698,0.,0.92934028314));
#15240=PLANE('',#15241);
#15241=AXIS2_PLACEMENT_3D('',#15242,#64,#55);
#15242=CARTESIAN_POINT('',(4.756903084466,-7.480431556702,-2.548867758462));
#15243=ADVANCED_FACE('',(#15244),#15255,.T.);
#15244=FACE_BOUND('',#15245,.T.);
#15245=EDGE_LOOP('',(#15246,#15251,#15254));
#15246=ORIENTED_EDGE('',*,*,#15247,.T.);
#15247=EDGE_CURVE('',#13849,#15248,#15250,.T.);
#15248=VERTEX_POINT('',#15249);
#15249=CARTESIAN_POINT('',(5.272988319397,-7.480431556702,-3.622453117371));
#15250=LINE('',#13850,#54);
#15251=ORIENTED_EDGE('',*,*,#15252,.T.);
#15252=EDGE_CURVE('',#15248,#14748,#15253,.T.);
#15253=LINE('',#15249,#14274);
#15254=ORIENTED_EDGE('',*,*,#14753,.F.);
#15255=PLANE('',#15256);
#15256=AXIS2_PLACEMENT_3D('',#15257,#14760,#14761);
#15257=CARTESIAN_POINT('',(5.324077657429,-7.473705520295,-2.743817346457));
#15258=ADVANCED_FACE('',(#15259),#15272,.T.);
#15259=FACE_BOUND('',#15260,.T.);
#15260=EDGE_LOOP('',(#15261,#15266,#15267));
#15261=ORIENTED_EDGE('',*,*,#15262,.T.);
#15262=EDGE_CURVE('',#15263,#14271,#15265,.T.);
#15263=VERTEX_POINT('',#15264);
#15264=CARTESIAN_POINT('',(5.647988319397,-7.379950523376,-1.772452735901));
#15265=LINE('',#15264,#10951);
#15266=ORIENTED_EDGE('',*,*,#14747,.F.);
#15267=ORIENTED_EDGE('',*,*,#15268,.T.);
#15268=EDGE_CURVE('',#14748,#15263,#15269,.T.);
#15269=LINE('',#14749,#15270);
#15270=VECTOR('',#15271,1.);
#15271=DIRECTION('',(9.723307362129E-02,4.027529783736E-02,0.994446393617));
#15272=PLANE('',#15273);
#15273=AXIS2_PLACEMENT_3D('',#15274,#9126,#10952);
#15274=CARTESIAN_POINT('',(5.514710252411,-7.435156161161,-2.651088464794));
#15275=ADVANCED_FACE('',(#15276),#15285,.T.);
#15276=FACE_BOUND('',#15277,.T.);
#15277=EDGE_LOOP('',(#15278,#15279,#15280));
#15278=ORIENTED_EDGE('',*,*,#14768,.F.);
#15279=ORIENTED_EDGE('',*,*,#15262,.F.);
#15280=ORIENTED_EDGE('',*,*,#15281,.T.);
#15281=EDGE_CURVE('',#15263,#14699,#15282,.T.);
#15282=LINE('',#15264,#15283);
#15283=VECTOR('',#15284,1.);
#15284=DIRECTION('',(-2.094874348848E-02,0.999780550994,0.));
#15285=PLANE('',#15286);
#15286=AXIS2_PLACEMENT_3D('',#15287,#13,#14);
#15287=CARTESIAN_POINT('',(5.540128883474,-4.457273511503,-1.772452735901));
#15288=ADVANCED_FACE('',(#15289),#15302,.T.);
#15289=FACE_BOUND('',#15290,.T.);
#15290=EDGE_LOOP('',(#15291,#15296,#15297));
#15291=ORIENTED_EDGE('',*,*,#15292,.T.);
#15292=EDGE_CURVE('',#15293,#14289,#15295,.T.);
#15293=VERTEX_POINT('',#15294);
#15294=CARTESIAN_POINT('',(2.672683477402,-3.974695205688,-1.022452735901));
#15295=LINE('',#15294,#13747);
#15296=ORIENTED_EDGE('',*,*,#14786,.F.);
#15297=ORIENTED_EDGE('',*,*,#15298,.T.);
#15298=EDGE_CURVE('',#14780,#15293,#15299,.T.);
#15299=LINE('',#14781,#15300);
#15300=VECTOR('',#15301,1.);
#15301=DIRECTION('',(-0.357459736017,-0.274288487166,0.892742047254));
#15302=PLANE('',#15303);
#15303=AXIS2_PLACEMENT_3D('',#15304,#12613,#12612);
#15304=CARTESIAN_POINT('',(2.880040214903,-3.815584793795,-1.325348304537));
#15305=ADVANCED_FACE('',(#15306),#15321,.T.);
#15306=FACE_BOUND('',#15307,.T.);
#15307=EDGE_LOOP('',(#15308,#15315,#15316));
#15308=ORIENTED_EDGE('',*,*,#15309,.T.);
#15309=EDGE_CURVE('',#15310,#14780,#15312,.T.);
#15310=VERTEX_POINT('',#15311);
#15311=CARTESIAN_POINT('',(3.133648395538,-2.241091489792,-1.772452735901));
#15312=LINE('',#15311,#15313);
#15313=VECTOR('',#15314,1.);
#15314=DIRECTION('',(-0.106275397415,-0.994336733659,0.));
#15315=ORIENTED_EDGE('',*,*,#14779,.F.);
#15316=ORIENTED_EDGE('',*,*,#15317,.T.);
#15317=EDGE_CURVE('',#13867,#15310,#15318,.T.);
#15318=LINE('',#13868,#15319);
#15319=VECTOR('',#15320,1.);
#15320=DIRECTION('',(-0.137852621529,0.9904527524,0.));
#15321=PLANE('',#15322);
#15322=AXIS2_PLACEMENT_3D('',#15323,#13,#14);
#15323=CARTESIAN_POINT('',(3.137808884235,-3.041042369527,-1.772452735901));
#15324=ADVANCED_FACE('',(#15325),#15340,.T.);
#15325=FACE_BOUND('',#15326,.T.);
#15326=EDGE_LOOP('',(#15327,#15334,#15335));
#15327=ORIENTED_EDGE('',*,*,#15328,.T.);
#15328=EDGE_CURVE('',#15329,#14798,#15331,.T.);
#15329=VERTEX_POINT('',#15330);
#15330=CARTESIAN_POINT('',(2.990881443024,-4.292893409729,-0.622453117371));
#15331=LINE('',#15330,#15332);
#15332=VECTOR('',#15333,1.);
#15333=DIRECTION('',(0.793352973006,0.608761907664,0.));
#15334=ORIENTED_EDGE('',*,*,#14797,.F.);
#15335=ORIENTED_EDGE('',*,*,#15336,.T.);
#15336=EDGE_CURVE('',#14289,#15329,#15337,.T.);
#15337=LINE('',#14290,#15338);
#15338=VECTOR('',#15339,1.);
#15339=DIRECTION('',(2.634427308498E-02,-0.807757416752,0.588926086158));
#15340=PLANE('',#15341);
#15341=AXIS2_PLACEMENT_3D('',#15342,#15343,#15344);
#15342=CARTESIAN_POINT('',(3.041400492221,-4.020540701529,-0.788601326897));
#15343=DIRECTION('',(-0.406377677717,0.529601038963,0.744566936268));
#15344=DIRECTION('',(-1.169619956443E-13,0.814887493782,-0.579619161587));
#15345=ADVANCED_FACE('',(#15346),#15361,.T.);
#15346=FACE_BOUND('',#15347,.T.);
#15347=EDGE_LOOP('',(#15348,#15355,#15360));
#15348=ORIENTED_EDGE('',*,*,#15349,.T.);
#15349=EDGE_CURVE('',#14818,#15350,#15352,.T.);
#15350=VERTEX_POINT('',#15351);
#15351=CARTESIAN_POINT('',(3.372026443481,-1.930431365967,-1.772452735901));
#15352=LINE('',#14819,#15353);
#15353=VECTOR('',#15354,1.);
#15354=DIRECTION('',(-0.382683452602,-0.923879524129,0.));
#15355=ORIENTED_EDGE('',*,*,#15356,.T.);
#15356=EDGE_CURVE('',#15350,#13867,#15357,.T.);
#15357=LINE('',#15351,#15358);
#15358=VECTOR('',#15359,1.);
#15359=DIRECTION('',(-2.954157188106E-02,-0.999563552522,0.));
#15360=ORIENTED_EDGE('',*,*,#14824,.F.);
#15361=PLANE('',#15362);
#15362=AXIS2_PLACEMENT_3D('',#15363,#13,#14);
#15363=CARTESIAN_POINT('',(3.394143592192,-2.578001733179,-1.772452735901));
#15364=ADVANCED_FACE('',(#15365),#15372,.T.);
#15365=FACE_BOUND('',#15366,.T.);
#15366=EDGE_LOOP('',(#15367,#15370,#15371));
#15367=ORIENTED_EDGE('',*,*,#15368,.T.);
#15368=EDGE_CURVE('',#14853,#14818,#15369,.T.);
#15369=LINE('',#14854,#82);
#15370=ORIENTED_EDGE('',*,*,#14817,.F.);
#15371=ORIENTED_EDGE('',*,*,#14857,.F.);
#15372=PLANE('',#15373);
#15373=AXIS2_PLACEMENT_3D('',#15374,#14864,#14822);
#15374=CARTESIAN_POINT('',(3.535992340767,-1.461443639546,-2.609805143018));
#15375=ADVANCED_FACE('',(#15376),#15385,.T.);
#15376=FACE_BOUND('',#15377,.T.);
#15377=EDGE_LOOP('',(#15378,#15383,#15384));
#15378=ORIENTED_EDGE('',*,*,#15379,.T.);
#15379=EDGE_CURVE('',#14798,#14175,#15380,.T.);
#15380=LINE('',#14799,#15381);
#15381=VECTOR('',#15382,1.);
#15382=DIRECTION('',(6.805360436909E-02,-0.99768166613,0.));
#15383=ORIENTED_EDGE('',*,*,#14972,.F.);
#15384=ORIENTED_EDGE('',*,*,#14870,.F.);
#15385=PLANE('',#15386);
#15386=AXIS2_PLACEMENT_3D('',#15387,#13,#14);
#15387=CARTESIAN_POINT('',(3.268302343501,-4.863295282248,-0.622453117371));
#15388=ADVANCED_FACE('',(#15389),#15398,.T.);
#15389=FACE_BOUND('',#15390,.T.);
#15390=EDGE_LOOP('',(#15391,#15392,#15393));
#15391=ORIENTED_EDGE('',*,*,#14883,.F.);
#15392=ORIENTED_EDGE('',*,*,#15065,.F.);
#15393=ORIENTED_EDGE('',*,*,#15394,.T.);
#15394=EDGE_CURVE('',#14503,#14884,#15395,.T.);
#15395=LINE('',#14504,#15396);
#15396=VECTOR('',#15397,1.);
#15397=DIRECTION('',(-0.224400580624,0.74007524179,-0.633981873483));
#15398=PLANE('',#15399);
#15399=AXIS2_PLACEMENT_3D('',#15400,#15401,#15402);
#15400=CARTESIAN_POINT('',(4.867045096684,0.731938909901,-0.896833933603));
#15401=DIRECTION('',(-0.563390124462,0.432304594604,0.704062713927));
#15402=DIRECTION('',(0.780793093583,-1.698641227676E-13,0.624789680623));
#15403=ADVANCED_FACE('',(#15404),#15418,.T.);
#15404=FACE_BOUND('',#15405,.T.);
#15405=EDGE_LOOP('',(#15406,#15412,#15413));
#15406=ORIENTED_EDGE('',*,*,#15407,.T.);
#15407=EDGE_CURVE('',#15408,#14395,#15410,.T.);
#15408=VERTEX_POINT('',#15409);
#15409=CARTESIAN_POINT('',(5.172988414764,1.25573682785,-1.772452735901));
#15410=LINE('',#15409,#15411);
#15411=VECTOR('',#14169,1.);
#15412=ORIENTED_EDGE('',*,*,#14901,.F.);
#15413=ORIENTED_EDGE('',*,*,#15414,.T.);
#15414=EDGE_CURVE('',#14884,#15408,#15415,.T.);
#15415=LINE('',#14885,#15416);
#15416=VECTOR('',#15417,1.);
#15417=DIRECTION('',(0.377367018566,0.289563881466,-0.87962883755));
#15418=PLANE('',#15419);
#15419=AXIS2_PLACEMENT_3D('',#15420,#12613,#12612);
#15420=CARTESIAN_POINT('',(4.966758609578,1.097491141487,-1.493136795566));
#15421=ADVANCED_FACE('',(#15422),#15431,.T.);
#15422=FACE_BOUND('',#15423,.T.);
#15423=EDGE_LOOP('',(#15424,#15425,#15426));
#15424=ORIENTED_EDGE('',*,*,#14918,.F.);
#15425=ORIENTED_EDGE('',*,*,#15407,.F.);
#15426=ORIENTED_EDGE('',*,*,#15427,.T.);
#15427=EDGE_CURVE('',#15408,#14913,#15428,.T.);
#15428=LINE('',#15409,#15429);
#15429=VECTOR('',#15430,1.);
#15430=DIRECTION('',(-0.13991713587,0.990163216389,0.));
#15431=PLANE('',#15432);
#15432=AXIS2_PLACEMENT_3D('',#15433,#13,#14);
#15433=CARTESIAN_POINT('',(5.029544958304,1.521196227848,-1.772452735901));
#15434=ADVANCED_FACE('',(#15435),#15444,.T.);
#15435=FACE_BOUND('',#15436,.T.);
#15436=EDGE_LOOP('',(#15437,#15442,#15443));
#15437=ORIENTED_EDGE('',*,*,#15438,.T.);
#15438=EDGE_CURVE('',#14954,#14853,#15439,.T.);
#15439=LINE('',#14955,#15440);
#15440=VECTOR('',#15441,1.);
#15441=DIRECTION('',(-0.33778602172,0.941222929773,0.));
#15442=ORIENTED_EDGE('',*,*,#14931,.F.);
#15443=ORIENTED_EDGE('',*,*,#14953,.F.);
#15444=PLANE('',#15445);
#15445=AXIS2_PLACEMENT_3D('',#15446,#55,#199);
#15446=CARTESIAN_POINT('',(4.195937706794,-1.180227428687,-3.622453117371));
#15447=ADVANCED_FACE('',(#15448),#15463,.T.);
#15448=FACE_BOUND('',#15449,.T.);
#15449=EDGE_LOOP('',(#15450,#15455,#15457,#15458));
#15450=ORIENTED_EDGE('',*,*,#15451,.T.);
#15451=EDGE_CURVE('',#15232,#15452,#15454,.T.);
#15452=VERTEX_POINT('',#15453);
#15453=CARTESIAN_POINT('',(4.537988185883,-5.599999904633,-3.622453117371));
#15454=LINE('',#15233,#189);
#15455=ORIENTED_EDGE('',*,*,#15456,.T.);
#15456=EDGE_CURVE('',#15452,#14954,#15454,.T.);
#15457=ORIENTED_EDGE('',*,*,#14961,.F.);
#15458=ORIENTED_EDGE('',*,*,#15459,.T.);
#15459=EDGE_CURVE('',#14426,#15232,#15460,.T.);
#15460=LINE('',#14427,#15461);
#15461=VECTOR('',#15462,1.);
#15462=DIRECTION('',(-5.436971984068E-02,-0.998520872874,0.));
#15463=PLANE('',#15464);
#15464=AXIS2_PLACEMENT_3D('',#15465,#55,#199);
#15465=CARTESIAN_POINT('',(4.756132326683,-2.703752060235,-3.622453117371));
#15466=ADVANCED_FACE('',(#15467),#15476,.T.);
#15467=FACE_BOUND('',#15468,.T.);
#15468=EDGE_LOOP('',(#15469,#15470,#15475));
#15469=ORIENTED_EDGE('',*,*,#15021,.F.);
#15470=ORIENTED_EDGE('',*,*,#15471,.T.);
#15471=EDGE_CURVE('',#15022,#14884,#15472,.T.);
#15472=LINE('',#15023,#15473);
#15473=VECTOR('',#15474,1.);
#15474=DIRECTION('',(-0.500000296029,0.50000001505,-0.70710656122));
#15475=ORIENTED_EDGE('',*,*,#15394,.F.);
#15476=PLANE('',#15477);
#15477=AXIS2_PLACEMENT_3D('',#15478,#15479,#15480);
#15478=CARTESIAN_POINT('',(5.009626677461,0.777813572862,-0.810908069517));
#15479=DIRECTION('',(-0.563389759066,0.432304831346,0.704062860954));
#15480=DIRECTION('',(0.78079335491,-1.171562846736E-13,0.624789354046));
#15481=ADVANCED_FACE('',(#15482),#15495,.T.);
#15482=FACE_BOUND('',#15483,.T.);
#15483=EDGE_LOOP('',(#15484,#15491,#15492));
#15484=ORIENTED_EDGE('',*,*,#15485,.T.);
#15485=EDGE_CURVE('',#15486,#15022,#15488,.T.);
#15486=VERTEX_POINT('',#15487);
#15487=CARTESIAN_POINT('',(5.397988319397,0.866025388241,-0.622453117371));
#15488=LINE('',#15487,#15489);
#15489=VECTOR('',#15490,1.);
#15490=DIRECTION('',(-0.793353075635,-0.608761773915,0.));
#15491=ORIENTED_EDGE('',*,*,#15053,.F.);
#15492=ORIENTED_EDGE('',*,*,#15493,.T.);
#15493=EDGE_CURVE('',#14535,#15486,#15494,.T.);
#15494=LINE('',#14536,#189);
#15495=PLANE('',#15496);
#15496=AXIS2_PLACEMENT_3D('',#15497,#13,#14);
#15497=CARTESIAN_POINT('',(5.344538125684,2.213978519922E-02,-0.622453117371));
#15498=ADVANCED_FACE('',(#15499),#15508,.T.);
#15499=FACE_BOUND('',#15500,.T.);
#15500=EDGE_LOOP('',(#15501,#15502,#15503));
#15501=ORIENTED_EDGE('',*,*,#15080,.F.);
#15502=ORIENTED_EDGE('',*,*,#15157,.F.);
#15503=ORIENTED_EDGE('',*,*,#15504,.T.);
#15504=EDGE_CURVE('',#15153,#14594,#15505,.T.);
#15505=LINE('',#15154,#15506);
#15506=VECTOR('',#15507,1.);
#15507=DIRECTION('',(0.381063758841,-0.712710537193,-0.588926227869));
#15508=PLANE('',#15509);
#15509=AXIS2_PLACEMENT_3D('',#15510,#15511,#15512);
#15510=CARTESIAN_POINT('',(3.619096214185,-6.176530467164,-0.788601333091));
#15511=DIRECTION('',(-8.713279708403E-02,-0.661836871487,0.744566874909));
#15512=DIRECTION('',(8.618106228653E-15,0.747409493466,0.664363642199));
#15513=ADVANCED_FACE('',(#15514),#15528,.T.);
#15514=FACE_BOUND('',#15515,.T.);
#15515=EDGE_LOOP('',(#15516,#15522,#15523));
#15516=ORIENTED_EDGE('',*,*,#15517,.T.);
#15517=EDGE_CURVE('',#15518,#14615,#15520,.T.);
#15518=VERTEX_POINT('',#15519);
#15519=CARTESIAN_POINT('',(3.322700738907,-6.400592327118,-1.772452735901));
#15520=LINE('',#15519,#15521);
#15521=VECTOR('',#13831,1.);
#15522=ORIENTED_EDGE('',*,*,#15095,.F.);
#15523=ORIENTED_EDGE('',*,*,#15524,.T.);
#15524=EDGE_CURVE('',#14594,#15518,#15525,.T.);
#15525=LINE('',#14595,#15526);
#15526=VECTOR('',#15527,1.);
#15527=DIRECTION('',(-0.446713317575,5.881085390175E-02,-0.892742121424));
#15528=PLANE('',#15529);
#15529=AXIS2_PLACEMENT_3D('',#15530,#15531,#15532);
#15530=CARTESIAN_POINT('',(3.581832053623,-6.434707571261,-1.469557145987));
#15531=DIRECTION('',(-0.130526039371,-0.991444881497,0.));
#15532=DIRECTION('',(-0.991444881497,0.130526039371,0.));
#15533=ADVANCED_FACE('',(#15534),#15543,.T.);
#15534=FACE_BOUND('',#15535,.T.);
#15535=EDGE_LOOP('',(#15536,#15537,#15542));
#15536=ORIENTED_EDGE('',*,*,#15517,.F.);
#15537=ORIENTED_EDGE('',*,*,#15538,.T.);
#15538=EDGE_CURVE('',#15518,#15107,#15539,.T.);
#15539=LINE('',#15519,#15540);
#15540=VECTOR('',#15541,1.);
#15541=DIRECTION('',(0.328279708597,-0.944580559255,0.));
#15542=ORIENTED_EDGE('',*,*,#15106,.F.);
#15543=PLANE('',#15544);
#15544=AXIS2_PLACEMENT_3D('',#15545,#13,#14);
#15545=CARTESIAN_POINT('',(3.586105702583,-6.874071144762,-1.772452735901));
#15546=ADVANCED_FACE('',(#15547),#15554,.T.);
#15547=FACE_BOUND('',#15548,.T.);
#15548=EDGE_LOOP('',(#15549,#15550,#15553));
#15549=ORIENTED_EDGE('',*,*,#15124,.F.);
#15550=ORIENTED_EDGE('',*,*,#15551,.T.);
#15551=EDGE_CURVE('',#15107,#14731,#15552,.T.);
#15552=LINE('',#15108,#34);
#15553=ORIENTED_EDGE('',*,*,#15136,.F.);
#15554=PLANE('',#15555);
#15555=AXIS2_PLACEMENT_3D('',#15556,#13,#14);
#15556=CARTESIAN_POINT('',(4.222208498209,-7.015330108236,-1.772452735901));
#15557=ADVANCED_FACE('',(#15558),#15573,.T.);
#15558=FACE_BOUND('',#15559,.T.);
#15559=EDGE_LOOP('',(#15560,#15567,#15572));
#15560=ORIENTED_EDGE('',*,*,#15561,.T.);
#15561=EDGE_CURVE('',#14175,#15562,#15564,.T.);
#15562=VERTEX_POINT('',#15563);
#15563=CARTESIAN_POINT('',(3.197988271713,-5.866025447845,-0.622453117371));
#15564=LINE('',#14176,#15565);
#15565=VECTOR('',#15566,1.);
#15566=DIRECTION('',(-0.351865434603,-0.93605059475,0.));
#15567=ORIENTED_EDGE('',*,*,#15568,.T.);
#15568=EDGE_CURVE('',#15562,#15153,#15569,.T.);
#15569=LINE('',#15563,#15570);
#15570=VECTOR('',#15571,1.);
#15571=DIRECTION('',(0.923879739395,-0.382682932903,0.));
#15572=ORIENTED_EDGE('',*,*,#15152,.F.);
#15573=PLANE('',#15574);
#15574=AXIS2_PLACEMENT_3D('',#15575,#13,#14);
#15575=CARTESIAN_POINT('',(3.318097706242,-5.804859491885,-0.622453117371));
#15576=ADVANCED_FACE('',(#15577),#15590,.T.);
#15577=FACE_BOUND('',#15578,.T.);
#15578=EDGE_LOOP('',(#15579,#15586,#15589));
#15579=ORIENTED_EDGE('',*,*,#15580,.T.);
#15580=EDGE_CURVE('',#14699,#15581,#15583,.T.);
#15581=VERTEX_POINT('',#15582);
#15582=CARTESIAN_POINT('',(5.897988319397,-1.450000047684,-1.772452735901));
#15583=LINE('',#14700,#15584);
#15584=VECTOR('',#15585,1.);
#15585=DIRECTION('',(0.991444840742,-0.130526348936,0.));
#15586=ORIENTED_EDGE('',*,*,#15587,.T.);
#15587=EDGE_CURVE('',#15581,#15190,#15588,.T.);
#15588=LINE('',#15582,#82);
#15589=ORIENTED_EDGE('',*,*,#15197,.F.);
#15590=PLANE('',#15591);
#15591=AXIS2_PLACEMENT_3D('',#15592,#15204,#15194);
#15592=CARTESIAN_POINT('',(5.78042378661,-1.434522364409,-1.4931367773));
#15593=ADVANCED_FACE('',(#15594),#15609,.T.);
#15594=FACE_BOUND('',#15595,.T.);
#15595=EDGE_LOOP('',(#15596,#15597,#15604));
#15596=ORIENTED_EDGE('',*,*,#15189,.F.);
#15597=ORIENTED_EDGE('',*,*,#15598,.T.);
#15598=EDGE_CURVE('',#15190,#15599,#15601,.T.);
#15599=VERTEX_POINT('',#15600);
#15600=CARTESIAN_POINT('',(5.897988319397,-1.,-0.622453117371));
#15601=LINE('',#15191,#15602);
#15602=VECTOR('',#15603,1.);
#15603=DIRECTION('',(0.,0.707106968506,0.707106593867));
#15604=ORIENTED_EDGE('',*,*,#15605,.T.);
#15605=EDGE_CURVE('',#15599,#14238,#15606,.T.);
#15606=LINE('',#15600,#15607);
#15607=VECTOR('',#15608,1.);
#15608=DIRECTION('',(-0.528723540521,-0.564374347702,-0.633981871472));
#15609=PLANE('',#15610);
#15610=AXIS2_PLACEMENT_3D('',#15611,#15612,#15613);
#15611=CARTESIAN_POINT('',(5.779582266601,-1.25879248373,-0.896833927349));
#15612=DIRECTION('',(-9.269168662567E-02,-0.70406239992,0.704062772946));
#15613=DIRECTION('',(-1.645905634007E-14,0.707106968506,0.707106593867));
#15614=ADVANCED_FACE('',(#15615),#15630,.T.);
#15615=FACE_BOUND('',#15616,.T.);
#15616=EDGE_LOOP('',(#15617,#15624,#15625));
#15617=ORIENTED_EDGE('',*,*,#15618,.T.);
#15618=EDGE_CURVE('',#15619,#14535,#15621,.T.);
#15619=VERTEX_POINT('',#15620);
#15620=CARTESIAN_POINT('',(5.49798822403,-0.600000023842,-0.622453117371));
#15621=LINE('',#15620,#15622);
#15622=VECTOR('',#15623,1.);
#15623=DIRECTION('',(-0.351864906786,-0.936050793158,0.));
#15624=ORIENTED_EDGE('',*,*,#15216,.F.);
#15625=ORIENTED_EDGE('',*,*,#15626,.T.);
#15626=EDGE_CURVE('',#15210,#15619,#15627,.T.);
#15627=LINE('',#15211,#15628);
#15628=VECTOR('',#15629,1.);
#15629=DIRECTION('',(-0.359956821512,0.932968963389,0.));
#15630=PLANE('',#15631);
#15631=AXIS2_PLACEMENT_3D('',#15632,#13,#14);
#15632=CARTESIAN_POINT('',(5.51809769136,-0.804859584456,-0.622453117371));
#15633=ADVANCED_FACE('',(#15634),#15643,.T.);
#15634=FACE_BOUND('',#15635,.T.);
#15635=EDGE_LOOP('',(#15636,#15641,#15642));
#15636=ORIENTED_EDGE('',*,*,#15637,.T.);
#15637=EDGE_CURVE('',#15599,#15210,#15638,.T.);
#15638=LINE('',#15600,#15639);
#15639=VECTOR('',#15640,1.);
#15640=DIRECTION('',(-0.991444858442,0.130526214488,0.));
#15641=ORIENTED_EDGE('',*,*,#15209,.F.);
#15642=ORIENTED_EDGE('',*,*,#15605,.F.);
#15643=PLANE('',#15644);
#15644=AXIS2_PLACEMENT_3D('',#15645,#15646,#15647);
#15645=CARTESIAN_POINT('',(5.668562856256,-1.15825059673,-0.810908076411));
#15646=DIRECTION('',(-9.26915956149E-02,-0.704062446414,0.704062738435));
#15647=DIRECTION('',(8.124750872085E-14,0.707106927828,0.707106634545));
#15648=ADVANCED_FACE('',(#15649),#15656,.T.);
#15649=FACE_BOUND('',#15650,.T.);
#15650=EDGE_LOOP('',(#15651,#15654,#15655));
#15651=ORIENTED_EDGE('',*,*,#15652,.T.);
#15652=EDGE_CURVE('',#15232,#15248,#15653,.T.);
#15653=LINE('',#15233,#34);
#15654=ORIENTED_EDGE('',*,*,#15247,.F.);
#15655=ORIENTED_EDGE('',*,*,#15236,.F.);
#15656=PLANE('',#15657);
#15657=AXIS2_PLACEMENT_3D('',#15658,#64,#55);
#15658=CARTESIAN_POINT('',(5.054073420813,-7.480431556702,-2.846038094809));
#15659=ADVANCED_FACE('',(#15660),#15675,.T.);
#15660=FACE_BOUND('',#15661,.T.);
#15661=EDGE_LOOP('',(#15662,#15663,#15670));
#15662=ORIENTED_EDGE('',*,*,#15252,.F.);
#15663=ORIENTED_EDGE('',*,*,#15664,.T.);
#15664=EDGE_CURVE('',#15248,#15665,#15667,.T.);
#15665=VERTEX_POINT('',#15666);
#15666=CARTESIAN_POINT('',(5.057988166809,-0.600000023842,-3.622453117371));
#15667=LINE('',#15249,#15668);
#15668=VECTOR('',#15669,1.);
#15669=DIRECTION('',(-3.12328174252E-02,0.999512136552,0.));
#15670=ORIENTED_EDGE('',*,*,#15671,.T.);
#15671=EDGE_CURVE('',#15665,#14748,#15672,.T.);
#15672=LINE('',#15666,#15673);
#15673=VECTOR('',#15674,1.);
#15674=DIRECTION('',(5.957623152658E-02,-0.998223758802,0.));
#15675=PLANE('',#15676);
#15676=AXIS2_PLACEMENT_3D('',#15677,#55,#199);
#15677=CARTESIAN_POINT('',(5.21614902725,-4.082040109132,-3.622453117371));
#15678=ADVANCED_FACE('',(#15679),#15692,.T.);
#15679=FACE_BOUND('',#15680,.T.);
#15680=EDGE_LOOP('',(#15681,#15688,#15691));
#15681=ORIENTED_EDGE('',*,*,#15682,.T.);
#15682=EDGE_CURVE('',#14748,#15683,#15685,.T.);
#15683=VERTEX_POINT('',#15684);
#15684=CARTESIAN_POINT('',(5.647988319397,-7.379950523376,-3.622453117371));
#15685=LINE('',#14749,#15686);
#15686=VECTOR('',#15687,1.);
#15687=DIRECTION('',(0.923879398029,0.382683757035,0.));
#15688=ORIENTED_EDGE('',*,*,#15689,.T.);
#15689=EDGE_CURVE('',#15683,#15263,#15690,.T.);
#15690=LINE('',#15684,#82);
#15691=ORIENTED_EDGE('',*,*,#15268,.F.);
#15692=PLANE('',#15693);
#15693=AXIS2_PLACEMENT_3D('',#15694,#9126,#10952);
#15694=CARTESIAN_POINT('',(5.600380594604,-7.39967030826,-2.743817388478));
#15695=ADVANCED_FACE('',(#15696),#15711,.T.);
#15696=FACE_BOUND('',#15697,.T.);
#15697=EDGE_LOOP('',(#15698,#15699,#15706));
#15698=ORIENTED_EDGE('',*,*,#15281,.F.);
#15699=ORIENTED_EDGE('',*,*,#15700,.T.);
#15700=EDGE_CURVE('',#15263,#15701,#15703,.T.);
#15701=VERTEX_POINT('',#15702);
#15702=CARTESIAN_POINT('',(5.803318500519,-7.260761737823,-1.772452735901));
#15703=LINE('',#15264,#15704);
#15704=VECTOR('',#15705,1.);
#15705=DIRECTION('',(0.793353968003,0.608760610958,0.));
#15706=ORIENTED_EDGE('',*,*,#15707,.T.);
#15707=EDGE_CURVE('',#15701,#14699,#15708,.T.);
#15708=LINE('',#15702,#15709);
#15709=VECTOR('',#15710,1.);
#15710=DIRECTION('',(-4.783079118412E-02,0.998855452713,0.));
#15711=PLANE('',#15712);
#15712=AXIS2_PLACEMENT_3D('',#15713,#13,#14);
#15713=CARTESIAN_POINT('',(5.625459911355,-4.408874763384,-1.772452735901));
#15714=ADVANCED_FACE('',(#15715),#15726,.T.);
#15715=FACE_BOUND('',#15716,.T.);
#15716=EDGE_LOOP('',(#15717,#15722,#15725));
#15717=ORIENTED_EDGE('',*,*,#15718,.T.);
#15718=EDGE_CURVE('',#14780,#15719,#15721,.T.);
#15719=VERTEX_POINT('',#15720);
#15720=CARTESIAN_POINT('',(2.672683477402,-3.974695205688,-1.772452735901));
#15721=LINE('',#14781,#15411);
#15722=ORIENTED_EDGE('',*,*,#15723,.T.);
#15723=EDGE_CURVE('',#15719,#15293,#15724,.T.);
#15724=LINE('',#15720,#82);
#15725=ORIENTED_EDGE('',*,*,#15298,.F.);
#15726=PLANE('',#15727);
#15727=AXIS2_PLACEMENT_3D('',#15728,#12613,#12612);
#15728=CARTESIAN_POINT('',(2.765631629579,-3.903373584043,-1.469557167265));
#15729=ADVANCED_FACE('',(#15730),#15739,.T.);
#15730=FACE_BOUND('',#15731,.T.);
#15731=EDGE_LOOP('',(#15732,#15733,#15738));
#15732=ORIENTED_EDGE('',*,*,#15292,.F.);
#15733=ORIENTED_EDGE('',*,*,#15734,.T.);
#15734=EDGE_CURVE('',#15293,#15329,#15735,.T.);
#15735=LINE('',#15294,#15736);
#15736=VECTOR('',#15737,1.);
#15737=DIRECTION('',(0.528498246439,-0.528498642431,0.664363446059));
#15738=ORIENTED_EDGE('',*,*,#15336,.F.);
#15739=PLANE('',#15740);
#15740=AXIS2_PLACEMENT_3D('',#15741,#15742,#15743);
#15741=CARTESIAN_POINT('',(2.891185323083,-4.024088601144,-0.868063723535));
#15742=DIRECTION('',(-0.406377242031,0.529601162486,0.7445670862));
#15743=DIRECTION('',(7.502332088904E-14,0.814887485057,-0.579619173853));
#15744=ADVANCED_FACE('',(#15745),#15754,.T.);
#15745=FACE_BOUND('',#15746,.T.);
#15746=EDGE_LOOP('',(#15747,#15752,#15753));
#15747=ORIENTED_EDGE('',*,*,#15748,.T.);
#15748=EDGE_CURVE('',#15350,#15310,#15749,.T.);
#15749=LINE('',#15351,#15750);
#15750=VECTOR('',#15751,1.);
#15751=DIRECTION('',(-0.608761671469,-0.793353154245,0.));
#15752=ORIENTED_EDGE('',*,*,#15317,.F.);
#15753=ORIENTED_EDGE('',*,*,#15356,.F.);
#15754=PLANE('',#15755);
#15755=AXIS2_PLACEMENT_3D('',#15756,#13,#14);
#15756=CARTESIAN_POINT('',(3.288962980128,-2.749502153209,-1.772452735901));
#15757=ADVANCED_FACE('',(#15758),#15773,.T.);
#15758=FACE_BOUND('',#15759,.T.);
#15759=EDGE_LOOP('',(#15760,#15767,#15772));
#15760=ORIENTED_EDGE('',*,*,#15761,.T.);
#15761=EDGE_CURVE('',#15310,#15762,#15764,.T.);
#15762=VERTEX_POINT('',#15763);
#15763=CARTESIAN_POINT('',(2.822988271713,-2.479469537735,-1.772452735901));
#15764=LINE('',#15311,#15765);
#15765=VECTOR('',#15766,1.);
#15766=DIRECTION('',(-0.793353154245,-0.608761671469,0.));
#15767=ORIENTED_EDGE('',*,*,#15768,.T.);
#15768=EDGE_CURVE('',#15762,#14780,#15769,.T.);
#15769=LINE('',#15763,#15770);
#15770=VECTOR('',#15771,1.);
#15771=DIRECTION('',(0.11777115644,-0.993040761858,0.));
#15772=ORIENTED_EDGE('',*,*,#15309,.F.);
#15773=PLANE('',#15774);
#15774=AXIS2_PLACEMENT_3D('',#15775,#13,#14);
#15775=CARTESIAN_POINT('',(2.981801886303,-2.962514274924,-1.772452735901));
#15776=ADVANCED_FACE('',(#15777),#15790,.T.);
#15777=FACE_BOUND('',#15778,.T.);
#15778=EDGE_LOOP('',(#15779,#15780,#15785));
#15779=ORIENTED_EDGE('',*,*,#15328,.F.);
#15780=ORIENTED_EDGE('',*,*,#15781,.T.);
#15781=EDGE_CURVE('',#15329,#15782,#15784,.T.);
#15782=VERTEX_POINT('',#15783);
#15783=CARTESIAN_POINT('',(2.990881443024,-5.707106590271,-0.622453117371));
#15784=LINE('',#15330,#345);
#15785=ORIENTED_EDGE('',*,*,#15786,.T.);
#15786=EDGE_CURVE('',#15782,#14798,#15787,.T.);
#15787=LINE('',#15783,#15788);
#15788=VECTOR('',#15789,1.);
#15789=DIRECTION('',(0.130526233625,0.991444855923,0.));
#15790=PLANE('',#15791);
#15791=AXIS2_PLACEMENT_3D('',#15792,#13,#14);
#15792=CARTESIAN_POINT('',(3.04953974773,-4.898400770081,-0.622453117371));
#15793=ADVANCED_FACE('',(#15794),#15807,.T.);
#15794=FACE_BOUND('',#15795,.T.);
#15795=EDGE_LOOP('',(#15796,#15801,#15802));
#15796=ORIENTED_EDGE('',*,*,#15797,.T.);
#15797=EDGE_CURVE('',#15798,#15350,#15800,.T.);
#15798=VERTEX_POINT('',#15799);
#15799=CARTESIAN_POINT('',(3.372026443481,-1.930431365967,-3.622453117371));
#15800=LINE('',#15799,#82);
#15801=ORIENTED_EDGE('',*,*,#15349,.F.);
#15802=ORIENTED_EDGE('',*,*,#15803,.T.);
#15803=EDGE_CURVE('',#14818,#15798,#15804,.T.);
#15804=LINE('',#14819,#15805);
#15805=VECTOR('',#15806,1.);
#15806=DIRECTION('',(-7.924461565722E-02,-0.191313414012,-0.978324827707));
#15807=PLANE('',#15808);
#15808=AXIS2_PLACEMENT_3D('',#15809,#15810,#15354);
#15809=CARTESIAN_POINT('',(3.413410403554,-1.830521654485,-2.609805177149));
#15810=DIRECTION('',(-0.923879524129,0.382683452602,0.));
#15811=ADVANCED_FACE('',(#15812),#15819,.T.);
#15812=FACE_BOUND('',#15813,.T.);
#15813=EDGE_LOOP('',(#15814,#15815,#15818));
#15814=ORIENTED_EDGE('',*,*,#15368,.F.);
#15815=ORIENTED_EDGE('',*,*,#15816,.T.);
#15816=EDGE_CURVE('',#14853,#15798,#15817,.T.);
#15817=LINE('',#14854,#15353);
#15818=ORIENTED_EDGE('',*,*,#15803,.F.);
#15819=PLANE('',#15820);
#15820=AXIS2_PLACEMENT_3D('',#15821,#15810,#15354);
#15821=CARTESIAN_POINT('',(3.480493090327,-1.66856973231,-2.785100676123));
#15822=ADVANCED_FACE('',(#15823),#15830,.T.);
#15823=FACE_BOUND('',#15824,.T.);
#15824=EDGE_LOOP('',(#15825,#15828,#15829));
#15825=ORIENTED_EDGE('',*,*,#15826,.T.);
#15826=EDGE_CURVE('',#14798,#15562,#15827,.T.);
#15827=LINE('',#14799,#345);
#15828=ORIENTED_EDGE('',*,*,#15561,.F.);
#15829=ORIENTED_EDGE('',*,*,#15379,.F.);
#15830=PLANE('',#15831);
#15831=AXIS2_PLACEMENT_3D('',#15832,#13,#14);
#15832=CARTESIAN_POINT('',(3.223143091232,-5.003691946145,-0.622453117371));
#15833=ADVANCED_FACE('',(#15834),#15845,.T.);
#15834=FACE_BOUND('',#15835,.T.);
#15835=EDGE_LOOP('',(#15836,#15841,#15844));
#15836=ORIENTED_EDGE('',*,*,#15837,.T.);
#15837=EDGE_CURVE('',#14884,#15838,#15840,.T.);
#15838=VERTEX_POINT('',#15839);
#15839=CARTESIAN_POINT('',(5.172988414764,1.25573682785,-1.072452926636));
#15840=LINE('',#14885,#13747);
#15841=ORIENTED_EDGE('',*,*,#15842,.T.);
#15842=EDGE_CURVE('',#15838,#15408,#15843,.T.);
#15843=LINE('',#15839,#54);
#15844=ORIENTED_EDGE('',*,*,#15414,.F.);
#15845=PLANE('',#15846);
#15846=AXIS2_PLACEMENT_3D('',#15847,#12613,#12612);
#15847=CARTESIAN_POINT('',(5.078913330272,1.183550480675,-1.351768866971));
#15848=ADVANCED_FACE('',(#15849),#15864,.T.);
#15849=FACE_BOUND('',#15850,.T.);
#15850=EDGE_LOOP('',(#15851,#15852,#15859));
#15851=ORIENTED_EDGE('',*,*,#15427,.F.);
#15852=ORIENTED_EDGE('',*,*,#15853,.T.);
#15853=EDGE_CURVE('',#15408,#15854,#15856,.T.);
#15854=VERTEX_POINT('',#15855);
#15855=CARTESIAN_POINT('',(5.522700786591,1.400592446327,-1.772452735901));
#15856=LINE('',#15409,#15857);
#15857=VECTOR('',#15858,1.);
#15858=DIRECTION('',(0.923879522109,0.382683457478,0.));
#15859=ORIENTED_EDGE('',*,*,#15860,.T.);
#15860=EDGE_CURVE('',#15854,#14913,#15861,.T.);
#15861=LINE('',#15855,#15862);
#15862=VECTOR('',#15863,1.);
#15863=DIRECTION('',(-0.570516581032,0.821286083389,0.));
#15864=PLANE('',#15865);
#15865=AXIS2_PLACEMENT_3D('',#15866,#13,#14);
#15866=CARTESIAN_POINT('',(5.229822111556,1.629095955791,-1.772452735901));
#15867=ADVANCED_FACE('',(#15868),#15881,.T.);
#15868=FACE_BOUND('',#15869,.T.);
#15869=EDGE_LOOP('',(#15870,#15875,#15880));
#15870=ORIENTED_EDGE('',*,*,#15871,.T.);
#15871=EDGE_CURVE('',#14954,#15872,#15874,.T.);
#15872=VERTEX_POINT('',#15873);
#15873=CARTESIAN_POINT('',(2.857988357544,-4.400000095367,-3.622453117371));
#15874=LINE('',#14955,#228);
#15875=ORIENTED_EDGE('',*,*,#15876,.T.);
#15876=EDGE_CURVE('',#15872,#14853,#15877,.T.);
#15877=LINE('',#15873,#15878);
#15878=VECTOR('',#15879,1.);
#15879=DIRECTION('',(0.228286945634,0.97359389401,0.));
#15880=ORIENTED_EDGE('',*,*,#15438,.F.);
#15881=PLANE('',#15882);
#15882=AXIS2_PLACEMENT_3D('',#15883,#55,#199);
#15883=CARTESIAN_POINT('',(3.63493711302,-3.29742075186,-3.622453117371));
#15884=ADVANCED_FACE('',(#15885),#15898,.T.);
#15885=FACE_BOUND('',#15886,.T.);
#15886=EDGE_LOOP('',(#15887,#15888,#15893));
#15887=ORIENTED_EDGE('',*,*,#15459,.F.);
#15888=ORIENTED_EDGE('',*,*,#15889,.T.);
#15889=EDGE_CURVE('',#14426,#15890,#15892,.T.);
#15890=VERTEX_POINT('',#15891);
#15891=CARTESIAN_POINT('',(5.057988166809,0.600000023842,-3.622453117371));
#15892=LINE('',#14427,#345);
#15893=ORIENTED_EDGE('',*,*,#15894,.T.);
#15894=EDGE_CURVE('',#15890,#15232,#15895,.T.);
#15895=LINE('',#15891,#15896);
#15896=VECTOR('',#15897,1.);
#15897=DIRECTION('',(-6.422015563456E-02,-0.997935755252,0.));
#15898=PLANE('',#15899);
#15899=AXIS2_PLACEMENT_3D('',#15900,#55,#199);
#15900=CARTESIAN_POINT('',(4.817960503541,-2.706073436912,-3.622453117371));
#15901=ADVANCED_FACE('',(#15902),#15907,.F.);
#15902=FACE_BOUND('',#15903,.F.);
#15903=EDGE_LOOP('',(#15455,#15904));
#15904=ORIENTED_EDGE('',*,*,#15905,.F.);
#15905=EDGE_CURVE('',#15452,#14954,#15906,.T.);
#15906=LINE('',#15453,#189);
#15907=PLANE('',#15908);
#15908=AXIS2_PLACEMENT_3D('',#15909,#55,#199);
#15909=CARTESIAN_POINT('',(4.537988185883,-5.940215826035,-3.622453117371));
#15910=ADVANCED_FACE('',(#15911),#15920,.T.);
#15911=FACE_BOUND('',#15912,.T.);
#15912=EDGE_LOOP('',(#15913,#15914,#15915));
#15913=ORIENTED_EDGE('',*,*,#15837,.F.);
#15914=ORIENTED_EDGE('',*,*,#15471,.F.);
#15915=ORIENTED_EDGE('',*,*,#15916,.T.);
#15916=EDGE_CURVE('',#15022,#15838,#15917,.T.);
#15917=LINE('',#15023,#15918);
#15918=VECTOR('',#15919,1.);
#15919=DIRECTION('',(-2.52089798362E-02,0.772936964582,-0.633981826331));
#15920=PLANE('',#15921);
#15921=AXIS2_PLACEMENT_3D('',#15922,#15923,#15924);
#15922=CARTESIAN_POINT('',(5.091613480825,0.973826426547,-0.89683393925));
#15923=DIRECTION('',(-0.432304435416,0.563390140648,0.704062798719));
#15924=DIRECTION('',(-1.955657857877E-13,0.780793121533,-0.624789645694));
#15925=ADVANCED_FACE('',(#15926),#15935,.T.);
#15926=FACE_BOUND('',#15927,.T.);
#15927=EDGE_LOOP('',(#15928,#15933,#15934));
#15928=ORIENTED_EDGE('',*,*,#15929,.T.);
#15929=EDGE_CURVE('',#15619,#15486,#15930,.T.);
#15930=LINE('',#15620,#15931);
#15931=VECTOR('',#15932,1.);
#15932=DIRECTION('',(-6.805344011426E-02,0.997681677334,0.));
#15933=ORIENTED_EDGE('',*,*,#15493,.F.);
#15934=ORIENTED_EDGE('',*,*,#15618,.F.);
#15935=PLANE('',#15936);
#15936=AXIS2_PLACEMENT_3D('',#15937,#13,#14);
#15937=CARTESIAN_POINT('',(5.42314307832,-3.691932122261E-03,-0.622453117371));
#15938=ADVANCED_FACE('',(#15939),#15948,.T.);
#15939=FACE_BOUND('',#15940,.T.);
#15940=EDGE_LOOP('',(#15941,#15942,#15947));
#15941=ORIENTED_EDGE('',*,*,#15485,.F.);
#15942=ORIENTED_EDGE('',*,*,#15943,.T.);
#15943=EDGE_CURVE('',#15486,#15838,#15944,.T.);
#15944=LINE('',#15487,#15945);
#15945=VECTOR('',#15946,1.);
#15946=DIRECTION('',(-0.353553331708,0.612372605684,-0.707106663415));
#15947=ORIENTED_EDGE('',*,*,#15916,.F.);
#15948=PLANE('',#15949);
#15949=AXIS2_PLACEMENT_3D('',#15950,#15951,#15952);
#15950=CARTESIAN_POINT('',(5.241209867047,0.98123518227,-0.810908102278));
#15951=DIRECTION('',(-0.432304766561,0.563390033439,0.70406268118));
#15952=DIRECTION('',(1.398881011028E-13,0.78079312865,-0.6247896368));
#15953=ADVANCED_FACE('',(#15954),#15967,.T.);
#15954=FACE_BOUND('',#15955,.T.);
#15955=EDGE_LOOP('',(#15956,#15963,#15966));
#15956=ORIENTED_EDGE('',*,*,#15957,.T.);
#15957=EDGE_CURVE('',#15153,#15958,#15960,.T.);
#15958=VERTEX_POINT('',#15959);
#15959=CARTESIAN_POINT('',(3.322700738907,-6.400592327118,-1.022452735901));
#15960=LINE('',#15154,#15961);
#15961=VECTOR('',#15962,1.);
#15962=DIRECTION('',(-0.193443619863,-0.721942309622,-0.664363505554));
#15963=ORIENTED_EDGE('',*,*,#15964,.T.);
#15964=EDGE_CURVE('',#15958,#14594,#15965,.T.);
#15965=LINE('',#15959,#15521);
#15966=ORIENTED_EDGE('',*,*,#15504,.F.);
#15967=PLANE('',#15968);
#15968=AXIS2_PLACEMENT_3D('',#15969,#15970,#15971);
#15969=CARTESIAN_POINT('',(3.487232140494,-6.248565466875,-0.868063715098));
#15970=DIRECTION('',(-8.713235875286E-02,-0.661836760807,0.744567024587));
#15971=DIRECTION('',(6.346312364514E-14,0.747409614951,0.664363505528));
#15972=ADVANCED_FACE('',(#15973),#15980,.T.);
#15973=FACE_BOUND('',#15974,.T.);
#15974=EDGE_LOOP('',(#15975,#15976,#15979));
#15975=ORIENTED_EDGE('',*,*,#15964,.F.);
#15976=ORIENTED_EDGE('',*,*,#15977,.T.);
#15977=EDGE_CURVE('',#15958,#15518,#15978,.T.);
#15978=LINE('',#15959,#54);
#15979=ORIENTED_EDGE('',*,*,#15524,.F.);
#15980=PLANE('',#15981);
#15981=AXIS2_PLACEMENT_3D('',#15982,#15531,#15532);
#15982=CARTESIAN_POINT('',(3.438856956997,-6.415884565122,-1.325348325815));
#15983=ADVANCED_FACE('',(#15984),#15997,.T.);
#15984=FACE_BOUND('',#15985,.T.);
#15985=EDGE_LOOP('',(#15986,#15993,#15996));
#15986=ORIENTED_EDGE('',*,*,#15987,.T.);
#15987=EDGE_CURVE('',#15518,#15988,#15990,.T.);
#15988=VERTEX_POINT('',#15989);
#15989=CARTESIAN_POINT('',(2.857988357544,-7.480431556702,-1.772452735901));
#15990=LINE('',#15519,#15991);
#15991=VECTOR('',#15992,1.);
#15992=DIRECTION('',(-0.395301620208,-0.918551375297,0.));
#15993=ORIENTED_EDGE('',*,*,#15994,.T.);
#15994=EDGE_CURVE('',#15988,#15107,#15995,.T.);
#15995=LINE('',#15989,#34);
#15996=ORIENTED_EDGE('',*,*,#15538,.F.);
#15997=PLANE('',#15998);
#15998=AXIS2_PLACEMENT_3D('',#15999,#13,#14);
#15999=CARTESIAN_POINT('',(3.292245791412,-7.084090126512,-1.772452735901));
#16000=ADVANCED_FACE('',(#16001),#16010,.T.);
#16001=FACE_BOUND('',#16002,.T.);
#16002=EDGE_LOOP('',(#16003,#16004,#16005));
#16003=ORIENTED_EDGE('',*,*,#15957,.F.);
#16004=ORIENTED_EDGE('',*,*,#15568,.F.);
#16005=ORIENTED_EDGE('',*,*,#16006,.T.);
#16006=EDGE_CURVE('',#15562,#15958,#16007,.T.);
#16007=LINE('',#15563,#16008);
#16008=VECTOR('',#16009,1.);
#16009=DIRECTION('',(0.183616308135,-0.78705200075,-0.588926310758));
#16010=PLANE('',#16011);
#16011=AXIS2_PLACEMENT_3D('',#16012,#16013,#16014);
#16012=CARTESIAN_POINT('',(3.317275916462,-6.116022472673,-0.788601354863));
#16013=DIRECTION('',(-0.255459114299,-0.616733801413,0.744567027954));
#16014=DIRECTION('',(1.739025590197E-13,0.770119707988,0.637899392827));
#16015=ADVANCED_FACE('',(#16016),#16031,.T.);
#16016=FACE_BOUND('',#16017,.T.);
#16017=EDGE_LOOP('',(#16018,#16025,#16026));
#16018=ORIENTED_EDGE('',*,*,#16019,.T.);
#16019=EDGE_CURVE('',#16020,#15190,#16022,.T.);
#16020=VERTEX_POINT('',#16021);
#16021=CARTESIAN_POINT('',(6.273275852203,-1.400592446327,-1.072452926636));
#16022=LINE('',#16021,#16023);
#16023=VECTOR('',#16024,1.);
#16024=DIRECTION('',(-0.991444840742,-0.130526348936,0.));
#16025=ORIENTED_EDGE('',*,*,#15587,.F.);
#16026=ORIENTED_EDGE('',*,*,#16027,.T.);
#16027=EDGE_CURVE('',#15581,#16020,#16028,.T.);
#16028=LINE('',#15582,#16029);
#16029=VECTOR('',#16030,1.);
#16030=DIRECTION('',(0.471591219534,6.20862377275E-02,0.879628910816));
#16031=PLANE('',#16032);
#16032=AXIS2_PLACEMENT_3D('',#16033,#16034,#16024);
#16033=CARTESIAN_POINT('',(6.015552852184,-1.434522364409,-1.351768885237));
#16034=DIRECTION('',(0.130526348936,-0.991444840742,0.));
#16035=ADVANCED_FACE('',(#16036),#16045,.T.);
#16036=FACE_BOUND('',#16037,.T.);
#16037=EDGE_LOOP('',(#16038,#16039,#16040));
#16038=ORIENTED_EDGE('',*,*,#15580,.F.);
#16039=ORIENTED_EDGE('',*,*,#15707,.F.);
#16040=ORIENTED_EDGE('',*,*,#16041,.T.);
#16041=EDGE_CURVE('',#15701,#15581,#16042,.T.);
#16042=LINE('',#15702,#16043);
#16043=VECTOR('',#16044,1.);
#16044=DIRECTION('',(1.628999124732E-02,0.999867309289,0.));
#16045=PLANE('',#16046);
#16046=AXIS2_PLACEMENT_3D('',#16047,#13,#14);
#16047=CARTESIAN_POINT('',(5.754941354873,-4.251370512936,-1.772452735901));
#16048=ADVANCED_FACE('',(#16049),#16064,.T.);
#16049=FACE_BOUND('',#16050,.T.);
#16050=EDGE_LOOP('',(#16051,#16058,#16059));
#16051=ORIENTED_EDGE('',*,*,#16052,.T.);
#16052=EDGE_CURVE('',#16053,#15599,#16055,.T.);
#16053=VERTEX_POINT('',#16054);
#16054=CARTESIAN_POINT('',(6.156807422638,-0.965925812721,-0.622453117371));
#16055=LINE('',#16054,#16056);
#16056=VECTOR('',#16057,1.);
#16057=DIRECTION('',(-0.991444858442,-0.130526214488,0.));
#16058=ORIENTED_EDGE('',*,*,#15598,.F.);
#16059=ORIENTED_EDGE('',*,*,#16060,.T.);
#16060=EDGE_CURVE('',#15190,#16053,#16061,.T.);
#16061=LINE('',#15191,#16062);
#16062=VECTOR('',#16063,1.);
#16063=DIRECTION('',(0.364637031351,0.681987495436,0.633981775319));
#16064=PLANE('',#16065);
#16065=AXIS2_PLACEMENT_3D('',#16066,#16067,#16068);
#16066=CARTESIAN_POINT('',(5.976157654708,-1.17816387249,-0.810908080028));
#16067=DIRECTION('',(9.269159032857E-02,-0.704062406259,0.704062779285));
#16068=DIRECTION('',(1.68684510804E-14,0.707106968506,0.707106593867));
#16069=ADVANCED_FACE('',(#16070),#16079,.T.);
#16070=FACE_BOUND('',#16071,.T.);
#16071=EDGE_LOOP('',(#16072,#16073,#16074));
#16072=ORIENTED_EDGE('',*,*,#15626,.F.);
#16073=ORIENTED_EDGE('',*,*,#15637,.F.);
#16074=ORIENTED_EDGE('',*,*,#16075,.T.);
#16075=EDGE_CURVE('',#15599,#15619,#16076,.T.);
#16076=LINE('',#15600,#16077);
#16077=VECTOR('',#16078,1.);
#16078=DIRECTION('',(-0.707106886554,0.707106675819,0.));
#16079=PLANE('',#16080);
#16080=AXIS2_PLACEMENT_3D('',#16081,#13,#14);
#16081=CARTESIAN_POINT('',(5.671466577555,-0.83370158649,-0.622453117371));
#16082=ADVANCED_FACE('',(#16083),#16092,.T.);
#16083=FACE_BOUND('',#16084,.T.);
#16084=EDGE_LOOP('',(#16085,#16086,#16091));
#16085=ORIENTED_EDGE('',*,*,#15652,.F.);
#16086=ORIENTED_EDGE('',*,*,#16087,.T.);
#16087=EDGE_CURVE('',#15232,#15665,#16088,.T.);
#16088=LINE('',#15233,#16089);
#16089=VECTOR('',#16090,1.);
#16090=DIRECTION('',(7.536173194324E-02,0.997156261254,0.));
#16091=ORIENTED_EDGE('',*,*,#15664,.F.);
#16092=PLANE('',#16093);
#16093=AXIS2_PLACEMENT_3D('',#16094,#55,#199);
#16094=CARTESIAN_POINT('',(4.977672309732,-4.214372846787,-3.622453117371));
#16095=ADVANCED_FACE('',(#16096),#16105,.T.);
#16096=FACE_BOUND('',#16097,.T.);
#16097=EDGE_LOOP('',(#16098,#16099,#16100));
#16098=ORIENTED_EDGE('',*,*,#15682,.F.);
#16099=ORIENTED_EDGE('',*,*,#15671,.F.);
#16100=ORIENTED_EDGE('',*,*,#16101,.T.);
#16101=EDGE_CURVE('',#15665,#15683,#16102,.T.);
#16102=LINE('',#15666,#16103);
#16103=VECTOR('',#16104,1.);
#16104=DIRECTION('',(8.669367298215E-02,-0.99623501598,0.));
#16105=PLANE('',#16106);
#16106=AXIS2_PLACEMENT_3D('',#16107,#55,#199);
#16107=CARTESIAN_POINT('',(5.311092540164,-4.056912539735,-3.622453117371));
#16108=ADVANCED_FACE('',(#16109),#16118,.T.);
#16109=FACE_BOUND('',#16110,.T.);
#16110=EDGE_LOOP('',(#16111,#16112,#16113));
#16111=ORIENTED_EDGE('',*,*,#15700,.F.);
#16112=ORIENTED_EDGE('',*,*,#15689,.F.);
#16113=ORIENTED_EDGE('',*,*,#16114,.T.);
#16114=EDGE_CURVE('',#15683,#15701,#16115,.T.);
#16115=LINE('',#15684,#16116);
#16116=VECTOR('',#16117,1.);
#16117=DIRECTION('',(8.349595019157E-02,6.406855918181E-02,0.994446401786));
#16118=PLANE('',#16119);
#16119=AXIS2_PLACEMENT_3D('',#16120,#16121,#16122);
#16120=CARTESIAN_POINT('',(5.68887000595,-7.348580968944,-2.651088497275));
#16121=DIRECTION('',(0.608760610958,-0.793353968003,0.));
#16122=DIRECTION('',(-0.793353968003,-0.608760610958,0.));
#16123=ADVANCED_FACE('',(#16124),#16138,.T.);
#16124=FACE_BOUND('',#16125,.T.);
#16125=EDGE_LOOP('',(#16126,#16127,#16133));
#16126=ORIENTED_EDGE('',*,*,#15723,.F.);
#16127=ORIENTED_EDGE('',*,*,#16128,.T.);
#16128=EDGE_CURVE('',#15719,#16129,#16131,.T.);
#16129=VERTEX_POINT('',#16130);
#16130=CARTESIAN_POINT('',(2.442251443863,-4.275000095367,-1.772452735901));
#16131=LINE('',#15720,#16132);
#16132=VECTOR('',#13665,1.);
#16133=ORIENTED_EDGE('',*,*,#16134,.T.);
#16134=EDGE_CURVE('',#16129,#15293,#16135,.T.);
#16135=LINE('',#16130,#16136);
#16136=VECTOR('',#16137,1.);
#16137=DIRECTION('',(0.274288487166,0.357459736017,0.892742047254));
#16138=PLANE('',#16139);
#16139=AXIS2_PLACEMENT_3D('',#16140,#12651,#13665);
#16140=CARTESIAN_POINT('',(2.601361855757,-4.067643357866,-1.469557167265));
#16141=ADVANCED_FACE('',(#16142),#16151,.T.);
#16142=FACE_BOUND('',#16143,.T.);
#16143=EDGE_LOOP('',(#16144,#16149,#16150));
#16144=ORIENTED_EDGE('',*,*,#16145,.T.);
#16145=EDGE_CURVE('',#15762,#15719,#16146,.T.);
#16146=LINE('',#15763,#16147);
#16147=VECTOR('',#16148,1.);
#16148=DIRECTION('',(-0.100019078756,-0.994985519435,0.));
#16149=ORIENTED_EDGE('',*,*,#15718,.F.);
#16150=ORIENTED_EDGE('',*,*,#15768,.F.);
#16151=PLANE('',#16152);
#16152=AXIS2_PLACEMENT_3D('',#16153,#13,#14);
#16153=CARTESIAN_POINT('',(2.81745111652,-3.256443562028,-1.772452735901));
#16154=ADVANCED_FACE('',(#16155),#16170,.T.);
#16155=FACE_BOUND('',#16156,.T.);
#16156=EDGE_LOOP('',(#16157,#16164,#16165));
#16157=ORIENTED_EDGE('',*,*,#16158,.T.);
#16158=EDGE_CURVE('',#16159,#15329,#16161,.T.);
#16159=VERTEX_POINT('',#16160);
#16160=CARTESIAN_POINT('',(2.831962823868,-4.5,-0.622453117371));
#16161=LINE('',#16160,#16162);
#16162=VECTOR('',#16163,1.);
#16163=DIRECTION('',(0.608761773915,0.793353075635,0.));
#16164=ORIENTED_EDGE('',*,*,#15734,.F.);
#16165=ORIENTED_EDGE('',*,*,#16166,.T.);
#16166=EDGE_CURVE('',#15293,#16159,#16167,.T.);
#16167=LINE('',#15294,#16168);
#16168=VECTOR('',#16169,1.);
#16169=DIRECTION('',(0.234509695697,-0.773415199115,0.588926253789));
#16170=PLANE('',#16171);
#16171=AXIS2_PLACEMENT_3D('',#16172,#16173,#16174);
#16172=CARTESIAN_POINT('',(2.810270396986,-4.223852373245,-0.788601360954));
#16173=DIRECTION('',(-0.529600985909,0.406377495154,0.744567073645));
#16174=DIRECTION('',(0.814887571719,3.134437154273E-13,0.579619052014));
#16175=ADVANCED_FACE('',(#16176),#16189,.T.);
#16176=FACE_BOUND('',#16177,.T.);
#16177=EDGE_LOOP('',(#16178,#16183,#16184));
#16178=ORIENTED_EDGE('',*,*,#16179,.T.);
#16179=EDGE_CURVE('',#16180,#15310,#16182,.T.);
#16180=VERTEX_POINT('',#16181);
#16181=CARTESIAN_POINT('',(3.133648395538,-2.241091489792,-3.622453117371));
#16182=LINE('',#16181,#82);
#16183=ORIENTED_EDGE('',*,*,#15748,.F.);
#16184=ORIENTED_EDGE('',*,*,#16185,.T.);
#16185=EDGE_CURVE('',#15350,#16180,#16186,.T.);
#16186=LINE('',#15351,#16187);
#16187=VECTOR('',#16188,1.);
#16188=DIRECTION('',(-0.126060060256,-0.16428456507,-0.978324814613));
#16189=PLANE('',#16190);
#16190=AXIS2_PLACEMENT_3D('',#16191,#16192,#15751);
#16191=CARTESIAN_POINT('',(3.199480814282,-2.155297065619,-2.60980515292));
#16192=DIRECTION('',(-0.793353154245,0.608761671469,0.));
#16193=ADVANCED_FACE('',(#16194),#16203,.T.);
#16194=FACE_BOUND('',#16195,.T.);
#16195=EDGE_LOOP('',(#16196,#16197,#16198));
#16196=ORIENTED_EDGE('',*,*,#15761,.F.);
#16197=ORIENTED_EDGE('',*,*,#16179,.F.);
#16198=ORIENTED_EDGE('',*,*,#16199,.T.);
#16199=EDGE_CURVE('',#16180,#15762,#16200,.T.);
#16200=LINE('',#16181,#16201);
#16201=VECTOR('',#16202,1.);
#16202=DIRECTION('',(-0.16428456507,-0.126060060256,0.978324814613));
#16203=PLANE('',#16204);
#16204=AXIS2_PLACEMENT_3D('',#16205,#16206,#16207);
#16205=CARTESIAN_POINT('',(3.047853971365,-2.306923908536,-2.60980515292));
#16206=DIRECTION('',(-0.608761671469,0.793353154245,0.));
#16207=DIRECTION('',(0.793353154245,0.608761671469,0.));
#16208=ADVANCED_FACE('',(#16209),#16218,.T.);
#16209=FACE_BOUND('',#16210,.T.);
#16210=EDGE_LOOP('',(#16211,#16212,#16217));
#16211=ORIENTED_EDGE('',*,*,#16158,.F.);
#16212=ORIENTED_EDGE('',*,*,#16213,.T.);
#16213=EDGE_CURVE('',#16159,#15782,#16214,.T.);
#16214=LINE('',#16160,#16215);
#16215=VECTOR('',#16216,1.);
#16216=DIRECTION('',(0.130526209733,-0.991444859068,0.));
#16217=ORIENTED_EDGE('',*,*,#15781,.F.);
#16218=PLANE('',#16219);
#16219=AXIS2_PLACEMENT_3D('',#16220,#13,#14);
#16220=CARTESIAN_POINT('',(2.950267842093,-4.989117609351,-0.622453117371));
#16221=ADVANCED_FACE('',(#16222),#16231,.T.);
#16222=FACE_BOUND('',#16223,.T.);
#16223=EDGE_LOOP('',(#16224,#16225,#16230));
#16224=ORIENTED_EDGE('',*,*,#15786,.F.);
#16225=ORIENTED_EDGE('',*,*,#16226,.T.);
#16226=EDGE_CURVE('',#15782,#15562,#16227,.T.);
#16227=LINE('',#15783,#16228);
#16228=VECTOR('',#16229,1.);
#16229=DIRECTION('',(0.793352973006,-0.608761907664,0.));
#16230=ORIENTED_EDGE('',*,*,#15826,.F.);
#16231=PLANE('',#16232);
#16232=AXIS2_PLACEMENT_3D('',#16233,#13,#14);
#16233=CARTESIAN_POINT('',(3.144538014789,-5.022139801132,-0.622453117371));
#16234=ADVANCED_FACE('',(#16235),#16242,.T.);
#16235=FACE_BOUND('',#16236,.T.);
#16236=EDGE_LOOP('',(#16237,#16238,#16241));
#16237=ORIENTED_EDGE('',*,*,#15797,.F.);
#16238=ORIENTED_EDGE('',*,*,#16239,.T.);
#16239=EDGE_CURVE('',#15798,#16180,#16240,.T.);
#16240=LINE('',#15799,#15750);
#16241=ORIENTED_EDGE('',*,*,#16185,.F.);
#16242=PLANE('',#16243);
#16243=AXIS2_PLACEMENT_3D('',#16244,#16192,#15751);
#16244=CARTESIAN_POINT('',(3.306194024737,-2.01622579014,-2.785100700351));
#16245=ADVANCED_FACE('',(#16246),#16255,.T.);
#16246=FACE_BOUND('',#16247,.T.);
#16247=EDGE_LOOP('',(#16248,#16253,#16254));
#16248=ORIENTED_EDGE('',*,*,#16249,.T.);
#16249=EDGE_CURVE('',#15872,#15798,#16250,.T.);
#16250=LINE('',#15873,#16251);
#16251=VECTOR('',#16252,1.);
#16252=DIRECTION('',(0.203781225753,0.979016451359,0.));
#16253=ORIENTED_EDGE('',*,*,#15816,.F.);
#16254=ORIENTED_EDGE('',*,*,#15876,.F.);
#16255=PLANE('',#16256);
#16256=AXIS2_PLACEMENT_3D('',#16257,#55,#199);
#16257=CARTESIAN_POINT('',(3.174757037265,-2.979652980313,-3.622453117371));
#16258=ADVANCED_FACE('',(#16259),#16268,.T.);
#16259=FACE_BOUND('',#16260,.T.);
#16260=EDGE_LOOP('',(#16261,#16262,#16263));
#16261=ORIENTED_EDGE('',*,*,#15853,.F.);
#16262=ORIENTED_EDGE('',*,*,#15842,.F.);
#16263=ORIENTED_EDGE('',*,*,#16264,.T.);
#16264=EDGE_CURVE('',#15838,#15854,#16265,.T.);
#16265=LINE('',#15839,#16266);
#16266=VECTOR('',#16267,1.);
#16267=DIRECTION('',(0.439453120625,0.182027456585,-0.879628876187));
#16268=PLANE('',#16269);
#16269=AXIS2_PLACEMENT_3D('',#16270,#9493,#15858);
#16270=CARTESIAN_POINT('',(5.282541142421,1.301115056929,-1.493136785933));
#16271=ADVANCED_FACE('',(#16272),#16287,.T.);
#16272=FACE_BOUND('',#16273,.T.);
#16273=EDGE_LOOP('',(#16274,#16275,#16282));
#16274=ORIENTED_EDGE('',*,*,#15860,.F.);
#16275=ORIENTED_EDGE('',*,*,#16276,.T.);
#16276=EDGE_CURVE('',#15854,#16277,#16279,.T.);
#16277=VERTEX_POINT('',#16278);
#16278=CARTESIAN_POINT('',(5.897988319397,1.450000047684,-1.772452735901));
#16279=LINE('',#15855,#16280);
#16280=VECTOR('',#16281,1.);
#16281=DIRECTION('',(0.991444840742,0.130526348936,0.));
#16282=ORIENTED_EDGE('',*,*,#16283,.T.);
#16283=EDGE_CURVE('',#16277,#14913,#16284,.T.);
#16284=LINE('',#16278,#16285);
#16285=VECTOR('',#16286,1.);
#16286=DIRECTION('',(-0.804771570496,0.593584635348,0.));
#16287=PLANE('',#16288);
#16288=AXIS2_PLACEMENT_3D('',#16289,#13,#14);
#16289=CARTESIAN_POINT('',(5.448977859821,1.694185410787,-1.772452735901));
#16290=ADVANCED_FACE('',(#16291),#16304,.T.);
#16291=FACE_BOUND('',#16292,.T.);
#16292=EDGE_LOOP('',(#16293,#16298,#16299));
#16293=ORIENTED_EDGE('',*,*,#16294,.T.);
#16294=EDGE_CURVE('',#16295,#15872,#16297,.T.);
#16295=VERTEX_POINT('',#16296);
#16296=CARTESIAN_POINT('',(2.857988357544,-5.599999904633,-3.622453117371));
#16297=LINE('',#16296,#189);
#16298=ORIENTED_EDGE('',*,*,#15871,.F.);
#16299=ORIENTED_EDGE('',*,*,#16300,.T.);
#16300=EDGE_CURVE('',#14954,#16295,#16301,.T.);
#16301=LINE('',#14955,#16302);
#16302=VECTOR('',#16303,1.);
#16303=DIRECTION('',(-0.813733486812,-0.581238171871,0.));
#16304=PLANE('',#16305);
#16305=AXIS2_PLACEMENT_3D('',#16306,#55,#199);
#16306=CARTESIAN_POINT('',(3.494127815698,-4.796139543984,-3.622453117371));
#16307=ADVANCED_FACE('',(#16308),#16321,.T.);
#16308=FACE_BOUND('',#16309,.T.);
#16309=EDGE_LOOP('',(#16310,#16311,#16316));
#16310=ORIENTED_EDGE('',*,*,#15889,.F.);
#16311=ORIENTED_EDGE('',*,*,#16312,.T.);
#16312=EDGE_CURVE('',#14426,#16313,#16315,.T.);
#16313=VERTEX_POINT('',#16314);
#16314=CARTESIAN_POINT('',(5.897988319397,2.069568634033,-3.622453117371));
#16315=LINE('',#14427,#34);
#16316=ORIENTED_EDGE('',*,*,#16317,.T.);
#16317=EDGE_CURVE('',#16313,#15890,#16318,.T.);
#16318=LINE('',#16314,#16319);
#16319=VECTOR('',#16320,1.);
#16320=DIRECTION('',(-0.496248785228,-0.868180363265,0.));
#16321=PLANE('',#16322);
#16322=AXIS2_PLACEMENT_3D('',#16323,#55,#199);
#16323=CARTESIAN_POINT('',(5.323770968696,1.489001603344,-3.622453117371));
#16324=ADVANCED_FACE('',(#16325),#16332,.T.);
#16325=FACE_BOUND('',#16326,.T.);
#16326=EDGE_LOOP('',(#16327,#16328,#16331));
#16327=ORIENTED_EDGE('',*,*,#15894,.F.);
#16328=ORIENTED_EDGE('',*,*,#16329,.T.);
#16329=EDGE_CURVE('',#15890,#15665,#16330,.T.);
#16330=LINE('',#15891,#345);
#16331=ORIENTED_EDGE('',*,*,#16087,.F.);
#16332=PLANE('',#16333);
#16333=AXIS2_PLACEMENT_3D('',#16334,#55,#199);
#16334=CARTESIAN_POINT('',(4.817250765474,-3.440942630976,-3.622453117371));
#16335=ADVANCED_FACE('',(#16336),#16342,.T.);
#16336=FACE_BOUND('',#16337,.T.);
#16337=EDGE_LOOP('',(#15904,#16338,#16341));
#16338=ORIENTED_EDGE('',*,*,#16339,.T.);
#16339=EDGE_CURVE('',#15452,#16295,#16340,.T.);
#16340=LINE('',#15453,#228);
#16341=ORIENTED_EDGE('',*,*,#16300,.F.);
#16342=PLANE('',#16343);
#16343=AXIS2_PLACEMENT_3D('',#16344,#55,#199);
#16344=CARTESIAN_POINT('',(3.901848727729,-5.203860456016,-3.622453117371));
#16345=ADVANCED_FACE('',(#16346),#16359,.T.);
#16346=FACE_BOUND('',#16347,.T.);
#16347=EDGE_LOOP('',(#16348,#16349,#16354));
#16348=ORIENTED_EDGE('',*,*,#15451,.F.);
#16349=ORIENTED_EDGE('',*,*,#16350,.T.);
#16350=EDGE_CURVE('',#15232,#16351,#16353,.T.);
#16351=VERTEX_POINT('',#16352);
#16352=CARTESIAN_POINT('',(3.697988271713,-7.480431556702,-3.622453117371));
#16353=LINE('',#15233,#228);
#16354=ORIENTED_EDGE('',*,*,#16355,.T.);
#16355=EDGE_CURVE('',#16351,#15452,#16356,.T.);
#16356=LINE('',#16352,#16357);
#16357=VECTOR('',#16358,1.);
#16358=DIRECTION('',(0.407861964066,0.913043601515,0.));
#16359=PLANE('',#16360);
#16360=AXIS2_PLACEMENT_3D('',#16361,#55,#199);
#16361=CARTESIAN_POINT('',(4.283216094653,-6.705443596522,-3.622453117371));
#16362=ADVANCED_FACE('',(#16363),#16376,.T.);
#16363=FACE_BOUND('',#16364,.T.);
#16364=EDGE_LOOP('',(#16365,#16366,#16371));
#16365=ORIENTED_EDGE('',*,*,#15929,.F.);
#16366=ORIENTED_EDGE('',*,*,#16367,.T.);
#16367=EDGE_CURVE('',#15619,#16368,#16370,.T.);
#16368=VERTEX_POINT('',#16369);
#16369=CARTESIAN_POINT('',(5.49798822403,0.600000023842,-0.622453117371));
#16370=LINE('',#15620,#189);
#16371=ORIENTED_EDGE('',*,*,#16372,.T.);
#16372=EDGE_CURVE('',#16368,#15486,#16373,.T.);
#16373=LINE('',#16369,#16374);
#16374=VECTOR('',#16375,1.);
#16375=DIRECTION('',(-0.351864906786,0.936050793158,0.));
#16376=PLANE('',#16377);
#16377=AXIS2_PLACEMENT_3D('',#16378,#13,#14);
#16378=CARTESIAN_POINT('',(5.46830222737,0.136704614322,-0.622453117371));
#16379=ADVANCED_FACE('',(#16380),#16395,.T.);
#16380=FACE_BOUND('',#16381,.T.);
#16381=EDGE_LOOP('',(#16382,#16389,#16390));
#16382=ORIENTED_EDGE('',*,*,#16383,.T.);
#16383=EDGE_CURVE('',#16384,#15838,#16386,.T.);
#16384=VERTEX_POINT('',#16385);
#16385=CARTESIAN_POINT('',(5.522700786591,1.400592446327,-1.072452926636));
#16386=LINE('',#16385,#16387);
#16387=VECTOR('',#16388,1.);
#16388=DIRECTION('',(-0.923879522109,-0.382683457478,0.));
#16389=ORIENTED_EDGE('',*,*,#15943,.F.);
#16390=ORIENTED_EDGE('',*,*,#16391,.T.);
#16391=EDGE_CURVE('',#15486,#16384,#16392,.T.);
#16392=LINE('',#15487,#16393);
#16393=VECTOR('',#16394,1.);
#16394=DIRECTION('',(0.175701042472,0.753124298562,-0.633981809352));
#16395=PLANE('',#16396);
#16396=AXIS2_PLACEMENT_3D('',#16397,#16398,#16399);
#16397=CARTESIAN_POINT('',(5.371134816449,1.149349297283,-0.896833933856));
#16398=DIRECTION('',(-0.271757985965,0.656081764959,0.704062720752));
#16399=DIRECTION('',(7.438494264989E-15,0.731595873883,-0.681738569628));
#16400=ADVANCED_FACE('',(#16401),#16415,.T.);
#16401=FACE_BOUND('',#16402,.T.);
#16402=EDGE_LOOP('',(#16403,#16409,#16410));
#16403=ORIENTED_EDGE('',*,*,#16404,.T.);
#16404=EDGE_CURVE('',#16405,#15518,#16407,.T.);
#16405=VERTEX_POINT('',#16406);
#16406=CARTESIAN_POINT('',(2.972988367081,-6.25573682785,-1.772452735901));
#16407=LINE('',#16406,#16408);
#16408=VECTOR('',#14221,1.);
#16409=ORIENTED_EDGE('',*,*,#15977,.F.);
#16410=ORIENTED_EDGE('',*,*,#16411,.T.);
#16411=EDGE_CURVE('',#15958,#16405,#16412,.T.);
#16412=LINE('',#15959,#16413);
#16413=VECTOR('',#16414,1.);
#16414=DIRECTION('',(-0.416270611623,0.172424804311,-0.892742104282));
#16415=PLANE('',#16416);
#16416=AXIS2_PLACEMENT_3D('',#16417,#16418,#16419);
#16417=CARTESIAN_POINT('',(3.214460353498,-6.355757724935,-1.469557150905));
#16418=DIRECTION('',(-0.382683188668,-0.923879633454,0.));
#16419=DIRECTION('',(-0.923879633454,0.382683188668,0.));
#16420=ADVANCED_FACE('',(#16421),#16430,.T.);
#16421=FACE_BOUND('',#16422,.T.);
#16422=EDGE_LOOP('',(#16423,#16424,#16429));
#16423=ORIENTED_EDGE('',*,*,#16404,.F.);
#16424=ORIENTED_EDGE('',*,*,#16425,.T.);
#16425=EDGE_CURVE('',#16405,#15988,#16426,.T.);
#16426=LINE('',#16406,#16427);
#16427=VECTOR('',#16428,1.);
#16428=DIRECTION('',(-9.34896960292E-02,-0.995620247251,0.));
#16429=ORIENTED_EDGE('',*,*,#15987,.F.);
#16430=PLANE('',#16431);
#16431=AXIS2_PLACEMENT_3D('',#16432,#13,#14);
#16432=CARTESIAN_POINT('',(3.020909013854,-6.825260984155,-1.772452735901));
#16433=ADVANCED_FACE('',(#16434),#16447,.T.);
#16434=FACE_BOUND('',#16435,.T.);
#16435=EDGE_LOOP('',(#16436,#16443,#16446));
#16436=ORIENTED_EDGE('',*,*,#16437,.T.);
#16437=EDGE_CURVE('',#15562,#16438,#16440,.T.);
#16438=VERTEX_POINT('',#16439);
#16439=CARTESIAN_POINT('',(2.972988367081,-6.25573682785,-1.022452735901));
#16440=LINE('',#15563,#16441);
#16441=VECTOR('',#16442,1.);
#16442=DIRECTION('',(-0.37370470114,-0.647275717888,-0.664363561146));
#16443=ORIENTED_EDGE('',*,*,#16444,.T.);
#16444=EDGE_CURVE('',#16438,#15958,#16445,.T.);
#16445=LINE('',#16439,#16408);
#16446=ORIENTED_EDGE('',*,*,#16006,.F.);
#16447=PLANE('',#16448);
#16448=AXIS2_PLACEMENT_3D('',#16449,#16450,#16451);
#16449=CARTESIAN_POINT('',(3.171260970955,-6.151474055663,-0.86806372244));
#16450=DIRECTION('',(-0.255459313137,-0.616733798536,0.744566962116));
#16451=DIRECTION('',(9.515999099818E-14,0.77011968174,0.637899424515));
#16452=ADVANCED_FACE('',(#16453),#16464,.T.);
#16453=FACE_BOUND('',#16454,.T.);
#16454=EDGE_LOOP('',(#16455,#16460,#16463));
#16455=ORIENTED_EDGE('',*,*,#16456,.T.);
#16456=EDGE_CURVE('',#15581,#16457,#16459,.T.);
#16457=VERTEX_POINT('',#16458);
#16458=CARTESIAN_POINT('',(6.273275852203,-1.400592446327,-1.772452735901));
#16459=LINE('',#15582,#16280);
#16460=ORIENTED_EDGE('',*,*,#16461,.T.);
#16461=EDGE_CURVE('',#16457,#16020,#16462,.T.);
#16462=LINE('',#16458,#82);
#16463=ORIENTED_EDGE('',*,*,#16027,.F.);
#16464=PLANE('',#16465);
#16465=AXIS2_PLACEMENT_3D('',#16466,#16034,#16024);
#16466=CARTESIAN_POINT('',(6.155711319416,-1.416070129602,-1.4931367773));
#16467=ADVANCED_FACE('',(#16468),#16477,.T.);
#16468=FACE_BOUND('',#16469,.T.);
#16469=EDGE_LOOP('',(#16470,#16471,#16476));
#16470=ORIENTED_EDGE('',*,*,#16019,.F.);
#16471=ORIENTED_EDGE('',*,*,#16472,.T.);
#16472=EDGE_CURVE('',#16020,#16053,#16473,.T.);
#16473=LINE('',#16021,#16474);
#16474=VECTOR('',#16475,1.);
#16475=DIRECTION('',(-0.183012524634,0.683012884155,0.707106651012));
#16476=ORIENTED_EDGE('',*,*,#16060,.F.);
#16477=PLANE('',#16478);
#16478=AXIS2_PLACEMENT_3D('',#16479,#16480,#16481);
#16479=CARTESIAN_POINT('',(6.109416285098,-1.246545913932,-0.896833925739));
#16480=DIRECTION('',(9.26916902715E-02,-0.704062427613,0.704062744773));
#16481=DIRECTION('',(-4.192479696741E-14,0.707106940452,0.707106621921));
#16482=ADVANCED_FACE('',(#16483),#16498,.T.);
#16483=FACE_BOUND('',#16484,.T.);
#16484=EDGE_LOOP('',(#16485,#16486,#16493));
#16485=ORIENTED_EDGE('',*,*,#16041,.F.);
#16486=ORIENTED_EDGE('',*,*,#16487,.T.);
#16487=EDGE_CURVE('',#15701,#16488,#16490,.T.);
#16488=VERTEX_POINT('',#16489);
#16489=CARTESIAN_POINT('',(5.922507286072,-7.105431556702,-1.772452735901));
#16490=LINE('',#15702,#16491);
#16491=VECTOR('',#16492,1.);
#16492=DIRECTION('',(0.608760610958,0.793353968003,0.));
#16493=ORIENTED_EDGE('',*,*,#16494,.T.);
#16494=EDGE_CURVE('',#16488,#15581,#16495,.T.);
#16495=LINE('',#16489,#16496);
#16496=VECTOR('',#16497,1.);
#16497=DIRECTION('',(-4.335431559167E-03,0.999990601972,0.));
#16498=PLANE('',#16499);
#16499=AXIS2_PLACEMENT_3D('',#16500,#13,#14);
#16500=CARTESIAN_POINT('',(5.879757506151,-4.365190077702,-1.772452735901));
#16501=ADVANCED_FACE('',(#16502),#16511,.T.);
#16502=FACE_BOUND('',#16503,.T.);
#16503=EDGE_LOOP('',(#16504,#16505,#16506));
#16504=ORIENTED_EDGE('',*,*,#16075,.F.);
#16505=ORIENTED_EDGE('',*,*,#16052,.F.);
#16506=ORIENTED_EDGE('',*,*,#16507,.T.);
#16507=EDGE_CURVE('',#16053,#15619,#16508,.T.);
#16508=LINE('',#16054,#16509);
#16509=VECTOR('',#16510,1.);
#16510=DIRECTION('',(-0.874205084646,0.485556865855,0.));
#16511=PLANE('',#16512);
#16512=AXIS2_PLACEMENT_3D('',#16513,#13,#14);
#16513=CARTESIAN_POINT('',(5.814113116952,-0.822098412319,-0.622453117371));
#16514=ADVANCED_FACE('',(#16515),#16529,.T.);
#16515=FACE_BOUND('',#16516,.T.);
#16516=EDGE_LOOP('',(#16517,#16523,#16524));
#16517=ORIENTED_EDGE('',*,*,#16518,.T.);
#16518=EDGE_CURVE('',#16519,#15683,#16521,.T.);
#16519=VERTEX_POINT('',#16520);
#16520=CARTESIAN_POINT('',(5.803318500519,-7.260761737823,-3.622453117371));
#16521=LINE('',#16520,#16522);
#16522=VECTOR('',#16122,1.);
#16523=ORIENTED_EDGE('',*,*,#16101,.F.);
#16524=ORIENTED_EDGE('',*,*,#16525,.T.);
#16525=EDGE_CURVE('',#15665,#16519,#16526,.T.);
#16526=LINE('',#15666,#16527);
#16527=VECTOR('',#16528,1.);
#16528=DIRECTION('',(0.11120461556,-0.993797531431,0.));
#16529=PLANE('',#16530);
#16530=AXIS2_PLACEMENT_3D('',#16531,#55,#199);
#16531=CARTESIAN_POINT('',(5.396297810156,-4.008410544279,-3.622453117371));
#16532=ADVANCED_FACE('',(#16533),#16540,.T.);
#16533=FACE_BOUND('',#16534,.T.);
#16534=EDGE_LOOP('',(#16535,#16536,#16539));
#16535=ORIENTED_EDGE('',*,*,#16518,.F.);
#16536=ORIENTED_EDGE('',*,*,#16537,.T.);
#16537=EDGE_CURVE('',#16519,#15701,#16538,.T.);
#16538=LINE('',#16520,#82);
#16539=ORIENTED_EDGE('',*,*,#16114,.F.);
#16540=PLANE('',#16541);
#16541=AXIS2_PLACEMENT_3D('',#16542,#16121,#16122);
#16542=CARTESIAN_POINT('',(5.762436813965,-7.292131292256,-2.743817355996));
#16543=ADVANCED_FACE('',(#16544),#16559,.T.);
#16544=FACE_BOUND('',#16545,.T.);
#16545=EDGE_LOOP('',(#16546,#16553,#16554));
#16546=ORIENTED_EDGE('',*,*,#16547,.T.);
#16547=EDGE_CURVE('',#16548,#16129,#16550,.T.);
#16548=VERTEX_POINT('',#16549);
#16549=CARTESIAN_POINT('',(2.461216926575,-2.629320144653,-1.772452735901));
#16550=LINE('',#16549,#16551);
#16551=VECTOR('',#16552,1.);
#16552=DIRECTION('',(-1.152364006619E-02,-0.999933600655,0.));
#16553=ORIENTED_EDGE('',*,*,#16128,.F.);
#16554=ORIENTED_EDGE('',*,*,#16555,.T.);
#16555=EDGE_CURVE('',#15719,#16548,#16556,.T.);
#16556=LINE('',#15720,#16557);
#16557=VECTOR('',#16558,1.);
#16558=DIRECTION('',(-0.155273999395,0.987871441591,0.));
#16559=PLANE('',#16560);
#16560=AXIS2_PLACEMENT_3D('',#16561,#13,#14);
#16561=CARTESIAN_POINT('',(2.509892059773,-3.466966709171,-1.772452735901));
#16562=ADVANCED_FACE('',(#16563),#16574,.T.);
#16563=FACE_BOUND('',#16564,.T.);
#16564=EDGE_LOOP('',(#16565,#16570,#16573));
#16565=ORIENTED_EDGE('',*,*,#16566,.T.);
#16566=EDGE_CURVE('',#16129,#16567,#16569,.T.);
#16567=VERTEX_POINT('',#16568);
#16568=CARTESIAN_POINT('',(2.442251443863,-4.275000095367,-1.022452735901));
#16569=LINE('',#16130,#82);
#16570=ORIENTED_EDGE('',*,*,#16571,.T.);
#16571=EDGE_CURVE('',#16567,#15293,#16572,.T.);
#16572=LINE('',#16568,#13780);
#16573=ORIENTED_EDGE('',*,*,#16134,.F.);
#16574=PLANE('',#16575);
#16575=AXIS2_PLACEMENT_3D('',#16576,#12651,#13665);
#16576=CARTESIAN_POINT('',(2.513573065508,-4.18205194319,-1.325348304537));
#16577=ADVANCED_FACE('',(#16578),#16587,.T.);
#16578=FACE_BOUND('',#16579,.T.);
#16579=EDGE_LOOP('',(#16580,#16585,#16586));
#16580=ORIENTED_EDGE('',*,*,#16581,.T.);
#16581=EDGE_CURVE('',#15762,#16548,#16582,.T.);
#16582=LINE('',#15763,#16583);
#16583=VECTOR('',#16584,1.);
#16584=DIRECTION('',(-0.923879524129,-0.382683452602,0.));
#16585=ORIENTED_EDGE('',*,*,#16555,.F.);
#16586=ORIENTED_EDGE('',*,*,#16145,.F.);
#16587=PLANE('',#16588);
#16588=AXIS2_PLACEMENT_3D('',#16589,#13,#14);
#16589=CARTESIAN_POINT('',(2.65946694681,-3.177525184058,-1.772452735901));
#16590=ADVANCED_FACE('',(#16591),#16600,.T.);
#16591=FACE_BOUND('',#16592,.T.);
#16592=EDGE_LOOP('',(#16593,#16594,#16599));
#16593=ORIENTED_EDGE('',*,*,#16571,.F.);
#16594=ORIENTED_EDGE('',*,*,#16595,.T.);
#16595=EDGE_CURVE('',#16567,#16159,#16596,.T.);
#16596=LINE('',#16568,#16597);
#16597=VECTOR('',#16598,1.);
#16598=DIRECTION('',(0.647275717888,-0.37370470114,0.664363561146));
#16599=ORIENTED_EDGE('',*,*,#16166,.F.);
#16600=PLANE('',#16601);
#16601=AXIS2_PLACEMENT_3D('',#16602,#16603,#16604);
#16602=CARTESIAN_POINT('',(2.666091954575,-4.266157902134,-0.868063731713));
#16603=DIRECTION('',(-0.529601270791,0.406377325136,0.744566963806));
#16604=DIRECTION('',(0.814887384067,-1.152411499561E-13,0.579619315834));
#16605=ADVANCED_FACE('',(#16606),#16617,.T.);
#16606=FACE_BOUND('',#16607,.T.);
#16607=EDGE_LOOP('',(#16608,#16613,#16616));
#16608=ORIENTED_EDGE('',*,*,#16609,.T.);
#16609=EDGE_CURVE('',#16180,#16610,#16612,.T.);
#16610=VERTEX_POINT('',#16611);
#16611=CARTESIAN_POINT('',(2.822988271713,-2.479469537735,-3.622453117371));
#16612=LINE('',#16181,#15765);
#16613=ORIENTED_EDGE('',*,*,#16614,.T.);
#16614=EDGE_CURVE('',#16610,#15762,#16615,.T.);
#16615=LINE('',#16611,#82);
#16616=ORIENTED_EDGE('',*,*,#16199,.F.);
#16617=PLANE('',#16618);
#16618=AXIS2_PLACEMENT_3D('',#16619,#16206,#16207);
#16619=CARTESIAN_POINT('',(2.908782695886,-2.413637118991,-2.785100700351));
#16620=ADVANCED_FACE('',(#16621),#16634,.T.);
#16621=FACE_BOUND('',#16622,.T.);
#16622=EDGE_LOOP('',(#16623,#16628,#16633));
#16623=ORIENTED_EDGE('',*,*,#16624,.T.);
#16624=EDGE_CURVE('',#16159,#16625,#16627,.T.);
#16625=VERTEX_POINT('',#16626);
#16626=CARTESIAN_POINT('',(2.831962823868,-5.5,-0.622453117371));
#16627=LINE('',#16160,#345);
#16628=ORIENTED_EDGE('',*,*,#16629,.T.);
#16629=EDGE_CURVE('',#16625,#15782,#16630,.T.);
#16630=LINE('',#16626,#16631);
#16631=VECTOR('',#16632,1.);
#16632=DIRECTION('',(0.608761773915,-0.793353075635,0.));
#16633=ORIENTED_EDGE('',*,*,#16213,.F.);
#16634=PLANE('',#16635);
#16635=AXIS2_PLACEMENT_3D('',#16636,#13,#14);
#16636=CARTESIAN_POINT('',(2.879363667266,-5.114435685784,-0.622453117371));
#16637=ADVANCED_FACE('',(#16638),#16647,.T.);
#16638=FACE_BOUND('',#16639,.T.);
#16639=EDGE_LOOP('',(#16640,#16641,#16642));
#16640=ORIENTED_EDGE('',*,*,#16437,.F.);
#16641=ORIENTED_EDGE('',*,*,#16226,.F.);
#16642=ORIENTED_EDGE('',*,*,#16643,.T.);
#16643=EDGE_CURVE('',#15782,#16438,#16644,.T.);
#16644=LINE('',#15783,#16645);
#16645=VECTOR('',#16646,1.);
#16646=DIRECTION('',(-2.634427308498E-02,-0.807757416752,-0.588926086158));
#16647=PLANE('',#16648);
#16648=AXIS2_PLACEMENT_3D('',#16649,#16650,#16651);
#16649=CARTESIAN_POINT('',(3.041400492221,-5.979459298471,-0.788601326897));
#16650=DIRECTION('',(-0.406377677717,-0.529601038963,0.744566936268));
#16651=DIRECTION('',(1.169619956443E-13,0.814887493782,0.579619161587));
#16652=ADVANCED_FACE('',(#16653),#16662,.T.);
#16653=FACE_BOUND('',#16654,.T.);
#16654=EDGE_LOOP('',(#16655,#16660,#16661));
#16655=ORIENTED_EDGE('',*,*,#16656,.T.);
#16656=EDGE_CURVE('',#15872,#16180,#16657,.T.);
#16657=LINE('',#15873,#16658);
#16658=VECTOR('',#16659,1.);
#16659=DIRECTION('',(0.126656609334,0.991946623217,0.));
#16660=ORIENTED_EDGE('',*,*,#16239,.F.);
#16661=ORIENTED_EDGE('',*,*,#16249,.F.);
#16662=PLANE('',#16663);
#16663=AXIS2_PLACEMENT_3D('',#16664,#55,#199);
#16664=CARTESIAN_POINT('',(3.074650767924,-3.148591628804,-3.622453117371));
#16665=ADVANCED_FACE('',(#16666),#16673,.T.);
#16666=FACE_BOUND('',#16667,.T.);
#16667=EDGE_LOOP('',(#16668,#16669,#16672));
#16668=ORIENTED_EDGE('',*,*,#16383,.F.);
#16669=ORIENTED_EDGE('',*,*,#16670,.T.);
#16670=EDGE_CURVE('',#16384,#15854,#16671,.T.);
#16671=LINE('',#16385,#54);
#16672=ORIENTED_EDGE('',*,*,#16264,.F.);
#16673=PLANE('',#16674);
#16674=AXIS2_PLACEMENT_3D('',#16675,#9493,#15858);
#16675=CARTESIAN_POINT('',(5.413148058934,1.355214217248,-1.351768876604));
#16676=ADVANCED_FACE('',(#16677),#16686,.T.);
#16677=FACE_BOUND('',#16678,.T.);
#16678=EDGE_LOOP('',(#16679,#16680,#16681));
#16679=ORIENTED_EDGE('',*,*,#16276,.F.);
#16680=ORIENTED_EDGE('',*,*,#16670,.F.);
#16681=ORIENTED_EDGE('',*,*,#16682,.T.);
#16682=EDGE_CURVE('',#16384,#16277,#16683,.T.);
#16683=LINE('',#16385,#16684);
#16684=VECTOR('',#16685,1.);
#16685=DIRECTION('',(0.471591219534,6.20862377275E-02,-0.879628910816));
#16686=PLANE('',#16687);
#16687=AXIS2_PLACEMENT_3D('',#16688,#16689,#16281);
#16688=CARTESIAN_POINT('',(5.640265319378,1.416070129602,-1.4931367773));
#16689=DIRECTION('',(-0.130526348936,0.991444840742,0.));
#16690=ADVANCED_FACE('',(#16691),#16702,.T.);
#16691=FACE_BOUND('',#16692,.T.);
#16692=EDGE_LOOP('',(#16693,#16698,#16699));
#16693=ORIENTED_EDGE('',*,*,#16694,.T.);
#16694=EDGE_CURVE('',#16695,#14913,#16697,.T.);
#16695=VERTEX_POINT('',#16696);
#16696=CARTESIAN_POINT('',(5.897988319397,2.069568634033,-1.772452735901));
#16697=LINE('',#16696,#228);
#16698=ORIENTED_EDGE('',*,*,#16283,.F.);
#16699=ORIENTED_EDGE('',*,*,#16700,.T.);
#16700=EDGE_CURVE('',#16277,#16695,#16701,.T.);
#16701=LINE('',#16278,#189);
#16702=PLANE('',#16703);
#16703=AXIS2_PLACEMENT_3D('',#16704,#13,#14);
#16704=CARTESIAN_POINT('',(5.581936768983,1.863732866739,-1.772452735901));
#16705=ADVANCED_FACE('',(#16706),#16721,.T.);
#16706=FACE_BOUND('',#16707,.T.);
#16707=EDGE_LOOP('',(#16708,#16715,#16716));
#16708=ORIENTED_EDGE('',*,*,#16709,.T.);
#16709=EDGE_CURVE('',#16710,#15872,#16712,.T.);
#16710=VERTEX_POINT('',#16711);
#16711=CARTESIAN_POINT('',(2.115488290787,-7.480431556702,-3.622453117371));
#16712=LINE('',#16711,#16713);
#16713=VECTOR('',#16714,1.);
#16714=DIRECTION('',(0.234326691568,0.972157909816,0.));
#16715=ORIENTED_EDGE('',*,*,#16294,.F.);
#16716=ORIENTED_EDGE('',*,*,#16717,.T.);
#16717=EDGE_CURVE('',#16295,#16710,#16718,.T.);
#16718=LINE('',#16296,#16719);
#16719=VECTOR('',#16720,1.);
#16720=DIRECTION('',(-0.367262570575,-0.930117306717,0.));
#16721=PLANE('',#16722);
#16722=AXIS2_PLACEMENT_3D('',#16723,#55,#199);
#16723=CARTESIAN_POINT('',(2.556452617519,-5.953481056336,-3.622453117371));
#16724=ADVANCED_FACE('',(#16725),#16738,.T.);
#16725=FACE_BOUND('',#16726,.T.);
#16726=EDGE_LOOP('',(#16727,#16728,#16733));
#16727=ORIENTED_EDGE('',*,*,#16317,.F.);
#16728=ORIENTED_EDGE('',*,*,#16729,.T.);
#16729=EDGE_CURVE('',#16313,#16730,#16732,.T.);
#16730=VERTEX_POINT('',#16731);
#16731=CARTESIAN_POINT('',(6.737988471985,2.069568634033,-3.622453117371));
#16732=LINE('',#16314,#34);
#16733=ORIENTED_EDGE('',*,*,#16734,.T.);
#16734=EDGE_CURVE('',#16730,#15890,#16735,.T.);
#16735=LINE('',#16731,#16736);
#16736=VECTOR('',#16737,1.);
#16737=DIRECTION('',(-0.752672526318,-0.658395069943,0.));
#16738=PLANE('',#16739);
#16739=AXIS2_PLACEMENT_3D('',#16740,#55,#199);
#16740=CARTESIAN_POINT('',(5.822825065413,1.464322996506,-3.622453117371));
#16741=ADVANCED_FACE('',(#16742),#16755,.T.);
#16742=FACE_BOUND('',#16743,.T.);
#16743=EDGE_LOOP('',(#16744,#16745,#16750));
#16744=ORIENTED_EDGE('',*,*,#16329,.F.);
#16745=ORIENTED_EDGE('',*,*,#16746,.T.);
#16746=EDGE_CURVE('',#15890,#16747,#16749,.T.);
#16747=VERTEX_POINT('',#16748);
#16748=CARTESIAN_POINT('',(6.737988471985,0.600000023842,-3.622453117371));
#16749=LINE('',#15891,#34);
#16750=ORIENTED_EDGE('',*,*,#16751,.T.);
#16751=EDGE_CURVE('',#16747,#15665,#16752,.T.);
#16752=LINE('',#16748,#16753);
#16753=VECTOR('',#16754,1.);
#16754=DIRECTION('',(-0.813733510221,-0.581238139099,0.));
#16755=PLANE('',#16756);
#16756=AXIS2_PLACEMENT_3D('',#16757,#55,#199);
#16757=CARTESIAN_POINT('',(5.694127816216,0.20386050318,-3.622453117371));
#16758=ADVANCED_FACE('',(#16759),#16768,.T.);
#16759=FACE_BOUND('',#16760,.T.);
#16760=EDGE_LOOP('',(#16761,#16766,#16767));
#16761=ORIENTED_EDGE('',*,*,#16762,.T.);
#16762=EDGE_CURVE('',#16351,#16295,#16763,.T.);
#16763=LINE('',#16352,#16764);
#16764=VECTOR('',#16765,1.);
#16765=DIRECTION('',(-0.407861964066,0.913043601515,0.));
#16766=ORIENTED_EDGE('',*,*,#16339,.F.);
#16767=ORIENTED_EDGE('',*,*,#16355,.F.);
#16768=PLANE('',#16769);
#16769=AXIS2_PLACEMENT_3D('',#16770,#55,#199);
#16770=CARTESIAN_POINT('',(3.697988271713,-6.267832298739,-3.622453117371));
#16771=ADVANCED_FACE('',(#16772),#16787,.T.);
#16772=FACE_BOUND('',#16773,.T.);
#16773=EDGE_LOOP('',(#16774,#16775,#16782));
#16774=ORIENTED_EDGE('',*,*,#16367,.F.);
#16775=ORIENTED_EDGE('',*,*,#16776,.T.);
#16776=EDGE_CURVE('',#15619,#16777,#16779,.T.);
#16777=VERTEX_POINT('',#16778);
#16778=CARTESIAN_POINT('',(5.697988510132,-0.40000000596,-0.822452926636));
#16779=LINE('',#15620,#16780);
#16780=VECTOR('',#16781,1.);
#16781=DIRECTION('',(0.577350986122,0.577350211835,-0.577349609612));
#16782=ORIENTED_EDGE('',*,*,#16783,.T.);
#16783=EDGE_CURVE('',#16777,#16368,#16784,.T.);
#16784=LINE('',#16778,#16785);
#16785=VECTOR('',#16786,1.);
#16786=DIRECTION('',(-0.192450356323,0.96225043378,0.192449897486));
#16787=PLANE('',#16788);
#16788=AXIS2_PLACEMENT_3D('',#16789,#16790,#16791);
#16789=CARTESIAN_POINT('',(5.551578140206,-2.679492681174E-02,-0.676042905779));
#16790=DIRECTION('',(0.707105938249,0.,0.707107624123));
#16791=DIRECTION('',(0.707107624123,0.,-0.707105938249));
#16792=ADVANCED_FACE('',(#16793),#16808,.T.);
#16793=FACE_BOUND('',#16794,.T.);
#16794=EDGE_LOOP('',(#16795,#16802,#16803));
#16795=ORIENTED_EDGE('',*,*,#16796,.T.);
#16796=EDGE_CURVE('',#16797,#15486,#16799,.T.);
#16797=VERTEX_POINT('',#16798);
#16798=CARTESIAN_POINT('',(5.639169216156,0.965925812721,-0.622453117371));
#16799=LINE('',#16798,#16800);
#16800=VECTOR('',#16801,1.);
#16801=DIRECTION('',(-0.923879497221,-0.382683517564,0.));
#16802=ORIENTED_EDGE('',*,*,#16372,.F.);
#16803=ORIENTED_EDGE('',*,*,#16804,.T.);
#16804=EDGE_CURVE('',#16368,#16797,#16805,.T.);
#16805=LINE('',#16369,#16806);
#16806=VECTOR('',#16807,1.);
#16807=DIRECTION('',(0.359956821512,0.932968963389,0.));
#16808=PLANE('',#16809);
#16809=AXIS2_PLACEMENT_3D('',#16810,#13,#14);
#16810=CARTESIAN_POINT('',(5.51809769136,0.804859584456,-0.622453117371));
#16811=ADVANCED_FACE('',(#16812),#16821,.T.);
#16812=FACE_BOUND('',#16813,.T.);
#16813=EDGE_LOOP('',(#16814,#16815,#16820));
#16814=ORIENTED_EDGE('',*,*,#16796,.F.);
#16815=ORIENTED_EDGE('',*,*,#16816,.T.);
#16816=EDGE_CURVE('',#16797,#16384,#16817,.T.);
#16817=LINE('',#16798,#16818);
#16818=VECTOR('',#16819,1.);
#16819=DIRECTION('',(-0.183012524634,0.683012884155,-0.707106651012));
#16820=ORIENTED_EDGE('',*,*,#16391,.F.);
#16821=PLANE('',#16822);
#16822=AXIS2_PLACEMENT_3D('',#16823,#16824,#16825);
#16823=CARTESIAN_POINT('',(5.517551329826,1.117787190944,-0.810908091168));
#16824=DIRECTION('',(-0.271758034915,0.656081762446,0.7040627042));
#16825=DIRECTION('',(1.552924455694E-13,0.731595867191,-0.681738576808));
#16826=ADVANCED_FACE('',(#16827),#16834,.T.);
#16827=FACE_BOUND('',#16828,.T.);
#16828=EDGE_LOOP('',(#16829,#16830,#16833));
#16829=ORIENTED_EDGE('',*,*,#16444,.F.);
#16830=ORIENTED_EDGE('',*,*,#16831,.T.);
#16831=EDGE_CURVE('',#16438,#16405,#16832,.T.);
#16832=LINE('',#16439,#54);
#16833=ORIENTED_EDGE('',*,*,#16411,.F.);
#16834=PLANE('',#16835);
#16835=AXIS2_PLACEMENT_3D('',#16836,#16418,#16419);
#16836=CARTESIAN_POINT('',(3.08122875249,-6.300571430033,-1.325348320897));
#16837=ADVANCED_FACE('',(#16838),#16851,.T.);
#16838=FACE_BOUND('',#16839,.T.);
#16839=EDGE_LOOP('',(#16840,#16845,#16850));
#16840=ORIENTED_EDGE('',*,*,#16841,.T.);
#16841=EDGE_CURVE('',#16405,#16842,#16844,.T.);
#16842=VERTEX_POINT('',#16843);
#16843=CARTESIAN_POINT('',(2.672683477402,-6.025304794312,-1.772452735901));
#16844=LINE('',#16406,#12650);
#16845=ORIENTED_EDGE('',*,*,#16846,.T.);
#16846=EDGE_CURVE('',#16842,#15988,#16847,.T.);
#16847=LINE('',#16843,#16848);
#16848=VECTOR('',#16849,1.);
#16849=DIRECTION('',(0.126326012706,-0.991988779429,0.));
#16850=ORIENTED_EDGE('',*,*,#16425,.F.);
#16851=PLANE('',#16852);
#16852=AXIS2_PLACEMENT_3D('',#16853,#13,#14);
#16853=CARTESIAN_POINT('',(2.83246841782,-6.723583623848,-1.772452735901));
#16854=ADVANCED_FACE('',(#16855),#16868,.T.);
#16855=FACE_BOUND('',#16856,.T.);
#16856=EDGE_LOOP('',(#16857,#16862,#16863));
#16857=ORIENTED_EDGE('',*,*,#16858,.T.);
#16858=EDGE_CURVE('',#16859,#16020,#16861,.T.);
#16859=VERTEX_POINT('',#16860);
#16860=CARTESIAN_POINT('',(6.62298822403,-1.25573682785,-1.072452926636));
#16861=LINE('',#16860,#16387);
#16862=ORIENTED_EDGE('',*,*,#16461,.F.);
#16863=ORIENTED_EDGE('',*,*,#16864,.T.);
#16864=EDGE_CURVE('',#16457,#16859,#16865,.T.);
#16865=LINE('',#16458,#16866);
#16866=VECTOR('',#16867,1.);
#16867=DIRECTION('',(0.439453120625,0.182027456585,0.879628876187));
#16868=PLANE('',#16869);
#16869=AXIS2_PLACEMENT_3D('',#16870,#6716,#16388);
#16870=CARTESIAN_POINT('',(6.38282857986,-1.355214217248,-1.351768876604));
#16871=ADVANCED_FACE('',(#16872),#16887,.T.);
#16872=FACE_BOUND('',#16873,.T.);
#16873=EDGE_LOOP('',(#16874,#16875,#16882));
#16874=ORIENTED_EDGE('',*,*,#16456,.F.);
#16875=ORIENTED_EDGE('',*,*,#16876,.T.);
#16876=EDGE_CURVE('',#15581,#16877,#16879,.T.);
#16877=VERTEX_POINT('',#16878);
#16878=CARTESIAN_POINT('',(6.242658138275,-2.900101423264,-1.772452735901));
#16879=LINE('',#15582,#16880);
#16880=VECTOR('',#16881,1.);
#16881=DIRECTION('',(0.231244373503,-0.972895698276,0.));
#16882=ORIENTED_EDGE('',*,*,#16883,.T.);
#16883=EDGE_CURVE('',#16877,#16457,#16884,.T.);
#16884=LINE('',#16878,#16885);
#16885=VECTOR('',#16886,1.);
#16886=DIRECTION('',(2.041423819664E-02,0.999791607726,0.));
#16887=PLANE('',#16888);
#16888=AXIS2_PLACEMENT_3D('',#16889,#13,#14);
#16889=CARTESIAN_POINT('',(6.155582931794,-2.079809633981,-1.772452735901));
#16890=ADVANCED_FACE('',(#16891),#16904,.T.);
#16891=FACE_BOUND('',#16892,.T.);
#16892=EDGE_LOOP('',(#16893,#16898,#16899));
#16893=ORIENTED_EDGE('',*,*,#16894,.T.);
#16894=EDGE_CURVE('',#16895,#16053,#16897,.T.);
#16895=VERTEX_POINT('',#16896);
#16896=CARTESIAN_POINT('',(6.397988319397,-0.866025388241,-0.622453117371));
#16897=LINE('',#16896,#16800);
#16898=ORIENTED_EDGE('',*,*,#16472,.F.);
#16899=ORIENTED_EDGE('',*,*,#16900,.T.);
#16900=EDGE_CURVE('',#16020,#16895,#16901,.T.);
#16901=LINE('',#16021,#16902);
#16902=VECTOR('',#16903,1.);
#16903=DIRECTION('',(0.175701042472,0.753124298562,0.633981809352));
#16904=PLANE('',#16905);
#16905=AXIS2_PLACEMENT_3D('',#16906,#16907,#16908);
#16906=CARTESIAN_POINT('',(6.278425308968,-1.117787190944,-0.810908091168));
#16907=DIRECTION('',(0.271758034915,-0.656081762446,0.7040627042));
#16908=DIRECTION('',(1.552924455694E-13,0.731595867191,0.681738576808));
#16909=ADVANCED_FACE('',(#16910),#16923,.T.);
#16910=FACE_BOUND('',#16911,.T.);
#16911=EDGE_LOOP('',(#16912,#16917,#16918));
#16912=ORIENTED_EDGE('',*,*,#16913,.T.);
#16913=EDGE_CURVE('',#16914,#16488,#16916,.T.);
#16914=VERTEX_POINT('',#16915);
#16915=CARTESIAN_POINT('',(5.922507286072,-7.105431556702,-3.622453117371));
#16916=LINE('',#16915,#82);
#16917=ORIENTED_EDGE('',*,*,#16487,.F.);
#16918=ORIENTED_EDGE('',*,*,#16919,.T.);
#16919=EDGE_CURVE('',#15701,#16914,#16920,.T.);
#16920=LINE('',#15702,#16921);
#16921=VECTOR('',#16922,1.);
#16922=DIRECTION('',(6.406855918181E-02,8.349595019157E-02,-0.994446401786));
#16923=PLANE('',#16924);
#16924=AXIS2_PLACEMENT_3D('',#16925,#16926,#16492);
#16925=CARTESIAN_POINT('',(5.89113773164,-7.146313243255,-2.651088497275));
#16926=DIRECTION('',(0.793353968003,-0.608760610958,0.));
#16927=ADVANCED_FACE('',(#16928),#16941,.T.);
#16928=FACE_BOUND('',#16929,.T.);
#16929=EDGE_LOOP('',(#16930,#16931,#16936));
#16930=ORIENTED_EDGE('',*,*,#16494,.F.);
#16931=ORIENTED_EDGE('',*,*,#16932,.T.);
#16932=EDGE_CURVE('',#16488,#16933,#16935,.T.);
#16933=VERTEX_POINT('',#16934);
#16934=CARTESIAN_POINT('',(5.99743270874,-6.924545764923,-1.772452735901));
#16935=LINE('',#16489,#11044);
#16936=ORIENTED_EDGE('',*,*,#16937,.T.);
#16937=EDGE_CURVE('',#16933,#15581,#16938,.T.);
#16938=LINE('',#16934,#16939);
#16939=VECTOR('',#16940,1.);
#16940=DIRECTION('',(-1.816186987653E-02,0.999835059639,0.));
#16941=PLANE('',#16942);
#16942=AXIS2_PLACEMENT_3D('',#16943,#13,#14);
#16943=CARTESIAN_POINT('',(5.929217123326,-4.281310271482,-1.772452735901));
#16944=ADVANCED_FACE('',(#16945),#16956,.T.);
#16945=FACE_BOUND('',#16946,.T.);
#16946=EDGE_LOOP('',(#16947,#16952,#16953));
#16947=ORIENTED_EDGE('',*,*,#16948,.T.);
#16948=EDGE_CURVE('',#16949,#15619,#16951,.T.);
#16949=VERTEX_POINT('',#16950);
#16950=CARTESIAN_POINT('',(6.297988414764,-0.600000023842,-0.622453117371));
#16951=LINE('',#16950,#228);
#16952=ORIENTED_EDGE('',*,*,#16507,.F.);
#16953=ORIENTED_EDGE('',*,*,#16954,.T.);
#16954=EDGE_CURVE('',#16053,#16949,#16955,.T.);
#16955=LINE('',#16054,#16806);
#16956=PLANE('',#16957);
#16957=AXIS2_PLACEMENT_3D('',#16958,#13,#14);
#16958=CARTESIAN_POINT('',(5.937046769178,-0.707740630542,-0.622453117371));
#16959=ADVANCED_FACE('',(#16960),#16973,.T.);
#16960=FACE_BOUND('',#16961,.T.);
#16961=EDGE_LOOP('',(#16962,#16967,#16968));
#16962=ORIENTED_EDGE('',*,*,#16963,.T.);
#16963=EDGE_CURVE('',#16914,#16519,#16964,.T.);
#16964=LINE('',#16915,#16965);
#16965=VECTOR('',#16966,1.);
#16966=DIRECTION('',(-0.608760610958,-0.793353968003,0.));
#16967=ORIENTED_EDGE('',*,*,#16525,.F.);
#16968=ORIENTED_EDGE('',*,*,#16969,.T.);
#16969=EDGE_CURVE('',#15665,#16914,#16970,.T.);
#16970=LINE('',#15666,#16971);
#16971=VECTOR('',#16972,1.);
#16972=DIRECTION('',(0.131733759178,-0.991285133901,0.));
#16973=PLANE('',#16974);
#16974=AXIS2_PLACEMENT_3D('',#16975,#55,#199);
#16975=CARTESIAN_POINT('',(5.465995161505,-3.939827609223,-3.622453117371));
#16976=ADVANCED_FACE('',(#16977),#16982,.T.);
#16977=FACE_BOUND('',#16978,.T.);
#16978=EDGE_LOOP('',(#16979,#16980,#16981));
#16979=ORIENTED_EDGE('',*,*,#16537,.F.);
#16980=ORIENTED_EDGE('',*,*,#16963,.F.);
#16981=ORIENTED_EDGE('',*,*,#16919,.F.);
#16982=PLANE('',#16983);
#16983=AXIS2_PLACEMENT_3D('',#16984,#16926,#16492);
#16984=CARTESIAN_POINT('',(5.834688054951,-7.21988005127,-2.743817355996));
#16985=ADVANCED_FACE('',(#16986),#17001,.T.);
#16986=FACE_BOUND('',#16987,.T.);
#16987=EDGE_LOOP('',(#16988,#16995,#17000));
#16988=ORIENTED_EDGE('',*,*,#16989,.T.);
#16989=EDGE_CURVE('',#16548,#16990,#16992,.T.);
#16990=VERTEX_POINT('',#16991);
#16991=CARTESIAN_POINT('',(2.12298822403,-2.680431365967,-1.772452735901));
#16992=LINE('',#16549,#16993);
#16993=VECTOR('',#16994,1.);
#16994=DIRECTION('',(-0.988774121928,-0.149417990237,0.));
#16995=ORIENTED_EDGE('',*,*,#16996,.T.);
#16996=EDGE_CURVE('',#16990,#16129,#16997,.T.);
#16997=LINE('',#16991,#16998);
#16998=VECTOR('',#16999,1.);
#16999=DIRECTION('',(0.196322765481,-0.98053932698,0.));
#17000=ORIENTED_EDGE('',*,*,#16547,.F.);
#17001=PLANE('',#17002);
#17002=AXIS2_PLACEMENT_3D('',#17003,#13,#14);
#17003=CARTESIAN_POINT('',(2.36052923253,-3.388197094707,-1.772452735901));
#17004=ADVANCED_FACE('',(#17005),#17019,.T.);
#17005=FACE_BOUND('',#17006,.T.);
#17006=EDGE_LOOP('',(#17007,#17008,#17014));
#17007=ORIENTED_EDGE('',*,*,#16566,.F.);
#17008=ORIENTED_EDGE('',*,*,#17009,.T.);
#17009=EDGE_CURVE('',#16129,#17010,#17012,.T.);
#17010=VERTEX_POINT('',#17011);
#17011=CARTESIAN_POINT('',(2.297395944595,-4.624712467194,-1.772452735901));
#17012=LINE('',#16130,#17013);
#17013=VECTOR('',#16418,1.);
#17014=ORIENTED_EDGE('',*,*,#17015,.T.);
#17015=EDGE_CURVE('',#17010,#16567,#17016,.T.);
#17016=LINE('',#17011,#17017);
#17017=VECTOR('',#17018,1.);
#17018=DIRECTION('',(0.172424804311,0.416270611623,0.892742104282));
#17019=PLANE('',#17020);
#17020=AXIS2_PLACEMENT_3D('',#17021,#16419,#16418);
#17021=CARTESIAN_POINT('',(2.39741684168,-4.383240480776,-1.469557150905));
#17022=ADVANCED_FACE('',(#17023),#17032,.T.);
#17023=FACE_BOUND('',#17024,.T.);
#17024=EDGE_LOOP('',(#17025,#17026,#17027));
#17025=ORIENTED_EDGE('',*,*,#16581,.F.);
#17026=ORIENTED_EDGE('',*,*,#16614,.F.);
#17027=ORIENTED_EDGE('',*,*,#17028,.T.);
#17028=EDGE_CURVE('',#16610,#16548,#17029,.T.);
#17029=LINE('',#16611,#17030);
#17030=VECTOR('',#17031,1.);
#17031=DIRECTION('',(-0.191313414012,-7.924461565722E-02,0.978324827707));
#17032=PLANE('',#17033);
#17033=AXIS2_PLACEMENT_3D('',#17034,#17035,#17036);
#17034=CARTESIAN_POINT('',(2.723078560231,-2.520853497808,-2.609805177149));
#17035=DIRECTION('',(-0.382683452602,0.923879524129,0.));
#17036=DIRECTION('',(0.923879524129,0.382683452602,0.));
#17037=ADVANCED_FACE('',(#17038),#17051,.T.);
#17038=FACE_BOUND('',#17039,.T.);
#17039=EDGE_LOOP('',(#17040,#17045,#17046));
#17040=ORIENTED_EDGE('',*,*,#17041,.T.);
#17041=EDGE_CURVE('',#17042,#16159,#17044,.T.);
#17042=VERTEX_POINT('',#17043);
#17043=CARTESIAN_POINT('',(2.732062578201,-4.741180896759,-0.622453117371));
#17044=LINE('',#17043,#13146);
#17045=ORIENTED_EDGE('',*,*,#16595,.F.);
#17046=ORIENTED_EDGE('',*,*,#17047,.T.);
#17047=EDGE_CURVE('',#16567,#17042,#17048,.T.);
#17048=LINE('',#16568,#17049);
#17049=VECTOR('',#17050,1.);
#17050=DIRECTION('',(0.426693872891,-0.686365939899,0.58892625632));
#17051=PLANE('',#17052);
#17052=AXIS2_PLACEMENT_3D('',#17053,#17054,#17055);
#17053=CARTESIAN_POINT('',(2.639636889443,-4.480057216193,-0.788601355135));
#17054=DIRECTION('',(-0.616733881719,0.255459147563,0.744566950023));
#17055=DIRECTION('',(0.770119634383,1.979666430785E-13,0.637899481687));
#17056=ADVANCED_FACE('',(#17057),#17066,.T.);
#17057=FACE_BOUND('',#17058,.T.);
#17058=EDGE_LOOP('',(#17059,#17064,#17065));
#17059=ORIENTED_EDGE('',*,*,#17060,.T.);
#17060=EDGE_CURVE('',#15872,#16610,#17061,.T.);
#17061=LINE('',#15873,#17062);
#17062=VECTOR('',#17063,1.);
#17063=DIRECTION('',(-1.822114988732E-02,0.999833981067,0.));
#17064=ORIENTED_EDGE('',*,*,#16609,.F.);
#17065=ORIENTED_EDGE('',*,*,#16656,.F.);
#17066=PLANE('',#17067);
#17067=AXIS2_PLACEMENT_3D('',#17068,#55,#199);
#17068=CARTESIAN_POINT('',(2.927823827189,-3.287781342892,-3.622453117371));
#17069=ADVANCED_FACE('',(#17070),#17085,.T.);
#17070=FACE_BOUND('',#17071,.T.);
#17071=EDGE_LOOP('',(#17072,#17079,#17080));
#17072=ORIENTED_EDGE('',*,*,#17073,.T.);
#17073=EDGE_CURVE('',#17074,#15782,#17076,.T.);
#17074=VERTEX_POINT('',#17075);
#17075=CARTESIAN_POINT('',(2.672683477402,-6.025304794312,-1.022452735901));
#17076=LINE('',#17075,#17077);
#17077=VECTOR('',#17078,1.);
#17078=DIRECTION('',(0.528498246439,0.528498642431,0.664363446059));
#17079=ORIENTED_EDGE('',*,*,#16629,.F.);
#17080=ORIENTED_EDGE('',*,*,#17081,.T.);
#17081=EDGE_CURVE('',#16625,#17074,#17082,.T.);
#17082=LINE('',#16626,#17083);
#17083=VECTOR('',#17084,1.);
#17084=DIRECTION('',(-0.234509695697,-0.773415199115,-0.588926253789));
#17085=PLANE('',#17086);
#17086=AXIS2_PLACEMENT_3D('',#17087,#17088,#17089);
#17087=CARTESIAN_POINT('',(2.810270396986,-5.776147626755,-0.788601360954));
#17088=DIRECTION('',(-0.529600985909,-0.406377495154,0.744567073645));
#17089=DIRECTION('',(0.814887571719,-3.134437154273E-13,0.579619052014));
#17090=ADVANCED_FACE('',(#17091),#17098,.T.);
#17091=FACE_BOUND('',#17092,.T.);
#17092=EDGE_LOOP('',(#17093,#17094,#17097));
#17093=ORIENTED_EDGE('',*,*,#17041,.F.);
#17094=ORIENTED_EDGE('',*,*,#17095,.T.);
#17095=EDGE_CURVE('',#17042,#16625,#17096,.T.);
#17096=LINE('',#17043,#12942);
#17097=ORIENTED_EDGE('',*,*,#16624,.F.);
#17098=PLANE('',#17099);
#17099=AXIS2_PLACEMENT_3D('',#17100,#13,#14);
#17100=CARTESIAN_POINT('',(2.806662153508,-4.996669107438,-0.622453117371));
#17101=ADVANCED_FACE('',(#17102),#17110,.T.);
#17102=FACE_BOUND('',#17103,.T.);
#17103=EDGE_LOOP('',(#17104,#17105,#17109));
#17104=ORIENTED_EDGE('',*,*,#17073,.F.);
#17105=ORIENTED_EDGE('',*,*,#17106,.T.);
#17106=EDGE_CURVE('',#17074,#16438,#17107,.T.);
#17107=LINE('',#17075,#17108);
#17108=VECTOR('',#12830,1.);
#17109=ORIENTED_EDGE('',*,*,#16643,.F.);
#17110=PLANE('',#17111);
#17111=AXIS2_PLACEMENT_3D('',#17112,#17113,#17114);
#17112=CARTESIAN_POINT('',(2.891185323083,-5.975911398856,-0.868063723535));
#17113=DIRECTION('',(-0.406377242031,-0.529601162486,0.7445670862));
#17114=DIRECTION('',(-7.502332088904E-14,0.814887485057,0.579619173853));
#17115=ADVANCED_FACE('',(#17116),#17127,.T.);
#17116=FACE_BOUND('',#17117,.T.);
#17117=EDGE_LOOP('',(#17118,#17123,#17126));
#17118=ORIENTED_EDGE('',*,*,#17119,.T.);
#17119=EDGE_CURVE('',#16384,#17120,#17122,.T.);
#17120=VERTEX_POINT('',#17121);
#17121=CARTESIAN_POINT('',(5.897988319397,1.450000047684,-1.072452926636));
#17122=LINE('',#16385,#16280);
#17123=ORIENTED_EDGE('',*,*,#17124,.T.);
#17124=EDGE_CURVE('',#17120,#16277,#17125,.T.);
#17125=LINE('',#17121,#54);
#17126=ORIENTED_EDGE('',*,*,#16682,.F.);
#17127=PLANE('',#17128);
#17128=AXIS2_PLACEMENT_3D('',#17129,#16689,#16281);
#17129=CARTESIAN_POINT('',(5.78042378661,1.434522364409,-1.351768885237));
#17130=ADVANCED_FACE('',(#17131),#17144,.T.);
#17131=FACE_BOUND('',#17132,.T.);
#17132=EDGE_LOOP('',(#17133,#17134,#17139));
#17133=ORIENTED_EDGE('',*,*,#16700,.F.);
#17134=ORIENTED_EDGE('',*,*,#17135,.T.);
#17135=EDGE_CURVE('',#16277,#17136,#17138,.T.);
#17136=VERTEX_POINT('',#17137);
#17137=CARTESIAN_POINT('',(6.273275852203,1.400592446327,-1.772452735901));
#17138=LINE('',#16278,#15584);
#17139=ORIENTED_EDGE('',*,*,#17140,.T.);
#17140=EDGE_CURVE('',#17136,#16695,#17141,.T.);
#17141=LINE('',#17137,#17142);
#17142=VECTOR('',#17143,1.);
#17143=DIRECTION('',(-0.489259113567,0.872138475124,0.));
#17144=PLANE('',#17145);
#17145=AXIS2_PLACEMENT_3D('',#17146,#13,#14);
#17146=CARTESIAN_POINT('',(6.019768919264,1.677320102559,-1.772452735901));
#17147=ADVANCED_FACE('',(#17148),#17159,.T.);
#17148=FACE_BOUND('',#17149,.T.);
#17149=EDGE_LOOP('',(#17150,#17155,#17158));
#17150=ORIENTED_EDGE('',*,*,#17151,.T.);
#17151=EDGE_CURVE('',#16295,#17152,#17154,.T.);
#17152=VERTEX_POINT('',#17153);
#17153=CARTESIAN_POINT('',(2.857988357544,-7.480431556702,-3.622453117371));
#17154=LINE('',#16296,#345);
#17155=ORIENTED_EDGE('',*,*,#17156,.T.);
#17156=EDGE_CURVE('',#17152,#16710,#17157,.T.);
#17157=LINE('',#17153,#228);
#17158=ORIENTED_EDGE('',*,*,#16717,.F.);
#17159=PLANE('',#17160);
#17160=AXIS2_PLACEMENT_3D('',#17161,#55,#199);
#17161=CARTESIAN_POINT('',(2.637042627158,-6.690520033659,-3.622453117371));
#17162=ADVANCED_FACE('',(#17163),#17172,.T.);
#17163=FACE_BOUND('',#17164,.T.);
#17164=EDGE_LOOP('',(#17165,#17170,#17171));
#17165=ORIENTED_EDGE('',*,*,#17166,.T.);
#17166=EDGE_CURVE('',#16710,#16610,#17167,.T.);
#17167=LINE('',#16711,#17168);
#17168=VECTOR('',#17169,1.);
#17169=DIRECTION('',(0.140077923002,0.990140482703,0.));
#17170=ORIENTED_EDGE('',*,*,#17060,.F.);
#17171=ORIENTED_EDGE('',*,*,#16709,.F.);
#17172=PLANE('',#17173);
#17173=AXIS2_PLACEMENT_3D('',#17174,#55,#199);
#17174=CARTESIAN_POINT('',(2.545031877565,-4.988256573355,-3.622453117371));
#17175=ADVANCED_FACE('',(#17176),#17183,.T.);
#17176=FACE_BOUND('',#17177,.T.);
#17177=EDGE_LOOP('',(#17178,#17181,#17182));
#17178=ORIENTED_EDGE('',*,*,#17179,.T.);
#17179=EDGE_CURVE('',#16730,#16747,#17180,.T.);
#17180=LINE('',#16731,#345);
#17181=ORIENTED_EDGE('',*,*,#16746,.F.);
#17182=ORIENTED_EDGE('',*,*,#16734,.F.);
#17183=PLANE('',#17184);
#17184=AXIS2_PLACEMENT_3D('',#17185,#55,#199);
#17185=CARTESIAN_POINT('',(6.127368847787,1.105403800547,-3.622453117371));
#17186=ADVANCED_FACE('',(#17187),#17197,.T.);
#17187=FACE_BOUND('',#17188,.T.);
#17188=EDGE_LOOP('',(#17189,#17193,#17196));
#17189=ORIENTED_EDGE('',*,*,#17190,.T.);
#17190=EDGE_CURVE('',#16747,#17191,#17180,.T.);
#17191=VERTEX_POINT('',#17192);
#17192=CARTESIAN_POINT('',(6.737988471985,-0.600000023842,-3.622453117371));
#17193=ORIENTED_EDGE('',*,*,#17194,.T.);
#17194=EDGE_CURVE('',#17191,#15665,#17195,.T.);
#17195=LINE('',#17192,#228);
#17196=ORIENTED_EDGE('',*,*,#16751,.F.);
#17197=PLANE('',#17198);
#17198=AXIS2_PLACEMENT_3D('',#17199,#55,#199);
#17199=CARTESIAN_POINT('',(6.101848822577,-0.20386050318,-3.622453117371));
#17200=ADVANCED_FACE('',(#17201),#17208,.T.);
#17201=FACE_BOUND('',#17202,.T.);
#17202=EDGE_LOOP('',(#17203,#17206,#17207));
#17203=ORIENTED_EDGE('',*,*,#17204,.T.);
#17204=EDGE_CURVE('',#16351,#17152,#17205,.T.);
#17205=LINE('',#16352,#228);
#17206=ORIENTED_EDGE('',*,*,#17151,.F.);
#17207=ORIENTED_EDGE('',*,*,#16762,.F.);
#17208=PLANE('',#17209);
#17209=AXIS2_PLACEMENT_3D('',#17210,#55,#199);
#17210=CARTESIAN_POINT('',(3.112760448773,-6.705443596522,-3.622453117371));
#17211=ADVANCED_FACE('',(#17212),#17225,.T.);
#17212=FACE_BOUND('',#17213,.T.);
#17213=EDGE_LOOP('',(#17214,#17219,#17220));
#17214=ORIENTED_EDGE('',*,*,#17215,.T.);
#17215=EDGE_CURVE('',#17216,#16777,#17218,.T.);
#17216=VERTEX_POINT('',#17217);
#17217=CARTESIAN_POINT('',(6.097988128662,-0.40000000596,-0.822452926636));
#17218=LINE('',#17217,#228);
#17219=ORIENTED_EDGE('',*,*,#16776,.F.);
#17220=ORIENTED_EDGE('',*,*,#17221,.T.);
#17221=EDGE_CURVE('',#15619,#17216,#17222,.T.);
#17222=LINE('',#15620,#17223);
#17223=VECTOR('',#17224,1.);
#17224=DIRECTION('',(0.904534078662,0.301511434435,-0.301511119934));
#17225=PLANE('',#17226);
#17226=AXIS2_PLACEMENT_3D('',#17227,#17228,#17229);
#17227=CARTESIAN_POINT('',(5.777216919911,-0.471625905632,-0.750827101676));
#17228=DIRECTION('',(0.,0.707106412401,0.707107149972));
#17229=DIRECTION('',(0.,0.707107149972,-0.707106412401));
#17230=ADVANCED_FACE('',(#17231),#17244,.T.);
#17231=FACE_BOUND('',#17232,.T.);
#17232=EDGE_LOOP('',(#17233,#17238,#17243));
#17233=ORIENTED_EDGE('',*,*,#17234,.T.);
#17234=EDGE_CURVE('',#16777,#17235,#17237,.T.);
#17235=VERTEX_POINT('',#17236);
#17236=CARTESIAN_POINT('',(5.697988510132,0.40000000596,-0.822452926636));
#17237=LINE('',#16778,#189);
#17238=ORIENTED_EDGE('',*,*,#17239,.T.);
#17239=EDGE_CURVE('',#17235,#16368,#17240,.T.);
#17240=LINE('',#17236,#17241);
#17241=VECTOR('',#17242,1.);
#17242=DIRECTION('',(-0.577350986122,0.577350211835,0.577349609612));
#17243=ORIENTED_EDGE('',*,*,#16783,.F.);
#17244=PLANE('',#17245);
#17245=AXIS2_PLACEMENT_3D('',#17246,#17247,#16791);
#17246=CARTESIAN_POINT('',(5.634590958283,0.126794935752,-0.759055525938));
#17247=DIRECTION('',(0.707105938249,-1.308418887133E-16,0.707107624123));
#17248=ADVANCED_FACE('',(#17249),#17262,.T.);
#17249=FACE_BOUND('',#17250,.T.);
#17250=EDGE_LOOP('',(#17251,#17256,#17257));
#17251=ORIENTED_EDGE('',*,*,#17252,.T.);
#17252=EDGE_CURVE('',#17253,#16797,#17255,.T.);
#17253=VERTEX_POINT('',#17254);
#17254=CARTESIAN_POINT('',(5.897988319397,1.,-0.622453117371));
#17255=LINE('',#17254,#16056);
#17256=ORIENTED_EDGE('',*,*,#16804,.F.);
#17257=ORIENTED_EDGE('',*,*,#17258,.T.);
#17258=EDGE_CURVE('',#16368,#17253,#17259,.T.);
#17259=LINE('',#16369,#17260);
#17260=VECTOR('',#17261,1.);
#17261=DIRECTION('',(0.707106886554,0.707106675819,0.));
#17262=PLANE('',#17263);
#17263=AXIS2_PLACEMENT_3D('',#17264,#13,#14);
#17264=CARTESIAN_POINT('',(5.671466577555,0.83370158649,-0.622453117371));
#17265=ADVANCED_FACE('',(#17266),#17275,.T.);
#17266=FACE_BOUND('',#17267,.T.);
#17267=EDGE_LOOP('',(#17268,#17269,#17270));
#17268=ORIENTED_EDGE('',*,*,#17119,.F.);
#17269=ORIENTED_EDGE('',*,*,#16816,.F.);
#17270=ORIENTED_EDGE('',*,*,#17271,.T.);
#17271=EDGE_CURVE('',#16797,#17120,#17272,.T.);
#17272=LINE('',#16798,#17273);
#17273=VECTOR('',#17274,1.);
#17274=DIRECTION('',(0.364637031351,0.681987495436,-0.633981775319));
#17275=PLANE('',#17276);
#17276=AXIS2_PLACEMENT_3D('',#17277,#17278,#17279);
#17277=CARTESIAN_POINT('',(5.686560353696,1.246545913932,-0.896833925739));
#17278=DIRECTION('',(-9.26916902715E-02,0.704062427613,0.704062744773));
#17279=DIRECTION('',(-4.192479696741E-14,0.707106940452,-0.707106621921));
#17280=ADVANCED_FACE('',(#17281),#17290,.T.);
#17281=FACE_BOUND('',#17282,.T.);
#17282=EDGE_LOOP('',(#17283,#17284,#17285));
#17283=ORIENTED_EDGE('',*,*,#16841,.F.);
#17284=ORIENTED_EDGE('',*,*,#16831,.F.);
#17285=ORIENTED_EDGE('',*,*,#17286,.T.);
#17286=EDGE_CURVE('',#16438,#16842,#17287,.T.);
#17287=LINE('',#16439,#17288);
#17288=VECTOR('',#17289,1.);
#17289=DIRECTION('',(-0.357459736017,0.274288487166,-0.892742047254));
#17290=PLANE('',#17291);
#17291=AXIS2_PLACEMENT_3D('',#17292,#13665,#12651);
#17292=CARTESIAN_POINT('',(2.880040214903,-6.184415206205,-1.469557167265));
#17293=ADVANCED_FACE('',(#17294),#17307,.T.);
#17294=FACE_BOUND('',#17295,.T.);
#17295=EDGE_LOOP('',(#17296,#17303,#17306));
#17296=ORIENTED_EDGE('',*,*,#17297,.T.);
#17297=EDGE_CURVE('',#16842,#17298,#17300,.T.);
#17298=VERTEX_POINT('',#17299);
#17299=CARTESIAN_POINT('',(2.115488290787,-7.480431556702,-1.772452735901));
#17300=LINE('',#16843,#17301);
#17301=VECTOR('',#17302,1.);
#17302=DIRECTION('',(-0.357598347272,-0.933875485291,0.));
#17303=ORIENTED_EDGE('',*,*,#17304,.T.);
#17304=EDGE_CURVE('',#17298,#15988,#17305,.T.);
#17305=LINE('',#17299,#34);
#17306=ORIENTED_EDGE('',*,*,#16846,.F.);
#17307=PLANE('',#17308);
#17308=AXIS2_PLACEMENT_3D('',#17309,#13,#14);
#17309=CARTESIAN_POINT('',(2.556890640372,-6.89625516084,-1.772452735901));
#17310=ADVANCED_FACE('',(#17311),#17322,.T.);
#17311=FACE_BOUND('',#17312,.T.);
#17312=EDGE_LOOP('',(#17313,#17318,#17321));
#17313=ORIENTED_EDGE('',*,*,#17314,.T.);
#17314=EDGE_CURVE('',#16457,#17315,#17317,.T.);
#17315=VERTEX_POINT('',#17316);
#17316=CARTESIAN_POINT('',(6.62298822403,-1.25573682785,-1.772452735901));
#17317=LINE('',#16458,#15857);
#17318=ORIENTED_EDGE('',*,*,#17319,.T.);
#17319=EDGE_CURVE('',#17315,#16859,#17320,.T.);
#17320=LINE('',#17316,#82);
#17321=ORIENTED_EDGE('',*,*,#16864,.F.);
#17322=PLANE('',#17323);
#17323=AXIS2_PLACEMENT_3D('',#17324,#6716,#16388);
#17324=CARTESIAN_POINT('',(6.513435496373,-1.301115056929,-1.493136785933));
#17325=ADVANCED_FACE('',(#17326),#17335,.T.);
#17326=FACE_BOUND('',#17327,.T.);
#17327=EDGE_LOOP('',(#17328,#17329,#17334));
#17328=ORIENTED_EDGE('',*,*,#16858,.F.);
#17329=ORIENTED_EDGE('',*,*,#17330,.T.);
#17330=EDGE_CURVE('',#16859,#16895,#17331,.T.);
#17331=LINE('',#16860,#17332);
#17332=VECTOR('',#17333,1.);
#17333=DIRECTION('',(-0.353553331708,0.612372605684,0.707106663415));
#17334=ORIENTED_EDGE('',*,*,#16900,.F.);
#17335=PLANE('',#17336);
#17336=AXIS2_PLACEMENT_3D('',#17337,#17338,#17339);
#17337=CARTESIAN_POINT('',(6.424841822345,-1.149349297283,-0.896833933856));
#17338=DIRECTION('',(0.271757985965,-0.656081764959,0.704062720752));
#17339=DIRECTION('',(7.438494264989E-15,0.731595873883,0.681738569628));
#17340=ADVANCED_FACE('',(#17341),#17356,.T.);
#17341=FACE_BOUND('',#17342,.T.);
#17342=EDGE_LOOP('',(#17343,#17350,#17355));
#17343=ORIENTED_EDGE('',*,*,#17344,.T.);
#17344=EDGE_CURVE('',#15581,#17345,#17347,.T.);
#17345=VERTEX_POINT('',#17346);
#17346=CARTESIAN_POINT('',(6.123469352722,-3.055431365967,-1.772452735901));
#17347=LINE('',#15582,#17348);
#17348=VECTOR('',#17349,1.);
#17349=DIRECTION('',(0.139083804875,-0.990280614382,0.));
#17350=ORIENTED_EDGE('',*,*,#17351,.T.);
#17351=EDGE_CURVE('',#17345,#16877,#17352,.T.);
#17352=LINE('',#17346,#17353);
#17353=VECTOR('',#17354,1.);
#17354=DIRECTION('',(0.608761199077,0.793353516724,0.));
#17355=ORIENTED_EDGE('',*,*,#16876,.F.);
#17356=PLANE('',#17357);
#17357=AXIS2_PLACEMENT_3D('',#17358,#13,#14);
#17358=CARTESIAN_POINT('',(6.047786305678,-2.260636343492,-1.772452735901));
#17359=ADVANCED_FACE('',(#17360),#17375,.T.);
#17360=FACE_BOUND('',#17361,.T.);
#17361=EDGE_LOOP('',(#17362,#17363,#17370));
#17362=ORIENTED_EDGE('',*,*,#16883,.F.);
#17363=ORIENTED_EDGE('',*,*,#17364,.T.);
#17364=EDGE_CURVE('',#16877,#17365,#17367,.T.);
#17365=VERTEX_POINT('',#17366);
#17366=CARTESIAN_POINT('',(6.397988319397,-2.780912399292,-1.772452735901));
#17367=LINE('',#16878,#17368);
#17368=VECTOR('',#17369,1.);
#17369=DIRECTION('',(0.793353379885,0.60876137741,0.));
#17370=ORIENTED_EDGE('',*,*,#17371,.T.);
#17371=EDGE_CURVE('',#17365,#16457,#17372,.T.);
#17372=LINE('',#17366,#17373);
#17373=VECTOR('',#17374,1.);
#17374=DIRECTION('',(-8.998387380889E-02,0.995943222505,0.));
#17375=PLANE('',#17376);
#17376=AXIS2_PLACEMENT_3D('',#17377,#13,#14);
#17377=CARTESIAN_POINT('',(6.296859079613,-2.167394001388,-1.772452735901));
#17378=ADVANCED_FACE('',(#17379),#17386,.T.);
#17379=FACE_BOUND('',#17380,.T.);
#17380=EDGE_LOOP('',(#17381,#17382,#17383));
#17381=ORIENTED_EDGE('',*,*,#16954,.F.);
#17382=ORIENTED_EDGE('',*,*,#16894,.F.);
#17383=ORIENTED_EDGE('',*,*,#17384,.T.);
#17384=EDGE_CURVE('',#16895,#16949,#17385,.T.);
#17385=LINE('',#16896,#16374);
#17386=PLANE('',#17387);
#17387=AXIS2_PLACEMENT_3D('',#17388,#13,#14);
#17388=CARTESIAN_POINT('',(6.277878947434,-0.804859584456,-0.622453117371));
#17389=ADVANCED_FACE('',(#17390),#17403,.T.);
#17390=FACE_BOUND('',#17391,.T.);
#17391=EDGE_LOOP('',(#17392,#17393,#17398));
#17392=ORIENTED_EDGE('',*,*,#16913,.F.);
#17393=ORIENTED_EDGE('',*,*,#17394,.T.);
#17394=EDGE_CURVE('',#16914,#17395,#17397,.T.);
#17395=VERTEX_POINT('',#17396);
#17396=CARTESIAN_POINT('',(5.99743270874,-6.924545764923,-3.622453117371));
#17397=LINE('',#16915,#11044);
#17398=ORIENTED_EDGE('',*,*,#17399,.T.);
#17399=EDGE_CURVE('',#17395,#16488,#17400,.T.);
#17400=LINE('',#17396,#17401);
#17401=VECTOR('',#17402,1.);
#17402=DIRECTION('',(-4.027529783736E-02,-9.723307362129E-02,0.994446393617));
#17403=PLANE('',#17404);
#17404=AXIS2_PLACEMENT_3D('',#17405,#10996,#11045);
#17405=CARTESIAN_POINT('',(5.942227070955,-7.057823831909,-2.743817388478));
#17406=ADVANCED_FACE('',(#17407),#17414,.T.);
#17407=FACE_BOUND('',#17408,.T.);
#17408=EDGE_LOOP('',(#17409,#17412,#17413));
#17409=ORIENTED_EDGE('',*,*,#17410,.T.);
#17410=EDGE_CURVE('',#17395,#16933,#17411,.T.);
#17411=LINE('',#17396,#82);
#17412=ORIENTED_EDGE('',*,*,#16932,.F.);
#17413=ORIENTED_EDGE('',*,*,#17399,.F.);
#17414=PLANE('',#17415);
#17415=AXIS2_PLACEMENT_3D('',#17416,#10996,#11045);
#17416=CARTESIAN_POINT('',(5.977712923857,-6.972153489716,-2.651088464794));
#17417=ADVANCED_FACE('',(#17418),#17433,.T.);
#17418=FACE_BOUND('',#17419,.T.);
#17419=EDGE_LOOP('',(#17420,#17421,#17428));
#17420=ORIENTED_EDGE('',*,*,#16937,.F.);
#17421=ORIENTED_EDGE('',*,*,#17422,.T.);
#17422=EDGE_CURVE('',#16933,#17423,#17425,.T.);
#17423=VERTEX_POINT('',#17424);
#17424=CARTESIAN_POINT('',(6.022988319397,-6.730431556702,-1.772452735901));
#17425=LINE('',#16934,#17426);
#17426=VECTOR('',#17427,1.);
#17427=DIRECTION('',(0.130526143658,0.991444867767,0.));
#17428=ORIENTED_EDGE('',*,*,#17429,.T.);
#17429=EDGE_CURVE('',#17423,#15581,#17430,.T.);
#17430=LINE('',#17424,#17431);
#17431=VECTOR('',#17432,1.);
#17432=DIRECTION('',(-2.366567786452E-02,0.999719928626,0.));
#17433=PLANE('',#17434);
#17434=AXIS2_PLACEMENT_3D('',#17435,#13,#14);
#17435=CARTESIAN_POINT('',(5.954989521671,-4.187663551088,-1.772452735901));
#17436=ADVANCED_FACE('',(#17437),#17446,.T.);
#17437=FACE_BOUND('',#17438,.T.);
#17438=EDGE_LOOP('',(#17439,#17440,#17445));
#17439=ORIENTED_EDGE('',*,*,#16948,.F.);
#17440=ORIENTED_EDGE('',*,*,#17441,.T.);
#17441=EDGE_CURVE('',#16949,#17216,#17442,.T.);
#17442=LINE('',#16950,#17443);
#17443=VECTOR('',#17444,1.);
#17444=DIRECTION('',(-0.577350986122,0.577350211835,-0.577349609612));
#17445=ORIENTED_EDGE('',*,*,#17221,.F.);
#17446=PLANE('',#17447);
#17447=AXIS2_PLACEMENT_3D('',#17448,#17228,#17229);
#17448=CARTESIAN_POINT('',(5.918759575831,-0.54420539068,-0.678247692334));
#17449=ADVANCED_FACE('',(#17450),#17459,.T.);
#17450=FACE_BOUND('',#17451,.T.);
#17451=EDGE_LOOP('',(#17452,#17453,#17454));
#17452=ORIENTED_EDGE('',*,*,#17394,.F.);
#17453=ORIENTED_EDGE('',*,*,#16969,.F.);
#17454=ORIENTED_EDGE('',*,*,#17455,.T.);
#17455=EDGE_CURVE('',#15665,#17395,#17456,.T.);
#17456=LINE('',#15666,#17457);
#17457=VECTOR('',#17458,1.);
#17458=DIRECTION('',(0.146927392312,-0.989147279928,0.));
#17459=PLANE('',#17460);
#17460=AXIS2_PLACEMENT_3D('',#17461,#55,#199);
#17461=CARTESIAN_POINT('',(5.51545241255,-3.855821949344,-3.622453117371));
#17462=ADVANCED_FACE('',(#17463),#17472,.T.);
#17463=FACE_BOUND('',#17464,.T.);
#17464=EDGE_LOOP('',(#17465,#17470,#17471));
#17465=ORIENTED_EDGE('',*,*,#17466,.T.);
#17466=EDGE_CURVE('',#16990,#17010,#17467,.T.);
#17467=LINE('',#16991,#17468);
#17468=VECTOR('',#17469,1.);
#17469=DIRECTION('',(8.93441956249E-02,-0.996000810596,0.));
#17470=ORIENTED_EDGE('',*,*,#17009,.F.);
#17471=ORIENTED_EDGE('',*,*,#16996,.F.);
#17472=PLANE('',#17473);
#17473=AXIS2_PLACEMENT_3D('',#17474,#13,#14);
#17474=CARTESIAN_POINT('',(2.255230125966,-3.656979197056,-1.772452735901));
#17475=ADVANCED_FACE('',(#17476),#17489,.T.);
#17476=FACE_BOUND('',#17477,.T.);
#17477=EDGE_LOOP('',(#17478,#17479,#17484));
#17478=ORIENTED_EDGE('',*,*,#16989,.F.);
#17479=ORIENTED_EDGE('',*,*,#17480,.T.);
#17480=EDGE_CURVE('',#16548,#17481,#17483,.T.);
#17481=VERTEX_POINT('',#17482);
#17482=CARTESIAN_POINT('',(2.461216926575,-2.629320144653,-3.622453117371));
#17483=LINE('',#16549,#54);
#17484=ORIENTED_EDGE('',*,*,#17485,.T.);
#17485=EDGE_CURVE('',#17481,#16990,#17486,.T.);
#17486=LINE('',#17482,#17487);
#17487=VECTOR('',#17488,1.);
#17488=DIRECTION('',(-0.179778908409,-2.716717861624E-02,0.983331830308));
#17489=PLANE('',#17490);
#17490=AXIS2_PLACEMENT_3D('',#17491,#17492,#17493);
#17491=CARTESIAN_POINT('',(2.368908054913,-2.643269342735,-2.619775449133));
#17492=DIRECTION('',(-0.149417990237,0.988774121928,0.));
#17493=DIRECTION('',(0.988774121928,0.149417990237,0.));
#17494=ADVANCED_FACE('',(#17495),#17506,.T.);
#17495=FACE_BOUND('',#17496,.T.);
#17496=EDGE_LOOP('',(#17497,#17502,#17505));
#17497=ORIENTED_EDGE('',*,*,#17498,.T.);
#17498=EDGE_CURVE('',#17010,#17499,#17501,.T.);
#17499=VERTEX_POINT('',#17500);
#17500=CARTESIAN_POINT('',(2.297395944595,-4.624712467194,-1.022452735901));
#17501=LINE('',#17011,#82);
#17502=ORIENTED_EDGE('',*,*,#17503,.T.);
#17503=EDGE_CURVE('',#17499,#16567,#17504,.T.);
#17504=LINE('',#17500,#13794);
#17505=ORIENTED_EDGE('',*,*,#17015,.F.);
#17506=PLANE('',#17507);
#17507=AXIS2_PLACEMENT_3D('',#17508,#16419,#16418);
#17508=CARTESIAN_POINT('',(2.342230546778,-4.516472081785,-1.325348320897));
#17509=ADVANCED_FACE('',(#17510),#17517,.T.);
#17510=FACE_BOUND('',#17511,.T.);
#17511=EDGE_LOOP('',(#17512,#17515,#17516));
#17512=ORIENTED_EDGE('',*,*,#17513,.T.);
#17513=EDGE_CURVE('',#16610,#17481,#17514,.T.);
#17514=LINE('',#16611,#16583);
#17515=ORIENTED_EDGE('',*,*,#17480,.F.);
#17516=ORIENTED_EDGE('',*,*,#17028,.F.);
#17517=PLANE('',#17518);
#17518=AXIS2_PLACEMENT_3D('',#17519,#17035,#17036);
#17519=CARTESIAN_POINT('',(2.561126638057,-2.587936184581,-2.785100676123));
#17520=ADVANCED_FACE('',(#17521),#17530,.T.);
#17521=FACE_BOUND('',#17522,.T.);
#17522=EDGE_LOOP('',(#17523,#17524,#17529));
#17523=ORIENTED_EDGE('',*,*,#17503,.F.);
#17524=ORIENTED_EDGE('',*,*,#17525,.T.);
#17525=EDGE_CURVE('',#17499,#17042,#17526,.T.);
#17526=LINE('',#17500,#17527);
#17527=VECTOR('',#17528,1.);
#17528=DIRECTION('',(0.721942309622,-0.193443619863,0.664363505554));
#17529=ORIENTED_EDGE('',*,*,#17047,.F.);
#17530=PLANE('',#17531);
#17531=AXIS2_PLACEMENT_3D('',#17532,#17533,#17534);
#17532=CARTESIAN_POINT('',(2.511320749428,-4.558237389013,-0.86806371933));
#17533=DIRECTION('',(-0.616733743153,0.255459290196,0.744567015861));
#17534=DIRECTION('',(0.770119732501,2.303712776097E-14,0.637899363232));
#17535=ADVANCED_FACE('',(#17536),#17549,.T.);
#17536=FACE_BOUND('',#17537,.T.);
#17537=EDGE_LOOP('',(#17538,#17545,#17548));
#17538=ORIENTED_EDGE('',*,*,#17539,.T.);
#17539=EDGE_CURVE('',#16625,#17540,#17542,.T.);
#17540=VERTEX_POINT('',#17541);
#17541=CARTESIAN_POINT('',(2.442251443863,-5.724999904633,-1.022452735901));
#17542=LINE('',#16626,#17543);
#17543=VECTOR('',#17544,1.);
#17544=DIRECTION('',(-0.647275717888,-0.37370470114,-0.664363561146));
#17545=ORIENTED_EDGE('',*,*,#17546,.T.);
#17546=EDGE_CURVE('',#17540,#17074,#17547,.T.);
#17547=LINE('',#17541,#12602);
#17548=ORIENTED_EDGE('',*,*,#17081,.F.);
#17549=PLANE('',#17550);
#17550=AXIS2_PLACEMENT_3D('',#17551,#17552,#17553);
#17551=CARTESIAN_POINT('',(2.666091954575,-5.733842097866,-0.868063731713));
#17552=DIRECTION('',(-0.529601270791,-0.406377325136,0.744566963806));
#17553=DIRECTION('',(0.814887384067,1.152411499561E-13,0.579619315834));
#17554=ADVANCED_FACE('',(#17555),#17566,.T.);
#17555=FACE_BOUND('',#17556,.T.);
#17556=EDGE_LOOP('',(#17557,#17562,#17565));
#17557=ORIENTED_EDGE('',*,*,#17558,.T.);
#17558=EDGE_CURVE('',#17042,#17559,#17561,.T.);
#17559=VERTEX_POINT('',#17560);
#17560=CARTESIAN_POINT('',(2.732062578201,-5.258819103241,-0.622453117371));
#17561=LINE('',#17043,#345);
#17562=ORIENTED_EDGE('',*,*,#17563,.T.);
#17563=EDGE_CURVE('',#17559,#16625,#17564,.T.);
#17564=LINE('',#17560,#12723);
#17565=ORIENTED_EDGE('',*,*,#17095,.F.);
#17566=PLANE('',#17567);
#17567=AXIS2_PLACEMENT_3D('',#17568,#13,#14);
#17568=CARTESIAN_POINT('',(2.765267149659,-5.123921340941,-0.622453117371));
#17569=ADVANCED_FACE('',(#17570),#17577,.T.);
#17570=FACE_BOUND('',#17571,.T.);
#17571=EDGE_LOOP('',(#17572,#17573,#17576));
#17572=ORIENTED_EDGE('',*,*,#17106,.F.);
#17573=ORIENTED_EDGE('',*,*,#17574,.T.);
#17574=EDGE_CURVE('',#17074,#16842,#17575,.T.);
#17575=LINE('',#17075,#54);
#17576=ORIENTED_EDGE('',*,*,#17286,.F.);
#17577=PLANE('',#17578);
#17578=AXIS2_PLACEMENT_3D('',#17579,#13665,#12651);
#17579=CARTESIAN_POINT('',(2.765631629579,-6.096626415957,-1.325348304537));
#17580=ADVANCED_FACE('',(#17581),#17590,.T.);
#17581=FACE_BOUND('',#17582,.T.);
#17582=EDGE_LOOP('',(#17583,#17584,#17585));
#17583=ORIENTED_EDGE('',*,*,#17135,.F.);
#17584=ORIENTED_EDGE('',*,*,#17124,.F.);
#17585=ORIENTED_EDGE('',*,*,#17586,.T.);
#17586=EDGE_CURVE('',#17120,#17136,#17587,.T.);
#17587=LINE('',#17121,#17588);
#17588=VECTOR('',#17589,1.);
#17589=DIRECTION('',(0.471591219534,-6.20862377275E-02,-0.879628910816));
#17590=PLANE('',#17591);
#17591=AXIS2_PLACEMENT_3D('',#17592,#17593,#15585);
#17592=CARTESIAN_POINT('',(6.015552852184,1.434522364409,-1.4931367773));
#17593=DIRECTION('',(0.130526348936,0.991444840742,0.));
#17594=ADVANCED_FACE('',(#17595),#17608,.T.);
#17595=FACE_BOUND('',#17596,.T.);
#17596=EDGE_LOOP('',(#17597,#17598,#17603));
#17597=ORIENTED_EDGE('',*,*,#17140,.F.);
#17598=ORIENTED_EDGE('',*,*,#17599,.T.);
#17599=EDGE_CURVE('',#17136,#17600,#17602,.T.);
#17600=VERTEX_POINT('',#17601);
#17601=CARTESIAN_POINT('',(6.62298822403,1.25573682785,-1.772452735901));
#17602=LINE('',#17137,#14702);
#17603=ORIENTED_EDGE('',*,*,#17604,.T.);
#17604=EDGE_CURVE('',#17600,#16695,#17605,.T.);
#17605=LINE('',#17601,#17606);
#17606=VECTOR('',#17607,1.);
#17607=DIRECTION('',(-0.665180338813,0.746682741769,0.));
#17608=PLANE('',#17609);
#17609=AXIS2_PLACEMENT_3D('',#17610,#13,#14);
#17610=CARTESIAN_POINT('',(6.23226387545,1.630867356625,-1.772452735901));
#17611=ADVANCED_FACE('',(#17612),#17623,.T.);
#17612=FACE_BOUND('',#17613,.T.);
#17613=EDGE_LOOP('',(#17614,#17615,#17618));
#17614=ORIENTED_EDGE('',*,*,#17156,.F.);
#17615=ORIENTED_EDGE('',*,*,#17616,.T.);
#17616=EDGE_CURVE('',#17152,#15988,#17617,.T.);
#17617=LINE('',#17153,#82);
#17618=ORIENTED_EDGE('',*,*,#17619,.T.);
#17619=EDGE_CURVE('',#15988,#16710,#17620,.T.);
#17620=LINE('',#15989,#17621);
#17621=VECTOR('',#17622,1.);
#17622=DIRECTION('',(-0.372471519154,0.,-0.928043623662));
#17623=PLANE('',#17624);
#17624=AXIS2_PLACEMENT_3D('',#17625,#64,#55);
#17625=CARTESIAN_POINT('',(2.636503139814,-7.480431556702,-2.847217742285));
#17626=ADVANCED_FACE('',(#17627),#17636,.T.);
#17627=FACE_BOUND('',#17628,.T.);
#17628=EDGE_LOOP('',(#17629,#17634,#17635));
#17629=ORIENTED_EDGE('',*,*,#17630,.T.);
#17630=EDGE_CURVE('',#16710,#17481,#17631,.T.);
#17631=LINE('',#16711,#17632);
#17632=VECTOR('',#17633,1.);
#17633=DIRECTION('',(7.108762073644E-02,0.997470074828,0.));
#17634=ORIENTED_EDGE('',*,*,#17513,.F.);
#17635=ORIENTED_EDGE('',*,*,#17166,.F.);
#17636=PLANE('',#17637);
#17637=AXIS2_PLACEMENT_3D('',#17638,#55,#199);
#17638=CARTESIAN_POINT('',(2.39044421825,-4.923147081272,-3.622453117371));
#17639=ADVANCED_FACE('',(#17640),#17643,.F.);
#17640=FACE_BOUND('',#17641,.F.);
#17641=EDGE_LOOP('',(#17642,#17178));
#17642=ORIENTED_EDGE('',*,*,#17179,.F.);
#17643=PLANE('',#17644);
#17644=AXIS2_PLACEMENT_3D('',#17645,#55,#199);
#17645=CARTESIAN_POINT('',(6.737988471985,0.734784305096,-3.622453117371));
#17646=ADVANCED_FACE('',(#17647),#17662,.T.);
#17647=FACE_BOUND('',#17648,.T.);
#17648=EDGE_LOOP('',(#17649,#17656,#17657));
#17649=ORIENTED_EDGE('',*,*,#17650,.T.);
#17650=EDGE_CURVE('',#17651,#15665,#17653,.T.);
#17651=VERTEX_POINT('',#17652);
#17652=CARTESIAN_POINT('',(6.578874111176,-2.705986976624,-3.622453117371));
#17653=LINE('',#17652,#17654);
#17654=VECTOR('',#17655,1.);
#17655=DIRECTION('',(-0.585464082621,0.810698345848,0.));
#17656=ORIENTED_EDGE('',*,*,#17194,.F.);
#17657=ORIENTED_EDGE('',*,*,#17658,.T.);
#17658=EDGE_CURVE('',#17191,#17651,#17659,.T.);
#17659=LINE('',#17192,#17660);
#17660=VECTOR('',#17661,1.);
#17661=DIRECTION('',(-7.53386239008E-02,-0.997158007413,0.));
#17662=PLANE('',#17663);
#17663=AXIS2_PLACEMENT_3D('',#17664,#55,#199);
#17664=CARTESIAN_POINT('',(6.116992459605,-1.376138558975,-3.622453117371));
#17665=ADVANCED_FACE('',(#17666),#17675,.T.);
#17666=FACE_BOUND('',#17667,.T.);
#17667=EDGE_LOOP('',(#17668,#17669,#17670));
#17668=ORIENTED_EDGE('',*,*,#17234,.F.);
#17669=ORIENTED_EDGE('',*,*,#17215,.F.);
#17670=ORIENTED_EDGE('',*,*,#17671,.T.);
#17671=EDGE_CURVE('',#17216,#17235,#17672,.T.);
#17672=LINE('',#17217,#17673);
#17673=VECTOR('',#17674,1.);
#17674=DIRECTION('',(-0.447213248972,0.894427364264,0.));
#17675=PLANE('',#17676);
#17676=AXIS2_PLACEMENT_3D('',#17677,#13,#14);
#17677=CARTESIAN_POINT('',(5.82159516955,-7.639314984682E-02,-0.822452926636));
#17678=ADVANCED_FACE('',(#17679),#17692,.T.);
#17679=FACE_BOUND('',#17680,.T.);
#17680=EDGE_LOOP('',(#17681,#17686,#17687));
#17681=ORIENTED_EDGE('',*,*,#17682,.T.);
#17682=EDGE_CURVE('',#17683,#16368,#17685,.T.);
#17683=VERTEX_POINT('',#17684);
#17684=CARTESIAN_POINT('',(6.297988414764,0.600000023842,-0.622453117371));
#17685=LINE('',#17684,#228);
#17686=ORIENTED_EDGE('',*,*,#17239,.F.);
#17687=ORIENTED_EDGE('',*,*,#17688,.T.);
#17688=EDGE_CURVE('',#17235,#17683,#17689,.T.);
#17689=LINE('',#17236,#17690);
#17690=VECTOR('',#17691,1.);
#17691=DIRECTION('',(0.904534078662,0.301511434435,0.301511119934));
#17692=PLANE('',#17693);
#17693=AXIS2_PLACEMENT_3D('',#17694,#17695,#17696);
#17694=CARTESIAN_POINT('',(5.877217062963,0.54420539068,-0.678247692334));
#17695=DIRECTION('',(0.,-0.707106412401,0.707107149972));
#17696=DIRECTION('',(0.,0.707107149972,0.707106412401));
#17697=ADVANCED_FACE('',(#17698),#17711,.T.);
#17698=FACE_BOUND('',#17699,.T.);
#17699=EDGE_LOOP('',(#17700,#17705,#17706));
#17700=ORIENTED_EDGE('',*,*,#17701,.T.);
#17701=EDGE_CURVE('',#17702,#17253,#17704,.T.);
#17702=VERTEX_POINT('',#17703);
#17703=CARTESIAN_POINT('',(6.156807422638,0.965925812721,-0.622453117371));
#17704=LINE('',#17703,#15639);
#17705=ORIENTED_EDGE('',*,*,#17258,.F.);
#17706=ORIENTED_EDGE('',*,*,#17707,.T.);
#17707=EDGE_CURVE('',#16368,#17702,#17708,.T.);
#17708=LINE('',#16369,#17709);
#17709=VECTOR('',#17710,1.);
#17710=DIRECTION('',(0.874205084646,0.485556865855,0.));
#17711=PLANE('',#17712);
#17712=AXIS2_PLACEMENT_3D('',#17713,#13,#14);
#17713=CARTESIAN_POINT('',(5.814113116952,0.822098412319,-0.622453117371));
#17714=ADVANCED_FACE('',(#17715),#17724,.T.);
#17715=FACE_BOUND('',#17716,.T.);
#17716=EDGE_LOOP('',(#17717,#17718,#17723));
#17717=ORIENTED_EDGE('',*,*,#17252,.F.);
#17718=ORIENTED_EDGE('',*,*,#17719,.T.);
#17719=EDGE_CURVE('',#17253,#17120,#17720,.T.);
#17720=LINE('',#17254,#17721);
#17721=VECTOR('',#17722,1.);
#17722=DIRECTION('',(0.,0.707106968506,-0.707106593867));
#17723=ORIENTED_EDGE('',*,*,#17271,.F.);
#17724=PLANE('',#17725);
#17725=AXIS2_PLACEMENT_3D('',#17726,#17727,#17728);
#17726=CARTESIAN_POINT('',(5.819818984086,1.17816387249,-0.810908080028));
#17727=DIRECTION('',(-9.269159032857E-02,0.704062406259,0.704062779285));
#17728=DIRECTION('',(1.68684510804E-14,0.707106968506,-0.707106593867));
#17729=ADVANCED_FACE('',(#17730),#17737,.T.);
#17730=FACE_BOUND('',#17731,.T.);
#17731=EDGE_LOOP('',(#17732,#17733,#17736));
#17732=ORIENTED_EDGE('',*,*,#17304,.F.);
#17733=ORIENTED_EDGE('',*,*,#17734,.T.);
#17734=EDGE_CURVE('',#17298,#16710,#17735,.T.);
#17735=LINE('',#17299,#54);
#17736=ORIENTED_EDGE('',*,*,#17619,.F.);
#17737=PLANE('',#17738);
#17738=AXIS2_PLACEMENT_3D('',#17739,#64,#55);
#17739=CARTESIAN_POINT('',(2.336973508517,-7.480431556702,-2.547688110987));
#17740=ADVANCED_FACE('',(#17741),#17754,.T.);
#17741=FACE_BOUND('',#17742,.T.);
#17742=EDGE_LOOP('',(#17743,#17748,#17753));
#17743=ORIENTED_EDGE('',*,*,#17744,.T.);
#17744=EDGE_CURVE('',#16842,#17745,#17747,.T.);
#17745=VERTEX_POINT('',#17746);
#17746=CARTESIAN_POINT('',(2.442251443863,-5.724999904633,-1.772452735901));
#17747=LINE('',#16843,#12709);
#17748=ORIENTED_EDGE('',*,*,#17749,.T.);
#17749=EDGE_CURVE('',#17745,#17298,#17750,.T.);
#17750=LINE('',#17746,#17751);
#17751=VECTOR('',#17752,1.);
#17752=DIRECTION('',(-0.183000596282,-0.983112802155,0.));
#17753=ORIENTED_EDGE('',*,*,#17297,.F.);
#17754=PLANE('',#17755);
#17755=AXIS2_PLACEMENT_3D('',#17756,#13,#14);
#17756=CARTESIAN_POINT('',(2.355431026944,-6.591582674829,-1.772452735901));
#17757=ADVANCED_FACE('',(#17758),#17771,.T.);
#17758=FACE_BOUND('',#17759,.T.);
#17759=EDGE_LOOP('',(#17760,#17765,#17766));
#17760=ORIENTED_EDGE('',*,*,#17761,.T.);
#17761=EDGE_CURVE('',#17762,#16859,#17764,.T.);
#17762=VERTEX_POINT('',#17763);
#17763=CARTESIAN_POINT('',(6.923293113708,-1.025304794312,-1.072452926636));
#17764=LINE('',#17763,#15411);
#17765=ORIENTED_EDGE('',*,*,#17319,.F.);
#17766=ORIENTED_EDGE('',*,*,#17767,.T.);
#17767=EDGE_CURVE('',#17315,#17762,#17768,.T.);
#17768=LINE('',#17316,#17769);
#17769=VECTOR('',#17770,1.);
#17770=DIRECTION('',(0.377367018566,0.289563881466,0.87962883755));
#17771=PLANE('',#17772);
#17772=AXIS2_PLACEMENT_3D('',#17773,#12603,#14169);
#17773=CARTESIAN_POINT('',(6.717063308522,-1.183550480675,-1.351768866971));
#17774=ADVANCED_FACE('',(#17775),#17790,.T.);
#17775=FACE_BOUND('',#17776,.T.);
#17776=EDGE_LOOP('',(#17777,#17778,#17785));
#17777=ORIENTED_EDGE('',*,*,#17314,.F.);
#17778=ORIENTED_EDGE('',*,*,#17779,.T.);
#17779=EDGE_CURVE('',#16457,#17780,#17782,.T.);
#17780=VERTEX_POINT('',#17781);
#17781=CARTESIAN_POINT('',(6.578874111176,-2.705986976624,-1.772452735901));
#17782=LINE('',#16458,#17783);
#17783=VECTOR('',#17784,1.);
#17784=DIRECTION('',(0.22794131496,-0.973674872293,0.));
#17785=ORIENTED_EDGE('',*,*,#17786,.T.);
#17786=EDGE_CURVE('',#17780,#17315,#17787,.T.);
#17787=LINE('',#17781,#17788);
#17788=VECTOR('',#17789,1.);
#17789=DIRECTION('',(3.040421562712E-02,0.999537684968,0.));
#17790=PLANE('',#17791);
#17791=AXIS2_PLACEMENT_3D('',#17792,#13,#14);
#17792=CARTESIAN_POINT('',(6.508737597543,-1.933558010301,-1.772452735901));
#17793=ADVANCED_FACE('',(#17794),#17807,.T.);
#17794=FACE_BOUND('',#17795,.T.);
#17795=EDGE_LOOP('',(#17796,#17801,#17802));
#17796=ORIENTED_EDGE('',*,*,#17797,.T.);
#17797=EDGE_CURVE('',#17798,#16895,#17800,.T.);
#17798=VERTEX_POINT('',#17799);
#17799=CARTESIAN_POINT('',(6.605094909668,-0.707106769085,-0.622453117371));
#17800=LINE('',#17799,#15489);
#17801=ORIENTED_EDGE('',*,*,#17330,.F.);
#17802=ORIENTED_EDGE('',*,*,#17803,.T.);
#17803=EDGE_CURVE('',#16859,#17798,#17804,.T.);
#17804=LINE('',#16860,#17805);
#17805=VECTOR('',#17806,1.);
#17806=DIRECTION('',(-2.52089798362E-02,0.772936964582,0.633981826331));
#17807=PLANE('',#17808);
#17808=AXIS2_PLACEMENT_3D('',#17809,#17810,#17811);
#17809=CARTESIAN_POINT('',(6.554766771747,-0.98123518227,-0.810908102278));
#17810=DIRECTION('',(0.432304766561,-0.563390033439,0.70406268118));
#17811=DIRECTION('',(1.398881011028E-13,0.78079312865,0.6247896368));
#17812=ADVANCED_FACE('',(#17813),#17826,.T.);
#17813=FACE_BOUND('',#17814,.T.);
#17814=EDGE_LOOP('',(#17815,#17820,#17821));
#17815=ORIENTED_EDGE('',*,*,#17816,.T.);
#17816=EDGE_CURVE('',#17817,#16877,#17819,.T.);
#17817=VERTEX_POINT('',#17818);
#17818=CARTESIAN_POINT('',(6.242658138275,-2.900101423264,-3.622453117371));
#17819=LINE('',#17818,#82);
#17820=ORIENTED_EDGE('',*,*,#17351,.F.);
#17821=ORIENTED_EDGE('',*,*,#17822,.T.);
#17822=EDGE_CURVE('',#17345,#17817,#17823,.T.);
#17823=LINE('',#17346,#17824);
#17824=VECTOR('',#17825,1.);
#17825=DIRECTION('',(6.406855986731E-02,8.349582292576E-02,-0.994446412428));
#17826=PLANE('',#17827);
#17827=AXIS2_PLACEMENT_3D('',#17828,#17829,#17354);
#17828=CARTESIAN_POINT('',(6.211288585354,-2.940983045098,-2.651088539586));
#17829=DIRECTION('',(0.793353516724,-0.608761199077,0.));
#17830=ADVANCED_FACE('',(#17831),#17844,.T.);
#17831=FACE_BOUND('',#17832,.T.);
#17832=EDGE_LOOP('',(#17833,#17840,#17843));
#17833=ORIENTED_EDGE('',*,*,#17834,.T.);
#17834=EDGE_CURVE('',#15581,#17835,#17837,.T.);
#17835=VERTEX_POINT('',#17836);
#17836=CARTESIAN_POINT('',(6.048543930054,-3.236317157745,-1.772452735901));
#17837=LINE('',#15582,#17838);
#17838=VECTOR('',#17839,1.);
#17839=DIRECTION('',(8.398492109137E-02,-0.99646702556,0.));
#17840=ORIENTED_EDGE('',*,*,#17841,.T.);
#17841=EDGE_CURVE('',#17835,#17345,#17842,.T.);
#17842=LINE('',#17836,#11044);
#17843=ORIENTED_EDGE('',*,*,#17344,.F.);
#17844=PLANE('',#17845);
#17845=AXIS2_PLACEMENT_3D('',#17846,#13,#14);
#17846=CARTESIAN_POINT('',(5.996206855,-2.346078087377,-1.772452735901));
#17847=ADVANCED_FACE('',(#17848),#17857,.T.);
#17848=FACE_BOUND('',#17849,.T.);
#17849=EDGE_LOOP('',(#17850,#17851,#17852));
#17850=ORIENTED_EDGE('',*,*,#17364,.F.);
#17851=ORIENTED_EDGE('',*,*,#17816,.F.);
#17852=ORIENTED_EDGE('',*,*,#17853,.T.);
#17853=EDGE_CURVE('',#17817,#17365,#17854,.T.);
#17854=LINE('',#17818,#17855);
#17855=VECTOR('',#17856,1.);
#17856=DIRECTION('',(8.349594950591E-02,6.406868681485E-02,0.994446393621));
#17857=PLANE('',#17858);
#17858=AXIS2_PLACEMENT_3D('',#17859,#17860,#17861);
#17859=CARTESIAN_POINT('',(6.283539826339,-2.868731804922,-2.651088464809));
#17860=DIRECTION('',(0.60876137741,-0.793353379885,0.));
#17861=DIRECTION('',(-0.793353379885,-0.60876137741,0.));
#17862=ADVANCED_FACE('',(#17863),#17870,.T.);
#17863=FACE_BOUND('',#17864,.T.);
#17864=EDGE_LOOP('',(#17865,#17866,#17869));
#17865=ORIENTED_EDGE('',*,*,#17371,.F.);
#17866=ORIENTED_EDGE('',*,*,#17867,.T.);
#17867=EDGE_CURVE('',#17365,#17780,#17868,.T.);
#17868=LINE('',#17366,#15686);
#17869=ORIENTED_EDGE('',*,*,#17779,.F.);
#17870=PLANE('',#17871);
#17871=AXIS2_PLACEMENT_3D('',#17872,#13,#14);
#17872=CARTESIAN_POINT('',(6.387360508504,-2.11729391306,-1.772452735901));
#17873=ADVANCED_FACE('',(#17874),#17883,.T.);
#17874=FACE_BOUND('',#17875,.T.);
#17875=EDGE_LOOP('',(#17876,#17879,#17882));
#17876=ORIENTED_EDGE('',*,*,#17877,.T.);
#17877=EDGE_CURVE('',#16895,#17683,#17878,.T.);
#17878=LINE('',#16896,#15931);
#17879=ORIENTED_EDGE('',*,*,#17880,.T.);
#17880=EDGE_CURVE('',#17683,#16949,#17881,.T.);
#17881=LINE('',#17684,#345);
#17882=ORIENTED_EDGE('',*,*,#17384,.F.);
#17883=PLANE('',#17884);
#17884=AXIS2_PLACEMENT_3D('',#17885,#13,#14);
#17885=CARTESIAN_POINT('',(6.327674411424,-0.136704614322,-0.622453117371));
#17886=ADVANCED_FACE('',(#17887),#17900,.T.);
#17887=FACE_BOUND('',#17888,.T.);
#17888=EDGE_LOOP('',(#17889,#17890,#17895));
#17889=ORIENTED_EDGE('',*,*,#17410,.F.);
#17890=ORIENTED_EDGE('',*,*,#17891,.T.);
#17891=EDGE_CURVE('',#17395,#17892,#17894,.T.);
#17892=VERTEX_POINT('',#17893);
#17893=CARTESIAN_POINT('',(6.022988319397,-6.730431556702,-3.622453117371));
#17894=LINE('',#17396,#17426);
#17895=ORIENTED_EDGE('',*,*,#17896,.T.);
#17896=EDGE_CURVE('',#17892,#16933,#17897,.T.);
#17897=LINE('',#17893,#17898);
#17898=VECTOR('',#17899,1.);
#17899=DIRECTION('',(-1.373712426166E-02,-0.104343857602,0.994446404186));
#17900=PLANE('',#17901);
#17901=AXIS2_PLACEMENT_3D('',#17902,#17903,#17427);
#17902=CARTESIAN_POINT('',(6.004158745146,-6.873456426891,-2.743817346457));
#17903=DIRECTION('',(0.991444867767,-0.130526143658,0.));
#17904=ADVANCED_FACE('',(#17905),#17912,.T.);
#17905=FACE_BOUND('',#17906,.T.);
#17906=EDGE_LOOP('',(#17907,#17910,#17911));
#17907=ORIENTED_EDGE('',*,*,#17908,.T.);
#17908=EDGE_CURVE('',#17892,#17423,#17909,.T.);
#17909=LINE('',#17893,#82);
#17910=ORIENTED_EDGE('',*,*,#17422,.F.);
#17911=ORIENTED_EDGE('',*,*,#17896,.F.);
#17912=PLANE('',#17913);
#17913=AXIS2_PLACEMENT_3D('',#17914,#17903,#17427);
#17914=CARTESIAN_POINT('',(6.016262282991,-6.781520894734,-2.651088506815));
#17915=ADVANCED_FACE('',(#17916),#17929,.T.);
#17916=FACE_BOUND('',#17917,.T.);
#17917=EDGE_LOOP('',(#17918,#17919,#17924));
#17918=ORIENTED_EDGE('',*,*,#17429,.F.);
#17919=ORIENTED_EDGE('',*,*,#17920,.T.);
#17920=EDGE_CURVE('',#17423,#17921,#17923,.T.);
#17921=VERTEX_POINT('',#17922);
#17922=CARTESIAN_POINT('',(6.022988319397,-3.430431365967,-1.772452735901));
#17923=LINE('',#17424,#189);
#17924=ORIENTED_EDGE('',*,*,#17925,.T.);
#17925=EDGE_CURVE('',#17921,#15581,#17926,.T.);
#17926=LINE('',#17922,#17927);
#17927=VECTOR('',#17928,1.);
#17928=DIRECTION('',(-6.299221344153E-02,0.998014018462,0.));
#17929=PLANE('',#17930);
#17930=AXIS2_PLACEMENT_3D('',#17931,#13,#14);
#17931=CARTESIAN_POINT('',(5.980007956237,-4.089600398537,-1.772452735901));
#17932=ADVANCED_FACE('',(#17933),#17942,.T.);
#17933=FACE_BOUND('',#17934,.T.);
#17934=EDGE_LOOP('',(#17935,#17936,#17937));
#17935=ORIENTED_EDGE('',*,*,#17441,.F.);
#17936=ORIENTED_EDGE('',*,*,#17880,.F.);
#17937=ORIENTED_EDGE('',*,*,#17938,.T.);
#17938=EDGE_CURVE('',#17683,#17216,#17939,.T.);
#17939=LINE('',#17684,#17940);
#17940=VECTOR('',#17941,1.);
#17941=DIRECTION('',(-0.192450356323,-0.96225043378,-0.192449897486));
#17942=PLANE('',#17943);
#17943=AXIS2_PLACEMENT_3D('',#17944,#17945,#17946);
#17944=CARTESIAN_POINT('',(6.244398498588,-2.679492681174E-02,-0.676042905779));
#17945=DIRECTION('',(-0.707105938249,0.,0.707107624123));
#17946=DIRECTION('',(0.707107624123,0.,0.707105938249));
#17947=ADVANCED_FACE('',(#17948),#17963,.T.);
#17948=FACE_BOUND('',#17949,.T.);
#17949=EDGE_LOOP('',(#17950,#17957,#17958));
#17950=ORIENTED_EDGE('',*,*,#17951,.T.);
#17951=EDGE_CURVE('',#17952,#17395,#17954,.T.);
#17952=VERTEX_POINT('',#17953);
#17953=CARTESIAN_POINT('',(6.022988319397,-3.430431365967,-3.622453117371));
#17954=LINE('',#17953,#17955);
#17955=VECTOR('',#17956,1.);
#17956=DIRECTION('',(-7.313706490708E-03,-0.999973254491,0.));
#17957=ORIENTED_EDGE('',*,*,#17455,.F.);
#17958=ORIENTED_EDGE('',*,*,#17959,.T.);
#17959=EDGE_CURVE('',#15665,#17952,#17960,.T.);
#17960=LINE('',#15666,#17961);
#17961=VECTOR('',#17962,1.);
#17962=DIRECTION('',(0.322698007354,-0.946501978894,0.));
#17963=PLANE('',#17964);
#17964=AXIS2_PLACEMENT_3D('',#17965,#55,#199);
#17965=CARTESIAN_POINT('',(5.661589285448,-3.740580716619,-3.622453117371));
#17966=ADVANCED_FACE('',(#17967),#17982,.T.);
#17967=FACE_BOUND('',#17968,.T.);
#17968=EDGE_LOOP('',(#17969,#17976,#17981));
#17969=ORIENTED_EDGE('',*,*,#17970,.T.);
#17970=EDGE_CURVE('',#16990,#17971,#17973,.T.);
#17971=VERTEX_POINT('',#17972);
#17972=CARTESIAN_POINT('',(2.24798822403,-5.,-1.772452735901));
#17973=LINE('',#16991,#17974);
#17974=VECTOR('',#17975,1.);
#17975=DIRECTION('',(5.381125127893E-02,-0.998551124999,0.));
#17976=ORIENTED_EDGE('',*,*,#17977,.T.);
#17977=EDGE_CURVE('',#17971,#17010,#17978,.T.);
#17978=LINE('',#17972,#17979);
#17979=VECTOR('',#17980,1.);
#17980=DIRECTION('',(0.130526658501,0.991444799987,0.));
#17981=ORIENTED_EDGE('',*,*,#17466,.F.);
#17982=PLANE('',#17983);
#17983=AXIS2_PLACEMENT_3D('',#17984,#13,#14);
#17984=CARTESIAN_POINT('',(2.202944372486,-3.840577397126,-1.772452735901));
#17985=ADVANCED_FACE('',(#17986),#17997,.T.);
#17986=FACE_BOUND('',#17987,.T.);
#17987=EDGE_LOOP('',(#17988,#17993,#17996));
#17988=ORIENTED_EDGE('',*,*,#17989,.T.);
#17989=EDGE_CURVE('',#17481,#17990,#17992,.T.);
#17990=VERTEX_POINT('',#17991);
#17991=CARTESIAN_POINT('',(2.12298822403,-2.680431365967,-3.622453117371));
#17992=LINE('',#17482,#16993);
#17993=ORIENTED_EDGE('',*,*,#17994,.T.);
#17994=EDGE_CURVE('',#17990,#16990,#17995,.T.);
#17995=LINE('',#17991,#82);
#17996=ORIENTED_EDGE('',*,*,#17485,.F.);
#17997=PLANE('',#17998);
#17998=AXIS2_PLACEMENT_3D('',#17999,#17492,#17493);
#17999=CARTESIAN_POINT('',(2.215297095691,-2.666482167885,-2.775130404138));
#18000=ADVANCED_FACE('',(#18001),#18010,.T.);
#18001=FACE_BOUND('',#18002,.T.);
#18002=EDGE_LOOP('',(#18003,#18004,#18005));
#18003=ORIENTED_EDGE('',*,*,#17498,.F.);
#18004=ORIENTED_EDGE('',*,*,#17977,.F.);
#18005=ORIENTED_EDGE('',*,*,#18006,.T.);
#18006=EDGE_CURVE('',#17971,#17499,#18007,.T.);
#18007=LINE('',#17972,#18008);
#18008=VECTOR('',#18009,1.);
#18009=DIRECTION('',(5.881113671519E-02,0.44671331012,0.892742106524));
#18010=PLANE('',#18011);
#18011=AXIS2_PLACEMENT_3D('',#18012,#18013,#18014);
#18012=CARTESIAN_POINT('',(2.282103632582,-4.740868686923,-1.469557150261));
#18013=DIRECTION('',(-0.991444799987,0.130526658501,0.));
#18014=DIRECTION('',(-0.130526658501,-0.991444799987,0.));
#18015=ADVANCED_FACE('',(#18016),#18029,.T.);
#18016=FACE_BOUND('',#18017,.T.);
#18017=EDGE_LOOP('',(#18018,#18023,#18024));
#18018=ORIENTED_EDGE('',*,*,#18019,.T.);
#18019=EDGE_CURVE('',#18020,#17042,#18022,.T.);
#18020=VERTEX_POINT('',#18021);
#18021=CARTESIAN_POINT('',(2.697988271713,-5.,-0.622453117371));
#18022=LINE('',#18021,#13160);
#18023=ORIENTED_EDGE('',*,*,#17525,.F.);
#18024=ORIENTED_EDGE('',*,*,#18025,.T.);
#18025=EDGE_CURVE('',#17499,#18020,#18026,.T.);
#18026=LINE('',#17500,#18027);
#18027=VECTOR('',#18028,1.);
#18028=DIRECTION('',(0.589798967753,-0.552542284203,0.588926312713));
#18029=PLANE('',#18030);
#18030=AXIS2_PLACEMENT_3D('',#18031,#18032,#18033);
#18031=CARTESIAN_POINT('',(2.541128318084,-4.771695344045,-0.788601333661));
#18032=DIRECTION('',(-0.661836675567,8.713277129049E-02,0.744567052079));
#18033=DIRECTION('',(0.74740966962,1.202510313547E-14,0.664363444026));
#18034=ADVANCED_FACE('',(#18035),#18044,.T.);
#18035=FACE_BOUND('',#18036,.T.);
#18036=EDGE_LOOP('',(#18037,#18038,#18039));
#18037=ORIENTED_EDGE('',*,*,#17574,.F.);
#18038=ORIENTED_EDGE('',*,*,#17546,.F.);
#18039=ORIENTED_EDGE('',*,*,#18040,.T.);
#18040=EDGE_CURVE('',#17540,#16842,#18041,.T.);
#18041=LINE('',#17541,#18042);
#18042=VECTOR('',#18043,1.);
#18043=DIRECTION('',(0.274288487166,-0.357459736017,-0.892742047254));
#18044=PLANE('',#18045);
#18045=AXIS2_PLACEMENT_3D('',#18046,#14169,#12603);
#18046=CARTESIAN_POINT('',(2.601361855757,-5.932356642134,-1.325348304537));
#18047=ADVANCED_FACE('',(#18048),#18057,.T.);
#18048=FACE_BOUND('',#18049,.T.);
#18049=EDGE_LOOP('',(#18050,#18051,#18052));
#18050=ORIENTED_EDGE('',*,*,#17539,.F.);
#18051=ORIENTED_EDGE('',*,*,#17563,.F.);
#18052=ORIENTED_EDGE('',*,*,#18053,.T.);
#18053=EDGE_CURVE('',#17559,#17540,#18054,.T.);
#18054=LINE('',#17560,#18055);
#18055=VECTOR('',#18056,1.);
#18056=DIRECTION('',(-0.426693872891,-0.686365939899,-0.58892625632));
#18057=PLANE('',#18058);
#18058=AXIS2_PLACEMENT_3D('',#18059,#18060,#18061);
#18059=CARTESIAN_POINT('',(2.639636889443,-5.519942783807,-0.788601355135));
#18060=DIRECTION('',(-0.616733881719,-0.255459147563,0.744566950023));
#18061=DIRECTION('',(0.770119634383,-1.979527652907E-13,0.637899481687));
#18062=ADVANCED_FACE('',(#18063),#18072,.T.);
#18063=FACE_BOUND('',#18064,.T.);
#18064=EDGE_LOOP('',(#18065,#18066,#18071));
#18065=ORIENTED_EDGE('',*,*,#18019,.F.);
#18066=ORIENTED_EDGE('',*,*,#18067,.T.);
#18067=EDGE_CURVE('',#18020,#17559,#18068,.T.);
#18068=LINE('',#18021,#18069);
#18069=VECTOR('',#18070,1.);
#18070=DIRECTION('',(0.130526663356,-0.991444799347,0.));
#18071=ORIENTED_EDGE('',*,*,#17558,.F.);
#18072=PLANE('',#18073);
#18073=AXIS2_PLACEMENT_3D('',#18074,#13,#14);
#18074=CARTESIAN_POINT('',(2.723507405972,-5.,-0.622453117371));
#18075=ADVANCED_FACE('',(#18076),#18087,.T.);
#18076=FACE_BOUND('',#18077,.T.);
#18077=EDGE_LOOP('',(#18078,#18083,#18086));
#18078=ORIENTED_EDGE('',*,*,#18079,.T.);
#18079=EDGE_CURVE('',#17120,#18080,#18082,.T.);
#18080=VERTEX_POINT('',#18081);
#18081=CARTESIAN_POINT('',(6.273275852203,1.400592446327,-1.072452926636));
#18082=LINE('',#17121,#15584);
#18083=ORIENTED_EDGE('',*,*,#18084,.T.);
#18084=EDGE_CURVE('',#18080,#17136,#18085,.T.);
#18085=LINE('',#18081,#54);
#18086=ORIENTED_EDGE('',*,*,#17586,.F.);
#18087=PLANE('',#18088);
#18088=AXIS2_PLACEMENT_3D('',#18089,#17593,#15585);
#18089=CARTESIAN_POINT('',(6.155711319416,1.416070129602,-1.351768885237));
#18090=ADVANCED_FACE('',(#18091),#18100,.T.);
#18091=FACE_BOUND('',#18092,.T.);
#18092=EDGE_LOOP('',(#18093,#18094,#18095));
#18093=ORIENTED_EDGE('',*,*,#17599,.F.);
#18094=ORIENTED_EDGE('',*,*,#18084,.F.);
#18095=ORIENTED_EDGE('',*,*,#18096,.T.);
#18096=EDGE_CURVE('',#18080,#17600,#18097,.T.);
#18097=LINE('',#18081,#18098);
#18098=VECTOR('',#18099,1.);
#18099=DIRECTION('',(0.439453120625,-0.182027456585,-0.879628876187));
#18100=PLANE('',#18101);
#18101=AXIS2_PLACEMENT_3D('',#18102,#6374,#14703);
#18102=CARTESIAN_POINT('',(6.38282857986,1.355214217248,-1.493136785933));
#18103=ADVANCED_FACE('',(#18104),#18115,.T.);
#18104=FACE_BOUND('',#18105,.T.);
#18105=EDGE_LOOP('',(#18106,#18109,#18110));
#18106=ORIENTED_EDGE('',*,*,#18107,.T.);
#18107=EDGE_CURVE('',#12576,#16695,#18108,.T.);
#18108=LINE('',#12577,#228);
#18109=ORIENTED_EDGE('',*,*,#17604,.F.);
#18110=ORIENTED_EDGE('',*,*,#18111,.T.);
#18111=EDGE_CURVE('',#17600,#12576,#18112,.T.);
#18112=LINE('',#17601,#18113);
#18113=VECTOR('',#18114,1.);
#18114=DIRECTION('',(0.13991713587,0.990163216389,0.));
#18115=PLANE('',#18116);
#18116=AXIS2_PLACEMENT_3D('',#18117,#13,#14);
#18117=CARTESIAN_POINT('',(6.403485054247,1.786863649149,-1.772452735901));
#18118=ADVANCED_FACE('',(#18119),#18128,.T.);
#18119=FACE_BOUND('',#18120,.T.);
#18120=EDGE_LOOP('',(#18121,#18126,#18127));
#18121=ORIENTED_EDGE('',*,*,#18122,.T.);
#18122=EDGE_CURVE('',#16710,#17990,#18123,.T.);
#18123=LINE('',#16711,#18124);
#18124=VECTOR('',#18125,1.);
#18125=DIRECTION('',(1.562484122868E-03,0.999998779321,0.));
#18126=ORIENTED_EDGE('',*,*,#17989,.F.);
#18127=ORIENTED_EDGE('',*,*,#17630,.F.);
#18128=PLANE('',#18129);
#18129=AXIS2_PLACEMENT_3D('',#18130,#55,#199);
#18130=CARTESIAN_POINT('',(2.207350364753,-4.985084379509,-3.622453117371));
#18131=ADVANCED_FACE('',(#18132),#18147,.T.);
#18132=FACE_BOUND('',#18133,.T.);
#18133=EDGE_LOOP('',(#18134,#18141,#17642,#18142));
#18134=ORIENTED_EDGE('',*,*,#18135,.T.);
#18135=EDGE_CURVE('',#18136,#17191,#18138,.T.);
#18136=VERTEX_POINT('',#18137);
#18137=CARTESIAN_POINT('',(6.772988319397,-2.680431365967,-3.622453117371));
#18138=LINE('',#18137,#18139);
#18139=VECTOR('',#18140,1.);
#18140=DIRECTION('',(-1.682098074108E-02,0.999858517295,0.));
#18141=ORIENTED_EDGE('',*,*,#17190,.F.);
#18142=ORIENTED_EDGE('',*,*,#18143,.T.);
#18143=EDGE_CURVE('',#16730,#18136,#18144,.T.);
#18144=LINE('',#16731,#18145);
#18145=VECTOR('',#18146,1.);
#18146=DIRECTION('',(7.368188910461E-03,-0.999972854528,0.));
#18147=PLANE('',#18148);
#18148=AXIS2_PLACEMENT_3D('',#18149,#55,#199);
#18149=CARTESIAN_POINT('',(6.75057100978,-0.30547272652,-3.622453117371));
#18150=ADVANCED_FACE('',(#18151),#18159,.T.);
#18151=FACE_BOUND('',#18152,.T.);
#18152=EDGE_LOOP('',(#18153,#18154,#18158));
#18153=ORIENTED_EDGE('',*,*,#18135,.F.);
#18154=ORIENTED_EDGE('',*,*,#18155,.T.);
#18155=EDGE_CURVE('',#18136,#17651,#18156,.T.);
#18156=LINE('',#18137,#18157);
#18157=VECTOR('',#14761,1.);
#18158=ORIENTED_EDGE('',*,*,#17658,.F.);
#18159=PLANE('',#18160);
#18160=AXIS2_PLACEMENT_3D('',#18161,#55,#199);
#18161=CARTESIAN_POINT('',(6.705229814019,-1.693343444302,-3.622453117371));
#18162=ADVANCED_FACE('',(#18163),#18176,.T.);
#18163=FACE_BOUND('',#18164,.T.);
#18164=EDGE_LOOP('',(#18165,#18170,#18175));
#18165=ORIENTED_EDGE('',*,*,#18166,.T.);
#18166=EDGE_CURVE('',#17651,#18167,#18169,.T.);
#18167=VERTEX_POINT('',#18168);
#18168=CARTESIAN_POINT('',(6.397988319397,-2.780912399292,-3.622453117371));
#18169=LINE('',#17652,#10951);
#18170=ORIENTED_EDGE('',*,*,#18171,.T.);
#18171=EDGE_CURVE('',#18167,#15665,#18172,.T.);
#18172=LINE('',#18168,#18173);
#18173=VECTOR('',#18174,1.);
#18174=DIRECTION('',(-0.523502298517,0.852024262241,0.));
#18175=ORIENTED_EDGE('',*,*,#17650,.F.);
#18176=PLANE('',#18177);
#18177=AXIS2_PLACEMENT_3D('',#18178,#55,#199);
#18178=CARTESIAN_POINT('',(5.799689834861,-1.710789109749,-3.622453117371));
#18179=ADVANCED_FACE('',(#18180),#18191,.T.);
#18180=FACE_BOUND('',#18181,.T.);
#18181=EDGE_LOOP('',(#18182,#18187,#18190));
#18182=ORIENTED_EDGE('',*,*,#18183,.T.);
#18183=EDGE_CURVE('',#17216,#18184,#18186,.T.);
#18184=VERTEX_POINT('',#18185);
#18185=CARTESIAN_POINT('',(6.097988128662,0.40000000596,-0.822452926636));
#18186=LINE('',#17217,#189);
#18187=ORIENTED_EDGE('',*,*,#18188,.T.);
#18188=EDGE_CURVE('',#18184,#17235,#18189,.T.);
#18189=LINE('',#18185,#228);
#18190=ORIENTED_EDGE('',*,*,#17671,.F.);
#18191=PLANE('',#18192);
#18192=AXIS2_PLACEMENT_3D('',#18193,#13,#14);
#18193=CARTESIAN_POINT('',(5.974381469244,7.639314984682E-02,-0.822452926636));
#18194=ADVANCED_FACE('',(#18195),#18204,.T.);
#18195=FACE_BOUND('',#18196,.T.);
#18196=EDGE_LOOP('',(#18197,#18198,#18203));
#18197=ORIENTED_EDGE('',*,*,#18188,.F.);
#18198=ORIENTED_EDGE('',*,*,#18199,.T.);
#18199=EDGE_CURVE('',#18184,#17683,#18200,.T.);
#18200=LINE('',#18185,#18201);
#18201=VECTOR('',#18202,1.);
#18202=DIRECTION('',(0.577350986122,0.577350211835,0.577349609612));
#18203=ORIENTED_EDGE('',*,*,#17688,.F.);
#18204=PLANE('',#18205);
#18205=AXIS2_PLACEMENT_3D('',#18206,#17695,#17696);
#18206=CARTESIAN_POINT('',(6.018759718883,0.471625905632,-0.750827101676));
#18207=ADVANCED_FACE('',(#18208),#18215,.T.);
#18208=FACE_BOUND('',#18209,.T.);
#18209=EDGE_LOOP('',(#18210,#18211,#18212));
#18210=ORIENTED_EDGE('',*,*,#17707,.F.);
#18211=ORIENTED_EDGE('',*,*,#17682,.F.);
#18212=ORIENTED_EDGE('',*,*,#18213,.T.);
#18213=EDGE_CURVE('',#17683,#17702,#18214,.T.);
#18214=LINE('',#17684,#15628);
#18215=PLANE('',#18216);
#18216=AXIS2_PLACEMENT_3D('',#18217,#13,#14);
#18217=CARTESIAN_POINT('',(5.937046769178,0.707740630542,-0.622453117371));
#18218=ADVANCED_FACE('',(#18219),#18232,.T.);
#18219=FACE_BOUND('',#18220,.T.);
#18220=EDGE_LOOP('',(#18221,#18222,#18227));
#18221=ORIENTED_EDGE('',*,*,#17701,.F.);
#18222=ORIENTED_EDGE('',*,*,#18223,.T.);
#18223=EDGE_CURVE('',#17702,#18080,#18224,.T.);
#18224=LINE('',#17703,#18225);
#18225=VECTOR('',#18226,1.);
#18226=DIRECTION('',(0.183012524634,0.683012884155,-0.707106651012));
#18227=ORIENTED_EDGE('',*,*,#18228,.T.);
#18228=EDGE_CURVE('',#18080,#17253,#18229,.T.);
#18229=LINE('',#18081,#18230);
#18230=VECTOR('',#18231,1.);
#18231=DIRECTION('',(-0.528723540521,-0.564374347702,0.633981871472));
#18232=PLANE('',#18233);
#18233=AXIS2_PLACEMENT_3D('',#18234,#18235,#18236);
#18234=CARTESIAN_POINT('',(6.127413782538,1.15825059673,-0.810908076411));
#18235=DIRECTION('',(9.26915956149E-02,0.704062446414,0.704062738435));
#18236=DIRECTION('',(8.124750872085E-14,0.707106927828,-0.707106634545));
#18237=ADVANCED_FACE('',(#18238),#18243,.T.);
#18238=FACE_BOUND('',#18239,.T.);
#18239=EDGE_LOOP('',(#18240,#18241,#18242));
#18240=ORIENTED_EDGE('',*,*,#18079,.F.);
#18241=ORIENTED_EDGE('',*,*,#17719,.F.);
#18242=ORIENTED_EDGE('',*,*,#18228,.F.);
#18243=PLANE('',#18244);
#18244=AXIS2_PLACEMENT_3D('',#18245,#18246,#18247);
#18245=CARTESIAN_POINT('',(6.016394372192,1.25879248373,-0.896833927349));
#18246=DIRECTION('',(9.269168662567E-02,0.70406239992,0.704062772946));
#18247=DIRECTION('',(-1.645211744616E-14,0.707106968506,-0.707106593867));
#18248=ADVANCED_FACE('',(#18249),#18262,.T.);
#18249=FACE_BOUND('',#18250,.T.);
#18250=EDGE_LOOP('',(#18251,#18252,#18257));
#18251=ORIENTED_EDGE('',*,*,#17734,.F.);
#18252=ORIENTED_EDGE('',*,*,#18253,.T.);
#18253=EDGE_CURVE('',#17298,#18254,#18256,.T.);
#18254=VERTEX_POINT('',#18255);
#18255=CARTESIAN_POINT('',(2.115488290787,-7.680431365967,-1.772452735901));
#18256=LINE('',#17299,#345);
#18257=ORIENTED_EDGE('',*,*,#18258,.T.);
#18258=EDGE_CURVE('',#18254,#16710,#18259,.T.);
#18259=LINE('',#18255,#18260);
#18260=VECTOR('',#18261,1.);
#18261=DIRECTION('',(0.,0.107481719755,-0.994207060887));
#18262=PLANE('',#18263);
#18263=AXIS2_PLACEMENT_3D('',#18264,#14,#13);
#18264=CARTESIAN_POINT('',(2.115488290787,-7.533126354989,-2.65014782029));
#18265=ADVANCED_FACE('',(#18266),#18280,.T.);
#18266=FACE_BOUND('',#18267,.T.);
#18267=EDGE_LOOP('',(#18268,#18274,#18279));
#18268=ORIENTED_EDGE('',*,*,#18269,.T.);
#18269=EDGE_CURVE('',#17745,#18270,#18272,.T.);
#18270=VERTEX_POINT('',#18271);
#18271=CARTESIAN_POINT('',(2.297395944595,-5.375287532806,-1.772452735901));
#18272=LINE('',#17746,#18273);
#18273=VECTOR('',#12774,1.);
#18274=ORIENTED_EDGE('',*,*,#18275,.T.);
#18275=EDGE_CURVE('',#18270,#17298,#18276,.T.);
#18276=LINE('',#18271,#18277);
#18277=VECTOR('',#18278,1.);
#18278=DIRECTION('',(-8.609021119171E-02,-0.996287345868,0.));
#18279=ORIENTED_EDGE('',*,*,#17749,.F.);
#18280=PLANE('',#18281);
#18281=AXIS2_PLACEMENT_3D('',#18282,#13,#14);
#18282=CARTESIAN_POINT('',(2.251138308906,-6.42317937342,-1.772452735901));
#18283=ADVANCED_FACE('',(#18284),#18291,.T.);
#18284=FACE_BOUND('',#18285,.T.);
#18285=EDGE_LOOP('',(#18286,#18289,#18290));
#18286=ORIENTED_EDGE('',*,*,#18287,.T.);
#18287=EDGE_CURVE('',#17540,#17745,#18288,.T.);
#18288=LINE('',#17541,#54);
#18289=ORIENTED_EDGE('',*,*,#17744,.F.);
#18290=ORIENTED_EDGE('',*,*,#18040,.F.);
#18291=PLANE('',#18292);
#18292=AXIS2_PLACEMENT_3D('',#18293,#14169,#12603);
#18293=CARTESIAN_POINT('',(2.513573065508,-5.81794805681,-1.469557167265));
#18294=ADVANCED_FACE('',(#18295),#18306,.T.);
#18295=FACE_BOUND('',#18296,.T.);
#18296=EDGE_LOOP('',(#18297,#18302,#18305));
#18297=ORIENTED_EDGE('',*,*,#18298,.T.);
#18298=EDGE_CURVE('',#17315,#18299,#18301,.T.);
#18299=VERTEX_POINT('',#18300);
#18300=CARTESIAN_POINT('',(6.923293113708,-1.025304794312,-1.772452735901));
#18301=LINE('',#17316,#13747);
#18302=ORIENTED_EDGE('',*,*,#18303,.T.);
#18303=EDGE_CURVE('',#18299,#17762,#18304,.T.);
#18304=LINE('',#18300,#82);
#18305=ORIENTED_EDGE('',*,*,#17767,.F.);
#18306=PLANE('',#18307);
#18307=AXIS2_PLACEMENT_3D('',#18308,#12603,#14169);
#18308=CARTESIAN_POINT('',(6.829218029216,-1.097491141487,-1.493136795566));
#18309=ADVANCED_FACE('',(#18310),#18319,.T.);
#18310=FACE_BOUND('',#18311,.T.);
#18311=EDGE_LOOP('',(#18312,#18313,#18318));
#18312=ORIENTED_EDGE('',*,*,#17761,.F.);
#18313=ORIENTED_EDGE('',*,*,#18314,.T.);
#18314=EDGE_CURVE('',#17762,#17798,#18315,.T.);
#18315=LINE('',#17763,#18316);
#18316=VECTOR('',#18317,1.);
#18317=DIRECTION('',(-0.500000296029,0.50000001505,0.70710656122));
#18318=ORIENTED_EDGE('',*,*,#17803,.F.);
#18319=PLANE('',#18320);
#18320=AXIS2_PLACEMENT_3D('',#18321,#18322,#18323);
#18321=CARTESIAN_POINT('',(6.704363157969,-0.973826426547,-0.89683393925));
#18322=DIRECTION('',(0.432304435416,-0.563390140648,0.704062798719));
#18323=DIRECTION('',(-1.955657857877E-13,0.780793121533,0.624789645694));
#18324=ADVANCED_FACE('',(#18325),#18338,.T.);
#18325=FACE_BOUND('',#18326,.T.);
#18326=EDGE_LOOP('',(#18327,#18328,#18333));
#18327=ORIENTED_EDGE('',*,*,#17786,.F.);
#18328=ORIENTED_EDGE('',*,*,#18329,.T.);
#18329=EDGE_CURVE('',#17780,#18330,#18332,.T.);
#18330=VERTEX_POINT('',#18331);
#18331=CARTESIAN_POINT('',(6.772988319397,-2.680431365967,-1.772452735901));
#18332=LINE('',#17781,#14274);
#18333=ORIENTED_EDGE('',*,*,#18334,.T.);
#18334=EDGE_CURVE('',#18330,#17315,#18335,.T.);
#18335=LINE('',#18331,#18336);
#18336=VECTOR('',#18337,1.);
#18337=DIRECTION('',(-0.104707049268,0.994503109012,0.));
#18338=PLANE('',#18339);
#18339=AXIS2_PLACEMENT_3D('',#18340,#13,#14);
#18340=CARTESIAN_POINT('',(6.65085363379,-2.020210335761,-1.772452735901));
#18341=ADVANCED_FACE('',(#18342),#18353,.T.);
#18342=FACE_BOUND('',#18343,.T.);
#18343=EDGE_LOOP('',(#18344,#18349,#18350));
#18344=ORIENTED_EDGE('',*,*,#18345,.T.);
#18345=EDGE_CURVE('',#18346,#16895,#18348,.T.);
#18346=VERTEX_POINT('',#18347);
#18347=CARTESIAN_POINT('',(6.397988319397,0.866025388241,-0.622453117371));
#18348=LINE('',#18347,#345);
#18349=ORIENTED_EDGE('',*,*,#17797,.F.);
#18350=ORIENTED_EDGE('',*,*,#18351,.T.);
#18351=EDGE_CURVE('',#17798,#18346,#18352,.T.);
#18352=LINE('',#17799,#15055);
#18353=PLANE('',#18354);
#18354=AXIS2_PLACEMENT_3D('',#18355,#13,#14);
#18355=CARTESIAN_POINT('',(6.45143851311,-2.213978519922E-02,-0.622453117371));
#18356=ADVANCED_FACE('',(#18357),#18368,.T.);
#18357=FACE_BOUND('',#18358,.T.);
#18358=EDGE_LOOP('',(#18359,#18364,#18367));
#18359=ORIENTED_EDGE('',*,*,#18360,.T.);
#18360=EDGE_CURVE('',#17345,#18361,#18363,.T.);
#18361=VERTEX_POINT('',#18362);
#18362=CARTESIAN_POINT('',(6.123469352722,-3.055431365967,-3.622453117371));
#18363=LINE('',#17346,#54);
#18364=ORIENTED_EDGE('',*,*,#18365,.T.);
#18365=EDGE_CURVE('',#18361,#17817,#18366,.T.);
#18366=LINE('',#18362,#17353);
#18367=ORIENTED_EDGE('',*,*,#17822,.F.);
#18368=PLANE('',#18369);
#18369=AXIS2_PLACEMENT_3D('',#18370,#17829,#17354);
#18370=CARTESIAN_POINT('',(6.154838905644,-3.014549744132,-2.743817313686));
#18371=ADVANCED_FACE('',(#18372),#18381,.T.);
#18372=FACE_BOUND('',#18373,.T.);
#18373=EDGE_LOOP('',(#18374,#18375,#18376));
#18374=ORIENTED_EDGE('',*,*,#18360,.F.);
#18375=ORIENTED_EDGE('',*,*,#17841,.F.);
#18376=ORIENTED_EDGE('',*,*,#18377,.T.);
#18377=EDGE_CURVE('',#17835,#18361,#18378,.T.);
#18378=LINE('',#17836,#18379);
#18379=VECTOR('',#18380,1.);
#18380=DIRECTION('',(4.027529783736E-02,9.723307362129E-02,-0.994446393617));
#18381=PLANE('',#18382);
#18382=AXIS2_PLACEMENT_3D('',#18383,#10996,#11045);
#18383=CARTESIAN_POINT('',(6.103749567839,-3.103039090759,-2.651088464794));
#18384=ADVANCED_FACE('',(#18385),#18392,.T.);
#18385=FACE_BOUND('',#18386,.T.);
#18386=EDGE_LOOP('',(#18387,#18388,#18391));
#18387=ORIENTED_EDGE('',*,*,#17925,.F.);
#18388=ORIENTED_EDGE('',*,*,#18389,.T.);
#18389=EDGE_CURVE('',#17921,#17835,#18390,.T.);
#18390=LINE('',#17922,#17426);
#18391=ORIENTED_EDGE('',*,*,#17834,.F.);
#18392=PLANE('',#18393);
#18393=AXIS2_PLACEMENT_3D('',#18394,#13,#14);
#18394=CARTESIAN_POINT('',(5.96996390536,-2.440437550337,-1.772452735901));
#18395=ADVANCED_FACE('',(#18396),#18405,.T.);
#18396=FACE_BOUND('',#18397,.T.);
#18397=EDGE_LOOP('',(#18398,#18401,#18404));
#18398=ORIENTED_EDGE('',*,*,#18399,.T.);
#18399=EDGE_CURVE('',#17817,#18167,#18400,.T.);
#18400=LINE('',#17818,#17368);
#18401=ORIENTED_EDGE('',*,*,#18402,.T.);
#18402=EDGE_CURVE('',#18167,#17365,#18403,.T.);
#18403=LINE('',#18168,#82);
#18404=ORIENTED_EDGE('',*,*,#17853,.F.);
#18405=PLANE('',#18406);
#18406=AXIS2_PLACEMENT_3D('',#18407,#17860,#17861);
#18407=CARTESIAN_POINT('',(6.357106631333,-2.812282017633,-2.743817388463));
#18408=ADVANCED_FACE('',(#18409),#18416,.T.);
#18409=FACE_BOUND('',#18410,.T.);
#18410=EDGE_LOOP('',(#18411,#18412,#18413));
#18411=ORIENTED_EDGE('',*,*,#17867,.F.);
#18412=ORIENTED_EDGE('',*,*,#18402,.F.);
#18413=ORIENTED_EDGE('',*,*,#18414,.T.);
#18414=EDGE_CURVE('',#18167,#17780,#18415,.T.);
#18415=LINE('',#18168,#15270);
#18416=PLANE('',#18417);
#18417=AXIS2_PLACEMENT_3D('',#18418,#9126,#10952);
#18418=CARTESIAN_POINT('',(6.44559604419,-2.761192614408,-2.651088464794));
#18419=ADVANCED_FACE('',(#18420),#18427,.T.);
#18420=FACE_BOUND('',#18421,.T.);
#18421=EDGE_LOOP('',(#18422,#18425,#18426));
#18422=ORIENTED_EDGE('',*,*,#18423,.T.);
#18423=EDGE_CURVE('',#18346,#17683,#18424,.T.);
#18424=LINE('',#18347,#15622);
#18425=ORIENTED_EDGE('',*,*,#17877,.F.);
#18426=ORIENTED_EDGE('',*,*,#18345,.F.);
#18427=PLANE('',#18428);
#18428=AXIS2_PLACEMENT_3D('',#18429,#13,#14);
#18429=CARTESIAN_POINT('',(6.372833560474,3.691932122261E-03,-0.622453117371));
#18430=ADVANCED_FACE('',(#18431),#18438,.T.);
#18431=FACE_BOUND('',#18432,.T.);
#18432=EDGE_LOOP('',(#18433,#18436,#18437));
#18433=ORIENTED_EDGE('',*,*,#18434,.T.);
#18434=EDGE_CURVE('',#17952,#17892,#18435,.T.);
#18435=LINE('',#17953,#345);
#18436=ORIENTED_EDGE('',*,*,#17891,.F.);
#18437=ORIENTED_EDGE('',*,*,#17951,.F.);
#18438=PLANE('',#18439);
#18439=AXIS2_PLACEMENT_3D('',#18440,#55,#199);
#18440=CARTESIAN_POINT('',(6.01624295707,-5.1778839525,-3.622453117371));
#18441=ADVANCED_FACE('',(#18442),#18451,.T.);
#18442=FACE_BOUND('',#18443,.T.);
#18443=EDGE_LOOP('',(#18444,#18445,#18446));
#18444=ORIENTED_EDGE('',*,*,#17908,.F.);
#18445=ORIENTED_EDGE('',*,*,#18434,.F.);
#18446=ORIENTED_EDGE('',*,*,#18447,.T.);
#18447=EDGE_CURVE('',#17952,#17423,#18448,.T.);
#18448=LINE('',#17953,#18449);
#18449=VECTOR('',#18450,1.);
#18450=DIRECTION('',(0.,-0.872280521646,0.489005819553));
#18451=PLANE('',#18452);
#18452=AXIS2_PLACEMENT_3D('',#18453,#14,#13);
#18453=CARTESIAN_POINT('',(6.022988319397,-5.422134894255,-3.039156359557));
#18454=ADVANCED_FACE('',(#18455),#18462,.T.);
#18455=FACE_BOUND('',#18456,.T.);
#18456=EDGE_LOOP('',(#18457,#18460,#18461));
#18457=ORIENTED_EDGE('',*,*,#18458,.T.);
#18458=EDGE_CURVE('',#17952,#17921,#18459,.T.);
#18459=LINE('',#17953,#82);
#18460=ORIENTED_EDGE('',*,*,#17920,.F.);
#18461=ORIENTED_EDGE('',*,*,#18447,.F.);
#18462=PLANE('',#18463);
#18463=AXIS2_PLACEMENT_3D('',#18464,#14,#13);
#18464=CARTESIAN_POINT('',(6.022988319397,-4.738728028413,-2.355749493715));
#18465=ADVANCED_FACE('',(#18466),#18471,.T.);
#18466=FACE_BOUND('',#18467,.T.);
#18467=EDGE_LOOP('',(#18468,#18469,#18470));
#18468=ORIENTED_EDGE('',*,*,#18199,.F.);
#18469=ORIENTED_EDGE('',*,*,#18183,.F.);
#18470=ORIENTED_EDGE('',*,*,#17938,.F.);
#18471=PLANE('',#18472);
#18472=AXIS2_PLACEMENT_3D('',#18473,#17945,#17946);
#18473=CARTESIAN_POINT('',(6.161385680511,0.126794935752,-0.759055525938));
#18474=ADVANCED_FACE('',(#18475),#18490,.T.);
#18475=FACE_BOUND('',#18476,.T.);
#18476=EDGE_LOOP('',(#18477,#18484,#18485));
#18477=ORIENTED_EDGE('',*,*,#18478,.T.);
#18478=EDGE_CURVE('',#18479,#17952,#18481,.T.);
#18479=VERTEX_POINT('',#18480);
#18480=CARTESIAN_POINT('',(6.048543930054,-3.236317157745,-3.622453117371));
#18481=LINE('',#18480,#18482);
#18482=VECTOR('',#18483,1.);
#18483=DIRECTION('',(-0.130526143658,-0.991444867767,0.));
#18484=ORIENTED_EDGE('',*,*,#17959,.F.);
#18485=ORIENTED_EDGE('',*,*,#18486,.T.);
#18486=EDGE_CURVE('',#15665,#18479,#18487,.T.);
#18487=LINE('',#15666,#18488);
#18488=VECTOR('',#18489,1.);
#18489=DIRECTION('',(0.351726311914,-0.936102879767,0.));
#18490=PLANE('',#18491);
#18491=AXIS2_PLACEMENT_3D('',#18492,#55,#199);
#18492=CARTESIAN_POINT('',(5.562638423096,-2.012673800133,-3.622453117371));
#18493=ADVANCED_FACE('',(#18494),#18507,.T.);
#18494=FACE_BOUND('',#18495,.T.);
#18495=EDGE_LOOP('',(#18496,#18497,#18502));
#18496=ORIENTED_EDGE('',*,*,#17970,.F.);
#18497=ORIENTED_EDGE('',*,*,#18498,.T.);
#18498=EDGE_CURVE('',#16990,#17298,#18499,.T.);
#18499=LINE('',#16991,#18500);
#18500=VECTOR('',#18501,1.);
#18501=DIRECTION('',(-1.562484122868E-03,-0.999998779321,0.));
#18502=ORIENTED_EDGE('',*,*,#18503,.T.);
#18503=EDGE_CURVE('',#17298,#17971,#18504,.T.);
#18504=LINE('',#17299,#18505);
#18505=VECTOR('',#18506,1.);
#18506=DIRECTION('',(5.334204553276E-02,0.998576299628,0.));
#18507=PLANE('',#18508);
#18508=AXIS2_PLACEMENT_3D('',#18509,#13,#14);
#18509=CARTESIAN_POINT('',(2.151417425484,-5.08042390115,-1.772452735901));
#18510=ADVANCED_FACE('',(#18511),#18524,.T.);
#18511=FACE_BOUND('',#18512,.T.);
#18512=EDGE_LOOP('',(#18513,#18518,#18519));
#18513=ORIENTED_EDGE('',*,*,#18514,.T.);
#18514=EDGE_CURVE('',#18515,#16990,#18517,.T.);
#18515=VERTEX_POINT('',#18516);
#18516=CARTESIAN_POINT('',(2.072988271713,-2.680431365967,-1.772452735901));
#18517=LINE('',#18516,#34);
#18518=ORIENTED_EDGE('',*,*,#17994,.F.);
#18519=ORIENTED_EDGE('',*,*,#18520,.T.);
#18520=EDGE_CURVE('',#17990,#18515,#18521,.T.);
#18521=LINE('',#17991,#18522);
#18522=VECTOR('',#18523,1.);
#18523=DIRECTION('',(-2.701713003429E-02,0.,0.999634970719));
#18524=PLANE('',#18525);
#18525=AXIS2_PLACEMENT_3D('',#18526,#190,#13);
#18526=CARTESIAN_POINT('',(2.110319348224,-2.680431365967,-2.685121826283));
#18527=ADVANCED_FACE('',(#18528),#18539,.T.);
#18528=FACE_BOUND('',#18529,.T.);
#18529=EDGE_LOOP('',(#18530,#18535,#18538));
#18530=ORIENTED_EDGE('',*,*,#18531,.T.);
#18531=EDGE_CURVE('',#17971,#18532,#18534,.T.);
#18532=VERTEX_POINT('',#18533);
#18533=CARTESIAN_POINT('',(2.24798822403,-5.,-1.022452735901));
#18534=LINE('',#17972,#82);
#18535=ORIENTED_EDGE('',*,*,#18536,.T.);
#18536=EDGE_CURVE('',#18532,#17499,#18537,.T.);
#18537=LINE('',#18533,#17979);
#18538=ORIENTED_EDGE('',*,*,#18006,.F.);
#18539=PLANE('',#18540);
#18540=AXIS2_PLACEMENT_3D('',#18541,#18013,#18014);
#18541=CARTESIAN_POINT('',(2.263280536043,-4.883843780271,-1.32534832154));
#18542=ADVANCED_FACE('',(#18543),#18552,.T.);
#18543=FACE_BOUND('',#18544,.T.);
#18544=EDGE_LOOP('',(#18545,#18546,#18551));
#18545=ORIENTED_EDGE('',*,*,#18536,.F.);
#18546=ORIENTED_EDGE('',*,*,#18547,.T.);
#18547=EDGE_CURVE('',#18532,#18020,#18548,.T.);
#18548=LINE('',#18533,#18549);
#18549=VECTOR('',#18550,1.);
#18550=DIRECTION('',(0.747409668249,0.,0.664363445569));
#18551=ORIENTED_EDGE('',*,*,#18025,.F.);
#18552=PLANE('',#18553);
#18553=AXIS2_PLACEMENT_3D('',#18554,#18555,#18556);
#18554=CARTESIAN_POINT('',(2.437418816569,-4.880422264925,-0.868063719188));
#18555=DIRECTION('',(-0.661836677282,8.71327682186E-02,0.744567050914));
#18556=DIRECTION('',(0.747409668249,-2.407796184656E-15,0.664363445569));
#18557=ADVANCED_FACE('',(#18558),#18571,.T.);
#18558=FACE_BOUND('',#18559,.T.);
#18559=EDGE_LOOP('',(#18560,#18567,#18570));
#18560=ORIENTED_EDGE('',*,*,#18561,.T.);
#18561=EDGE_CURVE('',#17559,#18562,#18564,.T.);
#18562=VERTEX_POINT('',#18563);
#18563=CARTESIAN_POINT('',(2.297395944595,-5.375287532806,-1.022452735901));
#18564=LINE('',#17560,#18565);
#18565=VECTOR('',#18566,1.);
#18566=DIRECTION('',(-0.721942309622,-0.193443619863,-0.664363505554));
#18567=ORIENTED_EDGE('',*,*,#18568,.T.);
#18568=EDGE_CURVE('',#18562,#17540,#18569,.T.);
#18569=LINE('',#18563,#12763);
#18570=ORIENTED_EDGE('',*,*,#18053,.F.);
#18571=PLANE('',#18572);
#18572=AXIS2_PLACEMENT_3D('',#18573,#18574,#18575);
#18573=CARTESIAN_POINT('',(2.511320749428,-5.441762610987,-0.86806371933));
#18574=DIRECTION('',(-0.616733743153,-0.255459290196,0.744567015861));
#18575=DIRECTION('',(0.770119732501,-2.300937218536E-14,0.637899363232));
#18576=ADVANCED_FACE('',(#18577),#18586,.T.);
#18577=FACE_BOUND('',#18578,.T.);
#18578=EDGE_LOOP('',(#18579,#18580,#18581));
#18579=ORIENTED_EDGE('',*,*,#18561,.F.);
#18580=ORIENTED_EDGE('',*,*,#18067,.F.);
#18581=ORIENTED_EDGE('',*,*,#18582,.T.);
#18582=EDGE_CURVE('',#18020,#18562,#18583,.T.);
#18583=LINE('',#18021,#18584);
#18584=VECTOR('',#18585,1.);
#18585=DIRECTION('',(-0.589798967753,-0.552542284203,-0.588926312713));
#18586=PLANE('',#18587);
#18587=AXIS2_PLACEMENT_3D('',#18588,#18589,#18590);
#18588=CARTESIAN_POINT('',(2.541128318084,-5.228304655955,-0.788601333661));
#18589=DIRECTION('',(-0.661836675567,-8.713277129049E-02,0.744567052079));
#18590=DIRECTION('',(0.74740966962,-1.202510313547E-14,0.664363444026));
#18591=ADVANCED_FACE('',(#18592),#18603,.T.);
#18592=FACE_BOUND('',#18593,.T.);
#18593=EDGE_LOOP('',(#18594,#18599,#18602));
#18594=ORIENTED_EDGE('',*,*,#18595,.T.);
#18595=EDGE_CURVE('',#18080,#18596,#18598,.T.);
#18596=VERTEX_POINT('',#18597);
#18597=CARTESIAN_POINT('',(6.62298822403,1.25573682785,-1.072452926636));
#18598=LINE('',#18081,#14702);
#18599=ORIENTED_EDGE('',*,*,#18600,.T.);
#18600=EDGE_CURVE('',#18596,#17600,#18601,.T.);
#18601=LINE('',#18597,#54);
#18602=ORIENTED_EDGE('',*,*,#18096,.F.);
#18603=PLANE('',#18604);
#18604=AXIS2_PLACEMENT_3D('',#18605,#6374,#14703);
#18605=CARTESIAN_POINT('',(6.513435496373,1.301115056929,-1.351768876604));
#18606=ADVANCED_FACE('',(#18607),#18620,.T.);
#18607=FACE_BOUND('',#18608,.T.);
#18608=EDGE_LOOP('',(#18609,#18610,#18615));
#18609=ORIENTED_EDGE('',*,*,#18111,.F.);
#18610=ORIENTED_EDGE('',*,*,#18611,.T.);
#18611=EDGE_CURVE('',#17600,#18612,#18614,.T.);
#18612=VERTEX_POINT('',#18613);
#18613=CARTESIAN_POINT('',(6.923293113708,1.025304794312,-1.772452735901));
#18614=LINE('',#17601,#17108);
#18615=ORIENTED_EDGE('',*,*,#18616,.T.);
#18616=EDGE_CURVE('',#18612,#12576,#18617,.T.);
#18617=LINE('',#18613,#18618);
#18618=VECTOR('',#18619,1.);
#18619=DIRECTION('',(-0.174720498868,0.98461807178,0.));
#18620=PLANE('',#18621);
#18621=AXIS2_PLACEMENT_3D('',#18622,#13,#14);
#18622=CARTESIAN_POINT('',(6.76643168049,1.521196227848,-1.772452735901));
#18623=ADVANCED_FACE('',(#18624),#18637,.T.);
#18624=FACE_BOUND('',#18625,.T.);
#18625=EDGE_LOOP('',(#18626,#18633,#18636));
#18626=ORIENTED_EDGE('',*,*,#18627,.T.);
#18627=EDGE_CURVE('',#16710,#18628,#18630,.T.);
#18628=VERTEX_POINT('',#18629);
#18629=CARTESIAN_POINT('',(2.072988271713,-2.680431365967,-3.622453117371));
#18630=LINE('',#16711,#18631);
#18631=VECTOR('',#18632,1.);
#18632=DIRECTION('',(-8.853823241645E-03,0.999960804139,0.));
#18633=ORIENTED_EDGE('',*,*,#18634,.T.);
#18634=EDGE_CURVE('',#18628,#17990,#18635,.T.);
#18635=LINE('',#18629,#34);
#18636=ORIENTED_EDGE('',*,*,#18122,.F.);
#18637=PLANE('',#18638);
#18638=AXIS2_PLACEMENT_3D('',#18639,#55,#199);
#18639=CARTESIAN_POINT('',(2.106692697267,-5.067996489966,-3.622453117371));
#18640=ADVANCED_FACE('',(#18641),#18654,.T.);
#18641=FACE_BOUND('',#18642,.T.);
#18642=EDGE_LOOP('',(#18643,#18644,#18649));
#18643=ORIENTED_EDGE('',*,*,#18143,.F.);
#18644=ORIENTED_EDGE('',*,*,#18645,.T.);
#18645=EDGE_CURVE('',#16730,#18646,#18648,.T.);
#18646=VERTEX_POINT('',#18647);
#18647=CARTESIAN_POINT('',(7.472988128662,2.069568634033,-3.622453117371));
#18648=LINE('',#16731,#34);
#18649=ORIENTED_EDGE('',*,*,#18650,.T.);
#18650=EDGE_CURVE('',#18646,#18136,#18651,.T.);
#18651=LINE('',#18647,#18652);
#18652=VECTOR('',#18653,1.);
#18653=DIRECTION('',(-0.145793750718,-0.989315006584,0.));
#18654=PLANE('',#18655);
#18655=AXIS2_PLACEMENT_3D('',#18656,#55,#199);
#18656=CARTESIAN_POINT('',(6.952031543478,-0.135729719902,-3.622453117371));
#18657=ADVANCED_FACE('',(#18658),#18669,.T.);
#18658=FACE_BOUND('',#18659,.T.);
#18659=EDGE_LOOP('',(#18660,#18661,#18664));
#18660=ORIENTED_EDGE('',*,*,#18155,.F.);
#18661=ORIENTED_EDGE('',*,*,#18662,.T.);
#18662=EDGE_CURVE('',#18136,#18330,#18663,.T.);
#18663=LINE('',#18137,#82);
#18664=ORIENTED_EDGE('',*,*,#18665,.T.);
#18665=EDGE_CURVE('',#18330,#17651,#18666,.T.);
#18666=LINE('',#18331,#18667);
#18667=VECTOR('',#18668,1.);
#18668=DIRECTION('',(-0.104343857602,-1.373712426166E-02,-0.994446404186));
#18669=PLANE('',#18670);
#18670=AXIS2_PLACEMENT_3D('',#18671,#14760,#14761);
#18671=CARTESIAN_POINT('',(6.721898981365,-2.687157402373,-2.743817346457));
#18672=ADVANCED_FACE('',(#18673),#18682,.T.);
#18673=FACE_BOUND('',#18674,.T.);
#18674=EDGE_LOOP('',(#18675,#18676,#18681));
#18675=ORIENTED_EDGE('',*,*,#18399,.F.);
#18676=ORIENTED_EDGE('',*,*,#18677,.T.);
#18677=EDGE_CURVE('',#17817,#15665,#18678,.T.);
#18678=LINE('',#17818,#18679);
#18679=VECTOR('',#18680,1.);
#18680=DIRECTION('',(-0.45788610604,0.889010862642,0.));
#18681=ORIENTED_EDGE('',*,*,#18171,.F.);
#18682=PLANE('',#18683);
#18683=AXIS2_PLACEMENT_3D('',#18684,#55,#199);
#18684=CARTESIAN_POINT('',(5.712084993625,-1.761459994804,-3.622453117371));
#18685=ADVANCED_FACE('',(#18686),#18693,.T.);
#18686=FACE_BOUND('',#18687,.T.);
#18687=EDGE_LOOP('',(#18688,#18689,#18692));
#18688=ORIENTED_EDGE('',*,*,#18166,.F.);
#18689=ORIENTED_EDGE('',*,*,#18690,.T.);
#18690=EDGE_CURVE('',#17651,#17780,#18691,.T.);
#18691=LINE('',#17652,#82);
#18692=ORIENTED_EDGE('',*,*,#18414,.F.);
#18693=PLANE('',#18694);
#18694=AXIS2_PLACEMENT_3D('',#18695,#9126,#10952);
#18695=CARTESIAN_POINT('',(6.531266386383,-2.725706761507,-2.743817388478));
#18696=ADVANCED_FACE('',(#18697),#18704,.T.);
#18697=FACE_BOUND('',#18698,.T.);
#18698=EDGE_LOOP('',(#18699,#18702,#18703));
#18699=ORIENTED_EDGE('',*,*,#18700,.T.);
#18700=EDGE_CURVE('',#18346,#17702,#18701,.T.);
#18701=LINE('',#18347,#15218);
#18702=ORIENTED_EDGE('',*,*,#18213,.F.);
#18703=ORIENTED_EDGE('',*,*,#18423,.F.);
#18704=PLANE('',#18705);
#18705=AXIS2_PLACEMENT_3D('',#18706,#13,#14);
#18706=CARTESIAN_POINT('',(6.277878947434,0.804859584456,-0.622453117371));
#18707=ADVANCED_FACE('',(#18708),#18717,.T.);
#18708=FACE_BOUND('',#18709,.T.);
#18709=EDGE_LOOP('',(#18710,#18711,#18712));
#18710=ORIENTED_EDGE('',*,*,#18223,.F.);
#18711=ORIENTED_EDGE('',*,*,#18700,.F.);
#18712=ORIENTED_EDGE('',*,*,#18713,.T.);
#18713=EDGE_CURVE('',#18346,#18080,#18714,.T.);
#18714=LINE('',#18347,#18715);
#18715=VECTOR('',#18716,1.);
#18716=DIRECTION('',(-0.175701042472,0.753124298562,-0.633981809352));
#18717=PLANE('',#18718);
#18718=AXIS2_PLACEMENT_3D('',#18719,#18720,#18721);
#18719=CARTESIAN_POINT('',(6.278425308968,1.117787190944,-0.810908091168));
#18720=DIRECTION('',(0.271758034915,0.656081762446,0.7040627042));
#18721=DIRECTION('',(-1.552924455694E-13,0.731595867191,-0.681738576808));
#18722=ADVANCED_FACE('',(#18723),#18734,.T.);
#18723=FACE_BOUND('',#18724,.T.);
#18724=EDGE_LOOP('',(#18725,#18730,#18731));
#18725=ORIENTED_EDGE('',*,*,#18726,.T.);
#18726=EDGE_CURVE('',#18515,#18254,#18727,.T.);
#18727=LINE('',#18516,#18728);
#18728=VECTOR('',#18729,1.);
#18729=DIRECTION('',(8.499696768422E-03,-0.999963876925,0.));
#18730=ORIENTED_EDGE('',*,*,#18253,.F.);
#18731=ORIENTED_EDGE('',*,*,#18732,.T.);
#18732=EDGE_CURVE('',#17298,#18515,#18733,.T.);
#18733=LINE('',#17299,#18631);
#18734=PLANE('',#18735);
#18735=AXIS2_PLACEMENT_3D('',#18736,#13,#14);
#18736=CARTESIAN_POINT('',(2.094663265363,-5.180429484563,-1.772452735901));
#18737=ADVANCED_FACE('',(#18738),#18749,.T.);
#18738=FACE_BOUND('',#18739,.T.);
#18739=EDGE_LOOP('',(#18740,#18745,#18748));
#18740=ORIENTED_EDGE('',*,*,#18741,.T.);
#18741=EDGE_CURVE('',#18254,#18742,#18744,.T.);
#18742=VERTEX_POINT('',#18743);
#18743=CARTESIAN_POINT('',(2.115488290787,-7.680431365967,-3.622453117371));
#18744=LINE('',#18255,#54);
#18745=ORIENTED_EDGE('',*,*,#18746,.T.);
#18746=EDGE_CURVE('',#18742,#16710,#18747,.T.);
#18747=LINE('',#18743,#189);
#18748=ORIENTED_EDGE('',*,*,#18258,.F.);
#18749=PLANE('',#18750);
#18750=AXIS2_PLACEMENT_3D('',#18751,#14,#13);
#18751=CARTESIAN_POINT('',(2.115488290787,-7.62773656768,-2.744758032981));
#18752=ADVANCED_FACE('',(#18753),#18762,.T.);
#18753=FACE_BOUND('',#18754,.T.);
#18754=EDGE_LOOP('',(#18755,#18760,#18761));
#18755=ORIENTED_EDGE('',*,*,#18756,.T.);
#18756=EDGE_CURVE('',#18270,#17971,#18757,.T.);
#18757=LINE('',#18271,#18758);
#18758=VECTOR('',#18759,1.);
#18759=DIRECTION('',(-0.130526658501,0.991444799987,0.));
#18760=ORIENTED_EDGE('',*,*,#18503,.F.);
#18761=ORIENTED_EDGE('',*,*,#18275,.F.);
#18762=PLANE('',#18763);
#18763=AXIS2_PLACEMENT_3D('',#18764,#13,#14);
#18764=CARTESIAN_POINT('',(2.199149102702,-6.239826552815,-1.772452735901));
#18765=ADVANCED_FACE('',(#18766),#18777,.T.);
#18766=FACE_BOUND('',#18767,.T.);
#18767=EDGE_LOOP('',(#18768,#18771,#18772));
#18768=ORIENTED_EDGE('',*,*,#18769,.T.);
#18769=EDGE_CURVE('',#18562,#18270,#18770,.T.);
#18770=LINE('',#18563,#54);
#18771=ORIENTED_EDGE('',*,*,#18269,.F.);
#18772=ORIENTED_EDGE('',*,*,#18773,.T.);
#18773=EDGE_CURVE('',#17745,#18562,#18774,.T.);
#18774=LINE('',#17746,#18775);
#18775=VECTOR('',#18776,1.);
#18776=DIRECTION('',(-0.172424804311,0.416270611623,0.892742104282));
#18777=PLANE('',#18778);
#18778=AXIS2_PLACEMENT_3D('',#18779,#14151,#12764);
#18779=CARTESIAN_POINT('',(2.342230546778,-5.483527918215,-1.469557150905));
#18780=ADVANCED_FACE('',(#18781),#18786,.T.);
#18781=FACE_BOUND('',#18782,.T.);
#18782=EDGE_LOOP('',(#18783,#18784,#18785));
#18783=ORIENTED_EDGE('',*,*,#18287,.F.);
#18784=ORIENTED_EDGE('',*,*,#18568,.F.);
#18785=ORIENTED_EDGE('',*,*,#18773,.F.);
#18786=PLANE('',#18787);
#18787=AXIS2_PLACEMENT_3D('',#18788,#14151,#12764);
#18788=CARTESIAN_POINT('',(2.39741684168,-5.616759519224,-1.325348320897));
#18789=ADVANCED_FACE('',(#18790),#18803,.T.);
#18790=FACE_BOUND('',#18791,.T.);
#18791=EDGE_LOOP('',(#18792,#18793,#18798));
#18792=ORIENTED_EDGE('',*,*,#18303,.F.);
#18793=ORIENTED_EDGE('',*,*,#18794,.T.);
#18794=EDGE_CURVE('',#18299,#18795,#18797,.T.);
#18795=VERTEX_POINT('',#18796);
#18796=CARTESIAN_POINT('',(7.153725147247,-0.725000023842,-1.772452735901));
#18797=LINE('',#18300,#14398);
#18798=ORIENTED_EDGE('',*,*,#18799,.T.);
#18799=EDGE_CURVE('',#18795,#17762,#18800,.T.);
#18800=LINE('',#18796,#18801);
#18801=VECTOR('',#18802,1.);
#18802=DIRECTION('',(-0.289563897835,-0.377366890098,0.879628887275));
#18803=PLANE('',#18804);
#18804=AXIS2_PLACEMENT_3D('',#18805,#18806,#14399);
#18805=CARTESIAN_POINT('',(6.99547945768,-0.931229751339,-1.493136783169));
#18806=DIRECTION('',(0.793353240083,-0.608761559602,0.));
#18807=ADVANCED_FACE('',(#18808),#18817,.T.);
#18808=FACE_BOUND('',#18809,.T.);
#18809=EDGE_LOOP('',(#18810,#18811,#18812));
#18810=ORIENTED_EDGE('',*,*,#18298,.F.);
#18811=ORIENTED_EDGE('',*,*,#18334,.F.);
#18812=ORIENTED_EDGE('',*,*,#18813,.T.);
#18813=EDGE_CURVE('',#18330,#18299,#18814,.T.);
#18814=LINE('',#18331,#18815);
#18815=VECTOR('',#18816,1.);
#18816=DIRECTION('',(9.043951101725E-02,0.995901950418,0.));
#18817=PLANE('',#18818);
#18818=AXIS2_PLACEMENT_3D('',#18819,#13,#14);
#18819=CARTESIAN_POINT('',(6.778031024512,-1.822754034672,-1.772452735901));
#18820=ADVANCED_FACE('',(#18821),#18834,.T.);
#18821=FACE_BOUND('',#18822,.T.);
#18822=EDGE_LOOP('',(#18823,#18828,#18829));
#18823=ORIENTED_EDGE('',*,*,#18824,.T.);
#18824=EDGE_CURVE('',#18825,#17798,#18827,.T.);
#18825=VERTEX_POINT('',#18826);
#18826=CARTESIAN_POINT('',(6.764013767242,-0.5,-0.622453117371));
#18827=LINE('',#18826,#15025);
#18828=ORIENTED_EDGE('',*,*,#18314,.F.);
#18829=ORIENTED_EDGE('',*,*,#18830,.T.);
#18830=EDGE_CURVE('',#17762,#18825,#18831,.T.);
#18831=LINE('',#17763,#18832);
#18832=VECTOR('',#18833,1.);
#18833=DIRECTION('',(-0.224400580624,0.74007524179,0.633981873483));
#18834=PLANE('',#18835);
#18835=AXIS2_PLACEMENT_3D('',#18836,#18837,#18838);
#18836=CARTESIAN_POINT('',(6.786349961332,-0.777813572862,-0.810908069517));
#18837=DIRECTION('',(0.563389759066,-0.432304831346,0.704062860954));
#18838=DIRECTION('',(0.78079335491,-1.171562846736E-13,-0.624789354046));
#18839=ADVANCED_FACE('',(#18840),#18845,.T.);
#18840=FACE_BOUND('',#18841,.T.);
#18841=EDGE_LOOP('',(#18842,#18843,#18844));
#18842=ORIENTED_EDGE('',*,*,#18329,.F.);
#18843=ORIENTED_EDGE('',*,*,#18690,.F.);
#18844=ORIENTED_EDGE('',*,*,#18665,.F.);
#18845=PLANE('',#18846);
#18846=AXIS2_PLACEMENT_3D('',#18847,#14760,#14761);
#18847=CARTESIAN_POINT('',(6.629963449208,-2.699260940217,-2.651088506815));
#18848=ADVANCED_FACE('',(#18849),#18860,.T.);
#18849=FACE_BOUND('',#18850,.T.);
#18850=EDGE_LOOP('',(#18851,#18856,#18857));
#18851=ORIENTED_EDGE('',*,*,#18852,.T.);
#18852=EDGE_CURVE('',#18853,#18346,#18855,.T.);
#18853=VERTEX_POINT('',#18854);
#18854=CARTESIAN_POINT('',(6.605094909668,0.707106769085,-0.622453117371));
#18855=LINE('',#18854,#14543);
#18856=ORIENTED_EDGE('',*,*,#18351,.F.);
#18857=ORIENTED_EDGE('',*,*,#18858,.T.);
#18858=EDGE_CURVE('',#17798,#18853,#18859,.T.);
#18859=LINE('',#17799,#189);
#18860=PLANE('',#18861);
#18861=AXIS2_PLACEMENT_3D('',#18862,#13,#14);
#18862=CARTESIAN_POINT('',(6.546436682321,0.101599094777,-0.622453117371));
#18863=ADVANCED_FACE('',(#18864),#18873,.T.);
#18864=FACE_BOUND('',#18865,.T.);
#18865=EDGE_LOOP('',(#18866,#18867,#18872));
#18866=ORIENTED_EDGE('',*,*,#18365,.F.);
#18867=ORIENTED_EDGE('',*,*,#18868,.T.);
#18868=EDGE_CURVE('',#18361,#15665,#18869,.T.);
#18869=LINE('',#18362,#18870);
#18870=VECTOR('',#18871,1.);
#18871=DIRECTION('',(-0.398066910272,0.917356383826,0.));
#18872=ORIENTED_EDGE('',*,*,#18677,.F.);
#18873=PLANE('',#18874);
#18874=AXIS2_PLACEMENT_3D('',#18875,#55,#199);
#18875=CARTESIAN_POINT('',(5.640211242493,-1.832153303235,-3.622453117371));
#18876=ADVANCED_FACE('',(#18877),#18886,.T.);
#18877=FACE_BOUND('',#18878,.T.);
#18878=EDGE_LOOP('',(#18879,#18882,#18885));
#18879=ORIENTED_EDGE('',*,*,#18880,.T.);
#18880=EDGE_CURVE('',#17835,#18479,#18881,.T.);
#18881=LINE('',#17836,#54);
#18882=ORIENTED_EDGE('',*,*,#18883,.T.);
#18883=EDGE_CURVE('',#18479,#18361,#18884,.T.);
#18884=LINE('',#18480,#11044);
#18885=ORIENTED_EDGE('',*,*,#18377,.F.);
#18886=PLANE('',#18887);
#18887=AXIS2_PLACEMENT_3D('',#18888,#10996,#11045);
#18888=CARTESIAN_POINT('',(6.068263714937,-3.188709432953,-2.743817388478));
#18889=ADVANCED_FACE('',(#18890),#18899,.T.);
#18890=FACE_BOUND('',#18891,.T.);
#18891=EDGE_LOOP('',(#18892,#18893,#18894));
#18892=ORIENTED_EDGE('',*,*,#18880,.F.);
#18893=ORIENTED_EDGE('',*,*,#18389,.F.);
#18894=ORIENTED_EDGE('',*,*,#18895,.T.);
#18895=EDGE_CURVE('',#17921,#18479,#18896,.T.);
#18896=LINE('',#17922,#18897);
#18897=VECTOR('',#18898,1.);
#18898=DIRECTION('',(1.373712426166E-02,0.104343857602,-0.994446404186));
#18899=PLANE('',#18900);
#18900=AXIS2_PLACEMENT_3D('',#18901,#17903,#17427);
#18901=CARTESIAN_POINT('',(6.041817893648,-3.287406495777,-2.651088506815));
#18902=ADVANCED_FACE('',(#18903),#18908,.T.);
#18903=FACE_BOUND('',#18904,.T.);
#18904=EDGE_LOOP('',(#18905,#18906,#18907));
#18905=ORIENTED_EDGE('',*,*,#18458,.F.);
#18906=ORIENTED_EDGE('',*,*,#18478,.F.);
#18907=ORIENTED_EDGE('',*,*,#18895,.F.);
#18908=PLANE('',#18909);
#18909=AXIS2_PLACEMENT_3D('',#18910,#17903,#17427);
#18910=CARTESIAN_POINT('',(6.029714355803,-3.379342027935,-2.743817346457));
#18911=ADVANCED_FACE('',(#18912),#18917,.T.);
#18912=FACE_BOUND('',#18913,.T.);
#18913=EDGE_LOOP('',(#18914,#18915,#18916));
#18914=ORIENTED_EDGE('',*,*,#18883,.F.);
#18915=ORIENTED_EDGE('',*,*,#18486,.F.);
#18916=ORIENTED_EDGE('',*,*,#18868,.F.);
#18917=PLANE('',#18918);
#18918=AXIS2_PLACEMENT_3D('',#18919,#55,#199);
#18919=CARTESIAN_POINT('',(5.589228433879,-1.917858132324,-3.622453117371));
#18920=ADVANCED_FACE('',(#18921),#18926,.T.);
#18921=FACE_BOUND('',#18922,.T.);
#18922=EDGE_LOOP('',(#18923,#18924,#18925));
#18923=ORIENTED_EDGE('',*,*,#18514,.F.);
#18924=ORIENTED_EDGE('',*,*,#18732,.F.);
#18925=ORIENTED_EDGE('',*,*,#18498,.F.);
#18926=PLANE('',#18927);
#18927=AXIS2_PLACEMENT_3D('',#18928,#13,#14);
#18928=CARTESIAN_POINT('',(2.106692697267,-5.067996489966,-1.772452735901));
#18929=ADVANCED_FACE('',(#18930),#18937,.T.);
#18930=FACE_BOUND('',#18931,.T.);
#18931=EDGE_LOOP('',(#18932,#18933,#18936));
#18932=ORIENTED_EDGE('',*,*,#18634,.F.);
#18933=ORIENTED_EDGE('',*,*,#18934,.T.);
#18934=EDGE_CURVE('',#18628,#18515,#18935,.T.);
#18935=LINE('',#18629,#82);
#18936=ORIENTED_EDGE('',*,*,#18520,.F.);
#18937=PLANE('',#18938);
#18938=AXIS2_PLACEMENT_3D('',#18939,#190,#13);
#18939=CARTESIAN_POINT('',(2.085657147518,-2.680431365967,-2.709784026989));
#18940=ADVANCED_FACE('',(#18941),#18950,.T.);
#18941=FACE_BOUND('',#18942,.T.);
#18942=EDGE_LOOP('',(#18943,#18944,#18945));
#18943=ORIENTED_EDGE('',*,*,#18531,.F.);
#18944=ORIENTED_EDGE('',*,*,#18756,.F.);
#18945=ORIENTED_EDGE('',*,*,#18946,.T.);
#18946=EDGE_CURVE('',#18270,#18532,#18947,.T.);
#18947=LINE('',#18271,#18948);
#18948=VECTOR('',#18949,1.);
#18949=DIRECTION('',(-5.881113671519E-02,0.44671331012,0.892742106524));
#18950=PLANE('',#18951);
#18951=AXIS2_PLACEMENT_3D('',#18952,#18953,#18954);
#18952=CARTESIAN_POINT('',(2.263280536043,-5.116156219729,-1.469557150261));
#18953=DIRECTION('',(-0.991444799987,-0.130526658501,0.));
#18954=DIRECTION('',(0.130526658501,-0.991444799987,0.));
#18955=ADVANCED_FACE('',(#18956),#18964,.T.);
#18956=FACE_BOUND('',#18957,.T.);
#18957=EDGE_LOOP('',(#18958,#18959,#18963));
#18958=ORIENTED_EDGE('',*,*,#18547,.F.);
#18959=ORIENTED_EDGE('',*,*,#18960,.T.);
#18960=EDGE_CURVE('',#18532,#18562,#18961,.T.);
#18961=LINE('',#18533,#18962);
#18962=VECTOR('',#18954,1.);
#18963=ORIENTED_EDGE('',*,*,#18582,.F.);
#18964=PLANE('',#18965);
#18965=AXIS2_PLACEMENT_3D('',#18966,#18967,#18968);
#18966=CARTESIAN_POINT('',(2.437418816569,-5.119577735075,-0.868063719188));
#18967=DIRECTION('',(-0.661836677282,-8.71327682186E-02,0.744567050914));
#18968=DIRECTION('',(0.747409668249,2.407796184656E-15,0.664363445569));
#18969=ADVANCED_FACE('',(#18970),#18979,.T.);
#18970=FACE_BOUND('',#18971,.T.);
#18971=EDGE_LOOP('',(#18972,#18973,#18974));
#18972=ORIENTED_EDGE('',*,*,#18611,.F.);
#18973=ORIENTED_EDGE('',*,*,#18600,.F.);
#18974=ORIENTED_EDGE('',*,*,#18975,.T.);
#18975=EDGE_CURVE('',#18596,#18612,#18976,.T.);
#18976=LINE('',#18597,#18977);
#18977=VECTOR('',#18978,1.);
#18978=DIRECTION('',(0.377367018566,-0.289563881466,-0.87962883755));
#18979=PLANE('',#18980);
#18980=AXIS2_PLACEMENT_3D('',#18981,#12829,#12830);
#18981=CARTESIAN_POINT('',(6.717063308522,1.183550480675,-1.493136795566));
#18982=ADVANCED_FACE('',(#18983),#18992,.T.);
#18983=FACE_BOUND('',#18984,.T.);
#18984=EDGE_LOOP('',(#18985,#18990,#18991));
#18985=ORIENTED_EDGE('',*,*,#18986,.T.);
#18986=EDGE_CURVE('',#18346,#18596,#18987,.T.);
#18987=LINE('',#18347,#18988);
#18988=VECTOR('',#18989,1.);
#18989=DIRECTION('',(0.353553331708,0.612372605684,-0.707106663415));
#18990=ORIENTED_EDGE('',*,*,#18595,.F.);
#18991=ORIENTED_EDGE('',*,*,#18713,.F.);
#18992=PLANE('',#18993);
#18993=AXIS2_PLACEMENT_3D('',#18994,#18995,#18996);
#18994=CARTESIAN_POINT('',(6.424841822345,1.149349297283,-0.896833933856));
#18995=DIRECTION('',(0.271757985965,0.656081764959,0.704062720752));
#18996=DIRECTION('',(-7.466249840604E-15,0.731595873883,-0.681738569628));
#18997=ADVANCED_FACE('',(#18998),#19012,.T.);
#18998=FACE_BOUND('',#18999,.T.);
#18999=EDGE_LOOP('',(#19000,#19001,#19007));
#19000=ORIENTED_EDGE('',*,*,#18616,.F.);
#19001=ORIENTED_EDGE('',*,*,#19002,.T.);
#19002=EDGE_CURVE('',#18612,#19003,#19005,.T.);
#19003=VERTEX_POINT('',#19004);
#19004=CARTESIAN_POINT('',(7.153725147247,0.725000023842,-1.772452735901));
#19005=LINE('',#18613,#19006);
#19006=VECTOR('',#13071,1.);
#19007=ORIENTED_EDGE('',*,*,#19008,.T.);
#19008=EDGE_CURVE('',#19003,#12576,#19009,.T.);
#19009=LINE('',#19004,#19010);
#19010=VECTOR('',#19011,1.);
#19011=DIRECTION('',(-0.295398848506,0.955374021157,0.));
#19012=PLANE('',#19013);
#19013=AXIS2_PLACEMENT_3D('',#19014,#13,#14);
#19014=CARTESIAN_POINT('',(6.915249079293,1.383796705488,-1.772452735901));
#19015=ADVANCED_FACE('',(#19016),#19031,.T.);
#19016=FACE_BOUND('',#19017,.T.);
#19017=EDGE_LOOP('',(#19018,#19025,#19026));
#19018=ORIENTED_EDGE('',*,*,#19019,.T.);
#19019=EDGE_CURVE('',#19020,#18628,#19022,.T.);
#19020=VERTEX_POINT('',#19021);
#19021=CARTESIAN_POINT('',(1.372988343239,-7.680431365967,-3.622453117371));
#19022=LINE('',#19021,#19023);
#19023=VECTOR('',#19024,1.);
#19024=DIRECTION('',(0.13864783064,0.99034174862,0.));
#19025=ORIENTED_EDGE('',*,*,#18627,.F.);
#19026=ORIENTED_EDGE('',*,*,#19027,.T.);
#19027=EDGE_CURVE('',#16710,#19020,#19028,.T.);
#19028=LINE('',#16711,#19029);
#19029=VECTOR('',#19030,1.);
#19030=DIRECTION('',(-0.96558441898,-0.260089849519,0.));
#19031=PLANE('',#19032);
#19032=AXIS2_PLACEMENT_3D('',#19033,#55,#199);
#19033=CARTESIAN_POINT('',(1.892363398367,-5.309034395648,-3.622453117371));
#19034=ADVANCED_FACE('',(#19035),#19048,.T.);
#19035=FACE_BOUND('',#19036,.T.);
#19036=EDGE_LOOP('',(#19037,#19042,#19043));
#19037=ORIENTED_EDGE('',*,*,#19038,.T.);
#19038=EDGE_CURVE('',#19039,#18646,#19041,.T.);
#19039=VERTEX_POINT('',#19040);
#19040=CARTESIAN_POINT('',(7.472988128662,2.069568634033,-1.772452735901));
#19041=LINE('',#19040,#54);
#19042=ORIENTED_EDGE('',*,*,#18645,.F.);
#19043=ORIENTED_EDGE('',*,*,#19044,.T.);
#19044=EDGE_CURVE('',#16730,#19039,#19045,.T.);
#19045=LINE('',#16731,#19046);
#19046=VECTOR('',#19047,1.);
#19047=DIRECTION('',(0.369224166816,0.,0.929340365334));
#19048=PLANE('',#19049);
#19049=AXIS2_PLACEMENT_3D('',#19050,#190,#13);
#19050=CARTESIAN_POINT('',(7.254073393303,2.069568634033,-2.846038019615));
#19051=ADVANCED_FACE('',(#19052),#19063,.T.);
#19052=FACE_BOUND('',#19053,.T.);
#19053=EDGE_LOOP('',(#19054,#19059,#19060));
#19054=ORIENTED_EDGE('',*,*,#19055,.T.);
#19055=EDGE_CURVE('',#19056,#18136,#19058,.T.);
#19056=VERTEX_POINT('',#19057);
#19057=CARTESIAN_POINT('',(7.472988128662,-2.680431365967,-3.622453117371));
#19058=LINE('',#19057,#228);
#19059=ORIENTED_EDGE('',*,*,#18650,.F.);
#19060=ORIENTED_EDGE('',*,*,#19061,.T.);
#19061=EDGE_CURVE('',#18646,#19056,#19062,.T.);
#19062=LINE('',#18647,#345);
#19063=PLANE('',#19064);
#19064=AXIS2_PLACEMENT_3D('',#19065,#55,#199);
#19065=CARTESIAN_POINT('',(7.285162706604,-0.467605848541,-3.622453117371));
#19066=ADVANCED_FACE('',(#19067),#19080,.T.);
#19067=FACE_BOUND('',#19068,.T.);
#19068=EDGE_LOOP('',(#19069,#19074,#19075));
#19069=ORIENTED_EDGE('',*,*,#19070,.T.);
#19070=EDGE_CURVE('',#19071,#18330,#19073,.T.);
#19071=VERTEX_POINT('',#19072);
#19072=CARTESIAN_POINT('',(7.472988128662,-2.680431365967,-1.772452735901));
#19073=LINE('',#19072,#228);
#19074=ORIENTED_EDGE('',*,*,#18662,.F.);
#19075=ORIENTED_EDGE('',*,*,#19076,.T.);
#19076=EDGE_CURVE('',#18136,#19071,#19077,.T.);
#19077=LINE('',#18137,#19078);
#19078=VECTOR('',#19079,1.);
#19079=DIRECTION('',(0.353891949231,0.,0.935286313526));
#19080=PLANE('',#19081);
#19081=AXIS2_PLACEMENT_3D('',#19082,#64,#55);
#19082=CARTESIAN_POINT('',(6.979989259788,-2.680431365967,-2.554453962394));
#19083=ADVANCED_FACE('',(#19084),#19097,.T.);
#19084=FACE_BOUND('',#19085,.T.);
#19085=EDGE_LOOP('',(#19086,#19093,#19096));
#19086=ORIENTED_EDGE('',*,*,#19087,.T.);
#19087=EDGE_CURVE('',#18515,#19088,#19090,.T.);
#19088=VERTEX_POINT('',#19089);
#19089=CARTESIAN_POINT('',(1.372988343239,-7.680431365967,-1.772452735901));
#19090=LINE('',#18516,#19091);
#19091=VECTOR('',#19092,1.);
#19092=DIRECTION('',(-0.13864783064,-0.99034174862,0.));
#19093=ORIENTED_EDGE('',*,*,#19094,.T.);
#19094=EDGE_CURVE('',#19088,#18254,#19095,.T.);
#19095=LINE('',#19089,#34);
#19096=ORIENTED_EDGE('',*,*,#18726,.F.);
#19097=PLANE('',#19098);
#19098=AXIS2_PLACEMENT_3D('',#19099,#13,#14);
#19099=CARTESIAN_POINT('',(1.896467896181,-5.352442644348,-1.772452735901));
#19100=ADVANCED_FACE('',(#19101),#19108,.T.);
#19101=FACE_BOUND('',#19102,.T.);
#19102=EDGE_LOOP('',(#19103,#19104,#19107));
#19103=ORIENTED_EDGE('',*,*,#18746,.F.);
#19104=ORIENTED_EDGE('',*,*,#19105,.T.);
#19105=EDGE_CURVE('',#18742,#19020,#19106,.T.);
#19106=LINE('',#18743,#228);
#19107=ORIENTED_EDGE('',*,*,#19027,.F.);
#19108=PLANE('',#19109);
#19109=AXIS2_PLACEMENT_3D('',#19110,#55,#199);
#19110=CARTESIAN_POINT('',(1.787622181031,-7.623815325352,-3.622453117371));
#19111=ADVANCED_FACE('',(#19112),#19121,.T.);
#19112=FACE_BOUND('',#19113,.T.);
#19113=EDGE_LOOP('',(#19114,#19115,#19116));
#19114=ORIENTED_EDGE('',*,*,#18741,.F.);
#19115=ORIENTED_EDGE('',*,*,#19094,.F.);
#19116=ORIENTED_EDGE('',*,*,#19117,.T.);
#19117=EDGE_CURVE('',#19088,#18742,#19118,.T.);
#19118=LINE('',#19089,#19119);
#19119=VECTOR('',#19120,1.);
#19120=DIRECTION('',(0.37247146765,0.,-0.928043644333));
#19121=PLANE('',#19122);
#19122=AXIS2_PLACEMENT_3D('',#19123,#64,#55);
#19123=CARTESIAN_POINT('',(1.89400311396,-7.680431365967,-2.547688129689));
#19124=ADVANCED_FACE('',(#19125),#19130,.T.);
#19125=FACE_BOUND('',#19126,.T.);
#19126=EDGE_LOOP('',(#19127,#19128,#19129));
#19127=ORIENTED_EDGE('',*,*,#18769,.F.);
#19128=ORIENTED_EDGE('',*,*,#18960,.F.);
#19129=ORIENTED_EDGE('',*,*,#18946,.F.);
#19130=PLANE('',#19131);
#19131=AXIS2_PLACEMENT_3D('',#19132,#18953,#18954);
#19132=CARTESIAN_POINT('',(2.282103632582,-5.259131313077,-1.32534832154));
#19133=ADVANCED_FACE('',(#19134),#19143,.T.);
#19134=FACE_BOUND('',#19135,.T.);
#19135=EDGE_LOOP('',(#19136,#19137,#19138));
#19136=ORIENTED_EDGE('',*,*,#18794,.F.);
#19137=ORIENTED_EDGE('',*,*,#18813,.F.);
#19138=ORIENTED_EDGE('',*,*,#19139,.T.);
#19139=EDGE_CURVE('',#18330,#18795,#19140,.T.);
#19140=LINE('',#18331,#19141);
#19141=VECTOR('',#19142,1.);
#19142=DIRECTION('',(0.191118297976,0.981567010539,0.));
#19143=PLANE('',#19144);
#19144=AXIS2_PLACEMENT_3D('',#19145,#13,#14);
#19145=CARTESIAN_POINT('',(6.922927724673,-1.686916938929,-1.772452735901));
#19146=ADVANCED_FACE('',(#19147),#19159,.T.);
#19147=FACE_BOUND('',#19148,.T.);
#19148=EDGE_LOOP('',(#19149,#19154,#19158));
#19149=ORIENTED_EDGE('',*,*,#19150,.T.);
#19150=EDGE_CURVE('',#18795,#19151,#19153,.T.);
#19151=VERTEX_POINT('',#19152);
#19152=CARTESIAN_POINT('',(7.153725147247,-0.725000023842,-1.072452926636));
#19153=LINE('',#18796,#82);
#19154=ORIENTED_EDGE('',*,*,#19155,.T.);
#19155=EDGE_CURVE('',#19151,#17762,#19156,.T.);
#19156=LINE('',#19152,#19157);
#19157=VECTOR('',#14896,1.);
#19158=ORIENTED_EDGE('',*,*,#18799,.F.);
#19159=PLANE('',#19160);
#19160=AXIS2_PLACEMENT_3D('',#19161,#18806,#14399);
#19161=CARTESIAN_POINT('',(7.081538803276,-0.819075066815,-1.351768879368));
#19162=ADVANCED_FACE('',(#19163),#19172,.T.);
#19163=FACE_BOUND('',#19164,.T.);
#19164=EDGE_LOOP('',(#19165,#19166,#19171));
#19165=ORIENTED_EDGE('',*,*,#19155,.F.);
#19166=ORIENTED_EDGE('',*,*,#19167,.T.);
#19167=EDGE_CURVE('',#19151,#18825,#19168,.T.);
#19168=LINE('',#19152,#19169);
#19169=VECTOR('',#19170,1.);
#19170=DIRECTION('',(-0.612372506591,0.35355351589,0.707106657141));
#19171=ORIENTED_EDGE('',*,*,#18830,.F.);
#19172=PLANE('',#19173);
#19173=AXIS2_PLACEMENT_3D('',#19174,#19175,#19176);
#19174=CARTESIAN_POINT('',(6.92893154211,-0.731938909901,-0.896833933603));
#19175=DIRECTION('',(0.563390124462,-0.432304594604,0.704062713927));
#19176=DIRECTION('',(0.780793093583,-1.698641227676E-13,-0.624789680623));
#19177=ADVANCED_FACE('',(#19178),#19185,.T.);
#19178=FACE_BOUND('',#19179,.T.);
#19179=EDGE_LOOP('',(#19180,#19181,#19182));
#19180=ORIENTED_EDGE('',*,*,#18858,.F.);
#19181=ORIENTED_EDGE('',*,*,#18824,.F.);
#19182=ORIENTED_EDGE('',*,*,#19183,.T.);
#19183=EDGE_CURVE('',#18825,#18853,#19184,.T.);
#19184=LINE('',#18826,#14510);
#19185=PLANE('',#19186);
#19186=AXIS2_PLACEMENT_3D('',#19187,#13,#14);
#19187=CARTESIAN_POINT('',(6.645708573161,-1.08824102985E-02,-0.622453117371));
#19188=ADVANCED_FACE('',(#19189),#19198,.T.);
#19189=FACE_BOUND('',#19190,.T.);
#19190=EDGE_LOOP('',(#19191,#19192,#19193));
#19191=ORIENTED_EDGE('',*,*,#18986,.F.);
#19192=ORIENTED_EDGE('',*,*,#18852,.F.);
#19193=ORIENTED_EDGE('',*,*,#19194,.T.);
#19194=EDGE_CURVE('',#18853,#18596,#19195,.T.);
#19195=LINE('',#18854,#19196);
#19196=VECTOR('',#19197,1.);
#19197=DIRECTION('',(2.52089798362E-02,0.772936964582,-0.633981826331));
#19198=PLANE('',#19199);
#19199=AXIS2_PLACEMENT_3D('',#19200,#19201,#19202);
#19200=CARTESIAN_POINT('',(6.554766771747,0.98123518227,-0.810908102278));
#19201=DIRECTION('',(0.432304766561,0.563390033439,0.70406268118));
#19202=DIRECTION('',(-1.398881011028E-13,0.78079312865,-0.6247896368));
#19203=ADVANCED_FACE('',(#19204),#19219,.T.);
#19204=FACE_BOUND('',#19205,.T.);
#19205=EDGE_LOOP('',(#19206,#19213,#19214));
#19206=ORIENTED_EDGE('',*,*,#19207,.T.);
#19207=EDGE_CURVE('',#19208,#18515,#19210,.T.);
#19208=VERTEX_POINT('',#19209);
#19209=CARTESIAN_POINT('',(1.928874015808,-2.705986976624,-1.772452735901));
#19210=LINE('',#19209,#19211);
#19211=VECTOR('',#19212,1.);
#19212=DIRECTION('',(0.984638595826,0.174604798356,0.));
#19213=ORIENTED_EDGE('',*,*,#18934,.F.);
#19214=ORIENTED_EDGE('',*,*,#19215,.T.);
#19215=EDGE_CURVE('',#18628,#19208,#19216,.T.);
#19216=LINE('',#18629,#19217);
#19217=VECTOR('',#19218,1.);
#19218=DIRECTION('',(-7.7656926997E-02,-1.377081107396E-02,0.996885031712));
#19219=PLANE('',#19220);
#19220=AXIS2_PLACEMENT_3D('',#19221,#19222,#19212);
#19221=CARTESIAN_POINT('',(2.035536732847,-2.687072603086,-2.662307453735));
#19222=DIRECTION('',(-0.174604798356,0.984638595826,0.));
#19223=ADVANCED_FACE('',(#19224),#19235,.T.);
#19224=FACE_BOUND('',#19225,.T.);
#19225=EDGE_LOOP('',(#19226,#19231,#19234));
#19226=ORIENTED_EDGE('',*,*,#19227,.T.);
#19227=EDGE_CURVE('',#18596,#19228,#19230,.T.);
#19228=VERTEX_POINT('',#19229);
#19229=CARTESIAN_POINT('',(6.923293113708,1.025304794312,-1.072452926636));
#19230=LINE('',#18597,#17108);
#19231=ORIENTED_EDGE('',*,*,#19232,.T.);
#19232=EDGE_CURVE('',#19228,#18612,#19233,.T.);
#19233=LINE('',#19229,#54);
#19234=ORIENTED_EDGE('',*,*,#18975,.F.);
#19235=PLANE('',#19236);
#19236=AXIS2_PLACEMENT_3D('',#19237,#12829,#12830);
#19237=CARTESIAN_POINT('',(6.829218029216,1.097491141487,-1.351768866971));
#19238=ADVANCED_FACE('',(#19239),#19252,.T.);
#19239=FACE_BOUND('',#19240,.T.);
#19240=EDGE_LOOP('',(#19241,#19246,#19247));
#19241=ORIENTED_EDGE('',*,*,#19242,.T.);
#19242=EDGE_CURVE('',#19243,#19003,#19245,.T.);
#19243=VERTEX_POINT('',#19244);
#19244=CARTESIAN_POINT('',(7.153725147247,0.725000023842,-1.072452926636));
#19245=LINE('',#19244,#54);
#19246=ORIENTED_EDGE('',*,*,#19002,.F.);
#19247=ORIENTED_EDGE('',*,*,#19248,.T.);
#19248=EDGE_CURVE('',#18612,#19243,#19249,.T.);
#19249=LINE('',#18613,#19250);
#19250=VECTOR('',#19251,1.);
#19251=DIRECTION('',(0.289563897835,-0.377366890098,0.879628887275));
#19252=PLANE('',#19253);
#19253=AXIS2_PLACEMENT_3D('',#19254,#19255,#12874);
#19254=CARTESIAN_POINT('',(7.081538803276,0.819075066815,-1.493136783169));
#19255=DIRECTION('',(0.793353240083,0.608761559602,0.));
#19256=ADVANCED_FACE('',(#19257),#19271,.T.);
#19257=FACE_BOUND('',#19258,.T.);
#19258=EDGE_LOOP('',(#19259,#19260,#19266));
#19259=ORIENTED_EDGE('',*,*,#19008,.F.);
#19260=ORIENTED_EDGE('',*,*,#19261,.T.);
#19261=EDGE_CURVE('',#19003,#19262,#19264,.T.);
#19262=VERTEX_POINT('',#19263);
#19263=CARTESIAN_POINT('',(7.298580646515,0.375287622213,-1.772452735901));
#19264=LINE('',#19004,#19265);
#19265=VECTOR('',#13108,1.);
#19266=ORIENTED_EDGE('',*,*,#19267,.T.);
#19267=EDGE_CURVE('',#19262,#12576,#19268,.T.);
#19268=LINE('',#19263,#19269);
#19269=VECTOR('',#19270,1.);
#19270=DIRECTION('',(-0.314124942044,0.949381651806,0.));
#19271=PLANE('',#19272);
#19272=AXIS2_PLACEMENT_3D('',#19273,#13,#14);
#19273=CARTESIAN_POINT('',(7.011773067733,1.220078618139,-1.772452735901));
#19274=ADVANCED_FACE('',(#19275),#19288,.T.);
#19275=FACE_BOUND('',#19276,.T.);
#19276=EDGE_LOOP('',(#19277,#19284,#19287));
#19277=ORIENTED_EDGE('',*,*,#19278,.T.);
#19278=EDGE_CURVE('',#19020,#19279,#19281,.T.);
#19279=VERTEX_POINT('',#19280);
#19280=CARTESIAN_POINT('',(1.928874015808,-2.705986976624,-3.622453117371));
#19281=LINE('',#19021,#19282);
#19282=VECTOR('',#19283,1.);
#19283=DIRECTION('',(0.111057022744,0.993814035773,0.));
#19284=ORIENTED_EDGE('',*,*,#19285,.T.);
#19285=EDGE_CURVE('',#19279,#18628,#19286,.T.);
#19286=LINE('',#19280,#19211);
#19287=ORIENTED_EDGE('',*,*,#19019,.F.);
#19288=PLANE('',#19289);
#19289=AXIS2_PLACEMENT_3D('',#19290,#55,#199);
#19290=CARTESIAN_POINT('',(1.691617899337,-5.151013474243,-3.622453117371));
#19291=ADVANCED_FACE('',(#19292),#19301,.T.);
#19292=FACE_BOUND('',#19293,.T.);
#19293=EDGE_LOOP('',(#19294,#19297,#19300));
#19294=ORIENTED_EDGE('',*,*,#19295,.T.);
#19295=EDGE_CURVE('',#16730,#12576,#19296,.T.);
#19296=LINE('',#16731,#82);
#19297=ORIENTED_EDGE('',*,*,#19298,.T.);
#19298=EDGE_CURVE('',#12576,#19039,#19299,.T.);
#19299=LINE('',#12577,#34);
#19300=ORIENTED_EDGE('',*,*,#19044,.F.);
#19301=PLANE('',#19302);
#19302=AXIS2_PLACEMENT_3D('',#19303,#190,#13);
#19303=CARTESIAN_POINT('',(6.956903207344,2.069568634033,-2.548867833656));
#19304=ADVANCED_FACE('',(#19305),#19318,.T.);
#19305=FACE_BOUND('',#19306,.T.);
#19306=EDGE_LOOP('',(#19307,#19312,#19313));
#19307=ORIENTED_EDGE('',*,*,#19308,.T.);
#19308=EDGE_CURVE('',#19309,#18646,#19311,.T.);
#19309=VERTEX_POINT('',#19310);
#19310=CARTESIAN_POINT('',(8.222988128662,1.319568634033,-3.622453117371));
#19311=LINE('',#19310,#101);
#19312=ORIENTED_EDGE('',*,*,#19038,.F.);
#19313=ORIENTED_EDGE('',*,*,#19314,.T.);
#19314=EDGE_CURVE('',#19039,#19309,#19315,.T.);
#19315=LINE('',#19040,#19316);
#19316=VECTOR('',#19317,1.);
#19317=DIRECTION('',(0.351702003344,-0.351702003344,-0.867531787134));
#19318=PLANE('',#19319);
#19319=AXIS2_PLACEMENT_3D('',#19320,#273,#92);
#19320=CARTESIAN_POINT('',(7.71042520468,1.832131558015,-2.89199627941));
#19321=ADVANCED_FACE('',(#19322),#19331,.T.);
#19322=FACE_BOUND('',#19323,.T.);
#19323=EDGE_LOOP('',(#19324,#19325,#19326));
#19324=ORIENTED_EDGE('',*,*,#19061,.F.);
#19325=ORIENTED_EDGE('',*,*,#19308,.F.);
#19326=ORIENTED_EDGE('',*,*,#19327,.T.);
#19327=EDGE_CURVE('',#19309,#19056,#19328,.T.);
#19328=LINE('',#19310,#19329);
#19329=VECTOR('',#19330,1.);
#19330=DIRECTION('',(-0.18428853505,-0.982872186934,0.));
#19331=PLANE('',#19332);
#19332=AXIS2_PLACEMENT_3D('',#19333,#55,#199);
#19333=CARTESIAN_POINT('',(7.667706333185,-0.245192610278,-3.622453117371));
#19334=ADVANCED_FACE('',(#19335),#19342,.T.);
#19335=FACE_BOUND('',#19336,.T.);
#19336=EDGE_LOOP('',(#19337,#19338,#19341));
#19337=ORIENTED_EDGE('',*,*,#19055,.F.);
#19338=ORIENTED_EDGE('',*,*,#19339,.T.);
#19339=EDGE_CURVE('',#19056,#19071,#19340,.T.);
#19340=LINE('',#19057,#82);
#19341=ORIENTED_EDGE('',*,*,#19076,.F.);
#19342=PLANE('',#19343);
#19343=AXIS2_PLACEMENT_3D('',#19344,#64,#55);
#19344=CARTESIAN_POINT('',(7.265987188271,-2.680431365967,-2.840451890877));
#19345=ADVANCED_FACE('',(#19346),#19361,.T.);
#19346=FACE_BOUND('',#19347,.T.);
#19347=EDGE_LOOP('',(#19348,#19355,#19356));
#19348=ORIENTED_EDGE('',*,*,#19349,.T.);
#19349=EDGE_CURVE('',#19350,#18330,#19352,.T.);
#19350=VERTEX_POINT('',#19351);
#19351=CARTESIAN_POINT('',(7.298580646515,-0.375287622213,-1.772452735901));
#19352=LINE('',#19351,#19353);
#19353=VECTOR('',#19354,1.);
#19354=DIRECTION('',(-0.222303161244,-0.974977591794,0.));
#19355=ORIENTED_EDGE('',*,*,#19070,.F.);
#19356=ORIENTED_EDGE('',*,*,#19357,.T.);
#19357=EDGE_CURVE('',#19071,#19350,#19358,.T.);
#19358=LINE('',#19072,#19359);
#19359=VECTOR('',#19360,1.);
#19360=DIRECTION('',(-7.544450175888E-02,0.997150002334,0.));
#19361=PLANE('',#19362);
#19362=AXIS2_PLACEMENT_3D('',#19363,#13,#14);
#19363=CARTESIAN_POINT('',(7.197641396069,-1.6779329019,-1.772452735901));
#19364=ADVANCED_FACE('',(#19365),#19374,.T.);
#19365=FACE_BOUND('',#19366,.T.);
#19366=EDGE_LOOP('',(#19367,#19368,#19373));
#19367=ORIENTED_EDGE('',*,*,#19207,.F.);
#19368=ORIENTED_EDGE('',*,*,#19369,.T.);
#19369=EDGE_CURVE('',#19208,#19088,#19370,.T.);
#19370=LINE('',#19209,#19371);
#19371=VECTOR('',#19372,1.);
#19372=DIRECTION('',(-0.111057022744,-0.993814035773,0.));
#19373=ORIENTED_EDGE('',*,*,#19087,.F.);
#19374=PLANE('',#19375);
#19375=AXIS2_PLACEMENT_3D('',#19376,#13,#14);
#19376=CARTESIAN_POINT('',(1.691617899337,-5.151013474243,-1.772452735901));
#19377=ADVANCED_FACE('',(#19378),#19385,.T.);
#19378=FACE_BOUND('',#19379,.T.);
#19379=EDGE_LOOP('',(#19380,#19383,#19384));
#19380=ORIENTED_EDGE('',*,*,#19381,.T.);
#19381=EDGE_CURVE('',#19088,#19020,#19382,.T.);
#19382=LINE('',#19089,#54);
#19383=ORIENTED_EDGE('',*,*,#19105,.F.);
#19384=ORIENTED_EDGE('',*,*,#19117,.F.);
#19385=PLANE('',#19386);
#19386=AXIS2_PLACEMENT_3D('',#19387,#64,#55);
#19387=CARTESIAN_POINT('',(1.594473520066,-7.680431365967,-2.847217723583));
#19388=ADVANCED_FACE('',(#19389),#19397,.T.);
#19389=FACE_BOUND('',#19390,.T.);
#19390=EDGE_LOOP('',(#19391,#19395,#19396));
#19391=ORIENTED_EDGE('',*,*,#19392,.T.);
#19392=EDGE_CURVE('',#19350,#18795,#19393,.T.);
#19393=LINE('',#19351,#19394);
#19394=VECTOR('',#14377,1.);
#19395=ORIENTED_EDGE('',*,*,#19139,.F.);
#19396=ORIENTED_EDGE('',*,*,#19349,.F.);
#19397=PLANE('',#19398);
#19398=AXIS2_PLACEMENT_3D('',#19399,#13,#14);
#19399=CARTESIAN_POINT('',(7.020530414451,-1.523265921903,-1.772452735901));
#19400=ADVANCED_FACE('',(#19401),#19410,.T.);
#19401=FACE_BOUND('',#19402,.T.);
#19402=EDGE_LOOP('',(#19403,#19404,#19405));
#19403=ORIENTED_EDGE('',*,*,#19150,.F.);
#19404=ORIENTED_EDGE('',*,*,#19392,.F.);
#19405=ORIENTED_EDGE('',*,*,#19406,.T.);
#19406=EDGE_CURVE('',#19350,#19151,#19407,.T.);
#19407=LINE('',#19351,#19408);
#19408=VECTOR('',#19409,1.);
#19409=DIRECTION('',(-0.182027308752,-0.439453162825,0.879628885696));
#19410=PLANE('',#19411);
#19411=AXIS2_PLACEMENT_3D('',#19412,#6483,#13945);
#19412=CARTESIAN_POINT('',(7.199103338597,-0.615447287779,-1.493136783562));
#19413=ADVANCED_FACE('',(#19414),#19427,.T.);
#19414=FACE_BOUND('',#19415,.T.);
#19415=EDGE_LOOP('',(#19416,#19421,#19422));
#19416=ORIENTED_EDGE('',*,*,#19417,.T.);
#19417=EDGE_CURVE('',#19418,#18825,#19420,.T.);
#19418=VERTEX_POINT('',#19419);
#19419=CARTESIAN_POINT('',(6.863914012909,-0.258819043636,-0.622453117371));
#19420=LINE('',#19419,#15040);
#19421=ORIENTED_EDGE('',*,*,#19167,.F.);
#19422=ORIENTED_EDGE('',*,*,#19423,.T.);
#19423=EDGE_CURVE('',#19151,#19418,#19424,.T.);
#19424=LINE('',#19152,#19425);
#19425=VECTOR('',#19426,1.);
#19426=DIRECTION('',(-0.408300120231,0.656778597212,0.633981771081));
#19427=PLANE('',#19428);
#19428=AXIS2_PLACEMENT_3D('',#19429,#19430,#19431);
#19429=CARTESIAN_POINT('',(6.957392788246,-0.521385330672,-0.810908093583));
#19430=DIRECTION('',(0.656081977946,-0.271757570591,0.704062682607));
#19431=DIRECTION('',(0.731595745078,1.794953075063E-13,-0.681738707852));
#19432=ADVANCED_FACE('',(#19433),#19444,.T.);
#19433=FACE_BOUND('',#19434,.T.);
#19434=EDGE_LOOP('',(#19435,#19440,#19441));
#19435=ORIENTED_EDGE('',*,*,#19436,.T.);
#19436=EDGE_CURVE('',#19437,#18853,#19439,.T.);
#19437=VERTEX_POINT('',#19438);
#19438=CARTESIAN_POINT('',(6.764013767242,0.5,-0.622453117371));
#19439=LINE('',#19438,#14040);
#19440=ORIENTED_EDGE('',*,*,#19183,.F.);
#19441=ORIENTED_EDGE('',*,*,#19442,.T.);
#19442=EDGE_CURVE('',#18825,#19437,#19443,.T.);
#19443=LINE('',#18826,#189);
#19444=PLANE('',#19445);
#19445=AXIS2_PLACEMENT_3D('',#19446,#13,#14);
#19446=CARTESIAN_POINT('',(6.716612846323,0.114435794841,-0.622453117371));
#19447=ADVANCED_FACE('',(#19448),#19457,.T.);
#19448=FACE_BOUND('',#19449,.T.);
#19449=EDGE_LOOP('',(#19450,#19455,#19456));
#19450=ORIENTED_EDGE('',*,*,#19451,.T.);
#19451=EDGE_CURVE('',#18853,#19228,#19452,.T.);
#19452=LINE('',#18854,#19453);
#19453=VECTOR('',#19454,1.);
#19454=DIRECTION('',(0.500000296029,0.50000001505,-0.70710656122));
#19455=ORIENTED_EDGE('',*,*,#19227,.F.);
#19456=ORIENTED_EDGE('',*,*,#19194,.F.);
#19457=PLANE('',#19458);
#19458=AXIS2_PLACEMENT_3D('',#19459,#19460,#19461);
#19459=CARTESIAN_POINT('',(6.704363157969,0.973826426547,-0.89683393925));
#19460=DIRECTION('',(0.432304435416,0.563390140648,0.704062798719));
#19461=DIRECTION('',(1.955657857877E-13,0.780793121533,-0.624789645694));
#19462=ADVANCED_FACE('',(#19463),#19470,.T.);
#19463=FACE_BOUND('',#19464,.T.);
#19464=EDGE_LOOP('',(#19465,#19466,#19469));
#19465=ORIENTED_EDGE('',*,*,#19285,.F.);
#19466=ORIENTED_EDGE('',*,*,#19467,.T.);
#19467=EDGE_CURVE('',#19279,#19208,#19468,.T.);
#19468=LINE('',#19280,#82);
#19469=ORIENTED_EDGE('',*,*,#19215,.F.);
#19470=PLANE('',#19471);
#19471=AXIS2_PLACEMENT_3D('',#19472,#19222,#19212);
#19472=CARTESIAN_POINT('',(1.966325554674,-2.699345739504,-2.732598399537));
#19473=ADVANCED_FACE('',(#19474),#19481,.T.);
#19474=FACE_BOUND('',#19475,.T.);
#19475=EDGE_LOOP('',(#19476,#19477,#19480));
#19476=ORIENTED_EDGE('',*,*,#19232,.F.);
#19477=ORIENTED_EDGE('',*,*,#19478,.T.);
#19478=EDGE_CURVE('',#19228,#19243,#19479,.T.);
#19479=LINE('',#19229,#19006);
#19480=ORIENTED_EDGE('',*,*,#19248,.F.);
#19481=PLANE('',#19482);
#19482=AXIS2_PLACEMENT_3D('',#19483,#19255,#12874);
#19483=CARTESIAN_POINT('',(6.99547945768,0.931229751339,-1.351768879368));
#19484=ADVANCED_FACE('',(#19485),#19498,.T.);
#19485=FACE_BOUND('',#19486,.T.);
#19486=EDGE_LOOP('',(#19487,#19488,#19493));
#19487=ORIENTED_EDGE('',*,*,#19242,.F.);
#19488=ORIENTED_EDGE('',*,*,#19489,.T.);
#19489=EDGE_CURVE('',#19243,#19490,#19492,.T.);
#19490=VERTEX_POINT('',#19491);
#19491=CARTESIAN_POINT('',(7.298580646515,0.375287622213,-1.072452926636));
#19492=LINE('',#19244,#19265);
#19493=ORIENTED_EDGE('',*,*,#19494,.T.);
#19494=EDGE_CURVE('',#19490,#19003,#19495,.T.);
#19495=LINE('',#19491,#19496);
#19496=VECTOR('',#19497,1.);
#19497=DIRECTION('',(-0.182027308752,0.439453162825,-0.879628885696));
#19498=PLANE('',#19499);
#19499=AXIS2_PLACEMENT_3D('',#19500,#6327,#12889);
#19500=CARTESIAN_POINT('',(7.199103338597,0.615447287779,-1.351768878974));
#19501=ADVANCED_FACE('',(#19502),#19509,.T.);
#19502=FACE_BOUND('',#19503,.T.);
#19503=EDGE_LOOP('',(#19504,#19507,#19508));
#19504=ORIENTED_EDGE('',*,*,#19505,.T.);
#19505=EDGE_CURVE('',#19490,#19262,#19506,.T.);
#19506=LINE('',#19491,#54);
#19507=ORIENTED_EDGE('',*,*,#19261,.F.);
#19508=ORIENTED_EDGE('',*,*,#19494,.F.);
#19509=PLANE('',#19510);
#19510=AXIS2_PLACEMENT_3D('',#19511,#6327,#12889);
#19511=CARTESIAN_POINT('',(7.253202455165,0.484840358276,-1.493136783562));
#19512=ADVANCED_FACE('',(#19513),#19522,.T.);
#19513=FACE_BOUND('',#19514,.T.);
#19514=EDGE_LOOP('',(#19515,#19516,#19517));
#19515=ORIENTED_EDGE('',*,*,#19298,.F.);
#19516=ORIENTED_EDGE('',*,*,#19267,.F.);
#19517=ORIENTED_EDGE('',*,*,#19518,.T.);
#19518=EDGE_CURVE('',#19262,#19039,#19519,.T.);
#19519=LINE('',#19263,#19520);
#19520=VECTOR('',#19521,1.);
#19521=DIRECTION('',(0.1023978387,0.994743526056,0.));
#19522=PLANE('',#19523);
#19523=AXIS2_PLACEMENT_3D('',#19524,#13,#14);
#19524=CARTESIAN_POINT('',(7.181689155192,1.369875499875,-1.772452735901));
#19525=ADVANCED_FACE('',(#19526),#19541,.T.);
#19526=FACE_BOUND('',#19527,.T.);
#19527=EDGE_LOOP('',(#19528,#19535,#19540));
#19528=ORIENTED_EDGE('',*,*,#19529,.T.);
#19529=EDGE_CURVE('',#19020,#19530,#19532,.T.);
#19530=VERTEX_POINT('',#19531);
#19531=CARTESIAN_POINT('',(1.747988343239,-2.780912399292,-3.622453117371));
#19532=LINE('',#19021,#19533);
#19533=VECTOR('',#19534,1.);
#19534=DIRECTION('',(7.631492276439E-02,0.997083764066,0.));
#19535=ORIENTED_EDGE('',*,*,#19536,.T.);
#19536=EDGE_CURVE('',#19530,#19279,#19537,.T.);
#19537=LINE('',#19531,#19538);
#19538=VECTOR('',#19539,1.);
#19539=DIRECTION('',(0.923879308862,0.382683972301,0.));
#19540=ORIENTED_EDGE('',*,*,#19278,.F.);
#19541=PLANE('',#19542);
#19542=AXIS2_PLACEMENT_3D('',#19543,#55,#199);
#19543=CARTESIAN_POINT('',(1.610623706232,-5.163990266392,-3.622453117371));
#19544=ADVANCED_FACE('',(#19545),#19556,.T.);
#19545=FACE_BOUND('',#19546,.T.);
#19546=EDGE_LOOP('',(#19547,#19552,#19555));
#19547=ORIENTED_EDGE('',*,*,#19548,.T.);
#19548=EDGE_CURVE('',#19039,#19549,#19551,.T.);
#19549=VERTEX_POINT('',#19550);
#19550=CARTESIAN_POINT('',(8.222988128662,1.319568634033,-1.772452735901));
#19551=LINE('',#19040,#75);
#19552=ORIENTED_EDGE('',*,*,#19553,.T.);
#19553=EDGE_CURVE('',#19549,#19309,#19554,.T.);
#19554=LINE('',#19550,#54);
#19555=ORIENTED_EDGE('',*,*,#19314,.F.);
#19556=PLANE('',#19557);
#19557=AXIS2_PLACEMENT_3D('',#19558,#273,#76);
#19558=CARTESIAN_POINT('',(7.985551052644,1.557005710051,-2.502909573861));
#19559=ADVANCED_FACE('',(#19560),#19571,.T.);
#19560=FACE_BOUND('',#19561,.T.);
#19561=EDGE_LOOP('',(#19562,#19567,#19570));
#19562=ORIENTED_EDGE('',*,*,#19563,.T.);
#19563=EDGE_CURVE('',#19309,#19564,#19566,.T.);
#19564=VERTEX_POINT('',#19565);
#19565=CARTESIAN_POINT('',(8.222988128662,-1.930431365967,-3.622453117371));
#19566=LINE('',#19310,#345);
#19567=ORIENTED_EDGE('',*,*,#19568,.T.);
#19568=EDGE_CURVE('',#19564,#19056,#19569,.T.);
#19569=LINE('',#19565,#157);
#19570=ORIENTED_EDGE('',*,*,#19327,.F.);
#19571=PLANE('',#19572);
#19572=AXIS2_PLACEMENT_3D('',#19573,#55,#199);
#19573=CARTESIAN_POINT('',(7.993417349626,-0.740670121656,-3.622453117371));
#19574=ADVANCED_FACE('',(#19575),#19588,.T.);
#19575=FACE_BOUND('',#19576,.T.);
#19576=EDGE_LOOP('',(#19577,#19582,#19583));
#19577=ORIENTED_EDGE('',*,*,#19578,.T.);
#19578=EDGE_CURVE('',#19579,#19071,#19581,.T.);
#19579=VERTEX_POINT('',#19580);
#19580=CARTESIAN_POINT('',(8.222988128662,-1.930431365967,-1.772452735901));
#19581=LINE('',#19580,#157);
#19582=ORIENTED_EDGE('',*,*,#19339,.F.);
#19583=ORIENTED_EDGE('',*,*,#19584,.T.);
#19584=EDGE_CURVE('',#19056,#19579,#19585,.T.);
#19585=LINE('',#19057,#19586);
#19586=VECTOR('',#19587,1.);
#19587=DIRECTION('',(0.351702003344,0.351702003344,0.867531787134));
#19588=PLANE('',#19589);
#19589=AXIS2_PLACEMENT_3D('',#19590,#76,#273);
#19590=CARTESIAN_POINT('',(7.71042520468,-2.442994289949,-2.502909573861));
#19591=ADVANCED_FACE('',(#19592),#19606,.T.);
#19592=FACE_BOUND('',#19593,.T.);
#19593=EDGE_LOOP('',(#19594,#19601,#19605));
#19594=ORIENTED_EDGE('',*,*,#19595,.T.);
#19595=EDGE_CURVE('',#19071,#19596,#19598,.T.);
#19596=VERTEX_POINT('',#19597);
#19597=CARTESIAN_POINT('',(7.347988128662,1.7763568394E-15,-1.772452735901));
#19598=LINE('',#19072,#19599);
#19599=VECTOR('',#19600,1.);
#19600=DIRECTION('',(-4.658365836171E-02,0.998914392115,0.));
#19601=ORIENTED_EDGE('',*,*,#19602,.T.);
#19602=EDGE_CURVE('',#19596,#19350,#19603,.T.);
#19603=LINE('',#19597,#19604);
#19604=VECTOR('',#13705,1.);
#19605=ORIENTED_EDGE('',*,*,#19357,.F.);
#19606=PLANE('',#19607);
#19607=AXIS2_PLACEMENT_3D('',#19608,#13,#14);
#19608=CARTESIAN_POINT('',(7.393717756919,-1.339751165371,-1.772452735901));
#19609=ADVANCED_FACE('',(#19610),#19625,.T.);
#19610=FACE_BOUND('',#19611,.T.);
#19611=EDGE_LOOP('',(#19612,#19619,#19624));
#19612=ORIENTED_EDGE('',*,*,#19613,.T.);
#19613=EDGE_CURVE('',#19208,#19614,#19616,.T.);
#19614=VERTEX_POINT('',#19615);
#19615=CARTESIAN_POINT('',(1.747988343239,-2.780912399292,-1.772452735901));
#19616=LINE('',#19209,#19617);
#19617=VECTOR('',#19618,1.);
#19618=DIRECTION('',(-0.923879308862,-0.382683972301,0.));
#19619=ORIENTED_EDGE('',*,*,#19620,.T.);
#19620=EDGE_CURVE('',#19614,#19088,#19621,.T.);
#19621=LINE('',#19615,#19622);
#19622=VECTOR('',#19623,1.);
#19623=DIRECTION('',(-7.631492276439E-02,-0.997083764066,0.));
#19624=ORIENTED_EDGE('',*,*,#19369,.F.);
#19625=PLANE('',#19626);
#19626=AXIS2_PLACEMENT_3D('',#19627,#13,#14);
#19627=CARTESIAN_POINT('',(1.610623706232,-5.163990266392,-1.772452735901));
#19628=ADVANCED_FACE('',(#19629),#19642,.T.);
#19629=FACE_BOUND('',#19630,.T.);
#19630=EDGE_LOOP('',(#19631,#19632,#19637));
#19631=ORIENTED_EDGE('',*,*,#19381,.F.);
#19632=ORIENTED_EDGE('',*,*,#19633,.T.);
#19633=EDGE_CURVE('',#19088,#19634,#19636,.T.);
#19634=VERTEX_POINT('',#19635);
#19635=CARTESIAN_POINT('',(1.372988343239,-3.430431365967,-1.772452735901));
#19636=LINE('',#19089,#189);
#19637=ORIENTED_EDGE('',*,*,#19638,.T.);
#19638=EDGE_CURVE('',#19634,#19020,#19639,.T.);
#19639=LINE('',#19635,#19640);
#19640=VECTOR('',#19641,1.);
#19641=DIRECTION('',(0.,-0.916898446224,-0.39912058242));
#19642=PLANE('',#19643);
#19643=AXIS2_PLACEMENT_3D('',#19644,#199,#55);
#19644=CARTESIAN_POINT('',(1.372988343239,-5.921633554788,-2.331250737814));
#19645=ADVANCED_FACE('',(#19646),#19657,.T.);
#19646=FACE_BOUND('',#19647,.T.);
#19647=EDGE_LOOP('',(#19648,#19653,#19656));
#19648=ORIENTED_EDGE('',*,*,#19649,.T.);
#19649=EDGE_CURVE('',#19350,#19650,#19652,.T.);
#19650=VERTEX_POINT('',#19651);
#19651=CARTESIAN_POINT('',(7.298580646515,-0.375287622213,-1.072452926636));
#19652=LINE('',#19351,#82);
#19653=ORIENTED_EDGE('',*,*,#19654,.T.);
#19654=EDGE_CURVE('',#19650,#19151,#19655,.T.);
#19655=LINE('',#19651,#19394);
#19656=ORIENTED_EDGE('',*,*,#19406,.F.);
#19657=PLANE('',#19658);
#19658=AXIS2_PLACEMENT_3D('',#19659,#6483,#13945);
#19659=CARTESIAN_POINT('',(7.253202455165,-0.484840358276,-1.351768878974));
#19660=ADVANCED_FACE('',(#19661),#19670,.T.);
#19661=FACE_BOUND('',#19662,.T.);
#19662=EDGE_LOOP('',(#19663,#19664,#19669));
#19663=ORIENTED_EDGE('',*,*,#19654,.F.);
#19664=ORIENTED_EDGE('',*,*,#19665,.T.);
#19665=EDGE_CURVE('',#19650,#19418,#19666,.T.);
#19666=LINE('',#19651,#19667);
#19667=VECTOR('',#19668,1.);
#19668=DIRECTION('',(-0.683012854887,0.183012750941,0.70710662071));
#19669=ORIENTED_EDGE('',*,*,#19423,.F.);
#19670=PLANE('',#19671);
#19671=AXIS2_PLACEMENT_3D('',#19672,#19673,#19674);
#19672=CARTESIAN_POINT('',(7.083242637408,-0.440170971789,-0.896833929687));
#19673=DIRECTION('',(0.656081809277,-0.271757757519,0.70406276763));
#19674=DIRECTION('',(0.731595873554,-2.386979502944E-14,-0.681738569981));
#19675=ADVANCED_FACE('',(#19676),#19683,.T.);
#19676=FACE_BOUND('',#19677,.T.);
#19677=EDGE_LOOP('',(#19678,#19679,#19680));
#19678=ORIENTED_EDGE('',*,*,#19442,.F.);
#19679=ORIENTED_EDGE('',*,*,#19417,.F.);
#19680=ORIENTED_EDGE('',*,*,#19681,.T.);
#19681=EDGE_CURVE('',#19418,#19437,#19682,.T.);
#19682=LINE('',#19419,#14525);
#19683=PLANE('',#19684);
#19684=AXIS2_PLACEMENT_3D('',#19685,#13,#14);
#19685=CARTESIAN_POINT('',(6.789314437553,-3.330891299958E-03,-0.622453117371));
#19686=ADVANCED_FACE('',(#19687),#19696,.T.);
#19687=FACE_BOUND('',#19688,.T.);
#19688=EDGE_LOOP('',(#19689,#19690,#19691));
#19689=ORIENTED_EDGE('',*,*,#19451,.F.);
#19690=ORIENTED_EDGE('',*,*,#19436,.F.);
#19691=ORIENTED_EDGE('',*,*,#19692,.T.);
#19692=EDGE_CURVE('',#19437,#19228,#19693,.T.);
#19693=LINE('',#19438,#19694);
#19694=VECTOR('',#19695,1.);
#19695=DIRECTION('',(0.224400580624,0.74007524179,-0.633981873483));
#19696=PLANE('',#19697);
#19697=AXIS2_PLACEMENT_3D('',#19698,#19699,#19700);
#19698=CARTESIAN_POINT('',(6.786349961332,0.777813572862,-0.810908069517));
#19699=DIRECTION('',(0.563389759066,0.432304831346,0.704062860954));
#19700=DIRECTION('',(0.78079335491,1.171562846736E-13,-0.624789354046));
#19701=ADVANCED_FACE('',(#19702),#19711,.T.);
#19702=FACE_BOUND('',#19703,.T.);
#19703=EDGE_LOOP('',(#19704,#19705,#19706));
#19704=ORIENTED_EDGE('',*,*,#19613,.F.);
#19705=ORIENTED_EDGE('',*,*,#19467,.F.);
#19706=ORIENTED_EDGE('',*,*,#19707,.T.);
#19707=EDGE_CURVE('',#19279,#19614,#19708,.T.);
#19708=LINE('',#19280,#19709);
#19709=VECTOR('',#19710,1.);
#19710=DIRECTION('',(-9.723301014755E-02,-4.02752980883E-02,0.994446399813));
#19711=PLANE('',#19712);
#19712=AXIS2_PLACEMENT_3D('',#19713,#19714,#19539);
#19713=CARTESIAN_POINT('',(1.881266323725,-2.725706760954,-2.65108848943));
#19714=DIRECTION('',(-0.382683972301,0.923879308862,0.));
#19715=ADVANCED_FACE('',(#19716),#19725,.T.);
#19716=FACE_BOUND('',#19717,.T.);
#19717=EDGE_LOOP('',(#19718,#19723,#19724));
#19718=ORIENTED_EDGE('',*,*,#19719,.T.);
#19719=EDGE_CURVE('',#19437,#19243,#19720,.T.);
#19720=LINE('',#19438,#19721);
#19721=VECTOR('',#19722,1.);
#19722=DIRECTION('',(0.612372506591,0.35355351589,-0.707106657141));
#19723=ORIENTED_EDGE('',*,*,#19478,.F.);
#19724=ORIENTED_EDGE('',*,*,#19692,.F.);
#19725=PLANE('',#19726);
#19726=AXIS2_PLACEMENT_3D('',#19727,#19728,#19729);
#19727=CARTESIAN_POINT('',(6.92893154211,0.731938909901,-0.896833933603));
#19728=DIRECTION('',(0.563390124462,0.432304594604,0.704062713927));
#19729=DIRECTION('',(0.780793093583,1.698641227676E-13,-0.624789680623));
#19730=ADVANCED_FACE('',(#19731),#19746,.T.);
#19731=FACE_BOUND('',#19732,.T.);
#19732=EDGE_LOOP('',(#19733,#19740,#19741));
#19733=ORIENTED_EDGE('',*,*,#19734,.T.);
#19734=EDGE_CURVE('',#19735,#19490,#19737,.T.);
#19735=VERTEX_POINT('',#19736);
#19736=CARTESIAN_POINT('',(6.863914012909,0.258819043636,-0.622453117371));
#19737=LINE('',#19736,#19738);
#19738=VECTOR('',#19739,1.);
#19739=DIRECTION('',(0.683012854887,0.183012750941,-0.70710662071));
#19740=ORIENTED_EDGE('',*,*,#19489,.F.);
#19741=ORIENTED_EDGE('',*,*,#19742,.T.);
#19742=EDGE_CURVE('',#19243,#19735,#19743,.T.);
#19743=LINE('',#19244,#19744);
#19744=VECTOR('',#19745,1.);
#19745=DIRECTION('',(-0.408300120231,-0.656778597212,0.633981771081));
#19746=PLANE('',#19747);
#19747=AXIS2_PLACEMENT_3D('',#19748,#19749,#19750);
#19748=CARTESIAN_POINT('',(7.083242637408,0.440170971789,-0.896833929687));
#19749=DIRECTION('',(0.656081809277,0.271757757519,0.70406276763));
#19750=DIRECTION('',(0.731595873554,2.386979502944E-14,-0.681738569981));
#19751=ADVANCED_FACE('',(#19752),#19766,.T.);
#19752=FACE_BOUND('',#19753,.T.);
#19753=EDGE_LOOP('',(#19754,#19755,#19761));
#19754=ORIENTED_EDGE('',*,*,#19505,.F.);
#19755=ORIENTED_EDGE('',*,*,#19756,.T.);
#19756=EDGE_CURVE('',#19490,#19757,#19759,.T.);
#19757=VERTEX_POINT('',#19758);
#19758=CARTESIAN_POINT('',(7.347988128662,1.7763568394E-15,-1.072452926636));
#19759=LINE('',#19491,#19760);
#19760=VECTOR('',#13351,1.);
#19761=ORIENTED_EDGE('',*,*,#19762,.T.);
#19762=EDGE_CURVE('',#19757,#19262,#19763,.T.);
#19763=LINE('',#19758,#19764);
#19764=VECTOR('',#19765,1.);
#19765=DIRECTION('',(-6.208608521548E-02,0.471591311284,-0.879628872391));
#19766=PLANE('',#19767);
#19767=AXIS2_PLACEMENT_3D('',#19768,#19769,#13081);
#19768=CARTESIAN_POINT('',(7.314058292976,0.257723057386,-1.351768875657));
#19769=DIRECTION('',(0.991444885521,0.130526008805,0.));
#19770=ADVANCED_FACE('',(#19771),#19782,.T.);
#19771=FACE_BOUND('',#19772,.T.);
#19772=EDGE_LOOP('',(#19773,#19774,#19777));
#19773=ORIENTED_EDGE('',*,*,#19518,.F.);
#19774=ORIENTED_EDGE('',*,*,#19775,.T.);
#19775=EDGE_CURVE('',#19262,#19596,#19776,.T.);
#19776=LINE('',#19263,#19760);
#19777=ORIENTED_EDGE('',*,*,#19778,.T.);
#19778=EDGE_CURVE('',#19596,#19039,#19779,.T.);
#19779=LINE('',#19597,#19780);
#19780=VECTOR('',#19781,1.);
#19781=DIRECTION('',(6.028919117686E-02,0.998180952246,0.));
#19782=PLANE('',#19783);
#19783=AXIS2_PLACEMENT_3D('',#19784,#13,#14);
#19784=CARTESIAN_POINT('',(7.392417533606,1.034528403344,-1.772452735901));
#19785=ADVANCED_FACE('',(#19786),#19793,.T.);
#19786=FACE_BOUND('',#19787,.T.);
#19787=EDGE_LOOP('',(#19788,#19789,#19792));
#19788=ORIENTED_EDGE('',*,*,#19536,.F.);
#19789=ORIENTED_EDGE('',*,*,#19790,.T.);
#19790=EDGE_CURVE('',#19530,#19614,#19791,.T.);
#19791=LINE('',#19531,#82);
#19792=ORIENTED_EDGE('',*,*,#19707,.F.);
#19793=PLANE('',#19794);
#19794=AXIS2_PLACEMENT_3D('',#19795,#19714,#19539);
#19795=CARTESIAN_POINT('',(1.795596035322,-2.761192614961,-2.743817363842));
#19796=ADVANCED_FACE('',(#19797),#19811,.T.);
#19797=FACE_BOUND('',#19798,.T.);
#19798=EDGE_LOOP('',(#19799,#19806,#19810));
#19799=ORIENTED_EDGE('',*,*,#19800,.T.);
#19800=EDGE_CURVE('',#19020,#19801,#19803,.T.);
#19801=VERTEX_POINT('',#19802);
#19802=CARTESIAN_POINT('',(1.592658281326,-2.900101423264,-3.622453117371));
#19803=LINE('',#19021,#19804);
#19804=VECTOR('',#19805,1.);
#19805=DIRECTION('',(4.59044401703E-02,0.998945835555,0.));
#19806=ORIENTED_EDGE('',*,*,#19807,.T.);
#19807=EDGE_CURVE('',#19801,#19530,#19808,.T.);
#19808=LINE('',#19802,#19809);
#19809=VECTOR('',#16207,1.);
#19810=ORIENTED_EDGE('',*,*,#19529,.F.);
#19811=PLANE('',#19812);
#19812=AXIS2_PLACEMENT_3D('',#19813,#55,#199);
#19813=CARTESIAN_POINT('',(1.525101653269,-5.212199276033,-3.622453117371));
#19814=ADVANCED_FACE('',(#19815),#19826,.T.);
#19815=FACE_BOUND('',#19816,.T.);
#19816=EDGE_LOOP('',(#19817,#19818,#19821));
#19817=ORIENTED_EDGE('',*,*,#19553,.F.);
#19818=ORIENTED_EDGE('',*,*,#19819,.T.);
#19819=EDGE_CURVE('',#19549,#19579,#19820,.T.);
#19820=LINE('',#19550,#345);
#19821=ORIENTED_EDGE('',*,*,#19822,.T.);
#19822=EDGE_CURVE('',#19579,#19309,#19823,.T.);
#19823=LINE('',#19580,#19824);
#19824=VECTOR('',#19825,1.);
#19825=DIRECTION('',(0.,0.869064687525,-0.494698462598));
#19826=PLANE('',#19827);
#19827=AXIS2_PLACEMENT_3D('',#19828,#14,#13);
#19828=CARTESIAN_POINT('',(8.222988128662,3.465558465676E-02,-2.357365976012));
#19829=ADVANCED_FACE('',(#19830),#19839,.T.);
#19830=FACE_BOUND('',#19831,.T.);
#19831=EDGE_LOOP('',(#19832,#19833,#19834));
#19832=ORIENTED_EDGE('',*,*,#19819,.F.);
#19833=ORIENTED_EDGE('',*,*,#19548,.F.);
#19834=ORIENTED_EDGE('',*,*,#19835,.T.);
#19835=EDGE_CURVE('',#19039,#19579,#19836,.T.);
#19836=LINE('',#19040,#19837);
#19837=VECTOR('',#19838,1.);
#19838=DIRECTION('',(0.18428853505,-0.982872186934,0.));
#19839=PLANE('',#19840);
#19840=AXIS2_PLACEMENT_3D('',#19841,#13,#14);
#19841=CARTESIAN_POINT('',(7.993417349626,0.129807389722,-1.772452735901));
#19842=ADVANCED_FACE('',(#19843),#19850,.T.);
#19843=FACE_BOUND('',#19844,.T.);
#19844=EDGE_LOOP('',(#19845,#19846,#19849));
#19845=ORIENTED_EDGE('',*,*,#19568,.F.);
#19846=ORIENTED_EDGE('',*,*,#19847,.T.);
#19847=EDGE_CURVE('',#19564,#19579,#19848,.T.);
#19848=LINE('',#19565,#82);
#19849=ORIENTED_EDGE('',*,*,#19584,.F.);
#19850=PLANE('',#19851);
#19851=AXIS2_PLACEMENT_3D('',#19852,#76,#273);
#19852=CARTESIAN_POINT('',(7.985551052644,-2.167868441985,-2.89199627941));
#19853=ADVANCED_FACE('',(#19854),#19859,.T.);
#19854=FACE_BOUND('',#19855,.T.);
#19855=EDGE_LOOP('',(#19856,#19857,#19858));
#19856=ORIENTED_EDGE('',*,*,#19847,.F.);
#19857=ORIENTED_EDGE('',*,*,#19563,.F.);
#19858=ORIENTED_EDGE('',*,*,#19822,.F.);
#19859=PLANE('',#19860);
#19860=AXIS2_PLACEMENT_3D('',#19861,#14,#13);
#19861=CARTESIAN_POINT('',(8.222988128662,-0.64551831659,-3.037539877259));
#19862=ADVANCED_FACE('',(#19863),#19870,.T.);
#19863=FACE_BOUND('',#19864,.T.);
#19864=EDGE_LOOP('',(#19865,#19868,#19869));
#19865=ORIENTED_EDGE('',*,*,#19866,.T.);
#19866=EDGE_CURVE('',#19039,#19071,#19867,.T.);
#19867=LINE('',#19040,#345);
#19868=ORIENTED_EDGE('',*,*,#19578,.F.);
#19869=ORIENTED_EDGE('',*,*,#19835,.F.);
#19870=PLANE('',#19871);
#19871=AXIS2_PLACEMENT_3D('',#19872,#13,#14);
#19872=CARTESIAN_POINT('',(7.667706333185,-0.365670121656,-1.772452735901));
#19873=ADVANCED_FACE('',(#19874),#19883,.T.);
#19874=FACE_BOUND('',#19875,.T.);
#19875=EDGE_LOOP('',(#19876,#19877,#19878));
#19876=ORIENTED_EDGE('',*,*,#19649,.F.);
#19877=ORIENTED_EDGE('',*,*,#19602,.F.);
#19878=ORIENTED_EDGE('',*,*,#19879,.T.);
#19879=EDGE_CURVE('',#19596,#19650,#19880,.T.);
#19880=LINE('',#19597,#19881);
#19881=VECTOR('',#19882,1.);
#19882=DIRECTION('',(-6.208608521548E-02,-0.471591311284,0.879628872391));
#19883=PLANE('',#19884);
#19884=AXIS2_PLACEMENT_3D('',#19885,#19886,#13571);
#19885=CARTESIAN_POINT('',(7.314058292976,-0.257723057386,-1.493136786879));
#19886=DIRECTION('',(0.991444885521,-0.130526008805,0.));
#19887=ADVANCED_FACE('',(#19888),#19893,.T.);
#19888=FACE_BOUND('',#19889,.T.);
#19889=EDGE_LOOP('',(#19890,#19891,#19892));
#19890=ORIENTED_EDGE('',*,*,#19778,.F.);
#19891=ORIENTED_EDGE('',*,*,#19595,.F.);
#19892=ORIENTED_EDGE('',*,*,#19866,.F.);
#19893=PLANE('',#19894);
#19894=AXIS2_PLACEMENT_3D('',#19895,#13,#14);
#19895=CARTESIAN_POINT('',(7.441716155424,-0.305216754753,-1.772452735901));
#19896=ADVANCED_FACE('',(#19897),#19910,.T.);
#19897=FACE_BOUND('',#19898,.T.);
#19898=EDGE_LOOP('',(#19899,#19904,#19909));
#19899=ORIENTED_EDGE('',*,*,#19900,.T.);
#19900=EDGE_CURVE('',#19614,#19901,#19903,.T.);
#19901=VERTEX_POINT('',#19902);
#19902=CARTESIAN_POINT('',(1.592658281326,-2.900101423264,-1.772452735901));
#19903=LINE('',#19615,#15765);
#19904=ORIENTED_EDGE('',*,*,#19905,.T.);
#19905=EDGE_CURVE('',#19901,#19088,#19906,.T.);
#19906=LINE('',#19902,#19907);
#19907=VECTOR('',#19908,1.);
#19908=DIRECTION('',(-4.59044401703E-02,-0.998945835555,0.));
#19909=ORIENTED_EDGE('',*,*,#19620,.F.);
#19910=PLANE('',#19911);
#19911=AXIS2_PLACEMENT_3D('',#19912,#13,#14);
#19912=CARTESIAN_POINT('',(1.525101653269,-5.212199276033,-1.772452735901));
#19913=ADVANCED_FACE('',(#19914),#19927,.T.);
#19914=FACE_BOUND('',#19915,.T.);
#19915=EDGE_LOOP('',(#19916,#19921,#19922));
#19916=ORIENTED_EDGE('',*,*,#19917,.T.);
#19917=EDGE_CURVE('',#19918,#19634,#19920,.T.);
#19918=VERTEX_POINT('',#19919);
#19919=CARTESIAN_POINT('',(1.398543953896,-3.236317157745,-1.772452735901));
#19920=LINE('',#19919,#18482);
#19921=ORIENTED_EDGE('',*,*,#19633,.F.);
#19922=ORIENTED_EDGE('',*,*,#19923,.T.);
#19923=EDGE_CURVE('',#19088,#19918,#19924,.T.);
#19924=LINE('',#19089,#19925);
#19925=VECTOR('',#19926,1.);
#19926=DIRECTION('',(5.75034459941E-03,0.999983466632,0.));
#19927=PLANE('',#19928);
#19928=AXIS2_PLACEMENT_3D('',#19929,#13,#14);
#19929=CARTESIAN_POINT('',(1.379657508097,-5.457973880557,-1.772452735901));
#19930=ADVANCED_FACE('',(#19931),#19942,.T.);
#19931=FACE_BOUND('',#19932,.T.);
#19932=EDGE_LOOP('',(#19933,#19938,#19941));
#19933=ORIENTED_EDGE('',*,*,#19934,.T.);
#19934=EDGE_CURVE('',#19634,#19935,#19937,.T.);
#19935=VERTEX_POINT('',#19936);
#19936=CARTESIAN_POINT('',(1.372988343239,-3.430431365967,-3.622453117371));
#19937=LINE('',#19635,#54);
#19938=ORIENTED_EDGE('',*,*,#19939,.T.);
#19939=EDGE_CURVE('',#19935,#19020,#19940,.T.);
#19940=LINE('',#19936,#345);
#19941=ORIENTED_EDGE('',*,*,#19638,.F.);
#19942=PLANE('',#19943);
#19943=AXIS2_PLACEMENT_3D('',#19944,#199,#55);
#19944=CARTESIAN_POINT('',(1.372988343239,-5.189229177145,-3.063655115457));
#19945=ADVANCED_FACE('',(#19946),#19957,.T.);
#19946=FACE_BOUND('',#19947,.T.);
#19947=EDGE_LOOP('',(#19948,#19949,#19952));
#19948=ORIENTED_EDGE('',*,*,#19665,.F.);
#19949=ORIENTED_EDGE('',*,*,#19950,.T.);
#19950=EDGE_CURVE('',#19650,#19757,#19951,.T.);
#19951=LINE('',#19651,#13570);
#19952=ORIENTED_EDGE('',*,*,#19953,.T.);
#19953=EDGE_CURVE('',#19757,#19418,#19954,.T.);
#19954=LINE('',#19758,#19955);
#19955=VECTOR('',#19956,1.);
#19956=DIRECTION('',(-0.681987426484,-0.364637000307,0.633981867346));
#19957=PLANE('',#19958);
#19958=AXIS2_PLACEMENT_3D('',#19959,#19960,#19961);
#19959=CARTESIAN_POINT('',(7.144534085387,-0.211427974308,-0.89683393535));
#19960=DIRECTION('',(0.704062459961,-9.269144880359E-02,0.704062744216));
#19961=DIRECTION('',(0.707106923929,5.912631495519E-14,-0.707106638445));
#19962=ADVANCED_FACE('',(#19963),#19972,.T.);
#19963=FACE_BOUND('',#19964,.T.);
#19964=EDGE_LOOP('',(#19965,#19968,#19969));
#19965=ORIENTED_EDGE('',*,*,#19966,.T.);
#19966=EDGE_CURVE('',#19735,#19437,#19967,.T.);
#19967=LINE('',#19736,#14055);
#19968=ORIENTED_EDGE('',*,*,#19681,.F.);
#19969=ORIENTED_EDGE('',*,*,#19970,.T.);
#19970=EDGE_CURVE('',#19418,#19735,#19971,.T.);
#19971=LINE('',#19419,#189);
#19972=PLANE('',#19973);
#19973=AXIS2_PLACEMENT_3D('',#19974,#13,#14);
#19974=CARTESIAN_POINT('',(6.830709438932,0.123921369482,-0.622453117371));
#19975=ADVANCED_FACE('',(#19976),#19981,.T.);
#19976=FACE_BOUND('',#19977,.T.);
#19977=EDGE_LOOP('',(#19978,#19979,#19980));
#19978=ORIENTED_EDGE('',*,*,#19719,.F.);
#19979=ORIENTED_EDGE('',*,*,#19966,.F.);
#19980=ORIENTED_EDGE('',*,*,#19742,.F.);
#19981=PLANE('',#19982);
#19982=AXIS2_PLACEMENT_3D('',#19983,#19984,#19985);
#19983=CARTESIAN_POINT('',(6.957392788246,0.521385330672,-0.810908093583));
#19984=DIRECTION('',(0.656081977946,0.271757570591,0.704062682607));
#19985=DIRECTION('',(0.731595745078,-1.794675519307E-13,-0.681738707852));
#19986=ADVANCED_FACE('',(#19987),#20002,.T.);
#19987=FACE_BOUND('',#19988,.T.);
#19988=EDGE_LOOP('',(#19989,#19990,#19997));
#19989=ORIENTED_EDGE('',*,*,#19734,.F.);
#19990=ORIENTED_EDGE('',*,*,#19991,.T.);
#19991=EDGE_CURVE('',#19735,#19992,#19994,.T.);
#19992=VERTEX_POINT('',#19993);
#19993=CARTESIAN_POINT('',(6.897988319397,1.7763568394E-15,-0.622453117371));
#19994=LINE('',#19736,#19995);
#19995=VECTOR('',#19996,1.);
#19996=DIRECTION('',(0.130526692904,-0.991444795457,0.));
#19997=ORIENTED_EDGE('',*,*,#19998,.T.);
#19998=EDGE_CURVE('',#19992,#19490,#19999,.T.);
#19999=LINE('',#19993,#20000);
#20000=VECTOR('',#20001,1.);
#20001=DIRECTION('',(0.564374195662,0.528723681385,-0.633981889342));
#20002=PLANE('',#20003);
#20003=AXIS2_PLACEMENT_3D('',#20004,#20005,#20006);
#20004=CARTESIAN_POINT('',(7.056238837571,0.229425488659,-0.810908081681));
#20005=DIRECTION('',(0.704062364299,9.269193043444E-02,0.704062776469));
#20006=DIRECTION('',(0.707106988163,-1.128333537714E-13,-0.70710657421));
#20007=ADVANCED_FACE('',(#20008),#20016,.T.);
#20008=FACE_BOUND('',#20009,.T.);
#20009=EDGE_LOOP('',(#20010,#20014,#20015));
#20010=ORIENTED_EDGE('',*,*,#20011,.T.);
#20011=EDGE_CURVE('',#19992,#19757,#20012,.T.);
#20012=LINE('',#19993,#20013);
#20013=VECTOR('',#14455,1.);
#20014=ORIENTED_EDGE('',*,*,#19756,.F.);
#20015=ORIENTED_EDGE('',*,*,#19998,.F.);
#20016=PLANE('',#20017);
#20017=AXIS2_PLACEMENT_3D('',#20018,#20019,#14025);
#20018=CARTESIAN_POINT('',(7.156780706403,0.118406094709,-0.89683394019));
#20019=DIRECTION('',(0.704062600867,9.269146735435E-02,0.704062600867));
#20020=ADVANCED_FACE('',(#20021),#20028,.T.);
#20021=FACE_BOUND('',#20022,.T.);
#20022=EDGE_LOOP('',(#20023,#20026,#20027));
#20023=ORIENTED_EDGE('',*,*,#20024,.T.);
#20024=EDGE_CURVE('',#19757,#19596,#20025,.T.);
#20025=LINE('',#19758,#54);
#20026=ORIENTED_EDGE('',*,*,#19775,.F.);
#20027=ORIENTED_EDGE('',*,*,#19762,.F.);
#20028=PLANE('',#20029);
#20029=AXIS2_PLACEMENT_3D('',#20030,#19769,#13081);
#20030=CARTESIAN_POINT('',(7.332510482201,0.117564564828,-1.493136786879));
#20031=ADVANCED_FACE('',(#20032),#20041,.T.);
#20032=FACE_BOUND('',#20033,.T.);
#20033=EDGE_LOOP('',(#20034,#20035,#20036));
#20034=ORIENTED_EDGE('',*,*,#19900,.F.);
#20035=ORIENTED_EDGE('',*,*,#19790,.F.);
#20036=ORIENTED_EDGE('',*,*,#20037,.T.);
#20037=EDGE_CURVE('',#19530,#19901,#20038,.T.);
#20038=LINE('',#19531,#20039);
#20039=VECTOR('',#20040,1.);
#20040=DIRECTION('',(-8.349588587302E-02,-6.40686871576E-02,0.994446398942));
#20041=PLANE('',#20042);
#20042=AXIS2_PLACEMENT_3D('',#20043,#16206,#16207);
#20043=CARTESIAN_POINT('',(1.707106687534,-2.812282016878,-2.651088485964));
#20044=ADVANCED_FACE('',(#20045),#20052,.T.);
#20045=FACE_BOUND('',#20046,.T.);
#20046=EDGE_LOOP('',(#20047,#20048,#20051));
#20047=ORIENTED_EDGE('',*,*,#19807,.F.);
#20048=ORIENTED_EDGE('',*,*,#20049,.T.);
#20049=EDGE_CURVE('',#19801,#19901,#20050,.T.);
#20050=LINE('',#19802,#82);
#20051=ORIENTED_EDGE('',*,*,#20037,.F.);
#20052=PLANE('',#20053);
#20053=AXIS2_PLACEMENT_3D('',#20054,#16206,#16207);
#20054=CARTESIAN_POINT('',(1.633539937031,-2.868731805678,-2.743817367307));
#20055=ADVANCED_FACE('',(#20056),#20071,.T.);
#20056=FACE_BOUND('',#20057,.T.);
#20057=EDGE_LOOP('',(#20058,#20065,#20070));
#20058=ORIENTED_EDGE('',*,*,#20059,.T.);
#20059=EDGE_CURVE('',#19020,#20060,#20062,.T.);
#20060=VERTEX_POINT('',#20061);
#20061=CARTESIAN_POINT('',(1.473469257355,-3.055431365967,-3.622453117371));
#20062=LINE('',#19021,#20063);
#20063=VECTOR('',#20064,1.);
#20064=DIRECTION('',(2.172047760425E-02,0.999764082598,0.));
#20065=ORIENTED_EDGE('',*,*,#20066,.T.);
#20066=EDGE_CURVE('',#20060,#19801,#20067,.T.);
#20067=LINE('',#20061,#20068);
#20068=VECTOR('',#20069,1.);
#20069=DIRECTION('',(0.608761965528,0.793352928605,0.));
#20070=ORIENTED_EDGE('',*,*,#19800,.F.);
#20071=PLANE('',#20072);
#20072=AXIS2_PLACEMENT_3D('',#20073,#55,#199);
#20073=CARTESIAN_POINT('',(1.455151192015,-5.280536529869,-3.622453117371));
#20074=ADVANCED_FACE('',(#20075),#20080,.T.);
#20075=FACE_BOUND('',#20076,.T.);
#20076=EDGE_LOOP('',(#20077,#20078,#20079));
#20077=ORIENTED_EDGE('',*,*,#20024,.F.);
#20078=ORIENTED_EDGE('',*,*,#19950,.F.);
#20079=ORIENTED_EDGE('',*,*,#19879,.F.);
#20080=PLANE('',#20081);
#20081=AXIS2_PLACEMENT_3D('',#20082,#19886,#13571);
#20082=CARTESIAN_POINT('',(7.332510482201,-0.117564564828,-1.351768875657));
#20083=ADVANCED_FACE('',(#20084),#20099,.T.);
#20084=FACE_BOUND('',#20085,.T.);
#20085=EDGE_LOOP('',(#20086,#20093,#20098));
#20086=ORIENTED_EDGE('',*,*,#20087,.T.);
#20087=EDGE_CURVE('',#19901,#20088,#20090,.T.);
#20088=VERTEX_POINT('',#20089);
#20089=CARTESIAN_POINT('',(1.473469257355,-3.055431365967,-1.772452735901));
#20090=LINE('',#19902,#20091);
#20091=VECTOR('',#20092,1.);
#20092=DIRECTION('',(-0.608761965528,-0.793352928605,0.));
#20093=ORIENTED_EDGE('',*,*,#20094,.T.);
#20094=EDGE_CURVE('',#20088,#19088,#20095,.T.);
#20095=LINE('',#20089,#20096);
#20096=VECTOR('',#20097,1.);
#20097=DIRECTION('',(-2.172047760425E-02,-0.999764082598,0.));
#20098=ORIENTED_EDGE('',*,*,#19905,.F.);
#20099=PLANE('',#20100);
#20100=AXIS2_PLACEMENT_3D('',#20101,#13,#14);
#20101=CARTESIAN_POINT('',(1.455151192015,-5.280536529869,-1.772452735901));
#20102=ADVANCED_FACE('',(#20103),#20112,.T.);
#20103=FACE_BOUND('',#20104,.T.);
#20104=EDGE_LOOP('',(#20105,#20110,#20111));
#20105=ORIENTED_EDGE('',*,*,#20106,.T.);
#20106=EDGE_CURVE('',#20088,#19918,#20107,.T.);
#20107=LINE('',#20089,#20108);
#20108=VECTOR('',#20109,1.);
#20109=DIRECTION('',(-0.382683237336,-0.923879613295,0.));
#20110=ORIENTED_EDGE('',*,*,#19923,.F.);
#20111=ORIENTED_EDGE('',*,*,#20094,.F.);
#20112=PLANE('',#20113);
#20113=AXIS2_PLACEMENT_3D('',#20114,#13,#14);
#20114=CARTESIAN_POINT('',(1.405530970978,-5.364358122472,-1.772452735901));
#20115=ADVANCED_FACE('',(#20116),#20125,.T.);
#20116=FACE_BOUND('',#20117,.T.);
#20117=EDGE_LOOP('',(#20118,#20119,#20120));
#20118=ORIENTED_EDGE('',*,*,#19934,.F.);
#20119=ORIENTED_EDGE('',*,*,#19917,.F.);
#20120=ORIENTED_EDGE('',*,*,#20121,.T.);
#20121=EDGE_CURVE('',#19918,#19935,#20122,.T.);
#20122=LINE('',#19919,#20123);
#20123=VECTOR('',#20124,1.);
#20124=DIRECTION('',(-1.373712426166E-02,-0.104343857602,-0.994446404186));
#20125=PLANE('',#20126);
#20126=AXIS2_PLACEMENT_3D('',#20127,#20128,#18483);
#20127=CARTESIAN_POINT('',(1.379714379645,-3.379342027935,-2.651088506815));
#20128=DIRECTION('',(-0.991444867767,0.130526143658,0.));
#20129=ADVANCED_FACE('',(#20130),#20143,.T.);
#20130=FACE_BOUND('',#20131,.T.);
#20131=EDGE_LOOP('',(#20132,#20133,#20138));
#20132=ORIENTED_EDGE('',*,*,#19939,.F.);
#20133=ORIENTED_EDGE('',*,*,#20134,.T.);
#20134=EDGE_CURVE('',#19935,#20135,#20137,.T.);
#20135=VERTEX_POINT('',#20136);
#20136=CARTESIAN_POINT('',(1.398543953896,-3.236317157745,-3.622453117371));
#20137=LINE('',#19936,#17426);
#20138=ORIENTED_EDGE('',*,*,#20139,.T.);
#20139=EDGE_CURVE('',#20135,#19020,#20140,.T.);
#20140=LINE('',#20136,#20141);
#20141=VECTOR('',#20142,1.);
#20142=DIRECTION('',(-5.75034459941E-03,-0.999983466632,0.));
#20143=PLANE('',#20144);
#20144=AXIS2_PLACEMENT_3D('',#20145,#55,#199);
#20145=CARTESIAN_POINT('',(1.379657508097,-5.457973880557,-3.622453117371));
#20146=ADVANCED_FACE('',(#20147),#20156,.T.);
#20147=FACE_BOUND('',#20148,.T.);
#20148=EDGE_LOOP('',(#20149,#20150,#20155));
#20149=ORIENTED_EDGE('',*,*,#20011,.F.);
#20150=ORIENTED_EDGE('',*,*,#20151,.T.);
#20151=EDGE_CURVE('',#19992,#19418,#20152,.T.);
#20152=LINE('',#19993,#20153);
#20153=VECTOR('',#20154,1.);
#20154=DIRECTION('',(-0.130526692904,-0.991444795457,0.));
#20155=ORIENTED_EDGE('',*,*,#19953,.F.);
#20156=PLANE('',#20157);
#20157=AXIS2_PLACEMENT_3D('',#20158,#20159,#14455);
#20158=CARTESIAN_POINT('',(7.0761520545,-7.816932083598E-02,-0.810908078957));
#20159=DIRECTION('',(0.704062568614,-9.269195733289E-02,0.704062568614));
#20160=ADVANCED_FACE('',(#20161),#20166,.T.);
#20161=FACE_BOUND('',#20162,.T.);
#20162=EDGE_LOOP('',(#20163,#20164,#20165));
#20163=ORIENTED_EDGE('',*,*,#20151,.F.);
#20164=ORIENTED_EDGE('',*,*,#19991,.F.);
#20165=ORIENTED_EDGE('',*,*,#19970,.F.);
#20166=PLANE('',#20167);
#20167=AXIS2_PLACEMENT_3D('',#20168,#13,#14);
#20168=CARTESIAN_POINT('',(6.872469185155,0.,-0.622453117371));
#20169=ADVANCED_FACE('',(#20170),#20179,.T.);
#20170=FACE_BOUND('',#20171,.T.);
#20171=EDGE_LOOP('',(#20172,#20173,#20174));
#20172=ORIENTED_EDGE('',*,*,#20049,.F.);
#20173=ORIENTED_EDGE('',*,*,#20066,.F.);
#20174=ORIENTED_EDGE('',*,*,#20175,.T.);
#20175=EDGE_CURVE('',#20060,#19901,#20176,.T.);
#20176=LINE('',#20061,#20177);
#20177=VECTOR('',#20178,1.);
#20178=DIRECTION('',(6.406868750048E-02,8.349582224028E-02,0.994446404262));
#20179=PLANE('',#20180);
#20180=AXIS2_PLACEMENT_3D('',#20181,#20182,#20092);
#20181=CARTESIAN_POINT('',(1.561288664496,-2.940983046609,-2.743817346152));
#20182=DIRECTION('',(-0.793352928605,0.608761965528,0.));
#20183=ADVANCED_FACE('',(#20184),#20193,.T.);
#20184=FACE_BOUND('',#20185,.T.);
#20185=EDGE_LOOP('',(#20186,#20187,#20192));
#20186=ORIENTED_EDGE('',*,*,#20139,.F.);
#20187=ORIENTED_EDGE('',*,*,#20188,.T.);
#20188=EDGE_CURVE('',#20135,#20060,#20189,.T.);
#20189=LINE('',#20136,#20190);
#20190=VECTOR('',#20191,1.);
#20191=DIRECTION('',(0.382683237336,0.923879613295,0.));
#20192=ORIENTED_EDGE('',*,*,#20059,.F.);
#20193=PLANE('',#20194);
#20194=AXIS2_PLACEMENT_3D('',#20195,#55,#199);
#20195=CARTESIAN_POINT('',(1.405530970978,-5.364358122472,-3.622453117371));
#20196=ADVANCED_FACE('',(#20197),#20204,.T.);
#20197=FACE_BOUND('',#20198,.T.);
#20198=EDGE_LOOP('',(#20199,#20202,#20203));
#20199=ORIENTED_EDGE('',*,*,#20200,.T.);
#20200=EDGE_CURVE('',#20060,#20088,#20201,.T.);
#20201=LINE('',#20061,#82);
#20202=ORIENTED_EDGE('',*,*,#20087,.F.);
#20203=ORIENTED_EDGE('',*,*,#20175,.F.);
#20204=PLANE('',#20205);
#20205=AXIS2_PLACEMENT_3D('',#20206,#20182,#20092);
#20206=CARTESIAN_POINT('',(1.504838874185,-3.014549742621,-2.65108850712));
#20207=ADVANCED_FACE('',(#20208),#20219,.T.);
#20208=FACE_BOUND('',#20209,.T.);
#20209=EDGE_LOOP('',(#20210,#20213,#20214));
#20210=ORIENTED_EDGE('',*,*,#20211,.T.);
#20211=EDGE_CURVE('',#20135,#19918,#20212,.T.);
#20212=LINE('',#20136,#82);
#20213=ORIENTED_EDGE('',*,*,#20106,.F.);
#20214=ORIENTED_EDGE('',*,*,#20215,.T.);
#20215=EDGE_CURVE('',#20088,#20135,#20216,.T.);
#20216=LINE('',#20089,#20217);
#20217=VECTOR('',#20218,1.);
#20218=DIRECTION('',(-4.027523386169E-02,-9.723307387213E-02,-0.994446396184));
#20219=PLANE('',#20220);
#20220=AXIS2_PLACEMENT_3D('',#20221,#20222,#20109);
#20221=CARTESIAN_POINT('',(1.418263707175,-3.188709433506,-2.651088474998));
#20222=DIRECTION('',(-0.923879613295,0.382683237336,0.));
#20223=ADVANCED_FACE('',(#20224),#20229,.T.);
#20224=FACE_BOUND('',#20225,.T.);
#20225=EDGE_LOOP('',(#20226,#20227,#20228));
#20226=ORIENTED_EDGE('',*,*,#20211,.F.);
#20227=ORIENTED_EDGE('',*,*,#20134,.F.);
#20228=ORIENTED_EDGE('',*,*,#20121,.F.);
#20229=PLANE('',#20230);
#20230=AXIS2_PLACEMENT_3D('',#20231,#20128,#18483);
#20231=CARTESIAN_POINT('',(1.391817917489,-3.287406495777,-2.743817346457));
#20232=ADVANCED_FACE('',(#20233),#20238,.T.);
#20233=FACE_BOUND('',#20234,.T.);
#20234=EDGE_LOOP('',(#20235,#20236,#20237));
#20235=ORIENTED_EDGE('',*,*,#20200,.F.);
#20236=ORIENTED_EDGE('',*,*,#20188,.F.);
#20237=ORIENTED_EDGE('',*,*,#20215,.F.);
#20238=PLANE('',#20239);
#20239=AXIS2_PLACEMENT_3D('',#20240,#20222,#20109);
#20240=CARTESIAN_POINT('',(1.453749504075,-3.103039090207,-2.743817378273));
#20241=ADVANCED_FACE('',(#20242),#20247,.T.);
#20242=FACE_BOUND('',#20243,.T.);
#20243=EDGE_LOOP('',(#20244,#20245,#20246));
#20244=ORIENTED_EDGE('',*,*,#12646,.F.);
#20245=ORIENTED_EDGE('',*,*,#12591,.F.);
#20246=ORIENTED_EDGE('',*,*,#12822,.F.);
#20247=PLANE('',#20248);
#20248=AXIS2_PLACEMENT_3D('',#20249,#12829,#12830);
#20249=CARTESIAN_POINT('',(4.630345152266,-3.903373584043,-1.325348304537));
#20250=ADVANCED_FACE('',(#20251),#20264,.T.);
#20251=FACE_BOUND('',#20252,.T.);
#20252=EDGE_LOOP('',(#20253,#20254,#20259));
#20253=ORIENTED_EDGE('',*,*,#15231,.F.);
#20254=ORIENTED_EDGE('',*,*,#20255,.T.);
#20255=EDGE_CURVE('',#14731,#20256,#20258,.T.);
#20256=VERTEX_POINT('',#20257);
#20257=CARTESIAN_POINT('',(4.537988185883,-9.280431747437,-1.772452735901));
#20258=LINE('',#14732,#345);
#20259=ORIENTED_EDGE('',*,*,#20260,.T.);
#20260=EDGE_CURVE('',#20256,#15232,#20261,.T.);
#20261=LINE('',#20257,#20262);
#20262=VECTOR('',#20263,1.);
#20263=DIRECTION('',(0.,0.697354923896,-0.716725965846));
#20264=PLANE('',#20265);
#20265=AXIS2_PLACEMENT_3D('',#20266,#14,#13);
#20266=CARTESIAN_POINT('',(4.537988185883,-8.11322708558,-2.430248360146));
#20267=ADVANCED_FACE('',(#20268),#20281,.T.);
#20268=FACE_BOUND('',#20269,.T.);
#20269=EDGE_LOOP('',(#20270,#20271,#20276));
#20270=ORIENTED_EDGE('',*,*,#15994,.F.);
#20271=ORIENTED_EDGE('',*,*,#20272,.T.);
#20272=EDGE_CURVE('',#15988,#20273,#20275,.T.);
#20273=VERTEX_POINT('',#20274);
#20274=CARTESIAN_POINT('',(2.857988357544,-9.280431747437,-1.772452735901));
#20275=LINE('',#15989,#345);
#20276=ORIENTED_EDGE('',*,*,#20277,.F.);
#20277=EDGE_CURVE('',#15107,#20273,#20278,.T.);
#20278=LINE('',#15108,#20279);
#20279=VECTOR('',#20280,1.);
#20280=DIRECTION('',(-0.422885393051,-0.906183173726,0.));
#20281=PLANE('',#20282);
#20282=AXIS2_PLACEMENT_3D('',#20283,#13,#14);
#20283=CARTESIAN_POINT('',(3.114576683256,-8.217020020696,-1.772452735901));
#20284=ADVANCED_FACE('',(#20285),#20296,.T.);
#20285=FACE_BOUND('',#20286,.T.);
#20286=EDGE_LOOP('',(#20287,#20288,#20291));
#20287=ORIENTED_EDGE('',*,*,#20277,.T.);
#20288=ORIENTED_EDGE('',*,*,#20289,.T.);
#20289=EDGE_CURVE('',#20273,#20256,#20290,.T.);
#20290=LINE('',#20274,#34);
#20291=ORIENTED_EDGE('',*,*,#20292,.T.);
#20292=EDGE_CURVE('',#20256,#15107,#20293,.T.);
#20293=LINE('',#20257,#20294);
#20294=VECTOR('',#20295,1.);
#20295=DIRECTION('',(-0.422885393051,0.906183173726,0.));
#20296=PLANE('',#20297);
#20297=AXIS2_PLACEMENT_3D('',#20298,#13,#14);
#20298=CARTESIAN_POINT('',(3.697988271713,-8.647914118285,-1.772452735901));
#20299=ADVANCED_FACE('',(#20300),#20313,.T.);
#20300=FACE_BOUND('',#20301,.T.);
#20301=EDGE_LOOP('',(#20302,#20303,#20308));
#20302=ORIENTED_EDGE('',*,*,#20289,.F.);
#20303=ORIENTED_EDGE('',*,*,#20304,.T.);
#20304=EDGE_CURVE('',#20273,#20305,#20307,.T.);
#20305=VERTEX_POINT('',#20306);
#20306=CARTESIAN_POINT('',(2.857988357544,-9.280431747437,-3.622453117371));
#20307=LINE('',#20274,#54);
#20308=ORIENTED_EDGE('',*,*,#20309,.T.);
#20309=EDGE_CURVE('',#20305,#20256,#20310,.T.);
#20310=LINE('',#20306,#20311);
#20311=VECTOR('',#20312,1.);
#20312=DIRECTION('',(0.672274230291,0.,0.740302208079));
#20313=PLANE('',#20314);
#20314=AXIS2_PLACEMENT_3D('',#20315,#64,#55);
#20315=CARTESIAN_POINT('',(3.44023320897,-9.280431747437,-2.439697863892));
#20316=ADVANCED_FACE('',(#20317),#20328,.T.);
#20317=FACE_BOUND('',#20318,.T.);
#20318=EDGE_LOOP('',(#20319,#20324,#20327));
#20319=ORIENTED_EDGE('',*,*,#20320,.T.);
#20320=EDGE_CURVE('',#20256,#20321,#20323,.T.);
#20321=VERTEX_POINT('',#20322);
#20322=CARTESIAN_POINT('',(4.537988185883,-9.280431747437,-3.622453117371));
#20323=LINE('',#20257,#54);
#20324=ORIENTED_EDGE('',*,*,#20325,.T.);
#20325=EDGE_CURVE('',#20321,#15232,#20326,.T.);
#20326=LINE('',#20322,#189);
#20327=ORIENTED_EDGE('',*,*,#20260,.F.);
#20328=PLANE('',#20329);
#20329=AXIS2_PLACEMENT_3D('',#20330,#14,#13);
#20330=CARTESIAN_POINT('',(4.537988185883,-8.647636218558,-2.964657493125));
#20331=ADVANCED_FACE('',(#20332),#20341,.T.);
#20332=FACE_BOUND('',#20333,.T.);
#20333=EDGE_LOOP('',(#20334,#20335,#20336));
#20334=ORIENTED_EDGE('',*,*,#20304,.F.);
#20335=ORIENTED_EDGE('',*,*,#20272,.F.);
#20336=ORIENTED_EDGE('',*,*,#20337,.T.);
#20337=EDGE_CURVE('',#15988,#20305,#20338,.T.);
#20338=LINE('',#15989,#20339);
#20339=VECTOR('',#20340,1.);
#20340=DIRECTION('',(0.,-0.697354923896,-0.716725965846));
#20341=PLANE('',#20342);
#20342=AXIS2_PLACEMENT_3D('',#20343,#199,#55);
#20343=CARTESIAN_POINT('',(2.857988357544,-8.647636218558,-2.430248360146));
#20344=ADVANCED_FACE('',(#20345),#20352,.T.);
#20345=FACE_BOUND('',#20346,.T.);
#20346=EDGE_LOOP('',(#20347,#20350,#20351));
#20347=ORIENTED_EDGE('',*,*,#20348,.T.);
#20348=EDGE_CURVE('',#20305,#20321,#20349,.T.);
#20349=LINE('',#20306,#34);
#20350=ORIENTED_EDGE('',*,*,#20320,.F.);
#20351=ORIENTED_EDGE('',*,*,#20309,.F.);
#20352=PLANE('',#20353);
#20353=AXIS2_PLACEMENT_3D('',#20354,#64,#55);
#20354=CARTESIAN_POINT('',(3.955743334457,-9.280431747437,-2.955207989379));
#20355=ADVANCED_FACE('',(#20356),#20365,.T.);
#20356=FACE_BOUND('',#20357,.T.);
#20357=EDGE_LOOP('',(#20358,#20359,#20360));
#20358=ORIENTED_EDGE('',*,*,#20325,.F.);
#20359=ORIENTED_EDGE('',*,*,#20348,.F.);
#20360=ORIENTED_EDGE('',*,*,#20361,.T.);
#20361=EDGE_CURVE('',#20305,#15232,#20362,.T.);
#20362=LINE('',#20306,#20363);
#20363=VECTOR('',#20364,1.);
#20364=DIRECTION('',(0.682318174459,0.731055339084,0.));
#20365=PLANE('',#20366);
#20366=AXIS2_PLACEMENT_3D('',#20367,#55,#199);
#20367=CARTESIAN_POINT('',(3.952439735044,-8.634883115399,-3.622453117371));
#20368=ADVANCED_FACE('',(#20369),#20376,.T.);
#20369=FACE_BOUND('',#20370,.T.);
#20370=EDGE_LOOP('',(#20371,#20372,#20375));
#20371=ORIENTED_EDGE('',*,*,#17616,.F.);
#20372=ORIENTED_EDGE('',*,*,#20373,.T.);
#20373=EDGE_CURVE('',#17152,#20305,#20374,.T.);
#20374=LINE('',#17153,#345);
#20375=ORIENTED_EDGE('',*,*,#20337,.F.);
#20376=PLANE('',#20377);
#20377=AXIS2_PLACEMENT_3D('',#20378,#199,#55);
#20378=CARTESIAN_POINT('',(2.857988357544,-8.11322708558,-2.964657493125));
#20379=ADVANCED_FACE('',(#20380),#20389,.T.);
#20380=FACE_BOUND('',#20381,.T.);
#20381=EDGE_LOOP('',(#20382,#20387,#20388));
#20382=ORIENTED_EDGE('',*,*,#20383,.T.);
#20383=EDGE_CURVE('',#20305,#16351,#20384,.T.);
#20384=LINE('',#20306,#20385);
#20385=VECTOR('',#20386,1.);
#20386=DIRECTION('',(0.422885393051,0.906183173726,0.));
#20387=ORIENTED_EDGE('',*,*,#16350,.F.);
#20388=ORIENTED_EDGE('',*,*,#20361,.F.);
#20389=PLANE('',#20390);
#20390=AXIS2_PLACEMENT_3D('',#20391,#55,#199);
#20391=CARTESIAN_POINT('',(3.606948439755,-8.237481252156,-3.622453117371));
#20392=ADVANCED_FACE('',(#20393),#20398,.T.);
#20393=FACE_BOUND('',#20394,.T.);
#20394=EDGE_LOOP('',(#20395,#20396,#20397));
#20395=ORIENTED_EDGE('',*,*,#20373,.F.);
#20396=ORIENTED_EDGE('',*,*,#17204,.F.);
#20397=ORIENTED_EDGE('',*,*,#20383,.F.);
#20398=PLANE('',#20399);
#20399=AXIS2_PLACEMENT_3D('',#20400,#55,#199);
#20400=CARTESIAN_POINT('',(3.114576683256,-8.217020020696,-3.622453117371));
#20401=ADVANCED_FACE('',(#20402),#20407,.T.);
#20402=FACE_BOUND('',#20403,.T.);
#20403=EDGE_LOOP('',(#20404,#20405,#20406));
#20404=ORIENTED_EDGE('',*,*,#20255,.F.);
#20405=ORIENTED_EDGE('',*,*,#15551,.F.);
#20406=ORIENTED_EDGE('',*,*,#20292,.F.);
#20407=PLANE('',#20408);
#20408=AXIS2_PLACEMENT_3D('',#20409,#13,#14);
#20409=CARTESIAN_POINT('',(4.281399860171,-8.217020020696,-1.772452735901));
#20410=ADVANCED_FACE('',(#20411),#20424,.T.);
#20411=FACE_BOUND('',#20412,.T.);
#20412=EDGE_LOOP('',(#20413,#20418,#20419));
#20413=ORIENTED_EDGE('',*,*,#20414,.T.);
#20414=EDGE_CURVE('',#12552,#16695,#20415,.T.);
#20415=LINE('',#12553,#20416);
#20416=VECTOR('',#20417,1.);
#20417=DIRECTION('',(0.422885537611,-0.906183106265,0.));
#20418=ORIENTED_EDGE('',*,*,#18107,.F.);
#20419=ORIENTED_EDGE('',*,*,#20420,.T.);
#20420=EDGE_CURVE('',#12576,#12552,#20421,.T.);
#20421=LINE('',#12577,#20422);
#20422=VECTOR('',#20423,1.);
#20423=DIRECTION('',(-0.682318326261,0.731055197402,0.));
#20424=PLANE('',#20425);
#20425=AXIS2_PLACEMENT_3D('',#20426,#13,#14);
#20426=CARTESIAN_POINT('',(5.806948494406,2.826618196052,-1.772452735901));
#20427=ADVANCED_FACE('',(#20428),#20435,.T.);
#20428=FACE_BOUND('',#20429,.T.);
#20429=EDGE_LOOP('',(#20430,#20433,#20434));
#20430=ORIENTED_EDGE('',*,*,#20431,.T.);
#20431=EDGE_CURVE('',#12552,#14913,#20432,.T.);
#20432=LINE('',#12553,#345);
#20433=ORIENTED_EDGE('',*,*,#16694,.F.);
#20434=ORIENTED_EDGE('',*,*,#20414,.F.);
#20435=PLANE('',#20436);
#20436=AXIS2_PLACEMENT_3D('',#20437,#13,#14);
#20437=CARTESIAN_POINT('',(5.314576582924,2.806156950012,-1.772452735901));
#20438=ADVANCED_FACE('',(#20439),#20446,.T.);
#20439=FACE_BOUND('',#20440,.T.);
#20440=EDGE_LOOP('',(#20441,#20442,#20445));
#20441=ORIENTED_EDGE('',*,*,#19295,.F.);
#20442=ORIENTED_EDGE('',*,*,#20443,.T.);
#20443=EDGE_CURVE('',#16730,#12559,#20444,.T.);
#20444=LINE('',#16731,#189);
#20445=ORIENTED_EDGE('',*,*,#12580,.F.);
#20446=PLANE('',#20447);
#20447=AXIS2_PLACEMENT_3D('',#20448,#14,#13);
#20448=CARTESIAN_POINT('',(6.737988471985,2.702364061741,-2.964657475086));
#20449=ADVANCED_FACE('',(#20450),#20461,.T.);
#20450=FACE_BOUND('',#20451,.T.);
#20451=EDGE_LOOP('',(#20452,#20457,#20460));
#20452=ORIENTED_EDGE('',*,*,#20453,.T.);
#20453=EDGE_CURVE('',#12559,#20454,#20456,.T.);
#20454=VERTEX_POINT('',#20455);
#20455=CARTESIAN_POINT('',(5.057988166809,3.869568586349,-3.622453117371));
#20456=LINE('',#12560,#228);
#20457=ORIENTED_EDGE('',*,*,#20458,.T.);
#20458=EDGE_CURVE('',#20454,#12552,#20459,.T.);
#20459=LINE('',#20455,#82);
#20460=ORIENTED_EDGE('',*,*,#12563,.F.);
#20461=PLANE('',#20462);
#20462=AXIS2_PLACEMENT_3D('',#20463,#190,#13);
#20463=CARTESIAN_POINT('',(5.640233217586,3.869568586349,-2.955208028447));
#20464=ADVANCED_FACE('',(#20465),#20476,.T.);
#20465=FACE_BOUND('',#20466,.T.);
#20466=EDGE_LOOP('',(#20467,#20468,#20471));
#20467=ORIENTED_EDGE('',*,*,#20458,.F.);
#20468=ORIENTED_EDGE('',*,*,#20469,.T.);
#20469=EDGE_CURVE('',#20454,#14426,#20470,.T.);
#20470=LINE('',#20455,#345);
#20471=ORIENTED_EDGE('',*,*,#20472,.T.);
#20472=EDGE_CURVE('',#14426,#12552,#20473,.T.);
#20473=LINE('',#14427,#20474);
#20474=VECTOR('',#20475,1.);
#20475=DIRECTION('',(0.,0.697354876447,0.716726012013));
#20476=PLANE('',#20477);
#20477=AXIS2_PLACEMENT_3D('',#20478,#199,#55);
#20478=CARTESIAN_POINT('',(5.057988166809,3.236773158642,-2.964657475086));
#20479=ADVANCED_FACE('',(#20480),#20493,.T.);
#20480=FACE_BOUND('',#20481,.T.);
#20481=EDGE_LOOP('',(#20482,#20487,#20488));
#20482=ORIENTED_EDGE('',*,*,#20483,.T.);
#20483=EDGE_CURVE('',#16313,#20454,#20484,.T.);
#20484=LINE('',#16314,#20485);
#20485=VECTOR('',#20486,1.);
#20486=DIRECTION('',(-0.422885537611,0.906183106265,0.));
#20487=ORIENTED_EDGE('',*,*,#20453,.F.);
#20488=ORIENTED_EDGE('',*,*,#20489,.T.);
#20489=EDGE_CURVE('',#12559,#16313,#20490,.T.);
#20490=LINE('',#12560,#20491);
#20491=VECTOR('',#20492,1.);
#20492=DIRECTION('',(-0.422885537611,-0.906183106265,0.));
#20493=PLANE('',#20494);
#20494=AXIS2_PLACEMENT_3D('',#20495,#55,#199);
#20495=CARTESIAN_POINT('',(5.897988319397,3.237051105239,-3.622453117371));
#20496=ADVANCED_FACE('',(#20497),#20502,.T.);
#20497=FACE_BOUND('',#20498,.T.);
#20498=EDGE_LOOP('',(#20499,#20500,#20501));
#20499=ORIENTED_EDGE('',*,*,#14943,.F.);
#20500=ORIENTED_EDGE('',*,*,#20431,.F.);
#20501=ORIENTED_EDGE('',*,*,#20472,.F.);
#20502=PLANE('',#20503);
#20503=AXIS2_PLACEMENT_3D('',#20504,#199,#55);
#20504=CARTESIAN_POINT('',(5.057988166809,2.702364061741,-2.430248378185));
#20505=ADVANCED_FACE('',(#20506),#20511,.T.);
#20506=FACE_BOUND('',#20507,.T.);
#20507=EDGE_LOOP('',(#20508,#20509,#20510));
#20508=ORIENTED_EDGE('',*,*,#20443,.F.);
#20509=ORIENTED_EDGE('',*,*,#16729,.F.);
#20510=ORIENTED_EDGE('',*,*,#20489,.F.);
#20511=PLANE('',#20512);
#20512=AXIS2_PLACEMENT_3D('',#20513,#55,#199);
#20513=CARTESIAN_POINT('',(6.48140005587,2.806156950012,-3.622453117371));
#20514=ADVANCED_FACE('',(#20515),#20520,.T.);
#20515=FACE_BOUND('',#20516,.T.);
#20516=EDGE_LOOP('',(#20517,#20518,#20519));
#20517=ORIENTED_EDGE('',*,*,#16312,.F.);
#20518=ORIENTED_EDGE('',*,*,#20469,.F.);
#20519=ORIENTED_EDGE('',*,*,#20483,.F.);
#20520=PLANE('',#20521);
#20521=AXIS2_PLACEMENT_3D('',#20522,#55,#199);
#20522=CARTESIAN_POINT('',(5.314576582924,2.806156950012,-3.622453117371));
#20523=ADVANCED_FACE('',(#20524),#20529,.T.);
#20524=FACE_BOUND('',#20525,.T.);
#20525=EDGE_LOOP('',(#20526,#20527,#20528));
#20526=ORIENTED_EDGE('',*,*,#12575,.F.);
#20527=ORIENTED_EDGE('',*,*,#12551,.F.);
#20528=ORIENTED_EDGE('',*,*,#20420,.F.);
#20529=PLANE('',#20530);
#20530=AXIS2_PLACEMENT_3D('',#20531,#13,#14);
#20531=CARTESIAN_POINT('',(6.152439804568,3.224020095362,-1.772452735901));
#20532=( GEOMETRIC_REPRESENTATION_CONTEXT(3)GLOBAL_UNCERTAINTY_ASSIGNED_CONTEXT((#20536))GLOBAL_UNIT_ASSIGNED_CONTEXT((#20533,#20534,#20535))REPRESENTATION_CONTEXT('Context #1','3D Context with UNIT and UNCERTAINTY') );
#20533=( LENGTH_UNIT() NAMED_UNIT(*) SI_UNIT(.MILLI.,.METRE.) );
#20534=( NAMED_UNIT(*) PLANE_ANGLE_UNIT() SI_UNIT($,.RADIAN.) );
#20535=( NAMED_UNIT(*) SI_UNIT($,.STERADIAN.) SOLID_ANGLE_UNIT() );
#20536=UNCERTAINTY_MEASURE_WITH_UNIT(LENGTH_MEASURE(1.E-07),#20533,'distance_accuracy_value','confusion accuracy');
#20537=PRODUCT_RELATED_PRODUCT_CATEGORY('part',$,(#7));
ENDSEC;
END-ISO-10303-21;
