ISO-10303-21;
HEADER;
FILE_DESCRIPTION(('FreeCAD Model'),'2;1');
FILE_NAME('Open CASCADE Shape Model','2026-08-21T11:36:08',('FreeCAD'),(
'FreeCAD'),'Open CASCADE STEP processor 7.8','FreeCAD','Unknown');
FILE_SCHEMA(('AUTOMOTIVE_DESIGN { 1 0 10303 214 1 1 1 1 }'));
ENDSEC;
DATA;
#1=APPLICATION_PROTOCOL_DEFINITION('international standard','automotive_design',2000,#2);
#2=APPLICATION_CONTEXT('core data for automotive mechanical design processes');
#3=SHAPE_DEFINITION_REPRESENTATION(#4,#10);
#4=PRODUCT_DEFINITION_SHAPE('','',#5);
#5=PRODUCT_DEFINITION('design','',#6,#9);
#6=PRODUCT_DEFINITION_FORMATION('','',#7);
#7=PRODUCT('Open CASCADE STEP translator 7.8 7','Open CASCADE STEP translator 7.8 7','',(#8));
#8=PRODUCT_CONTEXT('',#2,'mechanical');
#9=PRODUCT_DEFINITION_CONTEXT('part definition',#2,'design');
#10=ADVANCED_BREP_SHAPE_REPRESENTATION('',(#11,#15),#12547);
#11=AXIS2_PLACEMENT_3D('',#12,#13,#14);
#12=CARTESIAN_POINT('',(0.,0.,0.));
#13=DIRECTION('',(0.,0.,1.));
#14=DIRECTION('',(1.,0.,0.));
#15=MANIFOLD_SOLID_BREP('',#16);
#16=CLOSED_SHELL('',(#17,#45,#65,#93,#109,#128,#149,#167,#180,#200,#220,#240,#255,#274,#291,#307,#320,#337,#355,#374,#395,#410,#421,#438,#455,#472,#485,#504,#517,#532,#551,#562,#577,#594,#607,#624,#635,#650,#663,#680,#691,#702,#715,#730,#745,#762,#779,#798,#811,#829,#844,#855,#866,#879,#896,#911,#926,#943,#960,#971,#990,#1007,#1024,#1039,#1054,#1071,#1088,#1103,#1116,#1129,#1144,#1157,#1170,#1181,#1200,#1217,#1232,#1245,#1256,#1267,#1278,#1295,#1310,#1327,#1344,#1355,#1374,#1385,#1402,#1415,#1426,#1441,#1460,#1471,#1480,#1491,#1508,#1523,#1540,#1557,#1568,#1579,#1598,#1609,#1626,#1639,#1648,#1659,#1672,#1683,#1698,#1713,#1732,#1743,#1758,#1767,#1784,#1801,#1818,#1835,#1852,#1875,#1888,#1901,#1916,#1933,#1946,#1963,#1980,#1991,#2010,#2029,#2040,#2051,#2064,#2077,#2096,#2113,#2128,#2139,#2152,#2163,#2172,#2187,#2204,#2217,#2228,#2239,#2256,#2271,#2286,#2303,#2312,#2329,#2340,#2353,#2366,#2381,#2398,#2417,#2430,#2443,#2454,#2464,#2483,#2496,#2507,#2516,#2527,#2546,#2559,#2578,#2587,#2598,#2617,#2632,#2641,#2656,#2675,#2694,#2707,#2720,#2739,#2758,#2777,#2796,#2807,#2826,#2836,#2855,#2870,#2889,#2902,#2911,#2928,#2937,#2956,#2974,#2992,#3011,#3028,#3045,#3064,#3081,#3090,#3101,#3114,#3133,#3150,#3167,#3177,#3194,#3213,#3231,#3242,#3253,#3271,#3282,#3301,#3318,#3335,#3345,#3360,#3379,#3392,#3410,#3427,#3438,#3451,#3470,#3483,#3498,#3509,#3524,#3535,#3546,#3565,#3583,#3594,#3615,#3636,#3657,#3675,#3686,#3705,#3716,#3729,#3738,#3753,#3766,#3785,#3804,#3823,#3842,#3861,#3880,#3891,#3904,#3923,#3939,#3952,#3963,#3977,#3996,#4015,#4030,#4051,#4072,#4087,#4102,#4123,#4138,#4156,#4173,#4190,#4201,#4210,#4229,#4248,#4267,#4286,#4299,#4317,#4334,#4352,#4371,#4392,#4403,#4422,#4441,#4451,#4460,#4468,#4485,#4503,#4521,#4539,#4560,#4579,#4594,#4609,#4620,#4635,#4650,#4669,#4680,#4693,#4708,#4723,#4742,#4761,#4779,#4798,#4816,#4834,#4853,#4868,#4879,#4890,#4908,#4919,#4936,#4954,#4965,#4976,#4995,#5006,#5019,#5036,#5049,#5068,#5085,#5103,#5114,#5125,#5143,#5160,#5171,#5192,#5207,#5216,#5225,#5238,#5259,#5277,#5294,#5309,#5320,#5335,#5346,#5359,#5378,#5395,#5413,#5424,#5435,#5452,#5470,#5488,#5499,#5520,#5541,#5562,#5583,#5601,#5612,#5629,#5650,#5671,#5689,#5700,#5721,#5732,#5749,#5764,#5779,#5798,#5810,#5828,#5839,#5860,#5881,#5902,#5913,#5930,#5950,#5971,#5982,#6001,#6012,#6031,#6048,#6059,#6080,#6095,#6110,#6126,#6135,#6154,#6171,#6182,#6203,#6224,#6238,#6255,#6273,#6284,#6305,#6320,#6335,#6350,#6365,#6386,#6401,#6421,#6440,#6455,#6476,#6491,#6506,#6521,#6540,#6553,#6568,#6577,#6588,#6601,#6620,#6638,#6653,#6674,#6693,#6708,#6723,#6744,#6759,#6770,#6787,#6803,#6818,#6831,#6852,#6870,#6887,#6898,#6913,#6924,#6945,#6962,#6973,#6984,#6997,#7008,#7027,#7044,#7063,#7078,#7093,#7104,#7118,#7133,#7144,#7165,#7180,#7197,#7214,#7231,#7248,#7265,#7286,#7305,#7320,#7338,#7357,#7370,#7389,#7404,#7419,#7434,#7447,#7464,#7483,#7497,#7508,#7519,#7538,#7549,#7570,#7585,#7596,#7607,#7620,#7633,#7646,#7659,#7672,#7692,#7713,#7724,#7743,#7756,#7769,#7784,#7799,#7814,#7825,#7840,#7849,#7860,#7875,#7894,#7907,#7922,#7943,#7960,#7977,#7992,#8005,#8026,#8041,#8058,#8069,#8080,#8091,#8102,#8113,#8124,#8135,#8150,#8169,#8186,#8201,#8219,#8233,#8252,#8269,#8288,#8307,#8318,#8329,#8340,#8351,#8364,#8381,#8392,#8403,#8420,#8441,#8456,#8465,#8474,#8485,#8502,#8513,#8530,#8546,#8561,#8574,#8595,#8612,#8627,#8644,#8655,#8666,#8679,#8690,#8699,#8718,#8732,#8745,#8762,#8777,#8788,#8801,#8812,#8827,#8840,#8855,#8866,#8883,#8902,#8921,#8936,#8946,#8963,#8975,#8986,#9007,#9028,#9039,#9054,#9068,#9086,#9105,#9116,#9135,#9148,#9166,#9183,#9194,#9205,#9216,#9231,#9246,#9259,#9272,#9289,#9306,#9317,#9338,#9349,#9368,#9379,#9396,#9407,#9418,#9428,#9438,#9447,#9456,#9465,#9480,#9499,#9518,#9538,#9558,#9569,#9586,#9599,#9618,#9629,#9640,#9655,#9666,#9681,#9698,#9711,#9732,#9753,#9768,#9789,#9806,#9821,#9836,#9854,#9865,#9884,#9897,#9908,#9927,#9946,#9957,#9973,#9984,#9995,#10011,#10026,#10041,#10052,#10073,#10086,#10101,#10114,#10123,#10134,#10153,#10164,#10175,#10187,#10198,#10217,#10236,#10251,#10264,#10277,#10290,#10307,#10318,#10329,#10340,#10353,#10362,#10373,#10388,#10409,#10424,#10435,#10452,#10463,#10482,#10495,#10506,#10525,#10544,#10563,#10572,#10583,#10600,#10611,#10632,#10643,#10654,#10669,#10680,#10689,#10704,#10717,#10734,#10747,#10762,#10773,#10784,#10797,#10814,#10827,#10840,#10849,#10870,#10881,#10902,#10917,#10930,#10945,#10964,#10977,#10988,#11007,#11018,#11033,#11052,#11066,#11081,#11094,#11105,#11120,#11129,#11140,#11151,#11162,#11171,#11184,#11195,#11208,#11219,#11234,#11253,#11268,#11277,#11296,#11309,#11328,#11347,#11362,#11375,#11386,#11395,#11404,#11423,#11442,#11455,#11474,#11493,#11504,#11523,#11536,#11555,#11574,#11593,#11604,#11615,#11632,#11645,#11662,#11675,#11686,#11699,#11710,#11725,#11738,#11755,#11772,#11785,#11794,#11805,#11814,#11833,#11852,#11867,#11886,#11901,#11914,#11925,#11940,#11959,#11974,#11985,#11997,#12010,#12022,#12031,#12040,#12059,#12077,#12096,#12109,#12126,#12137,#12152,#12164,#12172,#12181,#12196,#12211,#12228,#12239,#12254,#12265,#12276,#12287,#12296,#12305,#12320,#12337,#12348,#12361,#12374,#12388,#12397,#12405,#12424,#12445,#12462,#12476,#12493,#12509,#12520,#12529,#12538));
#17=ADVANCED_FACE('',(#18),#40,.T.);
#18=FACE_BOUND('',#19,.T.);
#19=EDGE_LOOP('',(#20,#29,#35));
#20=ORIENTED_EDGE('',*,*,#21,.T.);
#21=EDGE_CURVE('',#22,#24,#26,.T.);
#22=VERTEX_POINT('',#23);
#23=CARTESIAN_POINT('',(2.,-6.900000095367,0.900000192225));
#24=VERTEX_POINT('',#25);
#25=CARTESIAN_POINT('',(2.,-7.25,0.67004404217));
#26=LINE('',#23,#27);
#27=VECTOR('',#28,1.);
#28=DIRECTION('',(0.,-0.835753463607,-0.549104860722));
#29=ORIENTED_EDGE('',*,*,#30,.T.);
#30=EDGE_CURVE('',#24,#31,#33,.T.);
#31=VERTEX_POINT('',#32);
#32=CARTESIAN_POINT('',(5.,-7.25,0.67004404217));
#33=LINE('',#25,#34);
#34=VECTOR('',#14,1.);
#35=ORIENTED_EDGE('',*,*,#36,.T.);
#36=EDGE_CURVE('',#31,#22,#37,.T.);
#37=LINE('',#32,#38);
#38=VECTOR('',#39,1.);
#39=DIRECTION('',(-0.99039680456,0.115546262382,7.59159454012E-02));
#40=PLANE('',#41);
#41=AXIS2_PLACEMENT_3D('',#42,#43,#44);
#42=CARTESIAN_POINT('',(3.40257631518,-7.156422229709,0.731526298314));
#43=DIRECTION('',(0.,-0.549104860722,0.835753463607));
#44=DIRECTION('',(0.,0.835753463607,0.549104860722));
#45=ADVANCED_FACE('',(#46),#61,.T.);
#46=FACE_BOUND('',#47,.T.);
#47=EDGE_LOOP('',(#48,#49,#56));
#48=ORIENTED_EDGE('',*,*,#30,.F.);
#49=ORIENTED_EDGE('',*,*,#50,.T.);
#50=EDGE_CURVE('',#24,#51,#53,.T.);
#51=VERTEX_POINT('',#52);
#52=CARTESIAN_POINT('',(2.,-7.25,0.484344102442));
#53=LINE('',#25,#54);
#54=VECTOR('',#55,1.);
#55=DIRECTION('',(0.,0.,-1.));
#56=ORIENTED_EDGE('',*,*,#57,.T.);
#57=EDGE_CURVE('',#51,#31,#58,.T.);
#58=LINE('',#52,#59);
#59=VECTOR('',#60,1.);
#60=DIRECTION('',(0.998089684179,0.,6.178173139841E-02));
#61=PLANE('',#62);
#62=AXIS2_PLACEMENT_3D('',#63,#64,#55);
#63=CARTESIAN_POINT('',(3.455010494152,-7.25,0.622183578154));
#64=DIRECTION('',(0.,-1.,0.));
#65=ADVANCED_FACE('',(#66),#88,.T.);
#66=FACE_BOUND('',#67,.T.);
#67=EDGE_LOOP('',(#68,#77,#83));
#68=ORIENTED_EDGE('',*,*,#69,.T.);
#69=EDGE_CURVE('',#70,#72,#74,.T.);
#70=VERTEX_POINT('',#71);
#71=CARTESIAN_POINT('',(-7.25,-6.896446704865,3.000000096858));
#72=VERTEX_POINT('',#73);
#73=CARTESIAN_POINT('',(-6.896446704865,-7.25,3.000000096858));
#74=LINE('',#71,#75);
#75=VECTOR('',#76,1.);
#76=DIRECTION('',(0.707106781187,-0.707106781187,0.));
#77=ORIENTED_EDGE('',*,*,#78,.T.);
#78=EDGE_CURVE('',#72,#79,#81,.T.);
#79=VERTEX_POINT('',#80);
#80=CARTESIAN_POINT('',(-6.896446704865,-7.25,3.500000096858));
#81=LINE('',#73,#82);
#82=VECTOR('',#13,1.);
#83=ORIENTED_EDGE('',*,*,#84,.T.);
#84=EDGE_CURVE('',#79,#70,#85,.T.);
#85=LINE('',#80,#86);
#86=VECTOR('',#87,1.);
#87=DIRECTION('',(-0.499999932501,0.499999932501,-0.707106876644));
#88=PLANE('',#89);
#89=AXIS2_PLACEMENT_3D('',#90,#91,#92);
#90=CARTESIAN_POINT('',(-7.021446664125,-7.125000040739,3.176776802039));
#91=DIRECTION('',(-0.707106781187,-0.707106781187,0.));
#92=DIRECTION('',(-0.707106781187,0.707106781187,0.));
#93=ADVANCED_FACE('',(#94),#106,.T.);
#94=FACE_BOUND('',#95,.T.);
#95=EDGE_LOOP('',(#96,#102,#105));
#96=ORIENTED_EDGE('',*,*,#97,.T.);
#97=EDGE_CURVE('',#79,#98,#100,.T.);
#98=VERTEX_POINT('',#99);
#99=CARTESIAN_POINT('',(-7.25,-6.896446704865,3.500000096858));
#100=LINE('',#80,#101);
#101=VECTOR('',#92,1.);
#102=ORIENTED_EDGE('',*,*,#103,.T.);
#103=EDGE_CURVE('',#98,#70,#104,.T.);
#104=LINE('',#99,#54);
#105=ORIENTED_EDGE('',*,*,#84,.F.);
#106=PLANE('',#107);
#107=AXIS2_PLACEMENT_3D('',#108,#91,#76);
#108=CARTESIAN_POINT('',(-7.125000040739,-7.021446664125,3.323223391676));
#109=ADVANCED_FACE('',(#110),#125,.T.);
#110=FACE_BOUND('',#111,.T.);
#111=EDGE_LOOP('',(#112,#113,#120));
#112=ORIENTED_EDGE('',*,*,#69,.F.);
#113=ORIENTED_EDGE('',*,*,#114,.T.);
#114=EDGE_CURVE('',#70,#115,#117,.T.);
#115=VERTEX_POINT('',#116);
#116=CARTESIAN_POINT('',(-7.,-7.5,3.000000096858));
#117=LINE('',#71,#118);
#118=VECTOR('',#119,1.);
#119=DIRECTION('',(0.382683484026,-0.923879511113,0.));
#120=ORIENTED_EDGE('',*,*,#121,.T.);
#121=EDGE_CURVE('',#115,#72,#122,.T.);
#122=LINE('',#116,#123);
#123=VECTOR('',#124,1.);
#124=DIRECTION('',(0.38268313126,0.923879657233,0.));
#125=PLANE('',#126);
#126=AXIS2_PLACEMENT_3D('',#127,#13,#14);
#127=CARTESIAN_POINT('',(-7.073223330534,-7.187924323763,3.000000096858));
#128=ADVANCED_FACE('',(#129),#146,.T.);
#129=FACE_BOUND('',#130,.T.);
#130=EDGE_LOOP('',(#131,#136,#141));
#131=ORIENTED_EDGE('',*,*,#132,.T.);
#132=EDGE_CURVE('',#72,#133,#135,.T.);
#133=VERTEX_POINT('',#134);
#134=CARTESIAN_POINT('',(6.896446704865,-7.25,3.000000096858));
#135=LINE('',#73,#34);
#136=ORIENTED_EDGE('',*,*,#137,.T.);
#137=EDGE_CURVE('',#133,#138,#140,.T.);
#138=VERTEX_POINT('',#139);
#139=CARTESIAN_POINT('',(6.896446704865,-7.25,3.500000096858));
#140=LINE('',#134,#82);
#141=ORIENTED_EDGE('',*,*,#142,.T.);
#142=EDGE_CURVE('',#138,#72,#143,.T.);
#143=LINE('',#139,#144);
#144=VECTOR('',#145,1.);
#145=DIRECTION('',(-0.999343595605,0.,-3.622675699435E-02));
#146=PLANE('',#147);
#147=AXIS2_PLACEMENT_3D('',#148,#64,#55);
#148=CARTESIAN_POINT('',(0.122735084338,-7.25,3.12726501252));
#149=ADVANCED_FACE('',(#150),#164,.T.);
#150=FACE_BOUND('',#151,.T.);
#151=EDGE_LOOP('',(#152,#158,#159));
#152=ORIENTED_EDGE('',*,*,#153,.T.);
#153=EDGE_CURVE('',#154,#138,#156,.T.);
#154=VERTEX_POINT('',#155);
#155=CARTESIAN_POINT('',(7.25,-6.896446704865,3.500000096858));
#156=LINE('',#155,#157);
#157=VECTOR('',#91,1.);
#158=ORIENTED_EDGE('',*,*,#137,.F.);
#159=ORIENTED_EDGE('',*,*,#160,.T.);
#160=EDGE_CURVE('',#133,#154,#161,.T.);
#161=LINE('',#134,#162);
#162=VECTOR('',#163,1.);
#163=DIRECTION('',(0.499999932501,0.499999932501,0.707106876644));
#164=PLANE('',#165);
#165=AXIS2_PLACEMENT_3D('',#166,#76,#91);
#166=CARTESIAN_POINT('',(7.021446664125,-7.125000040739,3.323223391676));
#167=ADVANCED_FACE('',(#168),#177,.T.);
#168=FACE_BOUND('',#169,.T.);
#169=EDGE_LOOP('',(#170,#171,#172));
#170=ORIENTED_EDGE('',*,*,#132,.F.);
#171=ORIENTED_EDGE('',*,*,#121,.F.);
#172=ORIENTED_EDGE('',*,*,#173,.T.);
#173=EDGE_CURVE('',#115,#133,#174,.T.);
#174=LINE('',#116,#175);
#175=VECTOR('',#176,1.);
#176=DIRECTION('',(0.999838215435,1.798729985926E-02,0.));
#177=PLANE('',#178);
#178=AXIS2_PLACEMENT_3D('',#179,#13,#14);
#179=CARTESIAN_POINT('',(-9.297567857554E-02,-7.313341314529,3.000000096858));
#180=ADVANCED_FACE('',(#181),#196,.T.);
#181=FACE_BOUND('',#182,.T.);
#182=EDGE_LOOP('',(#183,#184,#191));
#183=ORIENTED_EDGE('',*,*,#103,.F.);
#184=ORIENTED_EDGE('',*,*,#185,.T.);
#185=EDGE_CURVE('',#98,#186,#188,.T.);
#186=VERTEX_POINT('',#187);
#187=CARTESIAN_POINT('',(-7.25,6.896446704865,3.500000096858));
#188=LINE('',#99,#189);
#189=VECTOR('',#190,1.);
#190=DIRECTION('',(0.,1.,0.));
#191=ORIENTED_EDGE('',*,*,#192,.T.);
#192=EDGE_CURVE('',#186,#70,#193,.T.);
#193=LINE('',#187,#194);
#194=VECTOR('',#195,1.);
#195=DIRECTION('',(0.,-0.999343595605,-3.622675699435E-02));
#196=PLANE('',#197);
#197=AXIS2_PLACEMENT_3D('',#198,#199,#55);
#198=CARTESIAN_POINT('',(-7.25,-0.122735084338,3.372735181195));
#199=DIRECTION('',(-1.,0.,0.));
#200=ADVANCED_FACE('',(#201),#216,.T.);
#201=FACE_BOUND('',#202,.T.);
#202=EDGE_LOOP('',(#203,#204,#211));
#203=ORIENTED_EDGE('',*,*,#97,.F.);
#204=ORIENTED_EDGE('',*,*,#205,.F.);
#205=EDGE_CURVE('',#206,#79,#208,.T.);
#206=VERTEX_POINT('',#207);
#207=CARTESIAN_POINT('',(-6.751471996307,-6.900000095367,4.999999620021));
#208=LINE('',#207,#209);
#209=VECTOR('',#210,1.);
#210=DIRECTION('',(-9.370743741831E-02,-0.226229764393,-0.969556089082));
#211=ORIENTED_EDGE('',*,*,#212,.T.);
#212=EDGE_CURVE('',#206,#98,#213,.T.);
#213=LINE('',#207,#214);
#214=VECTOR('',#215,1.);
#215=DIRECTION('',(-0.315388814569,2.248017383417E-03,-0.948959873789));
#216=PLANE('',#217);
#217=AXIS2_PLACEMENT_3D('',#218,#219,#76);
#218=CARTESIAN_POINT('',(-6.935338544176,-6.99773089781,4.146630821027));
#219=DIRECTION('',(-0.688609721504,-0.688609721504,0.227229625928));
#220=ADVANCED_FACE('',(#221),#235,.T.);
#221=FACE_BOUND('',#222,.T.);
#222=EDGE_LOOP('',(#223,#229,#230));
#223=ORIENTED_EDGE('',*,*,#224,.T.);
#224=EDGE_CURVE('',#225,#206,#227,.T.);
#225=VERTEX_POINT('',#226);
#226=CARTESIAN_POINT('',(6.751471996307,-6.900000095367,4.999999620021));
#227=LINE('',#226,#228);
#228=VECTOR('',#199,1.);
#229=ORIENTED_EDGE('',*,*,#205,.T.);
#230=ORIENTED_EDGE('',*,*,#231,.F.);
#231=EDGE_CURVE('',#225,#79,#232,.T.);
#232=LINE('',#226,#233);
#233=VECTOR('',#234,1.);
#234=DIRECTION('',(-0.99369161254,-2.548315074539E-02,-0.109213498235));
#235=PLANE('',#236);
#236=AXIS2_PLACEMENT_3D('',#237,#238,#239);
#237=CARTESIAN_POINT('',(-0.40135776196,-6.992907048229,4.601826982981));
#238=DIRECTION('',(0.,-0.973841207458,0.227229625393));
#239=DIRECTION('',(0.,-0.227229625393,-0.973841207458));
#240=ADVANCED_FACE('',(#241),#252,.T.);
#241=FACE_BOUND('',#242,.T.);
#242=EDGE_LOOP('',(#243,#246,#251));
#243=ORIENTED_EDGE('',*,*,#244,.T.);
#244=EDGE_CURVE('',#79,#138,#245,.T.);
#245=LINE('',#80,#34);
#246=ORIENTED_EDGE('',*,*,#247,.T.);
#247=EDGE_CURVE('',#138,#225,#248,.T.);
#248=LINE('',#139,#249);
#249=VECTOR('',#250,1.);
#250=DIRECTION('',(-9.370743741831E-02,0.226229764393,0.969556089082));
#251=ORIENTED_EDGE('',*,*,#231,.T.);
#252=PLANE('',#253);
#253=AXIS2_PLACEMENT_3D('',#254,#238,#239);
#254=CARTESIAN_POINT('',(0.328870407682,-7.158019572667,3.894201910382));
#255=ADVANCED_FACE('',(#256),#269,.T.);
#256=FACE_BOUND('',#257,.T.);
#257=EDGE_LOOP('',(#258,#263,#264));
#258=ORIENTED_EDGE('',*,*,#259,.T.);
#259=EDGE_CURVE('',#260,#225,#262,.T.);
#260=VERTEX_POINT('',#261);
#261=CARTESIAN_POINT('',(6.900000095367,-6.751471996307,4.999999620021));
#262=LINE('',#261,#157);
#263=ORIENTED_EDGE('',*,*,#247,.F.);
#264=ORIENTED_EDGE('',*,*,#265,.T.);
#265=EDGE_CURVE('',#138,#260,#266,.T.);
#266=LINE('',#139,#267);
#267=VECTOR('',#268,1.);
#268=DIRECTION('',(2.248017383417E-03,0.315388814569,0.948959873789));
#269=PLANE('',#270);
#270=AXIS2_PLACEMENT_3D('',#271,#272,#273);
#271=CARTESIAN_POINT('',(6.859239998699,-7.024144950371,4.297197564647));
#272=DIRECTION('',(0.688609721504,-0.688609721504,0.227229625928));
#273=DIRECTION('',(0.707106781187,0.707106781187,0.));
#274=ADVANCED_FACE('',(#275),#288,.T.);
#275=FACE_BOUND('',#276,.T.);
#276=EDGE_LOOP('',(#277,#284,#287));
#277=ORIENTED_EDGE('',*,*,#278,.T.);
#278=EDGE_CURVE('',#70,#279,#281,.T.);
#279=VERTEX_POINT('',#280);
#280=CARTESIAN_POINT('',(-7.5,-7.,3.000000096858));
#281=LINE('',#71,#282);
#282=VECTOR('',#283,1.);
#283=DIRECTION('',(-0.923879657233,-0.38268313126,0.));
#284=ORIENTED_EDGE('',*,*,#285,.T.);
#285=EDGE_CURVE('',#279,#115,#286,.T.);
#286=LINE('',#280,#75);
#287=ORIENTED_EDGE('',*,*,#114,.F.);
#288=PLANE('',#289);
#289=AXIS2_PLACEMENT_3D('',#290,#13,#14);
#290=CARTESIAN_POINT('',(-7.220670859808,-7.179193219012,3.000000096858));
#291=ADVANCED_FACE('',(#292),#304,.T.);
#292=FACE_BOUND('',#293,.T.);
#293=EDGE_LOOP('',(#294,#300,#303));
#294=ORIENTED_EDGE('',*,*,#295,.T.);
#295=EDGE_CURVE('',#133,#296,#298,.T.);
#296=VERTEX_POINT('',#297);
#297=CARTESIAN_POINT('',(7.25,-6.896446704865,3.000000096858));
#298=LINE('',#134,#299);
#299=VECTOR('',#273,1.);
#300=ORIENTED_EDGE('',*,*,#301,.T.);
#301=EDGE_CURVE('',#296,#154,#302,.T.);
#302=LINE('',#297,#82);
#303=ORIENTED_EDGE('',*,*,#160,.F.);
#304=PLANE('',#305);
#305=AXIS2_PLACEMENT_3D('',#306,#76,#273);
#306=CARTESIAN_POINT('',(7.125000040739,-7.021446664125,3.176776802039));
#307=ADVANCED_FACE('',(#308),#317,.T.);
#308=FACE_BOUND('',#309,.T.);
#309=EDGE_LOOP('',(#310,#311,#316));
#310=ORIENTED_EDGE('',*,*,#153,.F.);
#311=ORIENTED_EDGE('',*,*,#312,.T.);
#312=EDGE_CURVE('',#154,#260,#313,.T.);
#313=LINE('',#155,#314);
#314=VECTOR('',#315,1.);
#315=DIRECTION('',(-0.226229764393,9.370743741831E-02,0.969556089082));
#316=ORIENTED_EDGE('',*,*,#265,.F.);
#317=PLANE('',#318);
#318=AXIS2_PLACEMENT_3D('',#319,#272,#91);
#319=CARTESIAN_POINT('',(6.99773089781,-6.935338544176,4.146630821027));
#320=ADVANCED_FACE('',(#321),#334,.T.);
#321=FACE_BOUND('',#322,.T.);
#322=EDGE_LOOP('',(#323,#324,#329));
#323=ORIENTED_EDGE('',*,*,#173,.F.);
#324=ORIENTED_EDGE('',*,*,#325,.T.);
#325=EDGE_CURVE('',#115,#326,#328,.T.);
#326=VERTEX_POINT('',#327);
#327=CARTESIAN_POINT('',(7.,-7.5,3.000000096858));
#328=LINE('',#116,#34);
#329=ORIENTED_EDGE('',*,*,#330,.T.);
#330=EDGE_CURVE('',#326,#133,#331,.T.);
#331=LINE('',#327,#332);
#332=VECTOR('',#333,1.);
#333=DIRECTION('',(-0.38268313126,0.923879657233,0.));
#334=PLANE('',#335);
#335=AXIS2_PLACEMENT_3D('',#336,#13,#14);
#336=CARTESIAN_POINT('',(4.119903100779E-02,-7.437124384186,3.000000096858));
#337=ADVANCED_FACE('',(#338),#352,.T.);
#338=FACE_BOUND('',#339,.T.);
#339=EDGE_LOOP('',(#340,#346,#347));
#340=ORIENTED_EDGE('',*,*,#341,.T.);
#341=EDGE_CURVE('',#342,#225,#344,.T.);
#342=VERTEX_POINT('',#343);
#343=CARTESIAN_POINT('',(6.751471996307,6.900000095367,4.999999620021));
#344=LINE('',#343,#345);
#345=VECTOR('',#64,1.);
#346=ORIENTED_EDGE('',*,*,#259,.F.);
#347=ORIENTED_EDGE('',*,*,#348,.T.);
#348=EDGE_CURVE('',#260,#342,#349,.T.);
#349=LINE('',#261,#350);
#350=VECTOR('',#351,1.);
#351=DIRECTION('',(-1.08793621575E-02,0.999940817988,0.));
#352=PLANE('',#353);
#353=AXIS2_PLACEMENT_3D('',#354,#13,#14);
#354=CARTESIAN_POINT('',(6.788687689043,-1.517859590636E-02,4.999999620021));
#355=ADVANCED_FACE('',(#356),#371,.T.);
#356=FACE_BOUND('',#357,.T.);
#357=EDGE_LOOP('',(#358,#365,#366));
#358=ORIENTED_EDGE('',*,*,#359,.T.);
#359=EDGE_CURVE('',#360,#206,#362,.T.);
#360=VERTEX_POINT('',#361);
#361=CARTESIAN_POINT('',(2.700000047684,-6.199999809265,4.999999620021));
#362=LINE('',#361,#363);
#363=VECTOR('',#364,1.);
#364=DIRECTION('',(-0.997268599765,-7.38602729719E-02,0.));
#365=ORIENTED_EDGE('',*,*,#224,.F.);
#366=ORIENTED_EDGE('',*,*,#367,.T.);
#367=EDGE_CURVE('',#225,#360,#368,.T.);
#368=LINE('',#226,#369);
#369=VECTOR('',#370,1.);
#370=DIRECTION('',(-0.985400164261,0.170254269474,0.));
#371=PLANE('',#372);
#372=AXIS2_PLACEMENT_3D('',#373,#13,#14);
#373=CARTESIAN_POINT('',(8.535188286249E-03,-6.724445062645,4.999999620021));
#374=ADVANCED_FACE('',(#375),#390,.T.);
#375=FACE_BOUND('',#376,.T.);
#376=EDGE_LOOP('',(#377,#378,#385));
#377=ORIENTED_EDGE('',*,*,#185,.F.);
#378=ORIENTED_EDGE('',*,*,#379,.T.);
#379=EDGE_CURVE('',#98,#380,#382,.T.);
#380=VERTEX_POINT('',#381);
#381=CARTESIAN_POINT('',(-6.900000095367,-6.751471996307,4.999999620021));
#382=LINE('',#99,#383);
#383=VECTOR('',#384,1.);
#384=DIRECTION('',(0.226229764393,9.370743741831E-02,0.969556089082));
#385=ORIENTED_EDGE('',*,*,#386,.T.);
#386=EDGE_CURVE('',#380,#186,#387,.T.);
#387=LINE('',#381,#388);
#388=VECTOR('',#389,1.);
#389=DIRECTION('',(-2.548315074539E-02,0.99369161254,-0.109213498235));
#390=PLANE('',#391);
#391=AXIS2_PLACEMENT_3D('',#392,#393,#394);
#392=CARTESIAN_POINT('',(-7.158019572667,-0.328870407682,3.894201910382));
#393=DIRECTION('',(-0.973841207458,0.,0.227229625393));
#394=DIRECTION('',(-0.227229625393,0.,-0.973841207458));
#395=ADVANCED_FACE('',(#396),#407,.T.);
#396=FACE_BOUND('',#397,.T.);
#397=EDGE_LOOP('',(#398,#403,#406));
#398=ORIENTED_EDGE('',*,*,#399,.T.);
#399=EDGE_CURVE('',#186,#400,#402,.T.);
#400=VERTEX_POINT('',#401);
#401=CARTESIAN_POINT('',(-7.25,6.896446704865,3.000000096858));
#402=LINE('',#187,#54);
#403=ORIENTED_EDGE('',*,*,#404,.T.);
#404=EDGE_CURVE('',#400,#70,#405,.T.);
#405=LINE('',#401,#345);
#406=ORIENTED_EDGE('',*,*,#192,.F.);
#407=PLANE('',#408);
#408=AXIS2_PLACEMENT_3D('',#409,#199,#55);
#409=CARTESIAN_POINT('',(-7.25,0.122735084338,3.12726501252));
#410=ADVANCED_FACE('',(#411),#418,.T.);
#411=FACE_BOUND('',#412,.T.);
#412=EDGE_LOOP('',(#413,#416,#417));
#413=ORIENTED_EDGE('',*,*,#414,.T.);
#414=EDGE_CURVE('',#206,#380,#415,.T.);
#415=LINE('',#207,#101);
#416=ORIENTED_EDGE('',*,*,#379,.F.);
#417=ORIENTED_EDGE('',*,*,#212,.F.);
#418=PLANE('',#419);
#419=AXIS2_PLACEMENT_3D('',#420,#219,#92);
#420=CARTESIAN_POINT('',(-7.024144950371,-6.859239998699,4.297197564647));
#421=ADVANCED_FACE('',(#422),#435,.T.);
#422=FACE_BOUND('',#423,.T.);
#423=EDGE_LOOP('',(#424,#429,#430));
#424=ORIENTED_EDGE('',*,*,#425,.T.);
#425=EDGE_CURVE('',#426,#115,#428,.T.);
#426=VERTEX_POINT('',#427);
#427=CARTESIAN_POINT('',(-7.,-7.5,2.199999906123));
#428=LINE('',#427,#82);
#429=ORIENTED_EDGE('',*,*,#285,.F.);
#430=ORIENTED_EDGE('',*,*,#431,.T.);
#431=EDGE_CURVE('',#279,#426,#432,.T.);
#432=LINE('',#280,#433);
#433=VECTOR('',#434,1.);
#434=DIRECTION('',(0.46829284311,-0.46829284311,-0.749268727616));
#435=PLANE('',#436);
#436=AXIS2_PLACEMENT_3D('',#437,#91,#92);
#437=CARTESIAN_POINT('',(-7.17232449619,-7.32767550381,2.709849752442));
#438=ADVANCED_FACE('',(#439),#452,.T.);
#439=FACE_BOUND('',#440,.T.);
#440=EDGE_LOOP('',(#441,#448,#451));
#441=ORIENTED_EDGE('',*,*,#442,.T.);
#442=EDGE_CURVE('',#70,#443,#445,.T.);
#443=VERTEX_POINT('',#444);
#444=CARTESIAN_POINT('',(-7.5,7.,3.000000096858));
#445=LINE('',#71,#446);
#446=VECTOR('',#447,1.);
#447=DIRECTION('',(-1.798729985926E-02,0.999838215435,0.));
#448=ORIENTED_EDGE('',*,*,#449,.T.);
#449=EDGE_CURVE('',#443,#279,#450,.T.);
#450=LINE('',#444,#345);
#451=ORIENTED_EDGE('',*,*,#278,.F.);
#452=PLANE('',#453);
#453=AXIS2_PLACEMENT_3D('',#454,#13,#14);
#454=CARTESIAN_POINT('',(-7.437124384186,-4.119903100779E-02,3.000000096858));
#455=ADVANCED_FACE('',(#456),#469,.T.);
#456=FACE_BOUND('',#457,.T.);
#457=EDGE_LOOP('',(#458,#459,#464));
#458=ORIENTED_EDGE('',*,*,#301,.F.);
#459=ORIENTED_EDGE('',*,*,#460,.T.);
#460=EDGE_CURVE('',#296,#461,#463,.T.);
#461=VERTEX_POINT('',#462);
#462=CARTESIAN_POINT('',(7.25,6.896446704865,3.000000096858));
#463=LINE('',#297,#189);
#464=ORIENTED_EDGE('',*,*,#465,.T.);
#465=EDGE_CURVE('',#461,#154,#466,.T.);
#466=LINE('',#462,#467);
#467=VECTOR('',#468,1.);
#468=DIRECTION('',(0.,-0.999343595605,3.622675699435E-02));
#469=PLANE('',#470);
#470=AXIS2_PLACEMENT_3D('',#471,#14,#13);
#471=CARTESIAN_POINT('',(7.25,-0.122735084338,3.12726501252));
#472=ADVANCED_FACE('',(#473),#482,.T.);
#473=FACE_BOUND('',#474,.T.);
#474=EDGE_LOOP('',(#475,#476,#477));
#475=ORIENTED_EDGE('',*,*,#295,.F.);
#476=ORIENTED_EDGE('',*,*,#330,.F.);
#477=ORIENTED_EDGE('',*,*,#478,.T.);
#478=EDGE_CURVE('',#326,#296,#479,.T.);
#479=LINE('',#327,#480);
#480=VECTOR('',#481,1.);
#481=DIRECTION('',(0.382683484026,0.923879511113,0.));
#482=PLANE('',#483);
#483=AXIS2_PLACEMENT_3D('',#484,#13,#14);
#484=CARTESIAN_POINT('',(7.073223330534,-7.187924323763,3.000000096858));
#485=ADVANCED_FACE('',(#486),#499,.T.);
#486=FACE_BOUND('',#487,.T.);
#487=EDGE_LOOP('',(#488,#489,#494));
#488=ORIENTED_EDGE('',*,*,#312,.F.);
#489=ORIENTED_EDGE('',*,*,#490,.T.);
#490=EDGE_CURVE('',#154,#491,#493,.T.);
#491=VERTEX_POINT('',#492);
#492=CARTESIAN_POINT('',(7.25,6.896446704865,3.500000096858));
#493=LINE('',#155,#189);
#494=ORIENTED_EDGE('',*,*,#495,.T.);
#495=EDGE_CURVE('',#491,#260,#496,.T.);
#496=LINE('',#492,#497);
#497=VECTOR('',#498,1.);
#498=DIRECTION('',(-2.548315074539E-02,-0.99369161254,0.109213498235));
#499=PLANE('',#500);
#500=AXIS2_PLACEMENT_3D('',#501,#502,#503);
#501=CARTESIAN_POINT('',(7.158019572667,-0.328870407682,3.894201910382));
#502=DIRECTION('',(0.973841207458,0.,0.227229625393));
#503=DIRECTION('',(-0.227229625393,0.,0.973841207458));
#504=ADVANCED_FACE('',(#505),#514,.T.);
#505=FACE_BOUND('',#506,.T.);
#506=EDGE_LOOP('',(#507,#508,#509));
#507=ORIENTED_EDGE('',*,*,#325,.F.);
#508=ORIENTED_EDGE('',*,*,#425,.F.);
#509=ORIENTED_EDGE('',*,*,#510,.T.);
#510=EDGE_CURVE('',#426,#326,#511,.T.);
#511=LINE('',#427,#512);
#512=VECTOR('',#513,1.);
#513=DIRECTION('',(0.998371333649,0.,5.704980409601E-02));
#514=PLANE('',#515);
#515=AXIS2_PLACEMENT_3D('',#516,#64,#55);
#516=CARTESIAN_POINT('',(-0.194290416372,-7.5,2.794290417862));
#517=ADVANCED_FACE('',(#518),#529,.T.);
#518=FACE_BOUND('',#519,.T.);
#519=EDGE_LOOP('',(#520,#525,#528));
#520=ORIENTED_EDGE('',*,*,#521,.T.);
#521=EDGE_CURVE('',#260,#522,#524,.T.);
#522=VERTEX_POINT('',#523);
#523=CARTESIAN_POINT('',(6.900000095367,6.751471996307,4.999999620021));
#524=LINE('',#261,#189);
#525=ORIENTED_EDGE('',*,*,#526,.T.);
#526=EDGE_CURVE('',#522,#342,#527,.T.);
#527=LINE('',#523,#101);
#528=ORIENTED_EDGE('',*,*,#348,.F.);
#529=PLANE('',#530);
#530=AXIS2_PLACEMENT_3D('',#531,#13,#14);
#531=CARTESIAN_POINT('',(6.862380417932,8.944264543639E-02,4.999999620021));
#532=ADVANCED_FACE('',(#533),#548,.T.);
#533=FACE_BOUND('',#534,.T.);
#534=EDGE_LOOP('',(#535,#542,#547));
#535=ORIENTED_EDGE('',*,*,#536,.T.);
#536=EDGE_CURVE('',#342,#537,#539,.T.);
#537=VERTEX_POINT('',#538);
#538=CARTESIAN_POINT('',(2.700000047684,6.199999809265,4.999999620021));
#539=LINE('',#343,#540);
#540=VECTOR('',#541,1.);
#541=DIRECTION('',(-0.985400164261,-0.170254269474,0.));
#542=ORIENTED_EDGE('',*,*,#543,.T.);
#543=EDGE_CURVE('',#537,#225,#544,.T.);
#544=LINE('',#538,#545);
#545=VECTOR('',#546,1.);
#546=DIRECTION('',(0.295464769873,-0.955353635972,0.));
#547=ORIENTED_EDGE('',*,*,#341,.F.);
#548=PLANE('',#549);
#549=AXIS2_PLACEMENT_3D('',#550,#13,#14);
#550=CARTESIAN_POINT('',(5.609729912996,0.69982475312,4.999999620021));
#551=ADVANCED_FACE('',(#552),#559,.T.);
#552=FACE_BOUND('',#553,.T.);
#553=EDGE_LOOP('',(#554,#555,#558));
#554=ORIENTED_EDGE('',*,*,#543,.F.);
#555=ORIENTED_EDGE('',*,*,#556,.T.);
#556=EDGE_CURVE('',#537,#360,#557,.T.);
#557=LINE('',#538,#345);
#558=ORIENTED_EDGE('',*,*,#367,.F.);
#559=PLANE('',#560);
#560=AXIS2_PLACEMENT_3D('',#561,#13,#14);
#561=CARTESIAN_POINT('',(3.894629092115,-1.049824896172,4.999999620021));
#562=ADVANCED_FACE('',(#563),#574,.T.);
#563=FACE_BOUND('',#564,.T.);
#564=EDGE_LOOP('',(#565,#570,#573));
#565=ORIENTED_EDGE('',*,*,#566,.T.);
#566=EDGE_CURVE('',#360,#567,#569,.T.);
#567=VERTEX_POINT('',#568);
#568=CARTESIAN_POINT('',(-2.700000047684,-6.199999809265,4.999999620021));
#569=LINE('',#361,#228);
#570=ORIENTED_EDGE('',*,*,#571,.T.);
#571=EDGE_CURVE('',#567,#206,#572,.T.);
#572=LINE('',#568,#540);
#573=ORIENTED_EDGE('',*,*,#359,.F.);
#574=PLANE('',#575);
#575=AXIS2_PLACEMENT_3D('',#576,#13,#14);
#576=CARTESIAN_POINT('',(-2.034271162598,-6.450467856717,4.999999620021));
#577=ADVANCED_FACE('',(#578),#591,.T.);
#578=FACE_BOUND('',#579,.T.);
#579=EDGE_LOOP('',(#580,#585,#590));
#580=ORIENTED_EDGE('',*,*,#581,.T.);
#581=EDGE_CURVE('',#380,#582,#584,.T.);
#582=VERTEX_POINT('',#583);
#583=CARTESIAN_POINT('',(-6.900000095367,6.751471996307,4.999999620021));
#584=LINE('',#381,#189);
#585=ORIENTED_EDGE('',*,*,#586,.T.);
#586=EDGE_CURVE('',#582,#186,#587,.T.);
#587=LINE('',#583,#588);
#588=VECTOR('',#589,1.);
#589=DIRECTION('',(-0.226229764393,9.370743741831E-02,-0.969556089082));
#590=ORIENTED_EDGE('',*,*,#386,.F.);
#591=PLANE('',#592);
#592=AXIS2_PLACEMENT_3D('',#593,#393,#394);
#593=CARTESIAN_POINT('',(-6.992907048229,0.40135776196,4.601826982981));
#594=ADVANCED_FACE('',(#595),#604,.T.);
#595=FACE_BOUND('',#596,.T.);
#596=EDGE_LOOP('',(#597,#598,#599));
#597=ORIENTED_EDGE('',*,*,#442,.F.);
#598=ORIENTED_EDGE('',*,*,#404,.F.);
#599=ORIENTED_EDGE('',*,*,#600,.T.);
#600=EDGE_CURVE('',#400,#443,#601,.T.);
#601=LINE('',#401,#602);
#602=VECTOR('',#603,1.);
#603=DIRECTION('',(-0.923879657233,0.38268313126,0.));
#604=PLANE('',#605);
#605=AXIS2_PLACEMENT_3D('',#606,#13,#14);
#606=CARTESIAN_POINT('',(-7.313341314529,9.297567857554E-02,3.000000096858));
#607=ADVANCED_FACE('',(#608),#621,.T.);
#608=FACE_BOUND('',#609,.T.);
#609=EDGE_LOOP('',(#610,#615,#616));
#610=ORIENTED_EDGE('',*,*,#611,.T.);
#611=EDGE_CURVE('',#612,#400,#614,.T.);
#612=VERTEX_POINT('',#613);
#613=CARTESIAN_POINT('',(-6.896446704865,7.25,3.000000096858));
#614=LINE('',#613,#157);
#615=ORIENTED_EDGE('',*,*,#399,.F.);
#616=ORIENTED_EDGE('',*,*,#617,.T.);
#617=EDGE_CURVE('',#186,#612,#618,.T.);
#618=LINE('',#187,#619);
#619=VECTOR('',#620,1.);
#620=DIRECTION('',(0.499999932501,0.499999932501,-0.707106876644));
#621=PLANE('',#622);
#622=AXIS2_PLACEMENT_3D('',#623,#92,#91);
#623=CARTESIAN_POINT('',(-7.125000040739,7.021446664125,3.176776802039));
#624=ADVANCED_FACE('',(#625),#632,.T.);
#625=FACE_BOUND('',#626,.T.);
#626=EDGE_LOOP('',(#627,#628,#629));
#627=ORIENTED_EDGE('',*,*,#581,.F.);
#628=ORIENTED_EDGE('',*,*,#414,.F.);
#629=ORIENTED_EDGE('',*,*,#630,.T.);
#630=EDGE_CURVE('',#206,#582,#631,.T.);
#631=LINE('',#207,#350);
#632=PLANE('',#633);
#633=AXIS2_PLACEMENT_3D('',#634,#13,#14);
#634=CARTESIAN_POINT('',(-6.862380417932,-8.944264543639E-02,4.999999620021));
#635=ADVANCED_FACE('',(#636),#647,.T.);
#636=FACE_BOUND('',#637,.T.);
#637=EDGE_LOOP('',(#638,#643,#646));
#638=ORIENTED_EDGE('',*,*,#639,.T.);
#639=EDGE_CURVE('',#279,#640,#642,.T.);
#640=VERTEX_POINT('',#641);
#641=CARTESIAN_POINT('',(-7.5,-7.,2.199999906123));
#642=LINE('',#280,#54);
#643=ORIENTED_EDGE('',*,*,#644,.T.);
#644=EDGE_CURVE('',#640,#426,#645,.T.);
#645=LINE('',#641,#75);
#646=ORIENTED_EDGE('',*,*,#431,.F.);
#647=PLANE('',#648);
#648=AXIS2_PLACEMENT_3D('',#649,#91,#92);
#649=CARTESIAN_POINT('',(-7.32767550381,-7.17232449619,2.490150250539));
#650=ADVANCED_FACE('',(#651),#660,.T.);
#651=FACE_BOUND('',#652,.T.);
#652=EDGE_LOOP('',(#653,#654,#655));
#653=ORIENTED_EDGE('',*,*,#639,.F.);
#654=ORIENTED_EDGE('',*,*,#449,.F.);
#655=ORIENTED_EDGE('',*,*,#656,.T.);
#656=EDGE_CURVE('',#443,#640,#657,.T.);
#657=LINE('',#444,#658);
#658=VECTOR('',#659,1.);
#659=DIRECTION('',(0.,-0.998371333649,-5.704980409601E-02));
#660=PLANE('',#661);
#661=AXIS2_PLACEMENT_3D('',#662,#199,#55);
#662=CARTESIAN_POINT('',(-7.5,-0.194290416372,2.794290417862));
#663=ADVANCED_FACE('',(#664),#677,.T.);
#664=FACE_BOUND('',#665,.T.);
#665=EDGE_LOOP('',(#666,#671,#672));
#666=ORIENTED_EDGE('',*,*,#667,.T.);
#667=EDGE_CURVE('',#668,#461,#670,.T.);
#668=VERTEX_POINT('',#669);
#669=CARTESIAN_POINT('',(7.5,-7.,3.000000096858));
#670=LINE('',#669,#446);
#671=ORIENTED_EDGE('',*,*,#460,.F.);
#672=ORIENTED_EDGE('',*,*,#673,.T.);
#673=EDGE_CURVE('',#296,#668,#674,.T.);
#674=LINE('',#297,#675);
#675=VECTOR('',#676,1.);
#676=DIRECTION('',(0.923879657233,-0.38268313126,0.));
#677=PLANE('',#678);
#678=AXIS2_PLACEMENT_3D('',#679,#13,#14);
#679=CARTESIAN_POINT('',(7.313341314529,-9.297567857554E-02,3.000000096858));
#680=ADVANCED_FACE('',(#681),#688,.T.);
#681=FACE_BOUND('',#682,.T.);
#682=EDGE_LOOP('',(#683,#686,#687));
#683=ORIENTED_EDGE('',*,*,#684,.T.);
#684=EDGE_CURVE('',#461,#491,#685,.T.);
#685=LINE('',#462,#82);
#686=ORIENTED_EDGE('',*,*,#490,.F.);
#687=ORIENTED_EDGE('',*,*,#465,.F.);
#688=PLANE('',#689);
#689=AXIS2_PLACEMENT_3D('',#690,#14,#13);
#690=CARTESIAN_POINT('',(7.25,0.122735084338,3.372735181195));
#691=ADVANCED_FACE('',(#692),#699,.T.);
#692=FACE_BOUND('',#693,.T.);
#693=EDGE_LOOP('',(#694,#695,#698));
#694=ORIENTED_EDGE('',*,*,#478,.F.);
#695=ORIENTED_EDGE('',*,*,#696,.T.);
#696=EDGE_CURVE('',#326,#668,#697,.T.);
#697=LINE('',#327,#299);
#698=ORIENTED_EDGE('',*,*,#673,.F.);
#699=PLANE('',#700);
#700=AXIS2_PLACEMENT_3D('',#701,#13,#14);
#701=CARTESIAN_POINT('',(7.220670859808,-7.179193219012,3.000000096858));
#702=ADVANCED_FACE('',(#703),#712,.T.);
#703=FACE_BOUND('',#704,.T.);
#704=EDGE_LOOP('',(#705,#710,#711));
#705=ORIENTED_EDGE('',*,*,#706,.T.);
#706=EDGE_CURVE('',#491,#522,#707,.T.);
#707=LINE('',#492,#708);
#708=VECTOR('',#709,1.);
#709=DIRECTION('',(-0.226229764393,-9.370743741831E-02,0.969556089082));
#710=ORIENTED_EDGE('',*,*,#521,.F.);
#711=ORIENTED_EDGE('',*,*,#495,.F.);
#712=PLANE('',#713);
#713=AXIS2_PLACEMENT_3D('',#714,#502,#503);
#714=CARTESIAN_POINT('',(6.992907048229,0.40135776196,4.601826982981));
#715=ADVANCED_FACE('',(#716),#727,.T.);
#716=FACE_BOUND('',#717,.T.);
#717=EDGE_LOOP('',(#718,#723,#726));
#718=ORIENTED_EDGE('',*,*,#719,.T.);
#719=EDGE_CURVE('',#426,#720,#722,.T.);
#720=VERTEX_POINT('',#721);
#721=CARTESIAN_POINT('',(7.,-7.5,2.199999906123));
#722=LINE('',#427,#34);
#723=ORIENTED_EDGE('',*,*,#724,.T.);
#724=EDGE_CURVE('',#720,#326,#725,.T.);
#725=LINE('',#721,#82);
#726=ORIENTED_EDGE('',*,*,#510,.F.);
#727=PLANE('',#728);
#728=AXIS2_PLACEMENT_3D('',#729,#64,#55);
#729=CARTESIAN_POINT('',(0.194290416372,-7.5,2.405709585119));
#730=ADVANCED_FACE('',(#731),#740,.T.);
#731=FACE_BOUND('',#732,.T.);
#732=EDGE_LOOP('',(#733,#734,#735));
#733=ORIENTED_EDGE('',*,*,#526,.F.);
#734=ORIENTED_EDGE('',*,*,#706,.F.);
#735=ORIENTED_EDGE('',*,*,#736,.T.);
#736=EDGE_CURVE('',#491,#342,#737,.T.);
#737=LINE('',#492,#738);
#738=VECTOR('',#739,1.);
#739=DIRECTION('',(-0.315388814569,2.248017383417E-03,0.948959873789));
#740=PLANE('',#741);
#741=AXIS2_PLACEMENT_3D('',#742,#743,#744);
#742=CARTESIAN_POINT('',(7.024144950371,6.859239998699,4.297197564647));
#743=DIRECTION('',(0.688609721504,0.688609721504,0.227229625928));
#744=DIRECTION('',(0.707106781187,-0.707106781187,-4.163336342344E-17));
#745=ADVANCED_FACE('',(#746),#759,.T.);
#746=FACE_BOUND('',#747,.T.);
#747=EDGE_LOOP('',(#748,#753,#758));
#748=ORIENTED_EDGE('',*,*,#749,.T.);
#749=EDGE_CURVE('',#342,#750,#752,.T.);
#750=VERTEX_POINT('',#751);
#751=CARTESIAN_POINT('',(-6.751471996307,6.900000095367,4.999999620021));
#752=LINE('',#343,#228);
#753=ORIENTED_EDGE('',*,*,#754,.T.);
#754=EDGE_CURVE('',#750,#537,#755,.T.);
#755=LINE('',#751,#756);
#756=VECTOR('',#757,1.);
#757=DIRECTION('',(0.997268599765,-7.38602729719E-02,0.));
#758=ORIENTED_EDGE('',*,*,#536,.F.);
#759=PLANE('',#760);
#760=AXIS2_PLACEMENT_3D('',#761,#13,#14);
#761=CARTESIAN_POINT('',(8.535188286249E-03,6.724445062645,4.999999620021));
#762=ADVANCED_FACE('',(#763),#776,.T.);
#763=FACE_BOUND('',#764,.T.);
#764=EDGE_LOOP('',(#765,#770,#771));
#765=ORIENTED_EDGE('',*,*,#766,.T.);
#766=EDGE_CURVE('',#767,#360,#769,.T.);
#767=VERTEX_POINT('',#768);
#768=CARTESIAN_POINT('',(2.700000047684,-6.199999809265,5.499999620021));
#769=LINE('',#768,#54);
#770=ORIENTED_EDGE('',*,*,#556,.F.);
#771=ORIENTED_EDGE('',*,*,#772,.T.);
#772=EDGE_CURVE('',#537,#767,#773,.T.);
#773=LINE('',#538,#774);
#774=VECTOR('',#775,1.);
#775=DIRECTION('',(0.,-0.999188034698,4.028984134828E-02));
#776=PLANE('',#777);
#777=AXIS2_PLACEMENT_3D('',#778,#14,#13);
#778=CARTESIAN_POINT('',(2.700000047684,-0.122480862189,5.127518757831));
#779=ADVANCED_FACE('',(#780),#795,.T.);
#780=FACE_BOUND('',#781,.T.);
#781=EDGE_LOOP('',(#782,#789,#794));
#782=ORIENTED_EDGE('',*,*,#783,.T.);
#783=EDGE_CURVE('',#567,#784,#786,.T.);
#784=VERTEX_POINT('',#785);
#785=CARTESIAN_POINT('',(-3.099999904633,-2.5,4.999999620021));
#786=LINE('',#568,#787);
#787=VECTOR('',#788,1.);
#788=DIRECTION('',(-0.107481810462,0.994207051081,0.));
#789=ORIENTED_EDGE('',*,*,#790,.T.);
#790=EDGE_CURVE('',#784,#206,#791,.T.);
#791=LINE('',#785,#792);
#792=VECTOR('',#793,1.);
#793=DIRECTION('',(-0.638614746445,-0.769526611381,0.));
#794=ORIENTED_EDGE('',*,*,#571,.F.);
#795=PLANE('',#796);
#796=AXIS2_PLACEMENT_3D('',#797,#13,#14);
#797=CARTESIAN_POINT('',(-4.308712721191,-5.165190267524,4.999999620021));
#798=ADVANCED_FACE('',(#799),#808,.T.);
#799=FACE_BOUND('',#800,.T.);
#800=EDGE_LOOP('',(#801,#802,#803));
#801=ORIENTED_EDGE('',*,*,#566,.F.);
#802=ORIENTED_EDGE('',*,*,#766,.F.);
#803=ORIENTED_EDGE('',*,*,#804,.T.);
#804=EDGE_CURVE('',#767,#567,#805,.T.);
#805=LINE('',#768,#806);
#806=VECTOR('',#807,1.);
#807=DIRECTION('',(-0.995740674205,0.,-9.219820894638E-02));
#808=PLANE('',#809);
#809=AXIS2_PLACEMENT_3D('',#810,#64,#55);
#810=CARTESIAN_POINT('',(0.119225313806,-6.199999809265,5.130774306215));
#811=ADVANCED_FACE('',(#812),#825,.T.);
#812=FACE_BOUND('',#813,.T.);
#813=EDGE_LOOP('',(#814,#819,#820));
#814=ORIENTED_EDGE('',*,*,#815,.T.);
#815=EDGE_CURVE('',#816,#186,#818,.T.);
#816=VERTEX_POINT('',#817);
#817=CARTESIAN_POINT('',(-6.896446704865,7.25,3.500000096858));
#818=LINE('',#817,#157);
#819=ORIENTED_EDGE('',*,*,#586,.F.);
#820=ORIENTED_EDGE('',*,*,#821,.T.);
#821=EDGE_CURVE('',#582,#816,#822,.T.);
#822=LINE('',#583,#823);
#823=VECTOR('',#824,1.);
#824=DIRECTION('',(2.248017383417E-03,0.315388814569,-0.948959873789));
#825=PLANE('',#826);
#826=AXIS2_PLACEMENT_3D('',#827,#828,#273);
#827=CARTESIAN_POINT('',(-6.99773089781,6.935338544176,4.146630821027));
#828=DIRECTION('',(-0.688609721504,0.688609721504,0.227229625928));
#829=ADVANCED_FACE('',(#830),#841,.T.);
#830=FACE_BOUND('',#831,.T.);
#831=EDGE_LOOP('',(#832,#837,#838));
#832=ORIENTED_EDGE('',*,*,#833,.T.);
#833=EDGE_CURVE('',#834,#443,#836,.T.);
#834=VERTEX_POINT('',#835);
#835=CARTESIAN_POINT('',(-7.,7.5,3.000000096858));
#836=LINE('',#835,#157);
#837=ORIENTED_EDGE('',*,*,#600,.F.);
#838=ORIENTED_EDGE('',*,*,#839,.T.);
#839=EDGE_CURVE('',#400,#834,#840,.T.);
#840=LINE('',#401,#480);
#841=PLANE('',#842);
#842=AXIS2_PLACEMENT_3D('',#843,#13,#14);
#843=CARTESIAN_POINT('',(-7.220670859808,7.179193219012,3.000000096858));
#844=ADVANCED_FACE('',(#845),#852,.T.);
#845=FACE_BOUND('',#846,.T.);
#846=EDGE_LOOP('',(#847,#848,#851));
#847=ORIENTED_EDGE('',*,*,#815,.F.);
#848=ORIENTED_EDGE('',*,*,#849,.T.);
#849=EDGE_CURVE('',#816,#612,#850,.T.);
#850=LINE('',#817,#54);
#851=ORIENTED_EDGE('',*,*,#617,.F.);
#852=PLANE('',#853);
#853=AXIS2_PLACEMENT_3D('',#854,#92,#273);
#854=CARTESIAN_POINT('',(-7.021446664125,7.125000040739,3.323223391676));
#855=ADVANCED_FACE('',(#856),#863,.T.);
#856=FACE_BOUND('',#857,.T.);
#857=EDGE_LOOP('',(#858,#859,#860));
#858=ORIENTED_EDGE('',*,*,#839,.F.);
#859=ORIENTED_EDGE('',*,*,#611,.F.);
#860=ORIENTED_EDGE('',*,*,#861,.T.);
#861=EDGE_CURVE('',#612,#834,#862,.T.);
#862=LINE('',#613,#332);
#863=PLANE('',#864);
#864=AXIS2_PLACEMENT_3D('',#865,#13,#14);
#865=CARTESIAN_POINT('',(-7.073223330534,7.187924323763,3.000000096858));
#866=ADVANCED_FACE('',(#867),#876,.T.);
#867=FACE_BOUND('',#868,.T.);
#868=EDGE_LOOP('',(#869,#872,#873));
#869=ORIENTED_EDGE('',*,*,#870,.T.);
#870=EDGE_CURVE('',#750,#582,#871,.T.);
#871=LINE('',#751,#157);
#872=ORIENTED_EDGE('',*,*,#630,.F.);
#873=ORIENTED_EDGE('',*,*,#874,.T.);
#874=EDGE_CURVE('',#206,#750,#875,.T.);
#875=LINE('',#207,#189);
#876=PLANE('',#877);
#877=AXIS2_PLACEMENT_3D('',#878,#13,#14);
#878=CARTESIAN_POINT('',(-6.788687689043,1.517859590636E-02,4.999999620021));
#879=ADVANCED_FACE('',(#880),#893,.T.);
#880=FACE_BOUND('',#881,.T.);
#881=EDGE_LOOP('',(#882,#883,#890));
#882=ORIENTED_EDGE('',*,*,#644,.F.);
#883=ORIENTED_EDGE('',*,*,#884,.T.);
#884=EDGE_CURVE('',#640,#885,#887,.T.);
#885=VERTEX_POINT('',#886);
#886=CARTESIAN_POINT('',(-7.,7.5,2.199999906123));
#887=LINE('',#641,#888);
#888=VECTOR('',#889,1.);
#889=DIRECTION('',(3.446227583976E-02,0.999405999354,0.));
#890=ORIENTED_EDGE('',*,*,#891,.T.);
#891=EDGE_CURVE('',#885,#426,#892,.T.);
#892=LINE('',#886,#345);
#893=PLANE('',#894);
#894=AXIS2_PLACEMENT_3D('',#895,#55,#199);
#895=CARTESIAN_POINT('',(-7.125892436432,-4.962216315991E-02,2.199999906123));
#896=ADVANCED_FACE('',(#897),#908,.T.);
#897=FACE_BOUND('',#898,.T.);
#898=EDGE_LOOP('',(#899,#904,#907));
#899=ORIENTED_EDGE('',*,*,#900,.T.);
#900=EDGE_CURVE('',#443,#901,#903,.T.);
#901=VERTEX_POINT('',#902);
#902=CARTESIAN_POINT('',(-7.5,7.,2.199999906123));
#903=LINE('',#444,#54);
#904=ORIENTED_EDGE('',*,*,#905,.T.);
#905=EDGE_CURVE('',#901,#640,#906,.T.);
#906=LINE('',#902,#345);
#907=ORIENTED_EDGE('',*,*,#656,.F.);
#908=PLANE('',#909);
#909=AXIS2_PLACEMENT_3D('',#910,#199,#55);
#910=CARTESIAN_POINT('',(-7.5,0.194290416372,2.405709585119));
#911=ADVANCED_FACE('',(#912),#923,.T.);
#912=FACE_BOUND('',#913,.T.);
#913=EDGE_LOOP('',(#914,#915,#920));
#914=ORIENTED_EDGE('',*,*,#667,.F.);
#915=ORIENTED_EDGE('',*,*,#916,.T.);
#916=EDGE_CURVE('',#668,#917,#919,.T.);
#917=VERTEX_POINT('',#918);
#918=CARTESIAN_POINT('',(7.5,7.,3.000000096858));
#919=LINE('',#669,#189);
#920=ORIENTED_EDGE('',*,*,#921,.T.);
#921=EDGE_CURVE('',#917,#461,#922,.T.);
#922=LINE('',#918,#282);
#923=PLANE('',#924);
#924=AXIS2_PLACEMENT_3D('',#925,#13,#14);
#925=CARTESIAN_POINT('',(7.437124384186,4.119903100779E-02,3.000000096858));
#926=ADVANCED_FACE('',(#927),#940,.T.);
#927=FACE_BOUND('',#928,.T.);
#928=EDGE_LOOP('',(#929,#930,#935));
#929=ORIENTED_EDGE('',*,*,#684,.F.);
#930=ORIENTED_EDGE('',*,*,#931,.T.);
#931=EDGE_CURVE('',#461,#932,#934,.T.);
#932=VERTEX_POINT('',#933);
#933=CARTESIAN_POINT('',(6.896446704865,7.25,3.000000096858));
#934=LINE('',#462,#101);
#935=ORIENTED_EDGE('',*,*,#936,.T.);
#936=EDGE_CURVE('',#932,#491,#937,.T.);
#937=LINE('',#933,#938);
#938=VECTOR('',#939,1.);
#939=DIRECTION('',(0.499999932501,-0.499999932501,0.707106876644));
#940=PLANE('',#941);
#941=AXIS2_PLACEMENT_3D('',#942,#273,#92);
#942=CARTESIAN_POINT('',(7.125000040739,7.021446664125,3.176776802039));
#943=ADVANCED_FACE('',(#944),#957,.T.);
#944=FACE_BOUND('',#945,.T.);
#945=EDGE_LOOP('',(#946,#951,#952));
#946=ORIENTED_EDGE('',*,*,#947,.T.);
#947=EDGE_CURVE('',#948,#668,#950,.T.);
#948=VERTEX_POINT('',#949);
#949=CARTESIAN_POINT('',(7.5,-7.,2.199999906123));
#950=LINE('',#949,#82);
#951=ORIENTED_EDGE('',*,*,#696,.F.);
#952=ORIENTED_EDGE('',*,*,#953,.T.);
#953=EDGE_CURVE('',#326,#948,#954,.T.);
#954=LINE('',#327,#955);
#955=VECTOR('',#956,1.);
#956=DIRECTION('',(0.46829284311,0.46829284311,-0.749268727616));
#957=PLANE('',#958);
#958=AXIS2_PLACEMENT_3D('',#959,#76,#273);
#959=CARTESIAN_POINT('',(7.32767550381,-7.17232449619,2.709849752442));
#960=ADVANCED_FACE('',(#961),#968,.T.);
#961=FACE_BOUND('',#962,.T.);
#962=EDGE_LOOP('',(#963,#964,#967));
#963=ORIENTED_EDGE('',*,*,#724,.F.);
#964=ORIENTED_EDGE('',*,*,#965,.T.);
#965=EDGE_CURVE('',#720,#948,#966,.T.);
#966=LINE('',#721,#299);
#967=ORIENTED_EDGE('',*,*,#953,.F.);
#968=PLANE('',#969);
#969=AXIS2_PLACEMENT_3D('',#970,#76,#273);
#970=CARTESIAN_POINT('',(7.17232449619,-7.32767550381,2.490150250539));
#971=ADVANCED_FACE('',(#972),#987,.T.);
#972=FACE_BOUND('',#973,.T.);
#973=EDGE_LOOP('',(#974,#975,#982));
#974=ORIENTED_EDGE('',*,*,#719,.F.);
#975=ORIENTED_EDGE('',*,*,#976,.T.);
#976=EDGE_CURVE('',#426,#977,#979,.T.);
#977=VERTEX_POINT('',#978);
#978=CARTESIAN_POINT('',(6.751471996307,-6.900000095367,2.199999906123));
#979=LINE('',#427,#980);
#980=VECTOR('',#981,1.);
#981=DIRECTION('',(0.999049494909,4.359021360256E-02,0.));
#982=ORIENTED_EDGE('',*,*,#983,.T.);
#983=EDGE_CURVE('',#977,#720,#984,.T.);
#984=LINE('',#978,#985);
#985=VECTOR('',#986,1.);
#986=DIRECTION('',(0.38268330852,-0.92387958381,0.));
#987=PLANE('',#988);
#988=AXIS2_PLACEMENT_3D('',#989,#55,#199);
#989=CARTESIAN_POINT('',(9.695597433345E-02,-7.347814531495,2.199999906123));
#990=ADVANCED_FACE('',(#991),#1004,.T.);
#991=FACE_BOUND('',#992,.T.);
#992=EDGE_LOOP('',(#993,#998,#1003));
#993=ORIENTED_EDGE('',*,*,#994,.T.);
#994=EDGE_CURVE('',#491,#995,#997,.T.);
#995=VERTEX_POINT('',#996);
#996=CARTESIAN_POINT('',(6.896446704865,7.25,3.500000096858));
#997=LINE('',#492,#101);
#998=ORIENTED_EDGE('',*,*,#999,.T.);
#999=EDGE_CURVE('',#995,#342,#1000,.T.);
#1000=LINE('',#996,#1001);
#1001=VECTOR('',#1002,1.);
#1002=DIRECTION('',(-9.370743741831E-02,-0.226229764393,0.969556089082));
#1003=ORIENTED_EDGE('',*,*,#736,.F.);
#1004=PLANE('',#1005);
#1005=AXIS2_PLACEMENT_3D('',#1006,#743,#92);
#1006=CARTESIAN_POINT('',(6.935338544176,6.99773089781,4.146630821027));
#1007=ADVANCED_FACE('',(#1008),#1021,.T.);
#1008=FACE_BOUND('',#1009,.T.);
#1009=EDGE_LOOP('',(#1010,#1017,#1020));
#1010=ORIENTED_EDGE('',*,*,#1011,.T.);
#1011=EDGE_CURVE('',#750,#1012,#1014,.T.);
#1012=VERTEX_POINT('',#1013);
#1013=CARTESIAN_POINT('',(-2.700000047684,6.199999809265,4.999999620021));
#1014=LINE('',#751,#1015);
#1015=VECTOR('',#1016,1.);
#1016=DIRECTION('',(0.985400164261,-0.170254269474,0.));
#1017=ORIENTED_EDGE('',*,*,#1018,.T.);
#1018=EDGE_CURVE('',#1012,#537,#1019,.T.);
#1019=LINE('',#1013,#34);
#1020=ORIENTED_EDGE('',*,*,#754,.F.);
#1021=PLANE('',#1022);
#1022=AXIS2_PLACEMENT_3D('',#1023,#13,#14);
#1023=CARTESIAN_POINT('',(-2.034271162598,6.450467856717,4.999999620021));
#1024=ADVANCED_FACE('',(#1025),#1034,.T.);
#1025=FACE_BOUND('',#1026,.T.);
#1026=EDGE_LOOP('',(#1027,#1028,#1029));
#1027=ORIENTED_EDGE('',*,*,#749,.F.);
#1028=ORIENTED_EDGE('',*,*,#999,.F.);
#1029=ORIENTED_EDGE('',*,*,#1030,.T.);
#1030=EDGE_CURVE('',#995,#750,#1031,.T.);
#1031=LINE('',#996,#1032);
#1032=VECTOR('',#1033,1.);
#1033=DIRECTION('',(-0.99369161254,-2.548315074539E-02,0.109213498235));
#1034=PLANE('',#1035);
#1035=AXIS2_PLACEMENT_3D('',#1036,#1037,#1038);
#1036=CARTESIAN_POINT('',(0.40135776196,6.992907048229,4.601826982981));
#1037=DIRECTION('',(0.,0.973841207458,0.227229625393));
#1038=DIRECTION('',(0.,-0.227229625393,0.973841207458));
#1039=ADVANCED_FACE('',(#1040),#1051,.T.);
#1040=FACE_BOUND('',#1041,.T.);
#1041=EDGE_LOOP('',(#1042,#1047,#1050));
#1042=ORIENTED_EDGE('',*,*,#1043,.T.);
#1043=EDGE_CURVE('',#537,#1044,#1046,.T.);
#1044=VERTEX_POINT('',#1045);
#1045=CARTESIAN_POINT('',(2.700000047684,6.199999809265,5.499999620021));
#1046=LINE('',#538,#82);
#1047=ORIENTED_EDGE('',*,*,#1048,.T.);
#1048=EDGE_CURVE('',#1044,#767,#1049,.T.);
#1049=LINE('',#1045,#345);
#1050=ORIENTED_EDGE('',*,*,#772,.F.);
#1051=PLANE('',#1052);
#1052=AXIS2_PLACEMENT_3D('',#1053,#14,#13);
#1053=CARTESIAN_POINT('',(2.700000047684,0.122480862189,5.37248048221));
#1054=ADVANCED_FACE('',(#1055),#1068,.T.);
#1055=FACE_BOUND('',#1056,.T.);
#1056=EDGE_LOOP('',(#1057,#1062,#1067));
#1057=ORIENTED_EDGE('',*,*,#1058,.T.);
#1058=EDGE_CURVE('',#784,#1059,#1061,.T.);
#1059=VERTEX_POINT('',#1060);
#1060=CARTESIAN_POINT('',(-6.300000190735,-2.5,4.999999620021));
#1061=LINE('',#785,#228);
#1062=ORIENTED_EDGE('',*,*,#1063,.T.);
#1063=EDGE_CURVE('',#1059,#206,#1064,.T.);
#1064=LINE('',#1060,#1065);
#1065=VECTOR('',#1066,1.);
#1066=DIRECTION('',(-0.102071317356,-0.994777083659,0.));
#1067=ORIENTED_EDGE('',*,*,#790,.F.);
#1068=PLANE('',#1069);
#1069=AXIS2_PLACEMENT_3D('',#1070,#13,#14);
#1070=CARTESIAN_POINT('',(-5.402061146364,-4.172299576139,4.999999620021));
#1071=ADVANCED_FACE('',(#1072),#1085,.T.);
#1072=FACE_BOUND('',#1073,.T.);
#1073=EDGE_LOOP('',(#1074,#1081,#1084));
#1074=ORIENTED_EDGE('',*,*,#1075,.T.);
#1075=EDGE_CURVE('',#567,#1076,#1078,.T.);
#1076=VERTEX_POINT('',#1077);
#1077=CARTESIAN_POINT('',(-3.099999904633,2.5,4.999999620021));
#1078=LINE('',#568,#1079);
#1079=VECTOR('',#1080,1.);
#1080=DIRECTION('',(-4.592847794531E-02,0.99894473066,0.));
#1081=ORIENTED_EDGE('',*,*,#1082,.T.);
#1082=EDGE_CURVE('',#1076,#784,#1083,.T.);
#1083=LINE('',#1077,#345);
#1084=ORIENTED_EDGE('',*,*,#783,.F.);
#1085=PLANE('',#1086);
#1086=AXIS2_PLACEMENT_3D('',#1087,#13,#14);
#1087=CARTESIAN_POINT('',(-2.957369837013,-1.853091968973,4.999999620021));
#1088=ADVANCED_FACE('',(#1089),#1100,.T.);
#1089=FACE_BOUND('',#1090,.T.);
#1090=EDGE_LOOP('',(#1091,#1096,#1099));
#1091=ORIENTED_EDGE('',*,*,#1092,.T.);
#1092=EDGE_CURVE('',#767,#1093,#1095,.T.);
#1093=VERTEX_POINT('',#1094);
#1094=CARTESIAN_POINT('',(-2.700000047684,-6.199999809265,5.499999620021));
#1095=LINE('',#768,#228);
#1096=ORIENTED_EDGE('',*,*,#1097,.T.);
#1097=EDGE_CURVE('',#1093,#567,#1098,.T.);
#1098=LINE('',#1094,#54);
#1099=ORIENTED_EDGE('',*,*,#804,.F.);
#1100=PLANE('',#1101);
#1101=AXIS2_PLACEMENT_3D('',#1102,#64,#55);
#1102=CARTESIAN_POINT('',(-0.119225313806,-6.199999809265,5.369224933826));
#1103=ADVANCED_FACE('',(#1104),#1113,.T.);
#1104=FACE_BOUND('',#1105,.T.);
#1105=EDGE_LOOP('',(#1106,#1107,#1112));
#1106=ORIENTED_EDGE('',*,*,#870,.F.);
#1107=ORIENTED_EDGE('',*,*,#1108,.T.);
#1108=EDGE_CURVE('',#750,#816,#1109,.T.);
#1109=LINE('',#751,#1110);
#1110=VECTOR('',#1111,1.);
#1111=DIRECTION('',(-9.370743741831E-02,0.226229764393,-0.969556089082));
#1112=ORIENTED_EDGE('',*,*,#821,.F.);
#1113=PLANE('',#1114);
#1114=AXIS2_PLACEMENT_3D('',#1115,#828,#91);
#1115=CARTESIAN_POINT('',(-6.859239998699,7.024144950371,4.297197564647));
#1116=ADVANCED_FACE('',(#1117),#1126,.T.);
#1117=FACE_BOUND('',#1118,.T.);
#1118=EDGE_LOOP('',(#1119,#1120,#1121));
#1119=ORIENTED_EDGE('',*,*,#900,.F.);
#1120=ORIENTED_EDGE('',*,*,#833,.F.);
#1121=ORIENTED_EDGE('',*,*,#1122,.T.);
#1122=EDGE_CURVE('',#834,#901,#1123,.T.);
#1123=LINE('',#835,#1124);
#1124=VECTOR('',#1125,1.);
#1125=DIRECTION('',(-0.46829284311,-0.46829284311,-0.749268727616));
#1126=PLANE('',#1127);
#1127=AXIS2_PLACEMENT_3D('',#1128,#92,#91);
#1128=CARTESIAN_POINT('',(-7.32767550381,7.17232449619,2.709849752442));
#1129=ADVANCED_FACE('',(#1130),#1141,.T.);
#1130=FACE_BOUND('',#1131,.T.);
#1131=EDGE_LOOP('',(#1132,#1135,#1136));
#1132=ORIENTED_EDGE('',*,*,#1133,.T.);
#1133=EDGE_CURVE('',#932,#612,#1134,.T.);
#1134=LINE('',#933,#228);
#1135=ORIENTED_EDGE('',*,*,#849,.F.);
#1136=ORIENTED_EDGE('',*,*,#1137,.T.);
#1137=EDGE_CURVE('',#816,#932,#1138,.T.);
#1138=LINE('',#817,#1139);
#1139=VECTOR('',#1140,1.);
#1140=DIRECTION('',(0.999343595605,0.,-3.622675699435E-02));
#1141=PLANE('',#1142);
#1142=AXIS2_PLACEMENT_3D('',#1143,#190,#13);
#1143=CARTESIAN_POINT('',(-0.122735084338,7.25,3.12726501252));
#1144=ADVANCED_FACE('',(#1145),#1154,.T.);
#1145=FACE_BOUND('',#1146,.T.);
#1146=EDGE_LOOP('',(#1147,#1148,#1149));
#1147=ORIENTED_EDGE('',*,*,#861,.F.);
#1148=ORIENTED_EDGE('',*,*,#1133,.F.);
#1149=ORIENTED_EDGE('',*,*,#1150,.T.);
#1150=EDGE_CURVE('',#932,#834,#1151,.T.);
#1151=LINE('',#933,#1152);
#1152=VECTOR('',#1153,1.);
#1153=DIRECTION('',(-0.999838215435,1.798729985926E-02,0.));
#1154=PLANE('',#1155);
#1155=AXIS2_PLACEMENT_3D('',#1156,#13,#14);
#1156=CARTESIAN_POINT('',(-9.297567857554E-02,7.313341314529,3.000000096858));
#1157=ADVANCED_FACE('',(#1158),#1167,.T.);
#1158=FACE_BOUND('',#1159,.T.);
#1159=EDGE_LOOP('',(#1160,#1165,#1166));
#1160=ORIENTED_EDGE('',*,*,#1161,.T.);
#1161=EDGE_CURVE('',#1059,#750,#1162,.T.);
#1162=LINE('',#1060,#1163);
#1163=VECTOR('',#1164,1.);
#1164=DIRECTION('',(-4.797361466447E-02,0.998848603291,0.));
#1165=ORIENTED_EDGE('',*,*,#874,.F.);
#1166=ORIENTED_EDGE('',*,*,#1063,.F.);
#1167=PLANE('',#1168);
#1168=AXIS2_PLACEMENT_3D('',#1169,#13,#14);
#1169=CARTESIAN_POINT('',(-6.638465432371,-3.066471072323E-03,4.999999620021));
#1170=ADVANCED_FACE('',(#1171),#1178,.T.);
#1171=FACE_BOUND('',#1172,.T.);
#1172=EDGE_LOOP('',(#1173,#1174,#1177));
#1173=ORIENTED_EDGE('',*,*,#905,.F.);
#1174=ORIENTED_EDGE('',*,*,#1175,.T.);
#1175=EDGE_CURVE('',#901,#885,#1176,.T.);
#1176=LINE('',#902,#299);
#1177=ORIENTED_EDGE('',*,*,#884,.F.);
#1178=PLANE('',#1179);
#1179=AXIS2_PLACEMENT_3D('',#1180,#55,#199);
#1180=CARTESIAN_POINT('',(-7.369798499295,0.29962216316,2.199999906123));
#1181=ADVANCED_FACE('',(#1182),#1197,.T.);
#1182=FACE_BOUND('',#1183,.T.);
#1183=EDGE_LOOP('',(#1184,#1191,#1192));
#1184=ORIENTED_EDGE('',*,*,#1185,.T.);
#1185=EDGE_CURVE('',#1186,#426,#1188,.T.);
#1186=VERTEX_POINT('',#1187);
#1187=CARTESIAN_POINT('',(-6.900000095367,6.751471996307,2.199999906123));
#1188=LINE('',#1187,#1189);
#1189=VECTOR('',#1190,1.);
#1190=DIRECTION('',(-7.016639612316E-03,-0.999975383081,0.));
#1191=ORIENTED_EDGE('',*,*,#891,.F.);
#1192=ORIENTED_EDGE('',*,*,#1193,.T.);
#1193=EDGE_CURVE('',#885,#1186,#1194,.T.);
#1194=LINE('',#886,#1195);
#1195=VECTOR('',#1196,1.);
#1196=DIRECTION('',(0.132418945847,-0.991193837138,0.));
#1197=PLANE('',#1198);
#1198=AXIS2_PLACEMENT_3D('',#1199,#55,#199);
#1199=CARTESIAN_POINT('',(-6.974994190993,1.574846621208E-03,2.199999906123));
#1200=ADVANCED_FACE('',(#1201),#1214,.T.);
#1201=FACE_BOUND('',#1202,.T.);
#1202=EDGE_LOOP('',(#1203,#1208,#1209));
#1203=ORIENTED_EDGE('',*,*,#1204,.T.);
#1204=EDGE_CURVE('',#1205,#917,#1207,.T.);
#1205=VERTEX_POINT('',#1206);
#1206=CARTESIAN_POINT('',(7.5,7.,2.199999906123));
#1207=LINE('',#1206,#82);
#1208=ORIENTED_EDGE('',*,*,#916,.F.);
#1209=ORIENTED_EDGE('',*,*,#1210,.T.);
#1210=EDGE_CURVE('',#668,#1205,#1211,.T.);
#1211=LINE('',#669,#1212);
#1212=VECTOR('',#1213,1.);
#1213=DIRECTION('',(0.,0.998371333649,-5.704980409601E-02));
#1214=PLANE('',#1215);
#1215=AXIS2_PLACEMENT_3D('',#1216,#14,#13);
#1216=CARTESIAN_POINT('',(7.5,0.194290416372,2.794290417862));
#1217=ADVANCED_FACE('',(#1218),#1229,.T.);
#1218=FACE_BOUND('',#1219,.T.);
#1219=EDGE_LOOP('',(#1220,#1225,#1228));
#1220=ORIENTED_EDGE('',*,*,#1221,.T.);
#1221=EDGE_CURVE('',#917,#1222,#1224,.T.);
#1222=VERTEX_POINT('',#1223);
#1223=CARTESIAN_POINT('',(7.,7.5,3.000000096858));
#1224=LINE('',#918,#101);
#1225=ORIENTED_EDGE('',*,*,#1226,.T.);
#1226=EDGE_CURVE('',#1222,#461,#1227,.T.);
#1227=LINE('',#1223,#118);
#1228=ORIENTED_EDGE('',*,*,#921,.F.);
#1229=PLANE('',#1230);
#1230=AXIS2_PLACEMENT_3D('',#1231,#13,#14);
#1231=CARTESIAN_POINT('',(7.220670859808,7.179193219012,3.000000096858));
#1232=ADVANCED_FACE('',(#1233),#1242,.T.);
#1233=FACE_BOUND('',#1234,.T.);
#1234=EDGE_LOOP('',(#1235,#1240,#1241));
#1235=ORIENTED_EDGE('',*,*,#1236,.T.);
#1236=EDGE_CURVE('',#1222,#932,#1237,.T.);
#1237=LINE('',#1223,#1238);
#1238=VECTOR('',#1239,1.);
#1239=DIRECTION('',(-0.38268313126,-0.923879657233,0.));
#1240=ORIENTED_EDGE('',*,*,#931,.F.);
#1241=ORIENTED_EDGE('',*,*,#1226,.F.);
#1242=PLANE('',#1243);
#1243=AXIS2_PLACEMENT_3D('',#1244,#13,#14);
#1244=CARTESIAN_POINT('',(7.073223330534,7.187924323763,3.000000096858));
#1245=ADVANCED_FACE('',(#1246),#1253,.T.);
#1246=FACE_BOUND('',#1247,.T.);
#1247=EDGE_LOOP('',(#1248,#1251,#1252));
#1248=ORIENTED_EDGE('',*,*,#1249,.T.);
#1249=EDGE_CURVE('',#932,#995,#1250,.T.);
#1250=LINE('',#933,#82);
#1251=ORIENTED_EDGE('',*,*,#994,.F.);
#1252=ORIENTED_EDGE('',*,*,#936,.F.);
#1253=PLANE('',#1254);
#1254=AXIS2_PLACEMENT_3D('',#1255,#273,#76);
#1255=CARTESIAN_POINT('',(7.021446664125,7.125000040739,3.323223391676));
#1256=ADVANCED_FACE('',(#1257),#1264,.T.);
#1257=FACE_BOUND('',#1258,.T.);
#1258=EDGE_LOOP('',(#1259,#1260,#1263));
#1259=ORIENTED_EDGE('',*,*,#947,.F.);
#1260=ORIENTED_EDGE('',*,*,#1261,.T.);
#1261=EDGE_CURVE('',#948,#1205,#1262,.T.);
#1262=LINE('',#949,#189);
#1263=ORIENTED_EDGE('',*,*,#1210,.F.);
#1264=PLANE('',#1265);
#1265=AXIS2_PLACEMENT_3D('',#1266,#14,#13);
#1266=CARTESIAN_POINT('',(7.5,-0.194290416372,2.405709585119));
#1267=ADVANCED_FACE('',(#1268),#1275,.T.);
#1268=FACE_BOUND('',#1269,.T.);
#1269=EDGE_LOOP('',(#1270,#1271,#1272));
#1270=ORIENTED_EDGE('',*,*,#1261,.F.);
#1271=ORIENTED_EDGE('',*,*,#965,.F.);
#1272=ORIENTED_EDGE('',*,*,#1273,.T.);
#1273=EDGE_CURVE('',#720,#1205,#1274,.T.);
#1274=LINE('',#721,#888);
#1275=PLANE('',#1276);
#1276=AXIS2_PLACEMENT_3D('',#1277,#55,#199);
#1277=CARTESIAN_POINT('',(7.369798499295,-0.29962216316,2.199999906123));
#1278=ADVANCED_FACE('',(#1279),#1292,.T.);
#1279=FACE_BOUND('',#1280,.T.);
#1280=EDGE_LOOP('',(#1281,#1288,#1291));
#1281=ORIENTED_EDGE('',*,*,#1282,.T.);
#1282=EDGE_CURVE('',#426,#1283,#1285,.T.);
#1283=VERTEX_POINT('',#1284);
#1284=CARTESIAN_POINT('',(-6.751471996307,-6.900000095367,2.199999906123));
#1285=LINE('',#427,#1286);
#1286=VECTOR('',#1287,1.);
#1287=DIRECTION('',(0.38268330852,0.92387958381,0.));
#1288=ORIENTED_EDGE('',*,*,#1289,.T.);
#1289=EDGE_CURVE('',#1283,#977,#1290,.T.);
#1290=LINE('',#1284,#34);
#1291=ORIENTED_EDGE('',*,*,#976,.F.);
#1292=PLANE('',#1293);
#1293=AXIS2_PLACEMENT_3D('',#1294,#55,#199);
#1294=CARTESIAN_POINT('',(-0.22121997618,-7.054895198825,2.199999906123));
#1295=ADVANCED_FACE('',(#1296),#1307,.T.);
#1296=FACE_BOUND('',#1297,.T.);
#1297=EDGE_LOOP('',(#1298,#1299,#1304));
#1298=ORIENTED_EDGE('',*,*,#983,.F.);
#1299=ORIENTED_EDGE('',*,*,#1300,.T.);
#1300=EDGE_CURVE('',#977,#1301,#1303,.T.);
#1301=VERTEX_POINT('',#1302);
#1302=CARTESIAN_POINT('',(6.900000095367,-6.751471996307,2.199999906123));
#1303=LINE('',#978,#299);
#1304=ORIENTED_EDGE('',*,*,#1305,.T.);
#1305=EDGE_CURVE('',#1301,#720,#1306,.T.);
#1306=LINE('',#1302,#1195);
#1307=PLANE('',#1308);
#1308=AXIS2_PLACEMENT_3D('',#1309,#55,#199);
#1309=CARTESIAN_POINT('',(6.903964833737,-7.116579021557,2.199999906123));
#1310=ADVANCED_FACE('',(#1311),#1324,.T.);
#1311=FACE_BOUND('',#1312,.T.);
#1312=EDGE_LOOP('',(#1313,#1314,#1319));
#1313=ORIENTED_EDGE('',*,*,#1018,.F.);
#1314=ORIENTED_EDGE('',*,*,#1315,.T.);
#1315=EDGE_CURVE('',#1012,#1316,#1318,.T.);
#1316=VERTEX_POINT('',#1317);
#1317=CARTESIAN_POINT('',(-2.700000047684,6.199999809265,5.499999620021));
#1318=LINE('',#1013,#82);
#1319=ORIENTED_EDGE('',*,*,#1320,.T.);
#1320=EDGE_CURVE('',#1316,#537,#1321,.T.);
#1321=LINE('',#1317,#1322);
#1322=VECTOR('',#1323,1.);
#1323=DIRECTION('',(0.995740674205,0.,-9.219820894638E-02));
#1324=PLANE('',#1325);
#1325=AXIS2_PLACEMENT_3D('',#1326,#190,#13);
#1326=CARTESIAN_POINT('',(-0.119225313806,6.199999809265,5.130774306215));
#1327=ADVANCED_FACE('',(#1328),#1341,.T.);
#1328=FACE_BOUND('',#1329,.T.);
#1329=EDGE_LOOP('',(#1330,#1335,#1340));
#1330=ORIENTED_EDGE('',*,*,#1331,.T.);
#1331=EDGE_CURVE('',#750,#1076,#1332,.T.);
#1332=LINE('',#751,#1333);
#1333=VECTOR('',#1334,1.);
#1334=DIRECTION('',(0.638614746445,-0.769526611381,0.));
#1335=ORIENTED_EDGE('',*,*,#1336,.T.);
#1336=EDGE_CURVE('',#1076,#1012,#1337,.T.);
#1337=LINE('',#1077,#1338);
#1338=VECTOR('',#1339,1.);
#1339=DIRECTION('',(0.107481810462,0.994207051081,0.));
#1340=ORIENTED_EDGE('',*,*,#1011,.F.);
#1341=PLANE('',#1342);
#1342=AXIS2_PLACEMENT_3D('',#1343,#13,#14);
#1343=CARTESIAN_POINT('',(-4.308712721191,5.165190267524,4.999999620021));
#1344=ADVANCED_FACE('',(#1345),#1352,.T.);
#1345=FACE_BOUND('',#1346,.T.);
#1346=EDGE_LOOP('',(#1347,#1350,#1351));
#1347=ORIENTED_EDGE('',*,*,#1348,.T.);
#1348=EDGE_CURVE('',#995,#816,#1349,.T.);
#1349=LINE('',#996,#228);
#1350=ORIENTED_EDGE('',*,*,#1108,.F.);
#1351=ORIENTED_EDGE('',*,*,#1030,.F.);
#1352=PLANE('',#1353);
#1353=AXIS2_PLACEMENT_3D('',#1354,#1037,#1038);
#1354=CARTESIAN_POINT('',(-0.328870407682,7.158019572667,3.894201910382));
#1355=ADVANCED_FACE('',(#1356),#1371,.T.);
#1356=FACE_BOUND('',#1357,.T.);
#1357=EDGE_LOOP('',(#1358,#1365,#1366));
#1358=ORIENTED_EDGE('',*,*,#1359,.T.);
#1359=EDGE_CURVE('',#1360,#767,#1362,.T.);
#1360=VERTEX_POINT('',#1361);
#1361=CARTESIAN_POINT('',(2.,5.5,5.499999620021));
#1362=LINE('',#1361,#1363);
#1363=VECTOR('',#1364,1.);
#1364=DIRECTION('',(5.972227191746E-02,-0.998215032063,0.));
#1365=ORIENTED_EDGE('',*,*,#1048,.F.);
#1366=ORIENTED_EDGE('',*,*,#1367,.T.);
#1367=EDGE_CURVE('',#1044,#1360,#1368,.T.);
#1368=LINE('',#1045,#1369);
#1369=VECTOR('',#1370,1.);
#1370=DIRECTION('',(-0.707106901606,-0.707106660767,0.));
#1371=PLANE('',#1372);
#1372=AXIS2_PLACEMENT_3D('',#1373,#13,#14);
#1373=CARTESIAN_POINT('',(2.522833546224,6.725702864331E-02,5.499999620021));
#1374=ADVANCED_FACE('',(#1375),#1382,.T.);
#1375=FACE_BOUND('',#1376,.T.);
#1376=EDGE_LOOP('',(#1377,#1380,#1381));
#1377=ORIENTED_EDGE('',*,*,#1378,.T.);
#1378=EDGE_CURVE('',#1316,#1044,#1379,.T.);
#1379=LINE('',#1317,#34);
#1380=ORIENTED_EDGE('',*,*,#1043,.F.);
#1381=ORIENTED_EDGE('',*,*,#1320,.F.);
#1382=PLANE('',#1383);
#1383=AXIS2_PLACEMENT_3D('',#1384,#190,#13);
#1384=CARTESIAN_POINT('',(0.119225313806,6.199999809265,5.369224933826));
#1385=ADVANCED_FACE('',(#1386),#1399,.T.);
#1386=FACE_BOUND('',#1387,.T.);
#1387=EDGE_LOOP('',(#1388,#1389,#1394));
#1388=ORIENTED_EDGE('',*,*,#1058,.F.);
#1389=ORIENTED_EDGE('',*,*,#1390,.T.);
#1390=EDGE_CURVE('',#784,#1391,#1393,.T.);
#1391=VERTEX_POINT('',#1392);
#1392=CARTESIAN_POINT('',(-3.099999904633,-2.5,9.6858000731E-08));
#1393=LINE('',#785,#54);
#1394=ORIENTED_EDGE('',*,*,#1395,.T.);
#1395=EDGE_CURVE('',#1391,#1059,#1396,.T.);
#1396=LINE('',#1392,#1397);
#1397=VECTOR('',#1398,1.);
#1398=DIRECTION('',(-0.539053767084,0.,0.842271355439));
#1399=PLANE('',#1400);
#1400=AXIS2_PLACEMENT_3D('',#1401,#190,#13);
#1401=CARTESIAN_POINT('',(-4.134082241483,-2.5,3.06591766464));
#1402=ADVANCED_FACE('',(#1403),#1412,.T.);
#1403=FACE_BOUND('',#1404,.T.);
#1404=EDGE_LOOP('',(#1405,#1406,#1407));
#1405=ORIENTED_EDGE('',*,*,#1390,.F.);
#1406=ORIENTED_EDGE('',*,*,#1082,.F.);
#1407=ORIENTED_EDGE('',*,*,#1408,.T.);
#1408=EDGE_CURVE('',#1076,#1391,#1409,.T.);
#1409=LINE('',#1077,#1410);
#1410=VECTOR('',#1411,1.);
#1411=DIRECTION('',(0.,-0.707106814904,-0.707106747469));
#1412=PLANE('',#1413);
#1413=AXIS2_PLACEMENT_3D('',#1414,#199,#55);
#1414=CARTESIAN_POINT('',(-3.099999904633,-0.732233012118,3.232232870557));
#1415=ADVANCED_FACE('',(#1416),#1423,.T.);
#1416=FACE_BOUND('',#1417,.T.);
#1417=EDGE_LOOP('',(#1418,#1419,#1422));
#1418=ORIENTED_EDGE('',*,*,#1075,.F.);
#1419=ORIENTED_EDGE('',*,*,#1420,.T.);
#1420=EDGE_CURVE('',#567,#1012,#1421,.T.);
#1421=LINE('',#568,#189);
#1422=ORIENTED_EDGE('',*,*,#1336,.F.);
#1423=PLANE('',#1424);
#1424=AXIS2_PLACEMENT_3D('',#1425,#13,#14);
#1425=CARTESIAN_POINT('',(-2.800123847613,3.092064340711E-03,4.999999620021));
#1426=ADVANCED_FACE('',(#1427),#1438,.T.);
#1427=FACE_BOUND('',#1428,.T.);
#1428=EDGE_LOOP('',(#1429,#1430,#1433));
#1429=ORIENTED_EDGE('',*,*,#1097,.F.);
#1430=ORIENTED_EDGE('',*,*,#1431,.T.);
#1431=EDGE_CURVE('',#1093,#1316,#1432,.T.);
#1432=LINE('',#1094,#189);
#1433=ORIENTED_EDGE('',*,*,#1434,.T.);
#1434=EDGE_CURVE('',#1316,#567,#1435,.T.);
#1435=LINE('',#1317,#1436);
#1436=VECTOR('',#1437,1.);
#1437=DIRECTION('',(0.,-0.999188034698,-4.028984134828E-02));
#1438=PLANE('',#1439);
#1439=AXIS2_PLACEMENT_3D('',#1440,#199,#55);
#1440=CARTESIAN_POINT('',(-2.700000047684,-0.122480862189,5.37248048221));
#1441=ADVANCED_FACE('',(#1442),#1457,.T.);
#1442=FACE_BOUND('',#1443,.T.);
#1443=EDGE_LOOP('',(#1444,#1451,#1452));
#1444=ORIENTED_EDGE('',*,*,#1445,.T.);
#1445=EDGE_CURVE('',#1446,#1093,#1448,.T.);
#1446=VERTEX_POINT('',#1447);
#1447=CARTESIAN_POINT('',(2.,-5.5,5.499999620021));
#1448=LINE('',#1447,#1449);
#1449=VECTOR('',#1450,1.);
#1450=DIRECTION('',(-0.989090183948,-0.147311262359,0.));
#1451=ORIENTED_EDGE('',*,*,#1092,.F.);
#1452=ORIENTED_EDGE('',*,*,#1453,.T.);
#1453=EDGE_CURVE('',#767,#1446,#1454,.T.);
#1454=LINE('',#768,#1455);
#1455=VECTOR('',#1456,1.);
#1456=DIRECTION('',(-0.707106901606,0.707106660767,0.));
#1457=PLANE('',#1458);
#1458=AXIS2_PLACEMENT_3D('',#1459,#13,#14);
#1459=CARTESIAN_POINT('',(5.952690630899E-02,-6.019631472404,5.499999620021));
#1460=ADVANCED_FACE('',(#1461),#1468,.T.);
#1461=FACE_BOUND('',#1462,.T.);
#1462=EDGE_LOOP('',(#1463,#1466,#1467));
#1463=ORIENTED_EDGE('',*,*,#1464,.T.);
#1464=EDGE_CURVE('',#834,#885,#1465,.T.);
#1465=LINE('',#835,#54);
#1466=ORIENTED_EDGE('',*,*,#1175,.F.);
#1467=ORIENTED_EDGE('',*,*,#1122,.F.);
#1468=PLANE('',#1469);
#1469=AXIS2_PLACEMENT_3D('',#1470,#92,#91);
#1470=CARTESIAN_POINT('',(-7.17232449619,7.32767550381,2.490150250539));
#1471=ADVANCED_FACE('',(#1472),#1477,.T.);
#1472=FACE_BOUND('',#1473,.T.);
#1473=EDGE_LOOP('',(#1474,#1475,#1476));
#1474=ORIENTED_EDGE('',*,*,#1348,.F.);
#1475=ORIENTED_EDGE('',*,*,#1249,.F.);
#1476=ORIENTED_EDGE('',*,*,#1137,.F.);
#1477=PLANE('',#1478);
#1478=AXIS2_PLACEMENT_3D('',#1479,#190,#13);
#1479=CARTESIAN_POINT('',(0.122735084338,7.25,3.372735181195));
#1480=ADVANCED_FACE('',(#1481),#1488,.T.);
#1481=FACE_BOUND('',#1482,.T.);
#1482=EDGE_LOOP('',(#1483,#1486,#1487));
#1483=ORIENTED_EDGE('',*,*,#1484,.T.);
#1484=EDGE_CURVE('',#1222,#834,#1485,.T.);
#1485=LINE('',#1223,#228);
#1486=ORIENTED_EDGE('',*,*,#1150,.F.);
#1487=ORIENTED_EDGE('',*,*,#1236,.F.);
#1488=PLANE('',#1489);
#1489=AXIS2_PLACEMENT_3D('',#1490,#13,#14);
#1490=CARTESIAN_POINT('',(4.119903100779E-02,7.437124384186,3.000000096858));
#1491=ADVANCED_FACE('',(#1492),#1505,.T.);
#1492=FACE_BOUND('',#1493,.T.);
#1493=EDGE_LOOP('',(#1494,#1495,#1500));
#1494=ORIENTED_EDGE('',*,*,#1161,.F.);
#1495=ORIENTED_EDGE('',*,*,#1496,.T.);
#1496=EDGE_CURVE('',#1059,#1497,#1499,.T.);
#1497=VERTEX_POINT('',#1498);
#1498=CARTESIAN_POINT('',(-6.300000190735,2.5,4.999999620021));
#1499=LINE('',#1060,#189);
#1500=ORIENTED_EDGE('',*,*,#1501,.T.);
#1501=EDGE_CURVE('',#1497,#750,#1502,.T.);
#1502=LINE('',#1498,#1503);
#1503=VECTOR('',#1504,1.);
#1504=DIRECTION('',(-0.102071317356,0.994777083659,0.));
#1505=PLANE('',#1506);
#1506=AXIS2_PLACEMENT_3D('',#1507,#13,#14);
#1507=CARTESIAN_POINT('',(-6.465808129611,2.203066518756,4.999999620021));
#1508=ADVANCED_FACE('',(#1509),#1520,.T.);
#1509=FACE_BOUND('',#1510,.T.);
#1510=EDGE_LOOP('',(#1511,#1516,#1517));
#1511=ORIENTED_EDGE('',*,*,#1512,.T.);
#1512=EDGE_CURVE('',#1513,#1186,#1515,.T.);
#1513=VERTEX_POINT('',#1514);
#1514=CARTESIAN_POINT('',(-6.751471996307,6.900000095367,2.199999906123));
#1515=LINE('',#1514,#157);
#1516=ORIENTED_EDGE('',*,*,#1193,.F.);
#1517=ORIENTED_EDGE('',*,*,#1518,.T.);
#1518=EDGE_CURVE('',#885,#1513,#1519,.T.);
#1519=LINE('',#886,#985);
#1520=PLANE('',#1521);
#1521=AXIS2_PLACEMENT_3D('',#1522,#55,#199);
#1522=CARTESIAN_POINT('',(-6.903964833737,7.116579021557,2.199999906123));
#1523=ADVANCED_FACE('',(#1524),#1537,.T.);
#1524=FACE_BOUND('',#1525,.T.);
#1525=EDGE_LOOP('',(#1526,#1527,#1532));
#1526=ORIENTED_EDGE('',*,*,#1185,.F.);
#1527=ORIENTED_EDGE('',*,*,#1528,.T.);
#1528=EDGE_CURVE('',#1186,#1529,#1531,.T.);
#1529=VERTEX_POINT('',#1530);
#1530=CARTESIAN_POINT('',(-6.900000095367,-6.751471996307,2.199999906123));
#1531=LINE('',#1187,#345);
#1532=ORIENTED_EDGE('',*,*,#1533,.T.);
#1533=EDGE_CURVE('',#1529,#426,#1534,.T.);
#1534=LINE('',#1530,#1535);
#1535=VECTOR('',#1536,1.);
#1536=DIRECTION('',(-0.132418945847,-0.991193837138,0.));
#1537=PLANE('',#1538);
#1538=AXIS2_PLACEMENT_3D('',#1539,#55,#199);
#1539=CARTESIAN_POINT('',(-6.926318958346,-0.375838848468,2.199999906123));
#1540=ADVANCED_FACE('',(#1541),#1554,.T.);
#1541=FACE_BOUND('',#1542,.T.);
#1542=EDGE_LOOP('',(#1543,#1544,#1549));
#1543=ORIENTED_EDGE('',*,*,#1204,.F.);
#1544=ORIENTED_EDGE('',*,*,#1545,.T.);
#1545=EDGE_CURVE('',#1205,#1546,#1548,.T.);
#1546=VERTEX_POINT('',#1547);
#1547=CARTESIAN_POINT('',(7.,7.5,2.199999906123));
#1548=LINE('',#1206,#101);
#1549=ORIENTED_EDGE('',*,*,#1550,.T.);
#1550=EDGE_CURVE('',#1546,#917,#1551,.T.);
#1551=LINE('',#1547,#1552);
#1552=VECTOR('',#1553,1.);
#1553=DIRECTION('',(0.46829284311,-0.46829284311,0.749268727616));
#1554=PLANE('',#1555);
#1555=AXIS2_PLACEMENT_3D('',#1556,#273,#76);
#1556=CARTESIAN_POINT('',(7.32767550381,7.17232449619,2.490150250539));
#1557=ADVANCED_FACE('',(#1558),#1565,.T.);
#1558=FACE_BOUND('',#1559,.T.);
#1559=EDGE_LOOP('',(#1560,#1563,#1564));
#1560=ORIENTED_EDGE('',*,*,#1561,.T.);
#1561=EDGE_CURVE('',#1546,#1222,#1562,.T.);
#1562=LINE('',#1547,#82);
#1563=ORIENTED_EDGE('',*,*,#1221,.F.);
#1564=ORIENTED_EDGE('',*,*,#1550,.F.);
#1565=PLANE('',#1566);
#1566=AXIS2_PLACEMENT_3D('',#1567,#273,#76);
#1567=CARTESIAN_POINT('',(7.17232449619,7.32767550381,2.709849752442));
#1568=ADVANCED_FACE('',(#1569),#1576,.T.);
#1569=FACE_BOUND('',#1570,.T.);
#1570=EDGE_LOOP('',(#1571,#1574,#1575));
#1571=ORIENTED_EDGE('',*,*,#1572,.T.);
#1572=EDGE_CURVE('',#720,#1546,#1573,.T.);
#1573=LINE('',#721,#189);
#1574=ORIENTED_EDGE('',*,*,#1545,.F.);
#1575=ORIENTED_EDGE('',*,*,#1273,.F.);
#1576=PLANE('',#1577);
#1577=AXIS2_PLACEMENT_3D('',#1578,#55,#199);
#1578=CARTESIAN_POINT('',(7.125892436432,4.962216315991E-02,2.199999906123));
#1579=ADVANCED_FACE('',(#1580),#1595,.T.);
#1580=FACE_BOUND('',#1581,.T.);
#1581=EDGE_LOOP('',(#1582,#1589,#1590));
#1582=ORIENTED_EDGE('',*,*,#1583,.T.);
#1583=EDGE_CURVE('',#1584,#977,#1586,.T.);
#1584=VERTEX_POINT('',#1585);
#1585=CARTESIAN_POINT('',(-5.,-6.900000095367,0.900000192225));
#1586=LINE('',#1585,#1587);
#1587=VECTOR('',#1588,1.);
#1588=DIRECTION('',(0.993936713791,0.,0.109953667419));
#1589=ORIENTED_EDGE('',*,*,#1289,.F.);
#1590=ORIENTED_EDGE('',*,*,#1591,.T.);
#1591=EDGE_CURVE('',#1283,#1584,#1592,.T.);
#1592=LINE('',#1284,#1593);
#1593=VECTOR('',#1594,1.);
#1594=DIRECTION('',(0.802983825624,0.,-0.596000818612));
#1595=PLANE('',#1596);
#1596=AXIS2_PLACEMENT_3D('',#1597,#64,#55);
#1597=CARTESIAN_POINT('',(-8.951134583661E-02,-6.900000095367,1.869075683135));
#1598=ADVANCED_FACE('',(#1599),#1606,.T.);
#1599=FACE_BOUND('',#1600,.T.);
#1600=EDGE_LOOP('',(#1601,#1602,#1605));
#1601=ORIENTED_EDGE('',*,*,#1533,.F.);
#1602=ORIENTED_EDGE('',*,*,#1603,.T.);
#1603=EDGE_CURVE('',#1529,#1283,#1604,.T.);
#1604=LINE('',#1530,#75);
#1605=ORIENTED_EDGE('',*,*,#1282,.F.);
#1606=PLANE('',#1607);
#1607=AXIS2_PLACEMENT_3D('',#1608,#55,#199);
#1608=CARTESIAN_POINT('',(-6.903964833737,-7.116579021557,2.199999906123));
#1609=ADVANCED_FACE('',(#1610),#1623,.T.);
#1610=FACE_BOUND('',#1611,.T.);
#1611=EDGE_LOOP('',(#1612,#1613,#1618));
#1612=ORIENTED_EDGE('',*,*,#1300,.F.);
#1613=ORIENTED_EDGE('',*,*,#1614,.T.);
#1614=EDGE_CURVE('',#977,#1615,#1617,.T.);
#1615=VERTEX_POINT('',#1616);
#1616=CARTESIAN_POINT('',(6.751471996307,-6.900000095367,9.6858000731E-08));
#1617=LINE('',#978,#54);
#1618=ORIENTED_EDGE('',*,*,#1619,.T.);
#1619=EDGE_CURVE('',#1615,#1301,#1620,.T.);
#1620=LINE('',#1616,#1621);
#1621=VECTOR('',#1622,1.);
#1622=DIRECTION('',(6.72071446087E-02,6.72071446087E-02,0.995472952635));
#1623=PLANE('',#1624);
#1624=AXIS2_PLACEMENT_3D('',#1625,#76,#273);
#1625=CARTESIAN_POINT('',(6.790372635762,-6.861099455913,1.15001141563));
#1626=ADVANCED_FACE('',(#1627),#1636,.T.);
#1627=FACE_BOUND('',#1628,.T.);
#1628=EDGE_LOOP('',(#1629,#1630,#1635));
#1629=ORIENTED_EDGE('',*,*,#1305,.F.);
#1630=ORIENTED_EDGE('',*,*,#1631,.T.);
#1631=EDGE_CURVE('',#1301,#1546,#1632,.T.);
#1632=LINE('',#1302,#1633);
#1633=VECTOR('',#1634,1.);
#1634=DIRECTION('',(7.016639612316E-03,0.999975383081,0.));
#1635=ORIENTED_EDGE('',*,*,#1572,.F.);
#1636=PLANE('',#1637);
#1637=AXIS2_PLACEMENT_3D('',#1638,#55,#199);
#1638=CARTESIAN_POINT('',(6.974994190993,-1.574846621208E-03,2.199999906123));
#1639=ADVANCED_FACE('',(#1640),#1645,.T.);
#1640=FACE_BOUND('',#1641,.T.);
#1641=EDGE_LOOP('',(#1642,#1643,#1644));
#1642=ORIENTED_EDGE('',*,*,#1315,.F.);
#1643=ORIENTED_EDGE('',*,*,#1420,.F.);
#1644=ORIENTED_EDGE('',*,*,#1434,.F.);
#1645=PLANE('',#1646);
#1646=AXIS2_PLACEMENT_3D('',#1647,#199,#55);
#1647=CARTESIAN_POINT('',(-2.700000047684,0.122480862189,5.127518757831));
#1648=ADVANCED_FACE('',(#1649),#1656,.T.);
#1649=FACE_BOUND('',#1650,.T.);
#1650=EDGE_LOOP('',(#1651,#1652,#1655));
#1651=ORIENTED_EDGE('',*,*,#1501,.F.);
#1652=ORIENTED_EDGE('',*,*,#1653,.T.);
#1653=EDGE_CURVE('',#1497,#1076,#1654,.T.);
#1654=LINE('',#1498,#34);
#1655=ORIENTED_EDGE('',*,*,#1331,.F.);
#1656=PLANE('',#1657);
#1657=AXIS2_PLACEMENT_3D('',#1658,#13,#14);
#1658=CARTESIAN_POINT('',(-5.402061146364,4.172299576139,4.999999620021));
#1659=ADVANCED_FACE('',(#1660),#1669,.T.);
#1660=FACE_BOUND('',#1661,.T.);
#1661=EDGE_LOOP('',(#1662,#1663,#1668));
#1662=ORIENTED_EDGE('',*,*,#1378,.F.);
#1663=ORIENTED_EDGE('',*,*,#1664,.T.);
#1664=EDGE_CURVE('',#1316,#1360,#1665,.T.);
#1665=LINE('',#1317,#1666);
#1666=VECTOR('',#1667,1.);
#1667=DIRECTION('',(0.989090183948,-0.147311262359,0.));
#1668=ORIENTED_EDGE('',*,*,#1367,.F.);
#1669=PLANE('',#1670);
#1670=AXIS2_PLACEMENT_3D('',#1671,#13,#14);
#1671=CARTESIAN_POINT('',(5.952690630899E-02,6.019631472404,5.499999620021));
#1672=ADVANCED_FACE('',(#1673),#1680,.T.);
#1673=FACE_BOUND('',#1674,.T.);
#1674=EDGE_LOOP('',(#1675,#1676,#1679));
#1675=ORIENTED_EDGE('',*,*,#1359,.F.);
#1676=ORIENTED_EDGE('',*,*,#1677,.T.);
#1677=EDGE_CURVE('',#1360,#1446,#1678,.T.);
#1678=LINE('',#1361,#345);
#1679=ORIENTED_EDGE('',*,*,#1453,.F.);
#1680=PLANE('',#1681);
#1681=AXIS2_PLACEMENT_3D('',#1682,#13,#14);
#1682=CARTESIAN_POINT('',(2.187627232232,-0.417256933276,5.499999620021));
#1683=ADVANCED_FACE('',(#1684),#1695,.T.);
#1684=FACE_BOUND('',#1685,.T.);
#1685=EDGE_LOOP('',(#1686,#1691,#1694));
#1686=ORIENTED_EDGE('',*,*,#1687,.T.);
#1687=EDGE_CURVE('',#1391,#1688,#1690,.T.);
#1688=VERTEX_POINT('',#1689);
#1689=CARTESIAN_POINT('',(-6.300000190735,-2.5,9.6858000731E-08));
#1690=LINE('',#1392,#228);
#1691=ORIENTED_EDGE('',*,*,#1692,.T.);
#1692=EDGE_CURVE('',#1688,#1059,#1693,.T.);
#1693=LINE('',#1689,#82);
#1694=ORIENTED_EDGE('',*,*,#1395,.F.);
#1695=PLANE('',#1696);
#1696=AXIS2_PLACEMENT_3D('',#1697,#190,#13);
#1697=CARTESIAN_POINT('',(-5.265917853885,-2.5,1.934082052238));
#1698=ADVANCED_FACE('',(#1699),#1710,.T.);
#1699=FACE_BOUND('',#1700,.T.);
#1700=EDGE_LOOP('',(#1701,#1706,#1709));
#1701=ORIENTED_EDGE('',*,*,#1702,.T.);
#1702=EDGE_CURVE('',#1076,#1703,#1705,.T.);
#1703=VERTEX_POINT('',#1704);
#1704=CARTESIAN_POINT('',(-3.099999904633,2.5,9.6858000731E-08));
#1705=LINE('',#1077,#54);
#1706=ORIENTED_EDGE('',*,*,#1707,.T.);
#1707=EDGE_CURVE('',#1703,#1391,#1708,.T.);
#1708=LINE('',#1704,#345);
#1709=ORIENTED_EDGE('',*,*,#1408,.F.);
#1710=PLANE('',#1711);
#1711=AXIS2_PLACEMENT_3D('',#1712,#199,#55);
#1712=CARTESIAN_POINT('',(-3.099999904633,0.732233012118,1.767766846321));
#1713=ADVANCED_FACE('',(#1714),#1729,.T.);
#1714=FACE_BOUND('',#1715,.T.);
#1715=EDGE_LOOP('',(#1716,#1723,#1724));
#1716=ORIENTED_EDGE('',*,*,#1717,.T.);
#1717=EDGE_CURVE('',#1718,#1316,#1720,.T.);
#1718=VERTEX_POINT('',#1719);
#1719=CARTESIAN_POINT('',(-2.,-5.5,5.499999620021));
#1720=LINE('',#1719,#1721);
#1721=VECTOR('',#1722,1.);
#1722=DIRECTION('',(-5.972227191746E-02,0.998215032063,0.));
#1723=ORIENTED_EDGE('',*,*,#1431,.F.);
#1724=ORIENTED_EDGE('',*,*,#1725,.T.);
#1725=EDGE_CURVE('',#1093,#1718,#1726,.T.);
#1726=LINE('',#1094,#1727);
#1727=VECTOR('',#1728,1.);
#1728=DIRECTION('',(0.707106901606,0.707106660767,0.));
#1729=PLANE('',#1730);
#1730=AXIS2_PLACEMENT_3D('',#1731,#13,#14);
#1731=CARTESIAN_POINT('',(-2.522833546224,-6.725702864331E-02,5.499999620021));
#1732=ADVANCED_FACE('',(#1733),#1740,.T.);
#1733=FACE_BOUND('',#1734,.T.);
#1734=EDGE_LOOP('',(#1735,#1738,#1739));
#1735=ORIENTED_EDGE('',*,*,#1736,.T.);
#1736=EDGE_CURVE('',#1446,#1718,#1737,.T.);
#1737=LINE('',#1447,#228);
#1738=ORIENTED_EDGE('',*,*,#1725,.F.);
#1739=ORIENTED_EDGE('',*,*,#1445,.F.);
#1740=PLANE('',#1741);
#1741=AXIS2_PLACEMENT_3D('',#1742,#13,#14);
#1742=CARTESIAN_POINT('',(-0.409526930151,-5.706289205484,5.499999620021));
#1743=ADVANCED_FACE('',(#1744),#1755,.T.);
#1744=FACE_BOUND('',#1745,.T.);
#1745=EDGE_LOOP('',(#1746,#1749,#1750));
#1746=ORIENTED_EDGE('',*,*,#1747,.T.);
#1747=EDGE_CURVE('',#1546,#885,#1748,.T.);
#1748=LINE('',#1547,#228);
#1749=ORIENTED_EDGE('',*,*,#1464,.F.);
#1750=ORIENTED_EDGE('',*,*,#1751,.T.);
#1751=EDGE_CURVE('',#834,#1546,#1752,.T.);
#1752=LINE('',#835,#1753);
#1753=VECTOR('',#1754,1.);
#1754=DIRECTION('',(0.998371333649,0.,-5.704980409601E-02));
#1755=PLANE('',#1756);
#1756=AXIS2_PLACEMENT_3D('',#1757,#190,#13);
#1757=CARTESIAN_POINT('',(-0.194290416372,7.5,2.405709585119));
#1758=ADVANCED_FACE('',(#1759),#1764,.T.);
#1759=FACE_BOUND('',#1760,.T.);
#1760=EDGE_LOOP('',(#1761,#1762,#1763));
#1761=ORIENTED_EDGE('',*,*,#1484,.F.);
#1762=ORIENTED_EDGE('',*,*,#1561,.F.);
#1763=ORIENTED_EDGE('',*,*,#1751,.F.);
#1764=PLANE('',#1765);
#1765=AXIS2_PLACEMENT_3D('',#1766,#190,#13);
#1766=CARTESIAN_POINT('',(0.194290416372,7.5,2.794290417862));
#1767=ADVANCED_FACE('',(#1768),#1781,.T.);
#1768=FACE_BOUND('',#1769,.T.);
#1769=EDGE_LOOP('',(#1770,#1775,#1776));
#1770=ORIENTED_EDGE('',*,*,#1771,.T.);
#1771=EDGE_CURVE('',#1772,#1497,#1774,.T.);
#1772=VERTEX_POINT('',#1773);
#1773=CARTESIAN_POINT('',(-6.300000190735,2.5,9.6858000731E-08));
#1774=LINE('',#1773,#82);
#1775=ORIENTED_EDGE('',*,*,#1496,.F.);
#1776=ORIENTED_EDGE('',*,*,#1777,.T.);
#1777=EDGE_CURVE('',#1059,#1772,#1778,.T.);
#1778=LINE('',#1060,#1779);
#1779=VECTOR('',#1780,1.);
#1780=DIRECTION('',(0.,0.707106814904,-0.707106747469));
#1781=PLANE('',#1782);
#1782=AXIS2_PLACEMENT_3D('',#1783,#14,#13);
#1783=CARTESIAN_POINT('',(-6.300000190735,0.732233012118,3.232232870557));
#1784=ADVANCED_FACE('',(#1785),#1798,.T.);
#1785=FACE_BOUND('',#1786,.T.);
#1786=EDGE_LOOP('',(#1787,#1792,#1793));
#1787=ORIENTED_EDGE('',*,*,#1788,.T.);
#1788=EDGE_CURVE('',#1789,#1513,#1791,.T.);
#1789=VERTEX_POINT('',#1790);
#1790=CARTESIAN_POINT('',(6.751471996307,6.900000095367,2.199999906123));
#1791=LINE('',#1790,#228);
#1792=ORIENTED_EDGE('',*,*,#1518,.F.);
#1793=ORIENTED_EDGE('',*,*,#1794,.T.);
#1794=EDGE_CURVE('',#885,#1789,#1795,.T.);
#1795=LINE('',#886,#1796);
#1796=VECTOR('',#1797,1.);
#1797=DIRECTION('',(0.999049494909,-4.359021360256E-02,0.));
#1798=PLANE('',#1799);
#1799=AXIS2_PLACEMENT_3D('',#1800,#55,#199);
#1800=CARTESIAN_POINT('',(-0.22121997618,7.054895198825,2.199999906123));
#1801=ADVANCED_FACE('',(#1802),#1815,.T.);
#1802=FACE_BOUND('',#1803,.T.);
#1803=EDGE_LOOP('',(#1804,#1805,#1810));
#1804=ORIENTED_EDGE('',*,*,#1512,.F.);
#1805=ORIENTED_EDGE('',*,*,#1806,.T.);
#1806=EDGE_CURVE('',#1513,#1807,#1809,.T.);
#1807=VERTEX_POINT('',#1808);
#1808=CARTESIAN_POINT('',(-6.751471996307,6.900000095367,9.6858000731E-08));
#1809=LINE('',#1514,#54);
#1810=ORIENTED_EDGE('',*,*,#1811,.T.);
#1811=EDGE_CURVE('',#1807,#1186,#1812,.T.);
#1812=LINE('',#1808,#1813);
#1813=VECTOR('',#1814,1.);
#1814=DIRECTION('',(-6.72071446087E-02,-6.72071446087E-02,0.995472952635));
#1815=PLANE('',#1816);
#1816=AXIS2_PLACEMENT_3D('',#1817,#92,#91);
#1817=CARTESIAN_POINT('',(-6.790372635762,6.861099455913,1.15001141563));
#1818=ADVANCED_FACE('',(#1819),#1832,.T.);
#1819=FACE_BOUND('',#1820,.T.);
#1820=EDGE_LOOP('',(#1821,#1826,#1827));
#1821=ORIENTED_EDGE('',*,*,#1822,.T.);
#1822=EDGE_CURVE('',#1823,#1529,#1825,.T.);
#1823=VERTEX_POINT('',#1824);
#1824=CARTESIAN_POINT('',(-6.900000095367,-6.751471996307,9.6858000731E-08));
#1825=LINE('',#1824,#82);
#1826=ORIENTED_EDGE('',*,*,#1528,.F.);
#1827=ORIENTED_EDGE('',*,*,#1828,.T.);
#1828=EDGE_CURVE('',#1186,#1823,#1829,.T.);
#1829=LINE('',#1187,#1830);
#1830=VECTOR('',#1831,1.);
#1831=DIRECTION('',(0.,-0.986985861044,-0.160807058611));
#1832=PLANE('',#1833);
#1833=AXIS2_PLACEMENT_3D('',#1834,#199,#55);
#1834=CARTESIAN_POINT('',(-6.900000095367,-0.505488375107,1.605488376597));
#1835=ADVANCED_FACE('',(#1836),#1849,.T.);
#1836=FACE_BOUND('',#1837,.T.);
#1837=EDGE_LOOP('',(#1838,#1843,#1848));
#1838=ORIENTED_EDGE('',*,*,#1839,.T.);
#1839=EDGE_CURVE('',#1283,#1840,#1842,.T.);
#1840=VERTEX_POINT('',#1841);
#1841=CARTESIAN_POINT('',(-6.751471996307,-6.900000095367,9.6858000731E-08));
#1842=LINE('',#1284,#54);
#1843=ORIENTED_EDGE('',*,*,#1844,.T.);
#1844=EDGE_CURVE('',#1840,#1584,#1845,.T.);
#1845=LINE('',#1841,#1846);
#1846=VECTOR('',#1847,1.);
#1847=DIRECTION('',(0.889444087102,0.,0.457043997794));
#1848=ORIENTED_EDGE('',*,*,#1591,.F.);
#1849=PLANE('',#1850);
#1850=AXIS2_PLACEMENT_3D('',#1851,#64,#55);
#1851=CARTESIAN_POINT('',(-6.179122393232,-6.900000095367,1.053007228184));
#1852=ADVANCED_FACE('',(#1853),#1872,.T.);
#1853=FACE_BOUND('',#1854,.T.);
#1854=EDGE_LOOP('',(#1855,#1856,#1861,#1863,#1867));
#1855=ORIENTED_EDGE('',*,*,#1583,.F.);
#1856=ORIENTED_EDGE('',*,*,#1857,.T.);
#1857=EDGE_CURVE('',#1584,#1858,#1860,.T.);
#1858=VERTEX_POINT('',#1859);
#1859=CARTESIAN_POINT('',(-2.,-6.900000095367,0.900000192225));
#1860=LINE('',#1585,#34);
#1861=ORIENTED_EDGE('',*,*,#1862,.T.);
#1862=EDGE_CURVE('',#1858,#22,#1860,.T.);
#1863=ORIENTED_EDGE('',*,*,#1864,.T.);
#1864=EDGE_CURVE('',#22,#1865,#1860,.T.);
#1865=VERTEX_POINT('',#1866);
#1866=CARTESIAN_POINT('',(5.,-6.900000095367,0.900000192225));
#1867=ORIENTED_EDGE('',*,*,#1868,.T.);
#1868=EDGE_CURVE('',#1865,#977,#1869,.T.);
#1869=LINE('',#1866,#1870);
#1870=VECTOR('',#1871,1.);
#1871=DIRECTION('',(0.802983825624,0.,0.596000818612));
#1872=PLANE('',#1873);
#1873=AXIS2_PLACEMENT_3D('',#1874,#64,#55);
#1874=CARTESIAN_POINT('',(0.96524734399,-6.900000095367,1.279216010439));
#1875=ADVANCED_FACE('',(#1876),#1885,.T.);
#1876=FACE_BOUND('',#1877,.T.);
#1877=EDGE_LOOP('',(#1878,#1879,#1880));
#1878=ORIENTED_EDGE('',*,*,#1603,.F.);
#1879=ORIENTED_EDGE('',*,*,#1822,.F.);
#1880=ORIENTED_EDGE('',*,*,#1881,.T.);
#1881=EDGE_CURVE('',#1823,#1283,#1882,.T.);
#1882=LINE('',#1824,#1883);
#1883=VECTOR('',#1884,1.);
#1884=DIRECTION('',(6.72071446087E-02,-6.72071446087E-02,0.995472952635));
#1885=PLANE('',#1886);
#1886=AXIS2_PLACEMENT_3D('',#1887,#91,#92);
#1887=CARTESIAN_POINT('',(-6.861099455913,-6.790372635762,1.15001141563));
#1888=ADVANCED_FACE('',(#1889),#1898,.T.);
#1889=FACE_BOUND('',#1890,.T.);
#1890=EDGE_LOOP('',(#1891,#1896,#1897));
#1891=ORIENTED_EDGE('',*,*,#1892,.T.);
#1892=EDGE_CURVE('',#1865,#1615,#1893,.T.);
#1893=LINE('',#1866,#1894);
#1894=VECTOR('',#1895,1.);
#1895=DIRECTION('',(0.889444087102,0.,-0.457043997794));
#1896=ORIENTED_EDGE('',*,*,#1614,.F.);
#1897=ORIENTED_EDGE('',*,*,#1868,.F.);
#1898=PLANE('',#1899);
#1899=AXIS2_PLACEMENT_3D('',#1900,#64,#55);
#1900=CARTESIAN_POINT('',(6.179122393232,-6.900000095367,1.053007228184));
#1901=ADVANCED_FACE('',(#1902),#1913,.T.);
#1902=FACE_BOUND('',#1903,.T.);
#1903=EDGE_LOOP('',(#1904,#1909,#1912));
#1904=ORIENTED_EDGE('',*,*,#1905,.T.);
#1905=EDGE_CURVE('',#1615,#1906,#1908,.T.);
#1906=VERTEX_POINT('',#1907);
#1907=CARTESIAN_POINT('',(6.900000095367,-6.751471996307,9.6858000731E-08));
#1908=LINE('',#1616,#299);
#1909=ORIENTED_EDGE('',*,*,#1910,.T.);
#1910=EDGE_CURVE('',#1906,#1301,#1911,.T.);
#1911=LINE('',#1907,#82);
#1912=ORIENTED_EDGE('',*,*,#1619,.F.);
#1913=PLANE('',#1914);
#1914=AXIS2_PLACEMENT_3D('',#1915,#76,#273);
#1915=CARTESIAN_POINT('',(6.861099455913,-6.790372635762,1.04998858735));
#1916=ADVANCED_FACE('',(#1917),#1930,.T.);
#1917=FACE_BOUND('',#1918,.T.);
#1918=EDGE_LOOP('',(#1919,#1920,#1925));
#1919=ORIENTED_EDGE('',*,*,#1631,.F.);
#1920=ORIENTED_EDGE('',*,*,#1921,.T.);
#1921=EDGE_CURVE('',#1301,#1922,#1924,.T.);
#1922=VERTEX_POINT('',#1923);
#1923=CARTESIAN_POINT('',(6.900000095367,6.751471996307,2.199999906123));
#1924=LINE('',#1302,#189);
#1925=ORIENTED_EDGE('',*,*,#1926,.T.);
#1926=EDGE_CURVE('',#1922,#1546,#1927,.T.);
#1927=LINE('',#1923,#1928);
#1928=VECTOR('',#1929,1.);
#1929=DIRECTION('',(0.132418945847,0.991193837138,0.));
#1930=PLANE('',#1931);
#1931=AXIS2_PLACEMENT_3D('',#1932,#55,#199);
#1932=CARTESIAN_POINT('',(6.926318958346,0.375838848468,2.199999906123));
#1933=ADVANCED_FACE('',(#1934),#1943,.T.);
#1934=FACE_BOUND('',#1935,.T.);
#1935=EDGE_LOOP('',(#1936,#1937,#1938));
#1936=ORIENTED_EDGE('',*,*,#1653,.F.);
#1937=ORIENTED_EDGE('',*,*,#1771,.F.);
#1938=ORIENTED_EDGE('',*,*,#1939,.T.);
#1939=EDGE_CURVE('',#1772,#1076,#1940,.T.);
#1940=LINE('',#1773,#1941);
#1941=VECTOR('',#1942,1.);
#1942=DIRECTION('',(0.539053767084,0.,0.842271355439));
#1943=PLANE('',#1944);
#1944=AXIS2_PLACEMENT_3D('',#1945,#64,#55);
#1945=CARTESIAN_POINT('',(-5.265917853885,2.5,3.06591766464));
#1946=ADVANCED_FACE('',(#1947),#1960,.T.);
#1947=FACE_BOUND('',#1948,.T.);
#1948=EDGE_LOOP('',(#1949,#1956,#1959));
#1949=ORIENTED_EDGE('',*,*,#1950,.T.);
#1950=EDGE_CURVE('',#1316,#1951,#1953,.T.);
#1951=VERTEX_POINT('',#1952);
#1952=CARTESIAN_POINT('',(-2.,5.5,5.499999620021));
#1953=LINE('',#1317,#1954);
#1954=VECTOR('',#1955,1.);
#1955=DIRECTION('',(0.707106901606,-0.707106660767,0.));
#1956=ORIENTED_EDGE('',*,*,#1957,.T.);
#1957=EDGE_CURVE('',#1951,#1360,#1958,.T.);
#1958=LINE('',#1952,#34);
#1959=ORIENTED_EDGE('',*,*,#1664,.F.);
#1960=PLANE('',#1961);
#1961=AXIS2_PLACEMENT_3D('',#1962,#13,#14);
#1962=CARTESIAN_POINT('',(-0.409526930151,5.706289205484,5.499999620021));
#1963=ADVANCED_FACE('',(#1964),#1977,.T.);
#1964=FACE_BOUND('',#1965,.T.);
#1965=EDGE_LOOP('',(#1966,#1971,#1972));
#1966=ORIENTED_EDGE('',*,*,#1967,.T.);
#1967=EDGE_CURVE('',#1968,#1446,#1970,.T.);
#1968=VERTEX_POINT('',#1969);
#1969=CARTESIAN_POINT('',(2.,-5.5,7.999999620021));
#1970=LINE('',#1969,#54);
#1971=ORIENTED_EDGE('',*,*,#1677,.F.);
#1972=ORIENTED_EDGE('',*,*,#1973,.T.);
#1973=EDGE_CURVE('',#1360,#1968,#1974,.T.);
#1974=LINE('',#1361,#1975);
#1975=VECTOR('',#1976,1.);
#1976=DIRECTION('',(0.,-0.975132855791,0.221621103589));
#1977=PLANE('',#1978);
#1978=AXIS2_PLACEMENT_3D('',#1979,#14,#13);
#1979=CARTESIAN_POINT('',(2.,-0.55487145683,6.19512816319));
#1980=ADVANCED_FACE('',(#1981),#1988,.T.);
#1981=FACE_BOUND('',#1982,.T.);
#1982=EDGE_LOOP('',(#1983,#1984,#1987));
#1983=ORIENTED_EDGE('',*,*,#1692,.F.);
#1984=ORIENTED_EDGE('',*,*,#1985,.T.);
#1985=EDGE_CURVE('',#1688,#1772,#1986,.T.);
#1986=LINE('',#1689,#189);
#1987=ORIENTED_EDGE('',*,*,#1777,.F.);
#1988=PLANE('',#1989);
#1989=AXIS2_PLACEMENT_3D('',#1990,#14,#13);
#1990=CARTESIAN_POINT('',(-6.300000190735,-0.732233012118,1.767766846321));
#1991=ADVANCED_FACE('',(#1992),#2007,.T.);
#1992=FACE_BOUND('',#1993,.T.);
#1993=EDGE_LOOP('',(#1994,#2001,#2002));
#1994=ORIENTED_EDGE('',*,*,#1995,.T.);
#1995=EDGE_CURVE('',#1996,#1688,#1998,.T.);
#1996=VERTEX_POINT('',#1997);
#1997=CARTESIAN_POINT('',(-5.,-6.900000095367,9.6858000731E-08));
#1998=LINE('',#1997,#1999);
#1999=VECTOR('',#2000,1.);
#2000=DIRECTION('',(-0.283346173604,0.959017698431,0.));
#2001=ORIENTED_EDGE('',*,*,#1687,.F.);
#2002=ORIENTED_EDGE('',*,*,#2003,.T.);
#2003=EDGE_CURVE('',#1391,#1996,#2004,.T.);
#2004=LINE('',#1392,#2005);
#2005=VECTOR('',#2006,1.);
#2006=DIRECTION('',(-0.396436025829,-0.918062349421,0.));
#2007=PLANE('',#2008);
#2008=AXIS2_PLACEMENT_3D('',#2009,#55,#199);
#2009=CARTESIAN_POINT('',(-4.798831306941,-4.140414070809,9.6858000731E-08));
#2010=ADVANCED_FACE('',(#2011),#2026,.T.);
#2011=FACE_BOUND('',#2012,.T.);
#2012=EDGE_LOOP('',(#2013,#2020,#2021));
#2013=ORIENTED_EDGE('',*,*,#2014,.T.);
#2014=EDGE_CURVE('',#2015,#1391,#2017,.T.);
#2015=VERTEX_POINT('',#2016);
#2016=CARTESIAN_POINT('',(-2.,6.900000095367,9.6858000731E-08));
#2017=LINE('',#2016,#2018);
#2018=VECTOR('',#2019,1.);
#2019=DIRECTION('',(-0.116228158391,-0.993222540621,0.));
#2020=ORIENTED_EDGE('',*,*,#1707,.F.);
#2021=ORIENTED_EDGE('',*,*,#2022,.T.);
#2022=EDGE_CURVE('',#1703,#2015,#2023,.T.);
#2023=LINE('',#1704,#2024);
#2024=VECTOR('',#2025,1.);
#2025=DIRECTION('',(0.242535600298,0.97014250633,0.));
#2026=PLANE('',#2027);
#2027=AXIS2_PLACEMENT_3D('',#2028,#55,#199);
#2028=CARTESIAN_POINT('',(-2.694740139866,2.217818377151,9.6858000731E-08));
#2029=ADVANCED_FACE('',(#2030),#2037,.T.);
#2030=FACE_BOUND('',#2031,.T.);
#2031=EDGE_LOOP('',(#2032,#2035,#2036));
#2032=ORIENTED_EDGE('',*,*,#2033,.T.);
#2033=EDGE_CURVE('',#1772,#1703,#2034,.T.);
#2034=LINE('',#1773,#34);
#2035=ORIENTED_EDGE('',*,*,#1702,.F.);
#2036=ORIENTED_EDGE('',*,*,#1939,.F.);
#2037=PLANE('',#2038);
#2038=AXIS2_PLACEMENT_3D('',#2039,#64,#55);
#2039=CARTESIAN_POINT('',(-4.134082241483,2.5,1.934082052238));
#2040=ADVANCED_FACE('',(#2041),#2048,.T.);
#2041=FACE_BOUND('',#2042,.T.);
#2042=EDGE_LOOP('',(#2043,#2044,#2047));
#2043=ORIENTED_EDGE('',*,*,#1717,.F.);
#2044=ORIENTED_EDGE('',*,*,#2045,.T.);
#2045=EDGE_CURVE('',#1718,#1951,#2046,.T.);
#2046=LINE('',#1719,#189);
#2047=ORIENTED_EDGE('',*,*,#1950,.F.);
#2048=PLANE('',#2049);
#2049=AXIS2_PLACEMENT_3D('',#2050,#13,#14);
#2050=CARTESIAN_POINT('',(-2.187627232232,0.417256933276,5.499999620021));
#2051=ADVANCED_FACE('',(#2052),#2061,.T.);
#2052=FACE_BOUND('',#2053,.T.);
#2053=EDGE_LOOP('',(#2054,#2055,#2056));
#2054=ORIENTED_EDGE('',*,*,#1736,.F.);
#2055=ORIENTED_EDGE('',*,*,#1967,.F.);
#2056=ORIENTED_EDGE('',*,*,#2057,.T.);
#2057=EDGE_CURVE('',#1968,#1718,#2058,.T.);
#2058=LINE('',#1969,#2059);
#2059=VECTOR('',#2060,1.);
#2060=DIRECTION('',(-0.847998304005,0.,-0.529998940003));
#2061=PLANE('',#2062);
#2062=AXIS2_PLACEMENT_3D('',#2063,#64,#55);
#2063=CARTESIAN_POINT('',(0.445752358493,-5.5,6.304247261528));
#2064=ADVANCED_FACE('',(#2065),#2074,.T.);
#2065=FACE_BOUND('',#2066,.T.);
#2066=EDGE_LOOP('',(#2067,#2068,#2069));
#2067=ORIENTED_EDGE('',*,*,#1794,.F.);
#2068=ORIENTED_EDGE('',*,*,#1747,.F.);
#2069=ORIENTED_EDGE('',*,*,#2070,.T.);
#2070=EDGE_CURVE('',#1546,#1789,#2071,.T.);
#2071=LINE('',#1547,#2072);
#2072=VECTOR('',#2073,1.);
#2073=DIRECTION('',(-0.38268330852,-0.92387958381,0.));
#2074=PLANE('',#2075);
#2075=AXIS2_PLACEMENT_3D('',#2076,#55,#199);
#2076=CARTESIAN_POINT('',(9.695597433345E-02,7.347814531495,2.199999906123));
#2077=ADVANCED_FACE('',(#2078),#2093,.T.);
#2078=FACE_BOUND('',#2079,.T.);
#2079=EDGE_LOOP('',(#2080,#2087,#2088));
#2080=ORIENTED_EDGE('',*,*,#2081,.T.);
#2081=EDGE_CURVE('',#2082,#1513,#2084,.T.);
#2082=VERTEX_POINT('',#2083);
#2083=CARTESIAN_POINT('',(5.,6.900000095367,0.900000192225));
#2084=LINE('',#2083,#2085);
#2085=VECTOR('',#2086,1.);
#2086=DIRECTION('',(-0.993936713791,0.,0.109953667419));
#2087=ORIENTED_EDGE('',*,*,#1788,.F.);
#2088=ORIENTED_EDGE('',*,*,#2089,.T.);
#2089=EDGE_CURVE('',#1789,#2082,#2090,.T.);
#2090=LINE('',#1790,#2091);
#2091=VECTOR('',#2092,1.);
#2092=DIRECTION('',(-0.802983825624,0.,-0.596000818612));
#2093=PLANE('',#2094);
#2094=AXIS2_PLACEMENT_3D('',#2095,#190,#13);
#2095=CARTESIAN_POINT('',(8.951134583661E-02,6.900000095367,1.869075683135));
#2096=ADVANCED_FACE('',(#2097),#2110,.T.);
#2097=FACE_BOUND('',#2098,.T.);
#2098=EDGE_LOOP('',(#2099,#2106,#2107));
#2099=ORIENTED_EDGE('',*,*,#2100,.T.);
#2100=EDGE_CURVE('',#2101,#1807,#2103,.T.);
#2101=VERTEX_POINT('',#2102);
#2102=CARTESIAN_POINT('',(-5.,6.900000095367,0.900000192225));
#2103=LINE('',#2102,#2104);
#2104=VECTOR('',#2105,1.);
#2105=DIRECTION('',(-0.889444087102,0.,-0.457043997794));
#2106=ORIENTED_EDGE('',*,*,#1806,.F.);
#2107=ORIENTED_EDGE('',*,*,#2108,.T.);
#2108=EDGE_CURVE('',#1513,#2101,#2109,.T.);
#2109=LINE('',#1514,#1593);
#2110=PLANE('',#2111);
#2111=AXIS2_PLACEMENT_3D('',#2112,#190,#13);
#2112=CARTESIAN_POINT('',(-6.179122393232,6.900000095367,1.053007228184));
#2113=ADVANCED_FACE('',(#2114),#2125,.T.);
#2114=FACE_BOUND('',#2115,.T.);
#2115=EDGE_LOOP('',(#2116,#2121,#2124));
#2116=ORIENTED_EDGE('',*,*,#2117,.T.);
#2117=EDGE_CURVE('',#1807,#2118,#2120,.T.);
#2118=VERTEX_POINT('',#2119);
#2119=CARTESIAN_POINT('',(-6.900000095367,6.751471996307,9.6858000731E-08));
#2120=LINE('',#1808,#157);
#2121=ORIENTED_EDGE('',*,*,#2122,.T.);
#2122=EDGE_CURVE('',#2118,#1186,#2123,.T.);
#2123=LINE('',#2119,#82);
#2124=ORIENTED_EDGE('',*,*,#1811,.F.);
#2125=PLANE('',#2126);
#2126=AXIS2_PLACEMENT_3D('',#2127,#92,#91);
#2127=CARTESIAN_POINT('',(-6.861099455913,6.790372635762,1.04998858735));
#2128=ADVANCED_FACE('',(#2129),#2136,.T.);
#2129=FACE_BOUND('',#2130,.T.);
#2130=EDGE_LOOP('',(#2131,#2132,#2135));
#2131=ORIENTED_EDGE('',*,*,#2122,.F.);
#2132=ORIENTED_EDGE('',*,*,#2133,.T.);
#2133=EDGE_CURVE('',#2118,#1823,#2134,.T.);
#2134=LINE('',#2119,#345);
#2135=ORIENTED_EDGE('',*,*,#1828,.F.);
#2136=PLANE('',#2137);
#2137=AXIS2_PLACEMENT_3D('',#2138,#199,#55);
#2138=CARTESIAN_POINT('',(-6.900000095367,0.505488375107,0.594511626384));
#2139=ADVANCED_FACE('',(#2140),#2149,.T.);
#2140=FACE_BOUND('',#2141,.T.);
#2141=EDGE_LOOP('',(#2142,#2145,#2148));
#2142=ORIENTED_EDGE('',*,*,#2143,.T.);
#2143=EDGE_CURVE('',#1840,#1996,#2144,.T.);
#2144=LINE('',#1841,#34);
#2145=ORIENTED_EDGE('',*,*,#2146,.T.);
#2146=EDGE_CURVE('',#1996,#1584,#2147,.T.);
#2147=LINE('',#1997,#82);
#2148=ORIENTED_EDGE('',*,*,#1844,.F.);
#2149=PLANE('',#2150);
#2150=AXIS2_PLACEMENT_3D('',#2151,#64,#55);
#2151=CARTESIAN_POINT('',(-5.705161988345,-6.900000095367,0.279426134733));
#2152=ADVANCED_FACE('',(#2153),#2160,.T.);
#2153=FACE_BOUND('',#2154,.T.);
#2154=EDGE_LOOP('',(#2155,#2158,#2159));
#2155=ORIENTED_EDGE('',*,*,#2156,.T.);
#2156=EDGE_CURVE('',#1823,#1840,#2157,.T.);
#2157=LINE('',#1824,#75);
#2158=ORIENTED_EDGE('',*,*,#1839,.F.);
#2159=ORIENTED_EDGE('',*,*,#1881,.F.);
#2160=PLANE('',#2161);
#2161=AXIS2_PLACEMENT_3D('',#2162,#91,#92);
#2162=CARTESIAN_POINT('',(-6.790372635762,-6.861099455913,1.04998858735));
#2163=ADVANCED_FACE('',(#2164),#2169,.F.);
#2164=FACE_BOUND('',#2165,.F.);
#2165=EDGE_LOOP('',(#1863,#2166));
#2166=ORIENTED_EDGE('',*,*,#2167,.F.);
#2167=EDGE_CURVE('',#22,#1865,#2168,.T.);
#2168=LINE('',#1859,#34);
#2169=PLANE('',#2170);
#2170=AXIS2_PLACEMENT_3D('',#2171,#55,#199);
#2171=CARTESIAN_POINT('',(0.,-6.900000095367,0.900000192225));
#2172=ADVANCED_FACE('',(#2173),#2184,.T.);
#2173=FACE_BOUND('',#2174,.T.);
#2174=EDGE_LOOP('',(#2175,#2180,#2183));
#2175=ORIENTED_EDGE('',*,*,#2176,.T.);
#2176=EDGE_CURVE('',#1865,#2177,#2179,.T.);
#2177=VERTEX_POINT('',#2178);
#2178=CARTESIAN_POINT('',(5.,-6.900000095367,9.6858000731E-08));
#2179=LINE('',#1866,#54);
#2180=ORIENTED_EDGE('',*,*,#2181,.T.);
#2181=EDGE_CURVE('',#2177,#1615,#2182,.T.);
#2182=LINE('',#2178,#34);
#2183=ORIENTED_EDGE('',*,*,#1892,.F.);
#2184=PLANE('',#2185);
#2185=AXIS2_PLACEMENT_3D('',#2186,#64,#55);
#2186=CARTESIAN_POINT('',(5.705161988345,-6.900000095367,0.279426134733));
#2187=ADVANCED_FACE('',(#2188),#2201,.T.);
#2188=FACE_BOUND('',#2189,.T.);
#2189=EDGE_LOOP('',(#2190,#2191,#2196));
#2190=ORIENTED_EDGE('',*,*,#1910,.F.);
#2191=ORIENTED_EDGE('',*,*,#2192,.T.);
#2192=EDGE_CURVE('',#1906,#2193,#2195,.T.);
#2193=VERTEX_POINT('',#2194);
#2194=CARTESIAN_POINT('',(6.900000095367,6.751471996307,9.6858000731E-08));
#2195=LINE('',#1907,#189);
#2196=ORIENTED_EDGE('',*,*,#2197,.T.);
#2197=EDGE_CURVE('',#2193,#1301,#2198,.T.);
#2198=LINE('',#2194,#2199);
#2199=VECTOR('',#2200,1.);
#2200=DIRECTION('',(0.,-0.986985861044,0.160807058611));
#2201=PLANE('',#2202);
#2202=AXIS2_PLACEMENT_3D('',#2203,#14,#13);
#2203=CARTESIAN_POINT('',(6.900000095367,-0.505488375107,0.594511626384));
#2204=ADVANCED_FACE('',(#2205),#2214,.T.);
#2205=FACE_BOUND('',#2206,.T.);
#2206=EDGE_LOOP('',(#2207,#2208,#2209));
#2207=ORIENTED_EDGE('',*,*,#2192,.F.);
#2208=ORIENTED_EDGE('',*,*,#1905,.F.);
#2209=ORIENTED_EDGE('',*,*,#2210,.T.);
#2210=EDGE_CURVE('',#1615,#2193,#2211,.T.);
#2211=LINE('',#1616,#2212);
#2212=VECTOR('',#2213,1.);
#2213=DIRECTION('',(1.08793621575E-02,0.999940817988,0.));
#2214=PLANE('',#2215);
#2215=AXIS2_PLACEMENT_3D('',#2216,#55,#199);
#2216=CARTESIAN_POINT('',(6.862380417932,-8.944264543639E-02,9.6858000731E-08));
#2217=ADVANCED_FACE('',(#2218),#2225,.T.);
#2218=FACE_BOUND('',#2219,.T.);
#2219=EDGE_LOOP('',(#2220,#2223,#2224));
#2220=ORIENTED_EDGE('',*,*,#2221,.T.);
#2221=EDGE_CURVE('',#2193,#1922,#2222,.T.);
#2222=LINE('',#2194,#82);
#2223=ORIENTED_EDGE('',*,*,#1921,.F.);
#2224=ORIENTED_EDGE('',*,*,#2197,.F.);
#2225=PLANE('',#2226);
#2226=AXIS2_PLACEMENT_3D('',#2227,#14,#13);
#2227=CARTESIAN_POINT('',(6.900000095367,0.505488375107,1.605488376597));
#2228=ADVANCED_FACE('',(#2229),#2236,.T.);
#2229=FACE_BOUND('',#2230,.T.);
#2230=EDGE_LOOP('',(#2231,#2232,#2235));
#2231=ORIENTED_EDGE('',*,*,#1926,.F.);
#2232=ORIENTED_EDGE('',*,*,#2233,.T.);
#2233=EDGE_CURVE('',#1922,#1789,#2234,.T.);
#2234=LINE('',#1923,#101);
#2235=ORIENTED_EDGE('',*,*,#2070,.F.);
#2236=PLANE('',#2237);
#2237=AXIS2_PLACEMENT_3D('',#2238,#55,#199);
#2238=CARTESIAN_POINT('',(6.903964833737,7.116579021557,2.199999906123));
#2239=ADVANCED_FACE('',(#2240),#2253,.T.);
#2240=FACE_BOUND('',#2241,.T.);
#2241=EDGE_LOOP('',(#2242,#2243,#2248));
#2242=ORIENTED_EDGE('',*,*,#1957,.F.);
#2243=ORIENTED_EDGE('',*,*,#2244,.T.);
#2244=EDGE_CURVE('',#1951,#2245,#2247,.T.);
#2245=VERTEX_POINT('',#2246);
#2246=CARTESIAN_POINT('',(-2.,5.5,7.999999620021));
#2247=LINE('',#1952,#82);
#2248=ORIENTED_EDGE('',*,*,#2249,.T.);
#2249=EDGE_CURVE('',#2245,#1360,#2250,.T.);
#2250=LINE('',#2246,#2251);
#2251=VECTOR('',#2252,1.);
#2252=DIRECTION('',(0.847998304005,0.,-0.529998940003));
#2253=PLANE('',#2254);
#2254=AXIS2_PLACEMENT_3D('',#2255,#190,#13);
#2255=CARTESIAN_POINT('',(-0.445752358493,5.5,6.304247261528));
#2256=ADVANCED_FACE('',(#2257),#2268,.T.);
#2257=FACE_BOUND('',#2258,.T.);
#2258=EDGE_LOOP('',(#2259,#2264,#2267));
#2259=ORIENTED_EDGE('',*,*,#2260,.T.);
#2260=EDGE_CURVE('',#1360,#2261,#2263,.T.);
#2261=VERTEX_POINT('',#2262);
#2262=CARTESIAN_POINT('',(2.,5.5,7.999999620021));
#2263=LINE('',#1361,#82);
#2264=ORIENTED_EDGE('',*,*,#2265,.T.);
#2265=EDGE_CURVE('',#2261,#1968,#2266,.T.);
#2266=LINE('',#2262,#345);
#2267=ORIENTED_EDGE('',*,*,#1973,.F.);
#2268=PLANE('',#2269);
#2269=AXIS2_PLACEMENT_3D('',#2270,#14,#13);
#2270=CARTESIAN_POINT('',(2.,0.55487145683,7.304871076851));
#2271=ADVANCED_FACE('',(#2272),#2283,.T.);
#2272=FACE_BOUND('',#2273,.T.);
#2273=EDGE_LOOP('',(#2274,#2279,#2280));
#2274=ORIENTED_EDGE('',*,*,#2275,.T.);
#2275=EDGE_CURVE('',#1840,#1772,#2276,.T.);
#2276=LINE('',#1841,#2277);
#2277=VECTOR('',#2278,1.);
#2278=DIRECTION('',(4.797361466447E-02,0.998848603291,0.));
#2279=ORIENTED_EDGE('',*,*,#1985,.F.);
#2280=ORIENTED_EDGE('',*,*,#2281,.T.);
#2281=EDGE_CURVE('',#1688,#1840,#2282,.T.);
#2282=LINE('',#1689,#1065);
#2283=PLANE('',#2284);
#2284=AXIS2_PLACEMENT_3D('',#2285,#55,#199);
#2285=CARTESIAN_POINT('',(-6.465808129611,-2.203066518756,9.6858000731E-08));
#2286=ADVANCED_FACE('',(#2287),#2300,.T.);
#2287=FACE_BOUND('',#2288,.T.);
#2288=EDGE_LOOP('',(#2289,#2294,#2295));
#2289=ORIENTED_EDGE('',*,*,#2290,.T.);
#2290=EDGE_CURVE('',#2291,#1996,#2293,.T.);
#2291=VERTEX_POINT('',#2292);
#2292=CARTESIAN_POINT('',(-2.,-6.900000095367,9.6858000731E-08));
#2293=LINE('',#2292,#228);
#2294=ORIENTED_EDGE('',*,*,#2003,.F.);
#2295=ORIENTED_EDGE('',*,*,#2296,.T.);
#2296=EDGE_CURVE('',#1391,#2291,#2297,.T.);
#2297=LINE('',#1392,#2298);
#2298=VECTOR('',#2299,1.);
#2299=DIRECTION('',(0.242535600298,-0.97014250633,0.));
#2300=PLANE('',#2301);
#2301=AXIS2_PLACEMENT_3D('',#2302,#55,#199);
#2302=CARTESIAN_POINT('',(-3.364321615896,-5.235361529215,9.6858000731E-08));
#2303=ADVANCED_FACE('',(#2304),#2309,.T.);
#2304=FACE_BOUND('',#2305,.T.);
#2305=EDGE_LOOP('',(#2306,#2307,#2308));
#2306=ORIENTED_EDGE('',*,*,#2143,.F.);
#2307=ORIENTED_EDGE('',*,*,#2281,.F.);
#2308=ORIENTED_EDGE('',*,*,#1995,.F.);
#2309=PLANE('',#2310);
#2310=AXIS2_PLACEMENT_3D('',#2311,#55,#199);
#2311=CARTESIAN_POINT('',(-6.046636479601,-5.058021147922,9.6858000731E-08));
#2312=ADVANCED_FACE('',(#2313),#2326,.T.);
#2313=FACE_BOUND('',#2314,.T.);
#2314=EDGE_LOOP('',(#2315,#2322,#2325));
#2315=ORIENTED_EDGE('',*,*,#2316,.T.);
#2316=EDGE_CURVE('',#1703,#2317,#2319,.T.);
#2317=VERTEX_POINT('',#2318);
#2318=CARTESIAN_POINT('',(-5.,6.900000095367,9.6858000731E-08));
#2319=LINE('',#1704,#2320);
#2320=VECTOR('',#2321,1.);
#2321=DIRECTION('',(-0.396436025829,0.918062349421,0.));
#2322=ORIENTED_EDGE('',*,*,#2323,.T.);
#2323=EDGE_CURVE('',#2317,#2015,#2324,.T.);
#2324=LINE('',#2318,#34);
#2325=ORIENTED_EDGE('',*,*,#2022,.F.);
#2326=PLANE('',#2327);
#2327=AXIS2_PLACEMENT_3D('',#2328,#55,#199);
#2328=CARTESIAN_POINT('',(-3.364321615896,5.235361529215,9.6858000731E-08));
#2329=ADVANCED_FACE('',(#2330),#2337,.T.);
#2330=FACE_BOUND('',#2331,.T.);
#2331=EDGE_LOOP('',(#2332,#2333,#2334));
#2332=ORIENTED_EDGE('',*,*,#2296,.F.);
#2333=ORIENTED_EDGE('',*,*,#2014,.F.);
#2334=ORIENTED_EDGE('',*,*,#2335,.T.);
#2335=EDGE_CURVE('',#2015,#2291,#2336,.T.);
#2336=LINE('',#2016,#345);
#2337=PLANE('',#2338);
#2338=AXIS2_PLACEMENT_3D('',#2339,#55,#199);
#2339=CARTESIAN_POINT('',(-2.276974062196,-1.781832946701E-02,9.6858000731E-08));
#2340=ADVANCED_FACE('',(#2341),#2350,.T.);
#2341=FACE_BOUND('',#2342,.T.);
#2342=EDGE_LOOP('',(#2343,#2344,#2349));
#2343=ORIENTED_EDGE('',*,*,#2033,.F.);
#2344=ORIENTED_EDGE('',*,*,#2345,.T.);
#2345=EDGE_CURVE('',#1772,#2317,#2346,.T.);
#2346=LINE('',#1773,#2347);
#2347=VECTOR('',#2348,1.);
#2348=DIRECTION('',(0.283346173604,0.959017698431,0.));
#2349=ORIENTED_EDGE('',*,*,#2316,.F.);
#2350=PLANE('',#2351);
#2351=AXIS2_PLACEMENT_3D('',#2352,#55,#199);
#2352=CARTESIAN_POINT('',(-4.798831306941,4.140414070809,9.6858000731E-08));
#2353=ADVANCED_FACE('',(#2354),#2363,.T.);
#2354=FACE_BOUND('',#2355,.T.);
#2355=EDGE_LOOP('',(#2356,#2357,#2358));
#2356=ORIENTED_EDGE('',*,*,#2244,.F.);
#2357=ORIENTED_EDGE('',*,*,#2045,.F.);
#2358=ORIENTED_EDGE('',*,*,#2359,.T.);
#2359=EDGE_CURVE('',#1718,#2245,#2360,.T.);
#2360=LINE('',#1719,#2361);
#2361=VECTOR('',#2362,1.);
#2362=DIRECTION('',(0.,0.975132855791,0.221621103589));
#2363=PLANE('',#2364);
#2364=AXIS2_PLACEMENT_3D('',#2365,#199,#55);
#2365=CARTESIAN_POINT('',(-2.,0.55487145683,6.19512816319));
#2366=ADVANCED_FACE('',(#2367),#2378,.T.);
#2367=FACE_BOUND('',#2368,.T.);
#2368=EDGE_LOOP('',(#2369,#2374,#2377));
#2369=ORIENTED_EDGE('',*,*,#2370,.T.);
#2370=EDGE_CURVE('',#1968,#2371,#2373,.T.);
#2371=VERTEX_POINT('',#2372);
#2372=CARTESIAN_POINT('',(-2.,-5.5,7.999999620021));
#2373=LINE('',#1969,#228);
#2374=ORIENTED_EDGE('',*,*,#2375,.T.);
#2375=EDGE_CURVE('',#2371,#1718,#2376,.T.);
#2376=LINE('',#2372,#54);
#2377=ORIENTED_EDGE('',*,*,#2057,.F.);
#2378=PLANE('',#2379);
#2379=AXIS2_PLACEMENT_3D('',#2380,#64,#55);
#2380=CARTESIAN_POINT('',(-0.445752358493,-5.5,7.195751978513));
#2381=ADVANCED_FACE('',(#2382),#2395,.T.);
#2382=FACE_BOUND('',#2383,.T.);
#2383=EDGE_LOOP('',(#2384,#2389,#2394));
#2384=ORIENTED_EDGE('',*,*,#2385,.T.);
#2385=EDGE_CURVE('',#1789,#2386,#2388,.T.);
#2386=VERTEX_POINT('',#2387);
#2387=CARTESIAN_POINT('',(6.751471996307,6.900000095367,9.6858000731E-08));
#2388=LINE('',#1790,#54);
#2389=ORIENTED_EDGE('',*,*,#2390,.T.);
#2390=EDGE_CURVE('',#2386,#2082,#2391,.T.);
#2391=LINE('',#2387,#2392);
#2392=VECTOR('',#2393,1.);
#2393=DIRECTION('',(-0.889444087102,0.,0.457043997794));
#2394=ORIENTED_EDGE('',*,*,#2089,.F.);
#2395=PLANE('',#2396);
#2396=AXIS2_PLACEMENT_3D('',#2397,#190,#13);
#2397=CARTESIAN_POINT('',(6.179122393232,6.900000095367,1.053007228184));
#2398=ADVANCED_FACE('',(#2399),#2414,.T.);
#2399=FACE_BOUND('',#2400,.T.);
#2400=EDGE_LOOP('',(#2401,#2402,#2407,#2411,#2413));
#2401=ORIENTED_EDGE('',*,*,#2081,.F.);
#2402=ORIENTED_EDGE('',*,*,#2403,.T.);
#2403=EDGE_CURVE('',#2082,#2404,#2406,.T.);
#2404=VERTEX_POINT('',#2405);
#2405=CARTESIAN_POINT('',(2.,6.900000095367,0.900000192225));
#2406=LINE('',#2083,#228);
#2407=ORIENTED_EDGE('',*,*,#2408,.T.);
#2408=EDGE_CURVE('',#2404,#2409,#2406,.T.);
#2409=VERTEX_POINT('',#2410);
#2410=CARTESIAN_POINT('',(-2.,6.900000095367,0.900000192225));
#2411=ORIENTED_EDGE('',*,*,#2412,.T.);
#2412=EDGE_CURVE('',#2409,#2101,#2406,.T.);
#2413=ORIENTED_EDGE('',*,*,#2108,.F.);
#2414=PLANE('',#2415);
#2415=AXIS2_PLACEMENT_3D('',#2416,#190,#13);
#2416=CARTESIAN_POINT('',(-0.96524734399,6.900000095367,1.279216010439));
#2417=ADVANCED_FACE('',(#2418),#2427,.T.);
#2418=FACE_BOUND('',#2419,.T.);
#2419=EDGE_LOOP('',(#2420,#2423,#2426));
#2420=ORIENTED_EDGE('',*,*,#2421,.T.);
#2421=EDGE_CURVE('',#2101,#2317,#2422,.T.);
#2422=LINE('',#2102,#54);
#2423=ORIENTED_EDGE('',*,*,#2424,.T.);
#2424=EDGE_CURVE('',#2317,#1807,#2425,.T.);
#2425=LINE('',#2318,#228);
#2426=ORIENTED_EDGE('',*,*,#2100,.F.);
#2427=PLANE('',#2428);
#2428=AXIS2_PLACEMENT_3D('',#2429,#190,#13);
#2429=CARTESIAN_POINT('',(-5.705161988345,6.900000095367,0.279426134733));
#2430=ADVANCED_FACE('',(#2431),#2440,.T.);
#2431=FACE_BOUND('',#2432,.T.);
#2432=EDGE_LOOP('',(#2433,#2434,#2435));
#2433=ORIENTED_EDGE('',*,*,#2133,.F.);
#2434=ORIENTED_EDGE('',*,*,#2117,.F.);
#2435=ORIENTED_EDGE('',*,*,#2436,.T.);
#2436=EDGE_CURVE('',#1807,#1823,#2437,.T.);
#2437=LINE('',#1808,#2438);
#2438=VECTOR('',#2439,1.);
#2439=DIRECTION('',(-1.08793621575E-02,-0.999940817988,0.));
#2440=PLANE('',#2441);
#2441=AXIS2_PLACEMENT_3D('',#2442,#55,#199);
#2442=CARTESIAN_POINT('',(-6.862380417932,8.944264543639E-02,9.6858000731E-08));
#2443=ADVANCED_FACE('',(#2444),#2451,.T.);
#2444=FACE_BOUND('',#2445,.T.);
#2445=EDGE_LOOP('',(#2446,#2447,#2448));
#2446=ORIENTED_EDGE('',*,*,#2156,.F.);
#2447=ORIENTED_EDGE('',*,*,#2436,.F.);
#2448=ORIENTED_EDGE('',*,*,#2449,.T.);
#2449=EDGE_CURVE('',#1807,#1840,#2450,.T.);
#2450=LINE('',#1808,#345);
#2451=PLANE('',#2452);
#2452=AXIS2_PLACEMENT_3D('',#2453,#55,#199);
#2453=CARTESIAN_POINT('',(-6.788687689043,-1.517859590636E-02,9.6858000731E-08));
#2454=ADVANCED_FACE('',(#2455),#2461,.F.);
#2455=FACE_BOUND('',#2456,.F.);
#2456=EDGE_LOOP('',(#2457,#2458));
#2457=ORIENTED_EDGE('',*,*,#2167,.T.);
#2458=ORIENTED_EDGE('',*,*,#2459,.F.);
#2459=EDGE_CURVE('',#22,#1865,#2460,.T.);
#2460=LINE('',#23,#34);
#2461=PLANE('',#2462);
#2462=AXIS2_PLACEMENT_3D('',#2463,#55,#199);
#2463=CARTESIAN_POINT('',(1.5,-6.900000095367,0.900000192225));
#2464=ADVANCED_FACE('',(#2465),#2480,.T.);
#2465=FACE_BOUND('',#2466,.T.);
#2466=EDGE_LOOP('',(#2467,#2468,#2475));
#2467=ORIENTED_EDGE('',*,*,#2181,.F.);
#2468=ORIENTED_EDGE('',*,*,#2469,.T.);
#2469=EDGE_CURVE('',#2177,#2470,#2472,.T.);
#2470=VERTEX_POINT('',#2471);
#2471=CARTESIAN_POINT('',(6.479555606842,-0.155291423202,9.6858000731E-08));
#2472=LINE('',#2178,#2473);
#2473=VECTOR('',#2474,1.);
#2474=DIRECTION('',(0.214270483491,0.976774364889,0.));
#2475=ORIENTED_EDGE('',*,*,#2476,.T.);
#2476=EDGE_CURVE('',#2470,#1615,#2477,.T.);
#2477=LINE('',#2471,#2478);
#2478=VECTOR('',#2479,1.);
#2479=DIRECTION('',(4.028278956283E-02,-0.99918831902,0.));
#2480=PLANE('',#2481);
#2481=AXIS2_PLACEMENT_3D('',#2482,#55,#199);
#2482=CARTESIAN_POINT('',(6.138921814064,-3.911022315201,9.6858000731E-08));
#2483=ADVANCED_FACE('',(#2484),#2493,.T.);
#2484=FACE_BOUND('',#2485,.T.);
#2485=EDGE_LOOP('',(#2486,#2489,#2492));
#2486=ORIENTED_EDGE('',*,*,#2487,.T.);
#2487=EDGE_CURVE('',#1615,#2386,#2488,.T.);
#2488=LINE('',#1616,#189);
#2489=ORIENTED_EDGE('',*,*,#2490,.T.);
#2490=EDGE_CURVE('',#2386,#2193,#2491,.T.);
#2491=LINE('',#2387,#75);
#2492=ORIENTED_EDGE('',*,*,#2210,.F.);
#2493=PLANE('',#2494);
#2494=AXIS2_PLACEMENT_3D('',#2495,#55,#199);
#2495=CARTESIAN_POINT('',(6.788687689043,1.517859590636E-02,9.6858000731E-08));
#2496=ADVANCED_FACE('',(#2497),#2504,.T.);
#2497=FACE_BOUND('',#2498,.T.);
#2498=EDGE_LOOP('',(#2499,#2500,#2501));
#2499=ORIENTED_EDGE('',*,*,#2221,.F.);
#2500=ORIENTED_EDGE('',*,*,#2490,.F.);
#2501=ORIENTED_EDGE('',*,*,#2502,.T.);
#2502=EDGE_CURVE('',#2386,#1922,#2503,.T.);
#2503=LINE('',#2387,#1883);
#2504=PLANE('',#2505);
#2505=AXIS2_PLACEMENT_3D('',#2506,#273,#76);
#2506=CARTESIAN_POINT('',(6.861099455913,6.790372635762,1.04998858735));
#2507=ADVANCED_FACE('',(#2508),#2513,.T.);
#2508=FACE_BOUND('',#2509,.T.);
#2509=EDGE_LOOP('',(#2510,#2511,#2512));
#2510=ORIENTED_EDGE('',*,*,#2385,.F.);
#2511=ORIENTED_EDGE('',*,*,#2233,.F.);
#2512=ORIENTED_EDGE('',*,*,#2502,.F.);
#2513=PLANE('',#2514);
#2514=AXIS2_PLACEMENT_3D('',#2515,#273,#76);
#2515=CARTESIAN_POINT('',(6.790372635762,6.861099455913,1.15001141563));
#2516=ADVANCED_FACE('',(#2517),#2524,.T.);
#2517=FACE_BOUND('',#2518,.T.);
#2518=EDGE_LOOP('',(#2519,#2522,#2523));
#2519=ORIENTED_EDGE('',*,*,#2520,.T.);
#2520=EDGE_CURVE('',#2245,#2261,#2521,.T.);
#2521=LINE('',#2246,#34);
#2522=ORIENTED_EDGE('',*,*,#2260,.F.);
#2523=ORIENTED_EDGE('',*,*,#2249,.F.);
#2524=PLANE('',#2525);
#2525=AXIS2_PLACEMENT_3D('',#2526,#190,#13);
#2526=CARTESIAN_POINT('',(0.445752358493,5.5,7.195751978513));
#2527=ADVANCED_FACE('',(#2528),#2543,.T.);
#2528=FACE_BOUND('',#2529,.T.);
#2529=EDGE_LOOP('',(#2530,#2537,#2538));
#2530=ORIENTED_EDGE('',*,*,#2531,.T.);
#2531=EDGE_CURVE('',#2532,#1968,#2534,.T.);
#2532=VERTEX_POINT('',#2533);
#2533=CARTESIAN_POINT('',(1.5,3.349999904633,7.999999620021));
#2534=LINE('',#2533,#2535);
#2535=VECTOR('',#2536,1.);
#2536=DIRECTION('',(5.640722349432E-02,-0.99840784509,0.));
#2537=ORIENTED_EDGE('',*,*,#2265,.F.);
#2538=ORIENTED_EDGE('',*,*,#2539,.T.);
#2539=EDGE_CURVE('',#2261,#2532,#2540,.T.);
#2540=LINE('',#2262,#2541);
#2541=VECTOR('',#2542,1.);
#2542=DIRECTION('',(-0.226513485128,-0.974008029256,0.));
#2543=PLANE('',#2544);
#2544=AXIS2_PLACEMENT_3D('',#2545,#13,#14);
#2545=CARTESIAN_POINT('',(1.874595139173,1.081524050958E-02,7.999999620021));
#2546=ADVANCED_FACE('',(#2547),#2556,.T.);
#2547=FACE_BOUND('',#2548,.T.);
#2548=EDGE_LOOP('',(#2549,#2550,#2551));
#2549=ORIENTED_EDGE('',*,*,#2275,.F.);
#2550=ORIENTED_EDGE('',*,*,#2449,.F.);
#2551=ORIENTED_EDGE('',*,*,#2552,.T.);
#2552=EDGE_CURVE('',#1807,#1772,#2553,.T.);
#2553=LINE('',#1808,#2554);
#2554=VECTOR('',#2555,1.);
#2555=DIRECTION('',(0.102071317356,-0.994777083659,0.));
#2556=PLANE('',#2557);
#2557=AXIS2_PLACEMENT_3D('',#2558,#55,#199);
#2558=CARTESIAN_POINT('',(-6.638465432371,3.066471072323E-03,9.6858000731E-08));
#2559=ADVANCED_FACE('',(#2560),#2575,.T.);
#2560=FACE_BOUND('',#2561,.T.);
#2561=EDGE_LOOP('',(#2562,#2569,#2570));
#2562=ORIENTED_EDGE('',*,*,#2563,.T.);
#2563=EDGE_CURVE('',#2564,#2291,#2566,.T.);
#2564=VERTEX_POINT('',#2565);
#2565=CARTESIAN_POINT('',(-1.600000023842,0.,9.6858000731E-08));
#2566=LINE('',#2565,#2567);
#2567=VECTOR('',#2568,1.);
#2568=DIRECTION('',(-5.787384527913E-02,-0.998323904368,0.));
#2569=ORIENTED_EDGE('',*,*,#2335,.F.);
#2570=ORIENTED_EDGE('',*,*,#2571,.T.);
#2571=EDGE_CURVE('',#2015,#2564,#2572,.T.);
#2572=LINE('',#2016,#2573);
#2573=VECTOR('',#2574,1.);
#2574=DIRECTION('',(5.787384527913E-02,-0.998323904368,0.));
#2575=PLANE('',#2576);
#2576=AXIS2_PLACEMENT_3D('',#2577,#55,#199);
#2577=CARTESIAN_POINT('',(-1.899916130893,0.,9.6858000731E-08));
#2578=ADVANCED_FACE('',(#2579),#2584,.T.);
#2579=FACE_BOUND('',#2580,.T.);
#2580=EDGE_LOOP('',(#2581,#2582,#2583));
#2581=ORIENTED_EDGE('',*,*,#2552,.F.);
#2582=ORIENTED_EDGE('',*,*,#2424,.F.);
#2583=ORIENTED_EDGE('',*,*,#2345,.F.);
#2584=PLANE('',#2585);
#2585=AXIS2_PLACEMENT_3D('',#2586,#55,#199);
#2586=CARTESIAN_POINT('',(-6.046636479601,5.058021147922,9.6858000731E-08));
#2587=ADVANCED_FACE('',(#2588),#2595,.T.);
#2588=FACE_BOUND('',#2589,.T.);
#2589=EDGE_LOOP('',(#2590,#2591,#2594));
#2590=ORIENTED_EDGE('',*,*,#2375,.F.);
#2591=ORIENTED_EDGE('',*,*,#2592,.T.);
#2592=EDGE_CURVE('',#2371,#2245,#2593,.T.);
#2593=LINE('',#2372,#189);
#2594=ORIENTED_EDGE('',*,*,#2359,.F.);
#2595=PLANE('',#2596);
#2596=AXIS2_PLACEMENT_3D('',#2597,#199,#55);
#2597=CARTESIAN_POINT('',(-2.,-0.55487145683,7.304871076851));
#2598=ADVANCED_FACE('',(#2599),#2614,.T.);
#2599=FACE_BOUND('',#2600,.T.);
#2600=EDGE_LOOP('',(#2601,#2608,#2609));
#2601=ORIENTED_EDGE('',*,*,#2602,.T.);
#2602=EDGE_CURVE('',#2603,#2371,#2605,.T.);
#2603=VERTEX_POINT('',#2604);
#2604=CARTESIAN_POINT('',(1.5,-3.349999904633,7.999999620021));
#2605=LINE('',#2604,#2606);
#2606=VECTOR('',#2607,1.);
#2607=DIRECTION('',(-0.852075975953,-0.523418122731,0.));
#2608=ORIENTED_EDGE('',*,*,#2370,.F.);
#2609=ORIENTED_EDGE('',*,*,#2610,.T.);
#2610=EDGE_CURVE('',#1968,#2603,#2611,.T.);
#2611=LINE('',#1969,#2612);
#2612=VECTOR('',#2613,1.);
#2613=DIRECTION('',(-0.226513485128,0.974008029256,0.));
#2614=PLANE('',#2615);
#2615=AXIS2_PLACEMENT_3D('',#2616,#13,#14);
#2616=CARTESIAN_POINT('',(0.274939792182,-4.841869052135,7.999999620021));
#2617=ADVANCED_FACE('',(#2618),#2629,.T.);
#2618=FACE_BOUND('',#2619,.T.);
#2619=EDGE_LOOP('',(#2620,#2625,#2628));
#2620=ORIENTED_EDGE('',*,*,#2621,.T.);
#2621=EDGE_CURVE('',#2386,#2622,#2624,.T.);
#2622=VERTEX_POINT('',#2623);
#2623=CARTESIAN_POINT('',(5.,6.900000095367,9.6858000731E-08));
#2624=LINE('',#2387,#228);
#2625=ORIENTED_EDGE('',*,*,#2626,.T.);
#2626=EDGE_CURVE('',#2622,#2082,#2627,.T.);
#2627=LINE('',#2623,#82);
#2628=ORIENTED_EDGE('',*,*,#2390,.F.);
#2629=PLANE('',#2630);
#2630=AXIS2_PLACEMENT_3D('',#2631,#190,#13);
#2631=CARTESIAN_POINT('',(5.705161988345,6.900000095367,0.279426134733));
#2632=ADVANCED_FACE('',(#2633),#2638,.F.);
#2633=FACE_BOUND('',#2634,.F.);
#2634=EDGE_LOOP('',(#2411,#2635));
#2635=ORIENTED_EDGE('',*,*,#2636,.F.);
#2636=EDGE_CURVE('',#2409,#2101,#2637,.T.);
#2637=LINE('',#2405,#228);
#2638=PLANE('',#2639);
#2639=AXIS2_PLACEMENT_3D('',#2640,#55,#199);
#2640=CARTESIAN_POINT('',(0.,6.900000095367,0.900000192225));
#2641=ADVANCED_FACE('',(#2642),#2653,.T.);
#2642=FACE_BOUND('',#2643,.T.);
#2643=EDGE_LOOP('',(#2644,#2645,#2648));
#2644=ORIENTED_EDGE('',*,*,#1862,.F.);
#2645=ORIENTED_EDGE('',*,*,#2646,.T.);
#2646=EDGE_CURVE('',#1858,#2291,#2647,.T.);
#2647=LINE('',#1859,#54);
#2648=ORIENTED_EDGE('',*,*,#2649,.T.);
#2649=EDGE_CURVE('',#2291,#22,#2650,.T.);
#2650=LINE('',#2292,#2651);
#2651=VECTOR('',#2652,1.);
#2652=DIRECTION('',(0.975609751116,0.,0.219512217261));
#2653=PLANE('',#2654);
#2654=AXIS2_PLACEMENT_3D('',#2655,#64,#55);
#2655=CARTESIAN_POINT('',(-0.200000018608,-6.900000095367,0.65000016315));
#2656=ADVANCED_FACE('',(#2657),#2672,.T.);
#2657=FACE_BOUND('',#2658,.T.);
#2658=EDGE_LOOP('',(#2659,#2666,#2671));
#2659=ORIENTED_EDGE('',*,*,#2660,.T.);
#2660=EDGE_CURVE('',#2177,#2661,#2663,.T.);
#2661=VERTEX_POINT('',#2662);
#2662=CARTESIAN_POINT('',(6.419615268707,-0.300000011921,9.6858000731E-08));
#2663=LINE('',#2178,#2664);
#2664=VECTOR('',#2665,1.);
#2665=DIRECTION('',(0.210283817535,0.977640381778,0.));
#2666=ORIENTED_EDGE('',*,*,#2667,.T.);
#2667=EDGE_CURVE('',#2661,#2470,#2668,.T.);
#2668=LINE('',#2662,#2669);
#2669=VECTOR('',#2670,1.);
#2670=DIRECTION('',(0.382683857941,0.923879356232,0.));
#2671=ORIENTED_EDGE('',*,*,#2469,.F.);
#2672=PLANE('',#2673);
#2673=AXIS2_PLACEMENT_3D('',#2674,#55,#199);
#2674=CARTESIAN_POINT('',(5.733178869496,-3.525587955502,9.6858000731E-08));
#2675=ADVANCED_FACE('',(#2676),#2691,.T.);
#2676=FACE_BOUND('',#2677,.T.);
#2677=EDGE_LOOP('',(#2678,#2685,#2690));
#2678=ORIENTED_EDGE('',*,*,#2679,.T.);
#2679=EDGE_CURVE('',#2470,#2680,#2682,.T.);
#2680=VERTEX_POINT('',#2681);
#2681=CARTESIAN_POINT('',(6.5,0.,9.6858000731E-08));
#2682=LINE('',#2471,#2683);
#2683=VECTOR('',#2684,1.);
#2684=DIRECTION('',(0.130525498382,0.991444952719,0.));
#2685=ORIENTED_EDGE('',*,*,#2686,.T.);
#2686=EDGE_CURVE('',#2680,#1615,#2687,.T.);
#2687=LINE('',#2681,#2688);
#2688=VECTOR('',#2689,1.);
#2689=DIRECTION('',(3.642103618931E-02,-0.999336533968,0.));
#2690=ORIENTED_EDGE('',*,*,#2476,.F.);
#2691=PLANE('',#2692);
#2692=AXIS2_PLACEMENT_3D('',#2693,#55,#199);
#2693=CARTESIAN_POINT('',(6.619198133165,-3.44970366228,9.6858000731E-08));
#2694=ADVANCED_FACE('',(#2695),#2704,.T.);
#2695=FACE_BOUND('',#2696,.T.);
#2696=EDGE_LOOP('',(#2697,#2698,#2703));
#2697=ORIENTED_EDGE('',*,*,#2686,.F.);
#2698=ORIENTED_EDGE('',*,*,#2699,.T.);
#2699=EDGE_CURVE('',#2680,#2386,#2700,.T.);
#2700=LINE('',#2681,#2701);
#2701=VECTOR('',#2702,1.);
#2702=DIRECTION('',(3.642103618931E-02,0.999336533968,0.));
#2703=ORIENTED_EDGE('',*,*,#2487,.F.);
#2704=PLANE('',#2705);
#2705=AXIS2_PLACEMENT_3D('',#2706,#55,#199);
#2706=CARTESIAN_POINT('',(6.688583134919,0.,9.6858000731E-08));
#2707=ADVANCED_FACE('',(#2708),#2717,.T.);
#2708=FACE_BOUND('',#2709,.T.);
#2709=EDGE_LOOP('',(#2710,#2711,#2716));
#2710=ORIENTED_EDGE('',*,*,#2520,.F.);
#2711=ORIENTED_EDGE('',*,*,#2712,.T.);
#2712=EDGE_CURVE('',#2245,#2532,#2713,.T.);
#2713=LINE('',#2246,#2714);
#2714=VECTOR('',#2715,1.);
#2715=DIRECTION('',(0.852075975953,-0.523418122731,0.));
#2716=ORIENTED_EDGE('',*,*,#2539,.F.);
#2717=PLANE('',#2718);
#2718=AXIS2_PLACEMENT_3D('',#2719,#13,#14);
#2719=CARTESIAN_POINT('',(0.274939792182,4.841869052135,7.999999620021));
#2720=ADVANCED_FACE('',(#2721),#2736,.T.);
#2721=FACE_BOUND('',#2722,.T.);
#2722=EDGE_LOOP('',(#2723,#2724,#2729,#2733,#2735));
#2723=ORIENTED_EDGE('',*,*,#2531,.F.);
#2724=ORIENTED_EDGE('',*,*,#2725,.T.);
#2725=EDGE_CURVE('',#2532,#2726,#2728,.T.);
#2726=VERTEX_POINT('',#2727);
#2727=CARTESIAN_POINT('',(1.5,2.349999904633,7.999999620021));
#2728=LINE('',#2533,#345);
#2729=ORIENTED_EDGE('',*,*,#2730,.T.);
#2730=EDGE_CURVE('',#2726,#2731,#2728,.T.);
#2731=VERTEX_POINT('',#2732);
#2732=CARTESIAN_POINT('',(1.5,-2.349999904633,7.999999620021));
#2733=ORIENTED_EDGE('',*,*,#2734,.T.);
#2734=EDGE_CURVE('',#2731,#2603,#2728,.T.);
#2735=ORIENTED_EDGE('',*,*,#2610,.F.);
#2736=PLANE('',#2737);
#2737=AXIS2_PLACEMENT_3D('',#2738,#13,#14);
#2738=CARTESIAN_POINT('',(1.655747900209,-1.085815288193,7.999999620021));
#2739=ADVANCED_FACE('',(#2740),#2755,.T.);
#2740=FACE_BOUND('',#2741,.T.);
#2741=EDGE_LOOP('',(#2742,#2749,#2750));
#2742=ORIENTED_EDGE('',*,*,#2743,.T.);
#2743=EDGE_CURVE('',#2744,#2564,#2746,.T.);
#2744=VERTEX_POINT('',#2745);
#2745=CARTESIAN_POINT('',(-1.545481324196,0.414110481739,9.6858000731E-08));
#2746=LINE('',#2745,#2747);
#2747=VECTOR('',#2748,1.);
#2748=DIRECTION('',(-0.130526240342,-0.991444855038,0.));
#2749=ORIENTED_EDGE('',*,*,#2571,.F.);
#2750=ORIENTED_EDGE('',*,*,#2751,.T.);
#2751=EDGE_CURVE('',#2015,#2744,#2752,.T.);
#2752=LINE('',#2016,#2753);
#2753=VECTOR('',#2754,1.);
#2754=DIRECTION('',(6.99066343157E-02,-0.997553538653,0.));
#2755=PLANE('',#2756);
#2756=AXIS2_PLACEMENT_3D('',#2757,#55,#199);
#2757=CARTESIAN_POINT('',(-1.780322764104,3.449400335279,9.6858000731E-08));
#2758=ADVANCED_FACE('',(#2759),#2774,.T.);
#2759=FACE_BOUND('',#2760,.T.);
#2760=EDGE_LOOP('',(#2761,#2762,#2769));
#2761=ORIENTED_EDGE('',*,*,#2563,.F.);
#2762=ORIENTED_EDGE('',*,*,#2763,.T.);
#2763=EDGE_CURVE('',#2564,#2764,#2766,.T.);
#2764=VERTEX_POINT('',#2765);
#2765=CARTESIAN_POINT('',(-1.545481324196,-0.414110481739,9.6858000731E-08));
#2766=LINE('',#2565,#2767);
#2767=VECTOR('',#2768,1.);
#2768=DIRECTION('',(0.130526240342,-0.991444855038,0.));
#2769=ORIENTED_EDGE('',*,*,#2770,.T.);
#2770=EDGE_CURVE('',#2764,#2291,#2771,.T.);
#2771=LINE('',#2765,#2772);
#2772=VECTOR('',#2773,1.);
#2773=DIRECTION('',(-6.99066343157E-02,-0.997553538653,0.));
#2774=PLANE('',#2775);
#2775=AXIS2_PLACEMENT_3D('',#2776,#55,#199);
#2776=CARTESIAN_POINT('',(-1.780322764104,-3.449400335279,9.6858000731E-08));
#2777=ADVANCED_FACE('',(#2778),#2793,.T.);
#2778=FACE_BOUND('',#2779,.T.);
#2779=EDGE_LOOP('',(#2780,#2787,#2788));
#2780=ORIENTED_EDGE('',*,*,#2781,.T.);
#2781=EDGE_CURVE('',#2782,#2245,#2784,.T.);
#2782=VERTEX_POINT('',#2783);
#2783=CARTESIAN_POINT('',(-1.5,-3.349999904633,7.999999620021));
#2784=LINE('',#2783,#2785);
#2785=VECTOR('',#2786,1.);
#2786=DIRECTION('',(-5.640722349432E-02,0.99840784509,0.));
#2787=ORIENTED_EDGE('',*,*,#2592,.F.);
#2788=ORIENTED_EDGE('',*,*,#2789,.T.);
#2789=EDGE_CURVE('',#2371,#2782,#2790,.T.);
#2790=LINE('',#2372,#2791);
#2791=VECTOR('',#2792,1.);
#2792=DIRECTION('',(0.226513485128,0.974008029256,0.));
#2793=PLANE('',#2794);
#2794=AXIS2_PLACEMENT_3D('',#2795,#13,#14);
#2795=CARTESIAN_POINT('',(-1.874595139173,-1.081524050958E-02,7.999999620021));
#2796=ADVANCED_FACE('',(#2797),#2804,.T.);
#2797=FACE_BOUND('',#2798,.T.);
#2798=EDGE_LOOP('',(#2799,#2802,#2803));
#2799=ORIENTED_EDGE('',*,*,#2800,.T.);
#2800=EDGE_CURVE('',#2603,#2782,#2801,.T.);
#2801=LINE('',#2604,#228);
#2802=ORIENTED_EDGE('',*,*,#2789,.F.);
#2803=ORIENTED_EDGE('',*,*,#2602,.F.);
#2804=PLANE('',#2805);
#2805=AXIS2_PLACEMENT_3D('',#2806,#13,#14);
#2806=CARTESIAN_POINT('',(-0.524939792182,-4.078783748157,7.999999620021));
#2807=ADVANCED_FACE('',(#2808),#2823,.T.);
#2808=FACE_BOUND('',#2809,.T.);
#2809=EDGE_LOOP('',(#2810,#2817,#2818));
#2810=ORIENTED_EDGE('',*,*,#2811,.T.);
#2811=EDGE_CURVE('',#2812,#2622,#2814,.T.);
#2812=VERTEX_POINT('',#2813);
#2813=CARTESIAN_POINT('',(6.479555606842,0.155291423202,9.6858000731E-08));
#2814=LINE('',#2813,#2815);
#2815=VECTOR('',#2816,1.);
#2816=DIRECTION('',(-0.214270483491,0.976774364889,0.));
#2817=ORIENTED_EDGE('',*,*,#2621,.F.);
#2818=ORIENTED_EDGE('',*,*,#2819,.T.);
#2819=EDGE_CURVE('',#2386,#2812,#2820,.T.);
#2820=LINE('',#2387,#2821);
#2821=VECTOR('',#2822,1.);
#2822=DIRECTION('',(-4.028278956283E-02,-0.99918831902,0.));
#2823=PLANE('',#2824);
#2824=AXIS2_PLACEMENT_3D('',#2825,#55,#199);
#2825=CARTESIAN_POINT('',(6.138921814064,3.911022315201,9.6858000731E-08));
#2826=ADVANCED_FACE('',(#2827),#2833,.F.);
#2827=FACE_BOUND('',#2828,.F.);
#2828=EDGE_LOOP('',(#2829,#2830));
#2829=ORIENTED_EDGE('',*,*,#2636,.T.);
#2830=ORIENTED_EDGE('',*,*,#2831,.F.);
#2831=EDGE_CURVE('',#2409,#2101,#2832,.T.);
#2832=LINE('',#2410,#228);
#2833=PLANE('',#2834);
#2834=AXIS2_PLACEMENT_3D('',#2835,#55,#199);
#2835=CARTESIAN_POINT('',(-1.5,6.900000095367,0.900000192225));
#2836=ADVANCED_FACE('',(#2837),#2852,.T.);
#2837=FACE_BOUND('',#2838,.T.);
#2838=EDGE_LOOP('',(#2839,#2844,#2848,#2851));
#2839=ORIENTED_EDGE('',*,*,#2840,.T.);
#2840=EDGE_CURVE('',#2291,#2841,#2843,.T.);
#2841=VERTEX_POINT('',#2842);
#2842=CARTESIAN_POINT('',(-1.7763568394E-15,-6.900000095367,9.6858000731E-08));
#2843=LINE('',#2292,#34);
#2844=ORIENTED_EDGE('',*,*,#2845,.T.);
#2845=EDGE_CURVE('',#2841,#2846,#2843,.T.);
#2846=VERTEX_POINT('',#2847);
#2847=CARTESIAN_POINT('',(2.,-6.900000095367,9.6858000731E-08));
#2848=ORIENTED_EDGE('',*,*,#2849,.T.);
#2849=EDGE_CURVE('',#2846,#22,#2850,.T.);
#2850=LINE('',#2847,#82);
#2851=ORIENTED_EDGE('',*,*,#2649,.F.);
#2852=PLANE('',#2853);
#2853=AXIS2_PLACEMENT_3D('',#2854,#64,#55);
#2854=CARTESIAN_POINT('',(0.200000018608,-6.900000095367,0.250000125933));
#2855=ADVANCED_FACE('',(#2856),#2867,.T.);
#2856=FACE_BOUND('',#2857,.T.);
#2857=EDGE_LOOP('',(#2858,#2859,#2864));
#2858=ORIENTED_EDGE('',*,*,#2667,.F.);
#2859=ORIENTED_EDGE('',*,*,#2860,.T.);
#2860=EDGE_CURVE('',#2661,#2812,#2861,.T.);
#2861=LINE('',#2662,#2862);
#2862=VECTOR('',#2863,1.);
#2863=DIRECTION('',(0.130526371104,0.991444837823,0.));
#2864=ORIENTED_EDGE('',*,*,#2865,.T.);
#2865=EDGE_CURVE('',#2812,#2470,#2866,.T.);
#2866=LINE('',#2813,#345);
#2867=PLANE('',#2868);
#2868=AXIS2_PLACEMENT_3D('',#2869,#55,#199);
#2869=CARTESIAN_POINT('',(6.459632797625,-7.4352840899E-02,9.6858000731E-08));
#2870=ADVANCED_FACE('',(#2871),#2886,.T.);
#2871=FACE_BOUND('',#2872,.T.);
#2872=EDGE_LOOP('',(#2873,#2880,#2885));
#2873=ORIENTED_EDGE('',*,*,#2874,.T.);
#2874=EDGE_CURVE('',#2177,#2875,#2877,.T.);
#2875=VERTEX_POINT('',#2876);
#2876=CARTESIAN_POINT('',(6.32426404953,-0.424264073372,9.6858000731E-08));
#2877=LINE('',#2178,#2878);
#2878=VECTOR('',#2879,1.);
#2879=DIRECTION('',(0.200350010996,0.979724386291,0.));
#2880=ORIENTED_EDGE('',*,*,#2881,.T.);
#2881=EDGE_CURVE('',#2875,#2661,#2882,.T.);
#2882=LINE('',#2876,#2883);
#2883=VECTOR('',#2884,1.);
#2884=DIRECTION('',(0.608761634711,0.79335318245,0.));
#2885=ORIENTED_EDGE('',*,*,#2660,.F.);
#2886=PLANE('',#2887);
#2887=AXIS2_PLACEMENT_3D('',#2888,#55,#199);
#2888=CARTESIAN_POINT('',(5.694167471161,-3.592862950111,9.6858000731E-08));
#2889=ADVANCED_FACE('',(#2890),#2899,.T.);
#2890=FACE_BOUND('',#2891,.T.);
#2891=EDGE_LOOP('',(#2892,#2897,#2898));
#2892=ORIENTED_EDGE('',*,*,#2893,.T.);
#2893=EDGE_CURVE('',#2812,#2680,#2894,.T.);
#2894=LINE('',#2813,#2895);
#2895=VECTOR('',#2896,1.);
#2896=DIRECTION('',(0.130525498382,-0.991444952719,0.));
#2897=ORIENTED_EDGE('',*,*,#2679,.F.);
#2898=ORIENTED_EDGE('',*,*,#2865,.F.);
#2899=PLANE('',#2900);
#2900=AXIS2_PLACEMENT_3D('',#2901,#55,#199);
#2901=CARTESIAN_POINT('',(6.484688661896,0.,9.6858000731E-08));
#2902=ADVANCED_FACE('',(#2903),#2908,.T.);
#2903=FACE_BOUND('',#2904,.T.);
#2904=EDGE_LOOP('',(#2905,#2906,#2907));
#2905=ORIENTED_EDGE('',*,*,#2893,.F.);
#2906=ORIENTED_EDGE('',*,*,#2819,.F.);
#2907=ORIENTED_EDGE('',*,*,#2699,.F.);
#2908=PLANE('',#2909);
#2909=AXIS2_PLACEMENT_3D('',#2910,#55,#199);
#2910=CARTESIAN_POINT('',(6.619198133165,3.44970366228,9.6858000731E-08));
#2911=ADVANCED_FACE('',(#2912),#2925,.T.);
#2912=FACE_BOUND('',#2913,.T.);
#2913=EDGE_LOOP('',(#2914,#2921,#2924));
#2914=ORIENTED_EDGE('',*,*,#2915,.T.);
#2915=EDGE_CURVE('',#2245,#2916,#2918,.T.);
#2916=VERTEX_POINT('',#2917);
#2917=CARTESIAN_POINT('',(-1.5,3.349999904633,7.999999620021));
#2918=LINE('',#2246,#2919);
#2919=VECTOR('',#2920,1.);
#2920=DIRECTION('',(0.226513485128,-0.974008029256,0.));
#2921=ORIENTED_EDGE('',*,*,#2922,.T.);
#2922=EDGE_CURVE('',#2916,#2532,#2923,.T.);
#2923=LINE('',#2917,#34);
#2924=ORIENTED_EDGE('',*,*,#2712,.F.);
#2925=PLANE('',#2926);
#2926=AXIS2_PLACEMENT_3D('',#2927,#13,#14);
#2927=CARTESIAN_POINT('',(-0.524939792182,4.078783748157,7.999999620021));
#2928=ADVANCED_FACE('',(#2929),#2934,.F.);
#2929=FACE_BOUND('',#2930,.F.);
#2930=EDGE_LOOP('',(#2733,#2931));
#2931=ORIENTED_EDGE('',*,*,#2932,.F.);
#2932=EDGE_CURVE('',#2731,#2603,#2933,.T.);
#2933=LINE('',#2727,#345);
#2934=PLANE('',#2935);
#2935=AXIS2_PLACEMENT_3D('',#2936,#55,#199);
#2936=CARTESIAN_POINT('',(1.5,0.,7.999999620021));
#2937=ADVANCED_FACE('',(#2938),#2953,.T.);
#2938=FACE_BOUND('',#2939,.T.);
#2939=EDGE_LOOP('',(#2940,#2947,#2948));
#2940=ORIENTED_EDGE('',*,*,#2941,.T.);
#2941=EDGE_CURVE('',#2942,#2744,#2944,.T.);
#2942=VERTEX_POINT('',#2943);
#2943=CARTESIAN_POINT('',(-1.385640621185,0.800000011921,9.6858000731E-08));
#2944=LINE('',#2943,#2945);
#2945=VECTOR('',#2946,1.);
#2946=DIRECTION('',(-0.382683485561,-0.923879510477,0.));
#2947=ORIENTED_EDGE('',*,*,#2751,.F.);
#2948=ORIENTED_EDGE('',*,*,#2949,.T.);
#2949=EDGE_CURVE('',#2015,#2942,#2950,.T.);
#2950=LINE('',#2016,#2951);
#2951=VECTOR('',#2952,1.);
#2952=DIRECTION('',(0.1002077077,-0.994966539798,0.));
#2953=PLANE('',#2954);
#2954=AXIS2_PLACEMENT_3D('',#2955,#55,#199);
#2955=CARTESIAN_POINT('',(-1.725363776366,3.650080876694,9.6858000731E-08));
#2956=ADVANCED_FACE('',(#2957),#2970,.T.);
#2957=FACE_BOUND('',#2958,.T.);
#2958=EDGE_LOOP('',(#2959,#2964,#2965));
#2959=ORIENTED_EDGE('',*,*,#2960,.T.);
#2960=EDGE_CURVE('',#2961,#2564,#2963,.T.);
#2961=VERTEX_POINT('',#2962);
#2962=CARTESIAN_POINT('',(-1.600000023842,0.,-2.64999999851));
#2963=LINE('',#2962,#82);
#2964=ORIENTED_EDGE('',*,*,#2743,.F.);
#2965=ORIENTED_EDGE('',*,*,#2966,.T.);
#2966=EDGE_CURVE('',#2744,#2961,#2967,.T.);
#2967=LINE('',#2745,#2968);
#2968=VECTOR('',#2969,1.);
#2969=DIRECTION('',(-2.032221003702E-02,-0.154362452573,-0.987805264723));
#2970=PLANE('',#2971);
#2971=AXIS2_PLACEMENT_3D('',#2972,#2973,#2748);
#2972=CARTESIAN_POINT('',(-1.585302807429,0.111636400146,-1.228757744072));
#2973=DIRECTION('',(-0.991444855038,0.130526240342,0.));
#2974=ADVANCED_FACE('',(#2975),#2988,.T.);
#2975=FACE_BOUND('',#2976,.T.);
#2976=EDGE_LOOP('',(#2977,#2982,#2983));
#2977=ORIENTED_EDGE('',*,*,#2978,.T.);
#2978=EDGE_CURVE('',#2979,#2764,#2981,.T.);
#2979=VERTEX_POINT('',#2980);
#2980=CARTESIAN_POINT('',(-1.545481324196,-0.414110481739,-2.64999999851));
#2981=LINE('',#2980,#82);
#2982=ORIENTED_EDGE('',*,*,#2763,.F.);
#2983=ORIENTED_EDGE('',*,*,#2984,.T.);
#2984=EDGE_CURVE('',#2564,#2979,#2985,.T.);
#2985=LINE('',#2565,#2986);
#2986=VECTOR('',#2987,1.);
#2987=DIRECTION('',(2.032221003702E-02,-0.154362452573,-0.987805264723));
#2988=PLANE('',#2989);
#2989=AXIS2_PLACEMENT_3D('',#2990,#2991,#2768);
#2990=CARTESIAN_POINT('',(-1.560178540609,-0.302474081593,-1.228757744072));
#2991=DIRECTION('',(-0.991444855038,-0.130526240342,0.));
#2992=ADVANCED_FACE('',(#2993),#3008,.T.);
#2993=FACE_BOUND('',#2994,.T.);
#2994=EDGE_LOOP('',(#2995,#2996,#3003));
#2995=ORIENTED_EDGE('',*,*,#2770,.F.);
#2996=ORIENTED_EDGE('',*,*,#2997,.T.);
#2997=EDGE_CURVE('',#2764,#2998,#3000,.T.);
#2998=VERTEX_POINT('',#2999);
#2999=CARTESIAN_POINT('',(-1.385640621185,-0.800000011921,9.6858000731E-08));
#3000=LINE('',#2765,#3001);
#3001=VECTOR('',#3002,1.);
#3002=DIRECTION('',(0.382683485561,-0.923879510477,0.));
#3003=ORIENTED_EDGE('',*,*,#3004,.T.);
#3004=EDGE_CURVE('',#2998,#2291,#3005,.T.);
#3005=LINE('',#2999,#3006);
#3006=VECTOR('',#3007,1.);
#3007=DIRECTION('',(-0.1002077077,-0.994966539798,0.));
#3008=PLANE('',#3009);
#3009=AXIS2_PLACEMENT_3D('',#3010,#55,#199);
#3010=CARTESIAN_POINT('',(-1.725363776366,-3.650080876694,9.6858000731E-08));
#3011=ADVANCED_FACE('',(#3012),#3025,.T.);
#3012=FACE_BOUND('',#3013,.T.);
#3013=EDGE_LOOP('',(#3014,#3015,#3020));
#3014=ORIENTED_EDGE('',*,*,#2781,.F.);
#3015=ORIENTED_EDGE('',*,*,#3016,.T.);
#3016=EDGE_CURVE('',#2782,#3017,#3019,.T.);
#3017=VERTEX_POINT('',#3018);
#3018=CARTESIAN_POINT('',(-1.5,-2.349999904633,7.999999620021));
#3019=LINE('',#2783,#189);
#3020=ORIENTED_EDGE('',*,*,#3021,.T.);
#3021=EDGE_CURVE('',#3017,#2245,#3022,.T.);
#3022=LINE('',#3018,#3023);
#3023=VECTOR('',#3024,1.);
#3024=DIRECTION('',(-6.356545754908E-02,0.997977671397,0.));
#3025=PLANE('',#3026);
#3026=AXIS2_PLACEMENT_3D('',#3027,#13,#14);
#3027=CARTESIAN_POINT('',(-1.735899621333,1.075448649805,7.999999620021));
#3028=ADVANCED_FACE('',(#3029),#3042,.T.);
#3029=FACE_BOUND('',#3030,.T.);
#3030=EDGE_LOOP('',(#3031,#3032,#3037));
#3031=ORIENTED_EDGE('',*,*,#2800,.F.);
#3032=ORIENTED_EDGE('',*,*,#3033,.T.);
#3033=EDGE_CURVE('',#2603,#3034,#3036,.T.);
#3034=VERTEX_POINT('',#3035);
#3035=CARTESIAN_POINT('',(1.5,-3.349999904633,6.999999620021));
#3036=LINE('',#2604,#54);
#3037=ORIENTED_EDGE('',*,*,#3038,.T.);
#3038=EDGE_CURVE('',#3034,#2782,#3039,.T.);
#3039=LINE('',#3035,#3040);
#3040=VECTOR('',#3041,1.);
#3041=DIRECTION('',(-0.948683298051,0.,0.316227766017));
#3042=PLANE('',#3043);
#3043=AXIS2_PLACEMENT_3D('',#3044,#190,#13);
#3044=CARTESIAN_POINT('',(0.209430584958,-3.349999904633,7.709430204978));
#3045=ADVANCED_FACE('',(#3046),#3061,.T.);
#3046=FACE_BOUND('',#3047,.T.);
#3047=EDGE_LOOP('',(#3048,#3055,#3060));
#3048=ORIENTED_EDGE('',*,*,#3049,.T.);
#3049=EDGE_CURVE('',#2812,#3050,#3052,.T.);
#3050=VERTEX_POINT('',#3051);
#3051=CARTESIAN_POINT('',(6.419615268707,0.300000011921,9.6858000731E-08));
#3052=LINE('',#2813,#3053);
#3053=VECTOR('',#3054,1.);
#3054=DIRECTION('',(-0.382683857941,0.923879356232,0.));
#3055=ORIENTED_EDGE('',*,*,#3056,.T.);
#3056=EDGE_CURVE('',#3050,#2622,#3057,.T.);
#3057=LINE('',#3051,#3058);
#3058=VECTOR('',#3059,1.);
#3059=DIRECTION('',(-0.210283817535,0.977640381778,0.));
#3060=ORIENTED_EDGE('',*,*,#2811,.F.);
#3061=PLANE('',#3062);
#3062=AXIS2_PLACEMENT_3D('',#3063,#55,#199);
#3063=CARTESIAN_POINT('',(5.733178869496,3.525587955502,9.6858000731E-08));
#3064=ADVANCED_FACE('',(#3065),#3078,.T.);
#3065=FACE_BOUND('',#3066,.T.);
#3066=EDGE_LOOP('',(#3067,#3068,#3073));
#3067=ORIENTED_EDGE('',*,*,#2408,.F.);
#3068=ORIENTED_EDGE('',*,*,#3069,.T.);
#3069=EDGE_CURVE('',#2404,#3070,#3072,.T.);
#3070=VERTEX_POINT('',#3071);
#3071=CARTESIAN_POINT('',(2.,6.900000095367,9.6858000731E-08));
#3072=LINE('',#2405,#54);
#3073=ORIENTED_EDGE('',*,*,#3074,.T.);
#3074=EDGE_CURVE('',#3070,#2409,#3075,.T.);
#3075=LINE('',#3071,#3076);
#3076=VECTOR('',#3077,1.);
#3077=DIRECTION('',(-0.975609751116,0.,0.219512217261));
#3078=PLANE('',#3079);
#3079=AXIS2_PLACEMENT_3D('',#3080,#190,#13);
#3080=CARTESIAN_POINT('',(0.200000018608,6.900000095367,0.65000016315));
#3081=ADVANCED_FACE('',(#3082),#3087,.F.);
#3082=FACE_BOUND('',#3083,.F.);
#3083=EDGE_LOOP('',(#2844,#3084));
#3084=ORIENTED_EDGE('',*,*,#3085,.F.);
#3085=EDGE_CURVE('',#2841,#2846,#3086,.T.);
#3086=LINE('',#2842,#34);
#3087=PLANE('',#3088);
#3088=AXIS2_PLACEMENT_3D('',#3089,#55,#199);
#3089=CARTESIAN_POINT('',(0.,-6.900000095367,9.6858000731E-08));
#3090=ADVANCED_FACE('',(#3091),#3098,.T.);
#3091=FACE_BOUND('',#3092,.T.);
#3092=EDGE_LOOP('',(#3093,#3096,#3097));
#3093=ORIENTED_EDGE('',*,*,#3094,.T.);
#3094=EDGE_CURVE('',#2661,#3050,#3095,.T.);
#3095=LINE('',#2662,#189);
#3096=ORIENTED_EDGE('',*,*,#3049,.F.);
#3097=ORIENTED_EDGE('',*,*,#2860,.F.);
#3098=PLANE('',#3099);
#3099=AXIS2_PLACEMENT_3D('',#3100,#55,#199);
#3100=CARTESIAN_POINT('',(6.434795720368,1.998546539318E-03,9.6858000731E-08));
#3101=ADVANCED_FACE('',(#3102),#3111,.T.);
#3102=FACE_BOUND('',#3103,.T.);
#3103=EDGE_LOOP('',(#3104,#3105,#3110));
#3104=ORIENTED_EDGE('',*,*,#2881,.F.);
#3105=ORIENTED_EDGE('',*,*,#3106,.T.);
#3106=EDGE_CURVE('',#2875,#3050,#3107,.T.);
#3107=LINE('',#2876,#3108);
#3108=VECTOR('',#3109,1.);
#3109=DIRECTION('',(0.130526250666,0.991444853679,0.));
#3110=ORIENTED_EDGE('',*,*,#3094,.F.);
#3111=PLANE('',#3112);
#3112=AXIS2_PLACEMENT_3D('',#3113,#55,#199);
#3113=CARTESIAN_POINT('',(6.391174745663,-6.866146555355E-02,9.6858000731E-08));
#3114=ADVANCED_FACE('',(#3115),#3130,.T.);
#3115=FACE_BOUND('',#3116,.T.);
#3116=EDGE_LOOP('',(#3117,#3124,#3129));
#3117=ORIENTED_EDGE('',*,*,#3118,.T.);
#3118=EDGE_CURVE('',#2177,#3119,#3121,.T.);
#3119=VERTEX_POINT('',#3120);
#3120=CARTESIAN_POINT('',(6.199999809265,-0.519615232944,9.6858000731E-08));
#3121=LINE('',#2178,#3122);
#3122=VECTOR('',#3123,1.);
#3123=DIRECTION('',(0.184835735306,0.982769429192,0.));
#3124=ORIENTED_EDGE('',*,*,#3125,.T.);
#3125=EDGE_CURVE('',#3119,#2875,#3126,.T.);
#3126=LINE('',#3120,#3127);
#3127=VECTOR('',#3128,1.);
#3128=DIRECTION('',(0.793353789311,0.608760843834,0.));
#3129=ORIENTED_EDGE('',*,*,#2874,.F.);
#3130=PLANE('',#3131);
#3131=AXIS2_PLACEMENT_3D('',#3132,#55,#199);
#3132=CARTESIAN_POINT('',(5.638796413451,-3.647789504197,9.6858000731E-08));
#3133=ADVANCED_FACE('',(#3134),#3147,.T.);
#3134=FACE_BOUND('',#3135,.T.);
#3135=EDGE_LOOP('',(#3136,#3137,#3142));
#3136=ORIENTED_EDGE('',*,*,#2922,.F.);
#3137=ORIENTED_EDGE('',*,*,#3138,.T.);
#3138=EDGE_CURVE('',#2916,#3139,#3141,.T.);
#3139=VERTEX_POINT('',#3140);
#3140=CARTESIAN_POINT('',(-1.5,3.349999904633,6.999999620021));
#3141=LINE('',#2917,#54);
#3142=ORIENTED_EDGE('',*,*,#3143,.T.);
#3143=EDGE_CURVE('',#3139,#2532,#3144,.T.);
#3144=LINE('',#3140,#3145);
#3145=VECTOR('',#3146,1.);
#3146=DIRECTION('',(0.948683298051,0.,0.316227766017));
#3147=PLANE('',#3148);
#3148=AXIS2_PLACEMENT_3D('',#3149,#64,#55);
#3149=CARTESIAN_POINT('',(-0.209430584958,3.349999904633,7.709430204978));
#3150=ADVANCED_FACE('',(#3151),#3164,.T.);
#3151=FACE_BOUND('',#3152,.T.);
#3152=EDGE_LOOP('',(#3153,#3160,#3163));
#3153=ORIENTED_EDGE('',*,*,#3154,.T.);
#3154=EDGE_CURVE('',#2245,#3155,#3157,.T.);
#3155=VERTEX_POINT('',#3156);
#3156=CARTESIAN_POINT('',(-1.5,2.849999904633,7.999999620021));
#3157=LINE('',#2246,#3158);
#3158=VECTOR('',#3159,1.);
#3159=DIRECTION('',(0.185407852755,-0.982661654964,0.));
#3160=ORIENTED_EDGE('',*,*,#3161,.T.);
#3161=EDGE_CURVE('',#3155,#2916,#3162,.T.);
#3162=LINE('',#3156,#189);
#3163=ORIENTED_EDGE('',*,*,#2915,.F.);
#3164=PLANE('',#3165);
#3165=AXIS2_PLACEMENT_3D('',#3166,#13,#14);
#3166=CARTESIAN_POINT('',(-1.726869548806,4.177654125468,7.999999620021));
#3167=ADVANCED_FACE('',(#3168),#3174,.F.);
#3168=FACE_BOUND('',#3169,.F.);
#3169=EDGE_LOOP('',(#3170,#3171));
#3170=ORIENTED_EDGE('',*,*,#2932,.T.);
#3171=ORIENTED_EDGE('',*,*,#3172,.F.);
#3172=EDGE_CURVE('',#2731,#2603,#3173,.T.);
#3173=LINE('',#2732,#345);
#3174=PLANE('',#3175);
#3175=AXIS2_PLACEMENT_3D('',#3176,#55,#199);
#3176=CARTESIAN_POINT('',(1.5,-0.5,7.999999620021));
#3177=ADVANCED_FACE('',(#3178),#3191,.T.);
#3178=FACE_BOUND('',#3179,.T.);
#3179=EDGE_LOOP('',(#3180,#3185,#3186));
#3180=ORIENTED_EDGE('',*,*,#3181,.T.);
#3181=EDGE_CURVE('',#3182,#2726,#3184,.T.);
#3182=VERTEX_POINT('',#3183);
#3183=CARTESIAN_POINT('',(1.5,2.349999904633,6.999999620021));
#3184=LINE('',#3183,#82);
#3185=ORIENTED_EDGE('',*,*,#2725,.F.);
#3186=ORIENTED_EDGE('',*,*,#3187,.T.);
#3187=EDGE_CURVE('',#2532,#3182,#3188,.T.);
#3188=LINE('',#2533,#3189);
#3189=VECTOR('',#3190,1.);
#3190=DIRECTION('',(0.,-0.707106781187,-0.707106781187));
#3191=PLANE('',#3192);
#3192=AXIS2_PLACEMENT_3D('',#3193,#199,#55);
#3193=CARTESIAN_POINT('',(1.5,2.703553295226,7.646446229427));
#3194=ADVANCED_FACE('',(#3195),#3210,.T.);
#3195=FACE_BOUND('',#3196,.T.);
#3196=EDGE_LOOP('',(#3197,#3204,#3205));
#3197=ORIENTED_EDGE('',*,*,#3198,.T.);
#3198=EDGE_CURVE('',#3199,#2942,#3201,.T.);
#3199=VERTEX_POINT('',#3200);
#3200=CARTESIAN_POINT('',(-1.131370902061,1.131370902061,9.6858000731E-08));
#3201=LINE('',#3200,#3202);
#3202=VECTOR('',#3203,1.);
#3203=DIRECTION('',(-0.608761266396,-0.793353465068,0.));
#3204=ORIENTED_EDGE('',*,*,#2949,.F.);
#3205=ORIENTED_EDGE('',*,*,#3206,.T.);
#3206=EDGE_CURVE('',#2015,#3199,#3207,.T.);
#3207=LINE('',#2016,#3208);
#3208=VECTOR('',#3209,1.);
#3209=DIRECTION('',(0.14889948449,-0.988852336559,0.));
#3210=PLANE('',#3211);
#3211=AXIS2_PLACEMENT_3D('',#3212,#55,#199);
#3212=CARTESIAN_POINT('',(-1.618272371222,3.83076448152,9.6858000731E-08));
#3213=ADVANCED_FACE('',(#3214),#3227,.T.);
#3214=FACE_BOUND('',#3215,.T.);
#3215=EDGE_LOOP('',(#3216,#3221,#3222));
#3216=ORIENTED_EDGE('',*,*,#3217,.T.);
#3217=EDGE_CURVE('',#3218,#2744,#3220,.T.);
#3218=VERTEX_POINT('',#3219);
#3219=CARTESIAN_POINT('',(-1.545481324196,0.414110481739,-2.64999999851));
#3220=LINE('',#3219,#82);
#3221=ORIENTED_EDGE('',*,*,#2941,.F.);
#3222=ORIENTED_EDGE('',*,*,#3223,.T.);
#3223=EDGE_CURVE('',#2942,#3218,#3224,.T.);
#3224=LINE('',#2943,#3225);
#3225=VECTOR('',#3226,1.);
#3226=DIRECTION('',(-5.958169142158E-02,-0.143842904073,-0.987805264713));
#3227=PLANE('',#3228);
#3228=AXIS2_PLACEMENT_3D('',#3229,#3230,#2946);
#3229=CARTESIAN_POINT('',(-1.502391275843,0.518139043933,-1.228757744036));
#3230=DIRECTION('',(-0.923879510477,0.382683485561,0.));
#3231=ADVANCED_FACE('',(#3232),#3239,.T.);
#3232=FACE_BOUND('',#3233,.T.);
#3233=EDGE_LOOP('',(#3234,#3235,#3238));
#3234=ORIENTED_EDGE('',*,*,#3217,.F.);
#3235=ORIENTED_EDGE('',*,*,#3236,.T.);
#3236=EDGE_CURVE('',#3218,#2961,#3237,.T.);
#3237=LINE('',#3219,#2747);
#3238=ORIENTED_EDGE('',*,*,#2966,.F.);
#3239=PLANE('',#3240);
#3240=AXIS2_PLACEMENT_3D('',#3241,#2973,#2748);
#3241=CARTESIAN_POINT('',(-1.560178540609,0.302474081593,-1.42124215758));
#3242=ADVANCED_FACE('',(#3243),#3250,.T.);
#3243=FACE_BOUND('',#3244,.T.);
#3244=EDGE_LOOP('',(#3245,#3246,#3249));
#3245=ORIENTED_EDGE('',*,*,#2960,.F.);
#3246=ORIENTED_EDGE('',*,*,#3247,.T.);
#3247=EDGE_CURVE('',#2961,#2979,#3248,.T.);
#3248=LINE('',#2962,#2767);
#3249=ORIENTED_EDGE('',*,*,#2984,.F.);
#3250=PLANE('',#3251);
#3251=AXIS2_PLACEMENT_3D('',#3252,#2991,#2768);
#3252=CARTESIAN_POINT('',(-1.585302807429,-0.111636400146,-1.42124215758));
#3253=ADVANCED_FACE('',(#3254),#3267,.T.);
#3254=FACE_BOUND('',#3255,.T.);
#3255=EDGE_LOOP('',(#3256,#3257,#3262));
#3256=ORIENTED_EDGE('',*,*,#2978,.F.);
#3257=ORIENTED_EDGE('',*,*,#3258,.T.);
#3258=EDGE_CURVE('',#2979,#3259,#3261,.T.);
#3259=VERTEX_POINT('',#3260);
#3260=CARTESIAN_POINT('',(-1.385640621185,-0.800000011921,-2.64999999851));
#3261=LINE('',#2980,#3001);
#3262=ORIENTED_EDGE('',*,*,#3263,.T.);
#3263=EDGE_CURVE('',#3259,#2764,#3264,.T.);
#3264=LINE('',#3260,#3265);
#3265=VECTOR('',#3266,1.);
#3266=DIRECTION('',(-5.958169142158E-02,0.143842904073,0.987805264713));
#3267=PLANE('',#3268);
#3268=AXIS2_PLACEMENT_3D('',#3269,#3270,#3002);
#3269=CARTESIAN_POINT('',(-1.502391275843,-0.518139043933,-1.421242157616));
#3270=DIRECTION('',(-0.923879510477,-0.382683485561,0.));
#3271=ADVANCED_FACE('',(#3272),#3279,.T.);
#3272=FACE_BOUND('',#3273,.T.);
#3273=EDGE_LOOP('',(#3274,#3277,#3278));
#3274=ORIENTED_EDGE('',*,*,#3275,.T.);
#3275=EDGE_CURVE('',#3259,#2998,#3276,.T.);
#3276=LINE('',#3260,#82);
#3277=ORIENTED_EDGE('',*,*,#2997,.F.);
#3278=ORIENTED_EDGE('',*,*,#3263,.F.);
#3279=PLANE('',#3280);
#3280=AXIS2_PLACEMENT_3D('',#3281,#3270,#3002);
#3281=CARTESIAN_POINT('',(-1.428730669538,-0.695971449727,-1.228757744036));
#3282=ADVANCED_FACE('',(#3283),#3298,.T.);
#3283=FACE_BOUND('',#3284,.T.);
#3284=EDGE_LOOP('',(#3285,#3286,#3293));
#3285=ORIENTED_EDGE('',*,*,#3004,.F.);
#3286=ORIENTED_EDGE('',*,*,#3287,.T.);
#3287=EDGE_CURVE('',#2998,#3288,#3290,.T.);
#3288=VERTEX_POINT('',#3289);
#3289=CARTESIAN_POINT('',(-1.131370902061,-1.131370902061,9.6858000731E-08));
#3290=LINE('',#2999,#3291);
#3291=VECTOR('',#3292,1.);
#3292=DIRECTION('',(0.608761266396,-0.793353465068,0.));
#3293=ORIENTED_EDGE('',*,*,#3294,.T.);
#3294=EDGE_CURVE('',#3288,#2291,#3295,.T.);
#3295=LINE('',#3289,#3296);
#3296=VECTOR('',#3297,1.);
#3297=DIRECTION('',(-0.14889948449,-0.988852336559,0.));
#3298=PLANE('',#3299);
#3299=AXIS2_PLACEMENT_3D('',#3300,#55,#199);
#3300=CARTESIAN_POINT('',(-1.618272371222,-3.83076448152,9.6858000731E-08));
#3301=ADVANCED_FACE('',(#3302),#3315,.T.);
#3302=FACE_BOUND('',#3303,.T.);
#3303=EDGE_LOOP('',(#3304,#3309,#3310));
#3304=ORIENTED_EDGE('',*,*,#3305,.T.);
#3305=EDGE_CURVE('',#3306,#3017,#3308,.T.);
#3306=VERTEX_POINT('',#3307);
#3307=CARTESIAN_POINT('',(-1.5,-2.349999904633,6.999999620021));
#3308=LINE('',#3307,#82);
#3309=ORIENTED_EDGE('',*,*,#3016,.F.);
#3310=ORIENTED_EDGE('',*,*,#3311,.T.);
#3311=EDGE_CURVE('',#2782,#3306,#3312,.T.);
#3312=LINE('',#2783,#3313);
#3313=VECTOR('',#3314,1.);
#3314=DIRECTION('',(0.,0.707106781187,-0.707106781187));
#3315=PLANE('',#3316);
#3316=AXIS2_PLACEMENT_3D('',#3317,#14,#13);
#3317=CARTESIAN_POINT('',(-1.5,-2.703553295226,7.646446229427));
#3318=ADVANCED_FACE('',(#3319),#3332,.T.);
#3319=FACE_BOUND('',#3320,.T.);
#3320=EDGE_LOOP('',(#3321,#3322,#3327));
#3321=ORIENTED_EDGE('',*,*,#3021,.F.);
#3322=ORIENTED_EDGE('',*,*,#3323,.T.);
#3323=EDGE_CURVE('',#3017,#3324,#3326,.T.);
#3324=VERTEX_POINT('',#3325);
#3325=CARTESIAN_POINT('',(-1.5,2.349999904633,7.999999620021));
#3326=LINE('',#3018,#189);
#3327=ORIENTED_EDGE('',*,*,#3328,.T.);
#3328=EDGE_CURVE('',#3324,#2245,#3329,.T.);
#3329=LINE('',#3325,#3330);
#3330=VECTOR('',#3331,1.);
#3331=DIRECTION('',(-0.156767539571,0.987635529199,0.));
#3332=PLANE('',#3333);
#3333=AXIS2_PLACEMENT_3D('',#3334,#13,#14);
#3334=CARTESIAN_POINT('',(-1.675422127816,1.580882106722,7.999999620021));
#3335=ADVANCED_FACE('',(#3336),#3342,.T.);
#3336=FACE_BOUND('',#3337,.T.);
#3337=EDGE_LOOP('',(#3338,#3171,#3339));
#3338=ORIENTED_EDGE('',*,*,#3033,.F.);
#3339=ORIENTED_EDGE('',*,*,#3340,.T.);
#3340=EDGE_CURVE('',#2731,#3034,#3341,.T.);
#3341=LINE('',#2732,#3189);
#3342=PLANE('',#3343);
#3343=AXIS2_PLACEMENT_3D('',#3344,#199,#55);
#3344=CARTESIAN_POINT('',(1.5,-2.996446514039,7.646446229427));
#3345=ADVANCED_FACE('',(#3346),#3357,.T.);
#3346=FACE_BOUND('',#3347,.T.);
#3347=EDGE_LOOP('',(#3348,#3353,#3356));
#3348=ORIENTED_EDGE('',*,*,#3349,.T.);
#3349=EDGE_CURVE('',#3034,#3350,#3352,.T.);
#3350=VERTEX_POINT('',#3351);
#3351=CARTESIAN_POINT('',(-1.5,-3.349999904633,6.999999620021));
#3352=LINE('',#3035,#228);
#3353=ORIENTED_EDGE('',*,*,#3354,.T.);
#3354=EDGE_CURVE('',#3350,#2782,#3355,.T.);
#3355=LINE('',#3351,#82);
#3356=ORIENTED_EDGE('',*,*,#3038,.F.);
#3357=PLANE('',#3358);
#3358=AXIS2_PLACEMENT_3D('',#3359,#190,#13);
#3359=CARTESIAN_POINT('',(-0.209430584958,-3.349999904633,7.290569035063));
#3360=ADVANCED_FACE('',(#3361),#3376,.T.);
#3361=FACE_BOUND('',#3362,.T.);
#3362=EDGE_LOOP('',(#3363,#3370,#3375));
#3363=ORIENTED_EDGE('',*,*,#3364,.T.);
#3364=EDGE_CURVE('',#3050,#3365,#3367,.T.);
#3365=VERTEX_POINT('',#3366);
#3366=CARTESIAN_POINT('',(6.32426404953,0.424264073372,9.6858000731E-08));
#3367=LINE('',#3051,#3368);
#3368=VECTOR('',#3369,1.);
#3369=DIRECTION('',(-0.608761634711,0.79335318245,0.));
#3370=ORIENTED_EDGE('',*,*,#3371,.T.);
#3371=EDGE_CURVE('',#3365,#2622,#3372,.T.);
#3372=LINE('',#3366,#3373);
#3373=VECTOR('',#3374,1.);
#3374=DIRECTION('',(-0.200350010996,0.979724386291,0.));
#3375=ORIENTED_EDGE('',*,*,#3056,.F.);
#3376=PLANE('',#3377);
#3377=AXIS2_PLACEMENT_3D('',#3378,#55,#199);
#3378=CARTESIAN_POINT('',(5.694167471161,3.592862950111,9.6858000731E-08));
#3379=ADVANCED_FACE('',(#3380),#3389,.T.);
#3380=FACE_BOUND('',#3381,.T.);
#3381=EDGE_LOOP('',(#3382,#3385,#3388));
#3382=ORIENTED_EDGE('',*,*,#3383,.T.);
#3383=EDGE_CURVE('',#3070,#2015,#3384,.T.);
#3384=LINE('',#3071,#228);
#3385=ORIENTED_EDGE('',*,*,#3386,.T.);
#3386=EDGE_CURVE('',#2015,#2409,#3387,.T.);
#3387=LINE('',#2016,#82);
#3388=ORIENTED_EDGE('',*,*,#3074,.F.);
#3389=PLANE('',#3390);
#3390=AXIS2_PLACEMENT_3D('',#3391,#190,#13);
#3391=CARTESIAN_POINT('',(-0.200000018608,6.900000095367,0.250000125933));
#3392=ADVANCED_FACE('',(#3393),#3407,.T.);
#3393=FACE_BOUND('',#3394,.T.);
#3394=EDGE_LOOP('',(#3084,#3395,#3402));
#3395=ORIENTED_EDGE('',*,*,#3396,.T.);
#3396=EDGE_CURVE('',#2841,#3397,#3399,.T.);
#3397=VERTEX_POINT('',#3398);
#3398=CARTESIAN_POINT('',(0.636396110058,-6.136395931244,9.6858000731E-08));
#3399=LINE('',#2842,#3400);
#3400=VECTOR('',#3401,1.);
#3401=DIRECTION('',(0.640219609907,0.768191936362,0.));
#3402=ORIENTED_EDGE('',*,*,#3403,.T.);
#3403=EDGE_CURVE('',#3397,#2846,#3404,.T.);
#3404=LINE('',#3398,#3405);
#3405=VECTOR('',#3406,1.);
#3406=DIRECTION('',(0.87250983868,-0.488596542566,0.));
#3407=PLANE('',#3408);
#3408=AXIS2_PLACEMENT_3D('',#3409,#55,#199);
#3409=CARTESIAN_POINT('',(0.960404138463,-6.685769721341,9.6858000731E-08));
#3410=ADVANCED_FACE('',(#3411),#3424,.T.);
#3411=FACE_BOUND('',#3412,.T.);
#3412=EDGE_LOOP('',(#3413,#3414,#3421));
#3413=ORIENTED_EDGE('',*,*,#2840,.F.);
#3414=ORIENTED_EDGE('',*,*,#3415,.T.);
#3415=EDGE_CURVE('',#2291,#3416,#3418,.T.);
#3416=VERTEX_POINT('',#3417);
#3417=CARTESIAN_POINT('',(-1.7763568394E-15,-6.400000095367,9.6858000731E-08));
#3418=LINE('',#2292,#3419);
#3419=VECTOR('',#3420,1.);
#3420=DIRECTION('',(0.970142500145,0.242535625036,0.));
#3421=ORIENTED_EDGE('',*,*,#3422,.T.);
#3422=EDGE_CURVE('',#3416,#2841,#3423,.T.);
#3423=LINE('',#3417,#345);
#3424=PLANE('',#3425);
#3425=AXIS2_PLACEMENT_3D('',#3426,#55,#199);
#3426=CARTESIAN_POINT('',(-0.890388203202,-6.759611892165,9.6858000731E-08));
#3427=ADVANCED_FACE('',(#3428),#3435,.T.);
#3428=FACE_BOUND('',#3429,.T.);
#3429=EDGE_LOOP('',(#3430,#3433,#3434));
#3430=ORIENTED_EDGE('',*,*,#3431,.T.);
#3431=EDGE_CURVE('',#2875,#3365,#3432,.T.);
#3432=LINE('',#2876,#189);
#3433=ORIENTED_EDGE('',*,*,#3364,.F.);
#3434=ORIENTED_EDGE('',*,*,#3106,.F.);
#3435=PLANE('',#3436);
#3436=AXIS2_PLACEMENT_3D('',#3437,#55,#199);
#3437=CARTESIAN_POINT('',(6.34863222229,6.529434828072E-03,9.6858000731E-08));
#3438=ADVANCED_FACE('',(#3439),#3448,.T.);
#3439=FACE_BOUND('',#3440,.T.);
#3440=EDGE_LOOP('',(#3441,#3442,#3447));
#3441=ORIENTED_EDGE('',*,*,#3125,.F.);
#3442=ORIENTED_EDGE('',*,*,#3443,.T.);
#3443=EDGE_CURVE('',#3119,#3365,#3444,.T.);
#3444=LINE('',#3120,#3445);
#3445=VECTOR('',#3446,1.);
#3446=DIRECTION('',(0.130526369982,0.991444837971,0.));
#3447=ORIENTED_EDGE('',*,*,#3431,.F.);
#3448=PLANE('',#3449);
#3449=AXIS2_PLACEMENT_3D('',#3450,#55,#199);
#3450=CARTESIAN_POINT('',(6.289069028818,-6.095949950641E-02,9.6858000731E-08));
#3451=ADVANCED_FACE('',(#3452),#3467,.T.);
#3452=FACE_BOUND('',#3453,.T.);
#3453=EDGE_LOOP('',(#3454,#3461,#3466));
#3454=ORIENTED_EDGE('',*,*,#3455,.T.);
#3455=EDGE_CURVE('',#2177,#3456,#3458,.T.);
#3456=VERTEX_POINT('',#3457);
#3457=CARTESIAN_POINT('',(6.055291652679,-0.579555511475,9.6858000731E-08));
#3458=LINE('',#2178,#3459);
#3459=VECTOR('',#3460,1.);
#3460=DIRECTION('',(0.164685078245,0.986346199366,0.));
#3461=ORIENTED_EDGE('',*,*,#3462,.T.);
#3462=EDGE_CURVE('',#3456,#3119,#3463,.T.);
#3463=LINE('',#3457,#3464);
#3464=VECTOR('',#3465,1.);
#3465=DIRECTION('',(0.923879086737,0.382684508557,0.));
#3466=ORIENTED_EDGE('',*,*,#3118,.F.);
#3467=PLANE('',#3468);
#3468=AXIS2_PLACEMENT_3D('',#3469,#55,#199);
#3469=CARTESIAN_POINT('',(5.570820156387,-3.686605826462,9.6858000731E-08));
#3470=ADVANCED_FACE('',(#3471),#3480,.T.);
#3471=FACE_BOUND('',#3472,.T.);
#3472=EDGE_LOOP('',(#3473,#3474,#3475));
#3473=ORIENTED_EDGE('',*,*,#3138,.F.);
#3474=ORIENTED_EDGE('',*,*,#3161,.F.);
#3475=ORIENTED_EDGE('',*,*,#3476,.T.);
#3476=EDGE_CURVE('',#3155,#3139,#3477,.T.);
#3477=LINE('',#3156,#3478);
#3478=VECTOR('',#3479,1.);
#3479=DIRECTION('',(0.,0.4472135955,-0.894427191));
#3480=PLANE('',#3481);
#3481=AXIS2_PLACEMENT_3D('',#3482,#14,#13);
#3482=CARTESIAN_POINT('',(-1.5,3.195491407445,7.595491122833));
#3483=ADVANCED_FACE('',(#3484),#3495,.T.);
#3484=FACE_BOUND('',#3485,.T.);
#3485=EDGE_LOOP('',(#3486,#3491,#3494));
#3486=ORIENTED_EDGE('',*,*,#3487,.T.);
#3487=EDGE_CURVE('',#3139,#3488,#3490,.T.);
#3488=VERTEX_POINT('',#3489);
#3489=CARTESIAN_POINT('',(1.5,3.349999904633,6.999999620021));
#3490=LINE('',#3140,#34);
#3491=ORIENTED_EDGE('',*,*,#3492,.T.);
#3492=EDGE_CURVE('',#3488,#2532,#3493,.T.);
#3493=LINE('',#3489,#82);
#3494=ORIENTED_EDGE('',*,*,#3143,.F.);
#3495=PLANE('',#3496);
#3496=AXIS2_PLACEMENT_3D('',#3497,#64,#55);
#3497=CARTESIAN_POINT('',(0.209430584958,3.349999904633,7.290569035063));
#3498=ADVANCED_FACE('',(#3499),#3506,.T.);
#3499=FACE_BOUND('',#3500,.T.);
#3500=EDGE_LOOP('',(#3501,#3502,#3505));
#3501=ORIENTED_EDGE('',*,*,#3328,.F.);
#3502=ORIENTED_EDGE('',*,*,#3503,.T.);
#3503=EDGE_CURVE('',#3324,#3155,#3504,.T.);
#3504=LINE('',#3325,#189);
#3505=ORIENTED_EDGE('',*,*,#3154,.F.);
#3506=PLANE('',#3507);
#3507=AXIS2_PLACEMENT_3D('',#3508,#13,#14);
#3508=CARTESIAN_POINT('',(-1.730426523855,3.926830358515,7.999999620021));
#3509=ADVANCED_FACE('',(#3510),#3521,.T.);
#3510=FACE_BOUND('',#3511,.T.);
#3511=EDGE_LOOP('',(#3512,#3513,#3516));
#3512=ORIENTED_EDGE('',*,*,#2730,.F.);
#3513=ORIENTED_EDGE('',*,*,#3514,.T.);
#3514=EDGE_CURVE('',#2726,#3324,#3515,.T.);
#3515=LINE('',#2727,#228);
#3516=ORIENTED_EDGE('',*,*,#3517,.T.);
#3517=EDGE_CURVE('',#3324,#2731,#3518,.T.);
#3518=LINE('',#3325,#3519);
#3519=VECTOR('',#3520,1.);
#3520=DIRECTION('',(0.538035468436,-0.842922199675,0.));
#3521=PLANE('',#3522);
#3522=AXIS2_PLACEMENT_3D('',#3523,#13,#14);
#3523=CARTESIAN_POINT('',(0.531039806565,0.531039806565,7.999999620021));
#3524=ADVANCED_FACE('',(#3525),#3532,.T.);
#3525=FACE_BOUND('',#3526,.T.);
#3526=EDGE_LOOP('',(#3527,#3528,#3531));
#3527=ORIENTED_EDGE('',*,*,#3492,.F.);
#3528=ORIENTED_EDGE('',*,*,#3529,.T.);
#3529=EDGE_CURVE('',#3488,#3182,#3530,.T.);
#3530=LINE('',#3489,#345);
#3531=ORIENTED_EDGE('',*,*,#3187,.F.);
#3532=PLANE('',#3533);
#3533=AXIS2_PLACEMENT_3D('',#3534,#199,#55);
#3534=CARTESIAN_POINT('',(1.5,2.996446514039,7.353553010614));
#3535=ADVANCED_FACE('',(#3536),#3543,.T.);
#3536=FACE_BOUND('',#3537,.T.);
#3537=EDGE_LOOP('',(#3538,#3539,#3540));
#3538=ORIENTED_EDGE('',*,*,#3514,.F.);
#3539=ORIENTED_EDGE('',*,*,#3181,.F.);
#3540=ORIENTED_EDGE('',*,*,#3541,.T.);
#3541=EDGE_CURVE('',#3182,#3324,#3542,.T.);
#3542=LINE('',#3183,#3040);
#3543=PLANE('',#3544);
#3544=AXIS2_PLACEMENT_3D('',#3545,#190,#13);
#3545=CARTESIAN_POINT('',(0.209430584958,2.349999904633,7.709430204978));
#3546=ADVANCED_FACE('',(#3547),#3562,.T.);
#3547=FACE_BOUND('',#3548,.T.);
#3548=EDGE_LOOP('',(#3549,#3556,#3557));
#3549=ORIENTED_EDGE('',*,*,#3550,.T.);
#3550=EDGE_CURVE('',#3551,#3199,#3553,.T.);
#3551=VERTEX_POINT('',#3552);
#3552=CARTESIAN_POINT('',(-0.899999976158,5.5,9.6858000731E-08));
#3553=LINE('',#3552,#3554);
#3554=VECTOR('',#3555,1.);
#3555=DIRECTION('',(-5.288778430721E-02,-0.998600461782,0.));
#3556=ORIENTED_EDGE('',*,*,#3206,.F.);
#3557=ORIENTED_EDGE('',*,*,#3558,.T.);
#3558=EDGE_CURVE('',#2015,#3551,#3559,.T.);
#3559=LINE('',#2016,#3560);
#3560=VECTOR('',#3561,1.);
#3561=DIRECTION('',(0.61782153419,-0.786318352762,0.));
#3562=PLANE('',#3563);
#3563=AXIS2_PLACEMENT_3D('',#3564,#55,#199);
#3564=CARTESIAN_POINT('',(-1.347809425179,4.084644108647,9.6858000731E-08));
#3565=ADVANCED_FACE('',(#3566),#3579,.T.);
#3566=FACE_BOUND('',#3567,.T.);
#3567=EDGE_LOOP('',(#3568,#3573,#3574));
#3568=ORIENTED_EDGE('',*,*,#3569,.T.);
#3569=EDGE_CURVE('',#3570,#2942,#3572,.T.);
#3570=VERTEX_POINT('',#3571);
#3571=CARTESIAN_POINT('',(-1.385640621185,0.800000011921,-2.64999999851));
#3572=LINE('',#3571,#82);
#3573=ORIENTED_EDGE('',*,*,#3198,.F.);
#3574=ORIENTED_EDGE('',*,*,#3575,.T.);
#3575=EDGE_CURVE('',#3199,#3570,#3576,.T.);
#3576=LINE('',#3200,#3577);
#3577=VECTOR('',#3578,1.);
#3578=DIRECTION('',(-9.478073908268E-02,-0.123520716451,-0.987805266288));
#3579=PLANE('',#3580);
#3580=AXIS2_PLACEMENT_3D('',#3581,#3582,#3203);
#3581=CARTESIAN_POINT('',(-1.31709428578,0.889331373348,-1.228757749834));
#3582=DIRECTION('',(-0.793353465068,0.608761266396,0.));
#3583=ADVANCED_FACE('',(#3584),#3591,.T.);
#3584=FACE_BOUND('',#3585,.T.);
#3585=EDGE_LOOP('',(#3586,#3587,#3590));
#3586=ORIENTED_EDGE('',*,*,#3569,.F.);
#3587=ORIENTED_EDGE('',*,*,#3588,.T.);
#3588=EDGE_CURVE('',#3570,#3218,#3589,.T.);
#3589=LINE('',#3571,#2945);
#3590=ORIENTED_EDGE('',*,*,#3223,.F.);
#3591=PLANE('',#3592);
#3592=AXIS2_PLACEMENT_3D('',#3593,#3230,#2946);
#3593=CARTESIAN_POINT('',(-1.428730669538,0.695971449727,-1.421242157616));
#3594=ADVANCED_FACE('',(#3595),#3610,.T.);
#3595=FACE_BOUND('',#3596,.T.);
#3596=EDGE_LOOP('',(#3597,#3604,#3605));
#3597=ORIENTED_EDGE('',*,*,#3598,.T.);
#3598=EDGE_CURVE('',#3599,#2961,#3601,.T.);
#3599=VERTEX_POINT('',#3600);
#3600=CARTESIAN_POINT('',(-1.424999952316,0.,-3.));
#3601=LINE('',#3600,#3602);
#3602=VECTOR('',#3603,1.);
#3603=DIRECTION('',(-0.447213740204,0.,0.894427118648));
#3604=ORIENTED_EDGE('',*,*,#3236,.F.);
#3605=ORIENTED_EDGE('',*,*,#3606,.T.);
#3606=EDGE_CURVE('',#3218,#3599,#3607,.T.);
#3607=LINE('',#3219,#3608);
#3608=VECTOR('',#3609,1.);
#3609=DIRECTION('',(0.216915222215,-0.745566437091,-0.630141630314));
#3610=PLANE('',#3611);
#3611=AXIS2_PLACEMENT_3D('',#3612,#3613,#3614);
#3612=CARTESIAN_POINT('',(-1.519844378654,0.147672643961,-2.771428280383));
#3613=DIRECTION('',(-0.888289845601,0.116945620617,-0.444145102439));
#3614=DIRECTION('',(0.447213740204,7.464168172433E-14,-0.894427118648));
#3615=ADVANCED_FACE('',(#3616),#3631,.T.);
#3616=FACE_BOUND('',#3617,.T.);
#3617=EDGE_LOOP('',(#3618,#3625,#3626));
#3618=ORIENTED_EDGE('',*,*,#3619,.T.);
#3619=EDGE_CURVE('',#3620,#2979,#3622,.T.);
#3620=VERTEX_POINT('',#3621);
#3621=CARTESIAN_POINT('',(-1.376444339752,-0.368817150593,-3.));
#3622=LINE('',#3621,#3623);
#3623=VECTOR('',#3624,1.);
#3624=DIRECTION('',(-0.431975087434,-0.115747395438,0.894427226937));
#3625=ORIENTED_EDGE('',*,*,#3247,.F.);
#3626=ORIENTED_EDGE('',*,*,#3627,.T.);
#3627=EDGE_CURVE('',#2961,#3620,#3628,.T.);
#3628=LINE('',#2962,#3629);
#3629=VECTOR('',#3630,1.);
#3630=DIRECTION('',(0.402490704731,-0.664020132001,-0.630141648284));
#3631=PLANE('',#3632);
#3632=AXIS2_PLACEMENT_3D('',#3633,#3634,#3635);
#3633=CARTESIAN_POINT('',(-1.506277461369,-0.250723858352,-2.771428277901));
#3634=DIRECTION('',(-0.888289950413,-0.116945634416,-0.444144889181));
#3635=DIRECTION('',(0.447213526204,2.93029489562E-14,-0.894427225648));
#3636=ADVANCED_FACE('',(#3637),#3652,.T.);
#3637=FACE_BOUND('',#3638,.T.);
#3638=EDGE_LOOP('',(#3639,#3646,#3647));
#3639=ORIENTED_EDGE('',*,*,#3640,.T.);
#3640=EDGE_CURVE('',#3641,#3259,#3643,.T.);
#3641=VERTEX_POINT('',#3642);
#3642=CARTESIAN_POINT('',(-1.234086155891,-0.712499976158,-3.));
#3643=LINE('',#3642,#3644);
#3644=VECTOR('',#3645,1.);
#3645=DIRECTION('',(-0.38729836803,-0.223606879466,0.894427156104));
#3646=ORIENTED_EDGE('',*,*,#3258,.F.);
#3647=ORIENTED_EDGE('',*,*,#3648,.T.);
#3648=EDGE_CURVE('',#2979,#3641,#3649,.T.);
#3649=LINE('',#2980,#3650);
#3650=VECTOR('',#3651,1.);
#3651=DIRECTION('',(0.560637318963,-0.537221842807,-0.630141641377));
#3652=PLANE('',#3653);
#3653=AXIS2_PLACEMENT_3D('',#3654,#3655,#3656);
#3654=CARTESIAN_POINT('',(-1.390060148457,-0.6320339332,-2.771428279342));
#3655=DIRECTION('',(-0.827754380647,-0.342867146616,-0.444145027093));
#3656=DIRECTION('',(0.472804595684,-8.365530490551E-14,-0.881167302106));
#3657=ADVANCED_FACE('',(#3658),#3671,.T.);
#3658=FACE_BOUND('',#3659,.T.);
#3659=EDGE_LOOP('',(#3660,#3661,#3666));
#3660=ORIENTED_EDGE('',*,*,#3275,.F.);
#3661=ORIENTED_EDGE('',*,*,#3662,.T.);
#3662=EDGE_CURVE('',#3259,#3663,#3665,.T.);
#3663=VERTEX_POINT('',#3664);
#3664=CARTESIAN_POINT('',(-1.131370902061,-1.131370902061,-2.64999999851));
#3665=LINE('',#3260,#3291);
#3666=ORIENTED_EDGE('',*,*,#3667,.T.);
#3667=EDGE_CURVE('',#3663,#2998,#3668,.T.);
#3668=LINE('',#3664,#3669);
#3669=VECTOR('',#3670,1.);
#3670=DIRECTION('',(-9.478073908268E-02,0.123520716451,0.987805266288));
#3671=PLANE('',#3672);
#3672=AXIS2_PLACEMENT_3D('',#3673,#3674,#3292);
#3673=CARTESIAN_POINT('',(-1.31709428578,-0.889331373348,-1.421242151818));
#3674=DIRECTION('',(-0.793353465068,-0.608761266396,0.));
#3675=ADVANCED_FACE('',(#3676),#3683,.T.);
#3676=FACE_BOUND('',#3677,.T.);
#3677=EDGE_LOOP('',(#3678,#3681,#3682));
#3678=ORIENTED_EDGE('',*,*,#3679,.T.);
#3679=EDGE_CURVE('',#3663,#3288,#3680,.T.);
#3680=LINE('',#3664,#82);
#3681=ORIENTED_EDGE('',*,*,#3287,.F.);
#3682=ORIENTED_EDGE('',*,*,#3667,.F.);
#3683=PLANE('',#3684);
#3684=AXIS2_PLACEMENT_3D('',#3685,#3674,#3292);
#3685=CARTESIAN_POINT('',(-1.199917237467,-1.042039540634,-1.228757749834));
#3686=ADVANCED_FACE('',(#3687),#3702,.T.);
#3687=FACE_BOUND('',#3688,.T.);
#3688=EDGE_LOOP('',(#3689,#3690,#3697));
#3689=ORIENTED_EDGE('',*,*,#3294,.F.);
#3690=ORIENTED_EDGE('',*,*,#3691,.T.);
#3691=EDGE_CURVE('',#3288,#3692,#3694,.T.);
#3692=VERTEX_POINT('',#3693);
#3693=CARTESIAN_POINT('',(-0.899999976158,-5.5,9.6858000731E-08));
#3694=LINE('',#3289,#3695);
#3695=VECTOR('',#3696,1.);
#3696=DIRECTION('',(5.288778430721E-02,-0.998600461782,0.));
#3697=ORIENTED_EDGE('',*,*,#3698,.T.);
#3698=EDGE_CURVE('',#3692,#2291,#3699,.T.);
#3699=LINE('',#3693,#3700);
#3700=VECTOR('',#3701,1.);
#3701=DIRECTION('',(-0.61782153419,-0.786318352762,0.));
#3702=PLANE('',#3703);
#3703=AXIS2_PLACEMENT_3D('',#3704,#55,#199);
#3704=CARTESIAN_POINT('',(-1.347809425179,-4.084644108647,9.6858000731E-08));
#3705=ADVANCED_FACE('',(#3706),#3713,.T.);
#3706=FACE_BOUND('',#3707,.T.);
#3707=EDGE_LOOP('',(#3708,#3709,#3712));
#3708=ORIENTED_EDGE('',*,*,#3354,.F.);
#3709=ORIENTED_EDGE('',*,*,#3710,.T.);
#3710=EDGE_CURVE('',#3350,#3306,#3711,.T.);
#3711=LINE('',#3351,#189);
#3712=ORIENTED_EDGE('',*,*,#3311,.F.);
#3713=PLANE('',#3714);
#3714=AXIS2_PLACEMENT_3D('',#3715,#14,#13);
#3715=CARTESIAN_POINT('',(-1.5,-2.996446514039,7.353553010614));
#3716=ADVANCED_FACE('',(#3717),#3726,.T.);
#3717=FACE_BOUND('',#3718,.T.);
#3718=EDGE_LOOP('',(#3719,#3722,#3723));
#3719=ORIENTED_EDGE('',*,*,#3720,.T.);
#3720=EDGE_CURVE('',#2731,#3017,#3721,.T.);
#3721=LINE('',#2732,#228);
#3722=ORIENTED_EDGE('',*,*,#3305,.F.);
#3723=ORIENTED_EDGE('',*,*,#3724,.T.);
#3724=EDGE_CURVE('',#3306,#2731,#3725,.T.);
#3725=LINE('',#3307,#3145);
#3726=PLANE('',#3727);
#3727=AXIS2_PLACEMENT_3D('',#3728,#64,#55);
#3728=CARTESIAN_POINT('',(-0.209430584958,-2.349999904633,7.709430204978));
#3729=ADVANCED_FACE('',(#3730),#3735,.T.);
#3730=FACE_BOUND('',#3731,.T.);
#3731=EDGE_LOOP('',(#3732,#3733,#3734));
#3732=ORIENTED_EDGE('',*,*,#3323,.F.);
#3733=ORIENTED_EDGE('',*,*,#3720,.F.);
#3734=ORIENTED_EDGE('',*,*,#3517,.F.);
#3735=PLANE('',#3736);
#3736=AXIS2_PLACEMENT_3D('',#3737,#13,#14);
#3737=CARTESIAN_POINT('',(-0.531039806565,-0.531039806565,7.999999620021));
#3738=ADVANCED_FACE('',(#3739),#3750,.T.);
#3739=FACE_BOUND('',#3740,.T.);
#3740=EDGE_LOOP('',(#3741,#3746,#3749));
#3741=ORIENTED_EDGE('',*,*,#3742,.T.);
#3742=EDGE_CURVE('',#2731,#3743,#3745,.T.);
#3743=VERTEX_POINT('',#3744);
#3744=CARTESIAN_POINT('',(1.5,-2.349999904633,6.999999620021));
#3745=LINE('',#2732,#54);
#3746=ORIENTED_EDGE('',*,*,#3747,.T.);
#3747=EDGE_CURVE('',#3743,#3034,#3748,.T.);
#3748=LINE('',#3744,#345);
#3749=ORIENTED_EDGE('',*,*,#3340,.F.);
#3750=PLANE('',#3751);
#3751=AXIS2_PLACEMENT_3D('',#3752,#199,#55);
#3752=CARTESIAN_POINT('',(1.5,-2.703553295226,7.353553010614));
#3753=ADVANCED_FACE('',(#3754),#3763,.T.);
#3754=FACE_BOUND('',#3755,.T.);
#3755=EDGE_LOOP('',(#3756,#3757,#3758));
#3756=ORIENTED_EDGE('',*,*,#3710,.F.);
#3757=ORIENTED_EDGE('',*,*,#3349,.F.);
#3758=ORIENTED_EDGE('',*,*,#3759,.T.);
#3759=EDGE_CURVE('',#3034,#3306,#3760,.T.);
#3760=LINE('',#3035,#3761);
#3761=VECTOR('',#3762,1.);
#3762=DIRECTION('',(-0.948683298051,0.316227766017,0.));
#3763=PLANE('',#3764);
#3764=AXIS2_PLACEMENT_3D('',#3765,#13,#14);
#3765=CARTESIAN_POINT('',(-0.209430584958,-3.05943048959,6.999999620021));
#3766=ADVANCED_FACE('',(#3767),#3782,.T.);
#3767=FACE_BOUND('',#3768,.T.);
#3768=EDGE_LOOP('',(#3769,#3776,#3781));
#3769=ORIENTED_EDGE('',*,*,#3770,.T.);
#3770=EDGE_CURVE('',#3365,#3771,#3773,.T.);
#3771=VERTEX_POINT('',#3772);
#3772=CARTESIAN_POINT('',(6.199999809265,0.519615232944,9.6858000731E-08));
#3773=LINE('',#3366,#3774);
#3774=VECTOR('',#3775,1.);
#3775=DIRECTION('',(-0.793353789311,0.608760843834,0.));
#3776=ORIENTED_EDGE('',*,*,#3777,.T.);
#3777=EDGE_CURVE('',#3771,#2622,#3778,.T.);
#3778=LINE('',#3772,#3779);
#3779=VECTOR('',#3780,1.);
#3780=DIRECTION('',(-0.184835735306,0.982769429192,0.));
#3781=ORIENTED_EDGE('',*,*,#3371,.F.);
#3782=PLANE('',#3783);
#3783=AXIS2_PLACEMENT_3D('',#3784,#55,#199);
#3784=CARTESIAN_POINT('',(5.638796413451,3.647789504197,9.6858000731E-08));
#3785=ADVANCED_FACE('',(#3786),#3801,.T.);
#3786=FACE_BOUND('',#3787,.T.);
#3787=EDGE_LOOP('',(#3788,#3795,#3796));
#3788=ORIENTED_EDGE('',*,*,#3789,.T.);
#3789=EDGE_CURVE('',#3790,#2015,#3792,.T.);
#3790=VERTEX_POINT('',#3791);
#3791=CARTESIAN_POINT('',(0.232937142253,6.369333267212,9.6858000731E-08));
#3792=LINE('',#3791,#3793);
#3793=VECTOR('',#3794,1.);
#3794=DIRECTION('',(-0.972902818755,0.231214414039,0.));
#3795=ORIENTED_EDGE('',*,*,#3383,.F.);
#3796=ORIENTED_EDGE('',*,*,#3797,.T.);
#3797=EDGE_CURVE('',#3070,#3790,#3798,.T.);
#3798=LINE('',#3071,#3799);
#3799=VECTOR('',#3800,1.);
#3800=DIRECTION('',(-0.957744503598,-0.287620350164,0.));
#3801=PLANE('',#3802);
#3802=AXIS2_PLACEMENT_3D('',#3803,#55,#199);
#3803=CARTESIAN_POINT('',(3.942735859407E-03,6.765049185009,9.6858000731E-08));
#3804=ADVANCED_FACE('',(#3805),#3820,.T.);
#3805=FACE_BOUND('',#3806,.T.);
#3806=EDGE_LOOP('',(#3807,#3814,#3819));
#3807=ORIENTED_EDGE('',*,*,#3808,.T.);
#3808=EDGE_CURVE('',#2841,#3809,#3811,.T.);
#3809=VERTEX_POINT('',#3810);
#3810=CARTESIAN_POINT('',(0.449999988079,-6.27942276001,9.6858000731E-08));
#3811=LINE('',#2842,#3812);
#3812=VECTOR('',#3813,1.);
#3813=DIRECTION('',(0.587037189627,0.809559965657,0.));
#3814=ORIENTED_EDGE('',*,*,#3815,.T.);
#3815=EDGE_CURVE('',#3809,#3397,#3816,.T.);
#3816=LINE('',#3810,#3817);
#3817=VECTOR('',#3818,1.);
#3818=DIRECTION('',(0.793353229458,0.608761573449,0.));
#3819=ORIENTED_EDGE('',*,*,#3396,.F.);
#3820=PLANE('',#3821);
#3821=AXIS2_PLACEMENT_3D('',#3822,#55,#199);
#3822=CARTESIAN_POINT('',(0.308887822571,-6.509136770611,9.6858000731E-08));
#3823=ADVANCED_FACE('',(#3824),#3839,.T.);
#3824=FACE_BOUND('',#3825,.T.);
#3825=EDGE_LOOP('',(#3826,#3827,#3834));
#3826=ORIENTED_EDGE('',*,*,#3403,.F.);
#3827=ORIENTED_EDGE('',*,*,#3828,.T.);
#3828=EDGE_CURVE('',#3397,#3829,#3831,.T.);
#3829=VERTEX_POINT('',#3830);
#3830=CARTESIAN_POINT('',(0.779422879219,-5.949999809265,9.6858000731E-08));
#3831=LINE('',#3398,#3832);
#3832=VECTOR('',#3833,1.);
#3833=DIRECTION('',(0.608761413772,0.793353351983,0.));
#3834=ORIENTED_EDGE('',*,*,#3835,.T.);
#3835=EDGE_CURVE('',#3829,#2846,#3836,.T.);
#3836=LINE('',#3830,#3837);
#3837=VECTOR('',#3838,1.);
#3838=DIRECTION('',(0.789144589559,-0.614207470461,0.));
#3839=PLANE('',#3840);
#3840=AXIS2_PLACEMENT_3D('',#3841,#55,#199);
#3841=CARTESIAN_POINT('',(1.308398359316,-6.441729308856,9.6858000731E-08));
#3842=ADVANCED_FACE('',(#3843),#3858,.T.);
#3843=FACE_BOUND('',#3844,.T.);
#3844=EDGE_LOOP('',(#3845,#3852,#3857));
#3845=ORIENTED_EDGE('',*,*,#3846,.T.);
#3846=EDGE_CURVE('',#2291,#3847,#3849,.T.);
#3847=VERTEX_POINT('',#3848);
#3848=CARTESIAN_POINT('',(-0.232937142253,-6.369333267212,9.6858000731E-08));
#3849=LINE('',#2292,#3850);
#3850=VECTOR('',#3851,1.);
#3851=DIRECTION('',(0.957744503598,0.287620350164,0.));
#3852=ORIENTED_EDGE('',*,*,#3853,.T.);
#3853=EDGE_CURVE('',#3847,#3416,#3854,.T.);
#3854=LINE('',#3848,#3855);
#3855=VECTOR('',#3856,1.);
#3856=DIRECTION('',(0.991444821938,-0.130526491765,0.));
#3857=ORIENTED_EDGE('',*,*,#3415,.F.);
#3858=PLANE('',#3859);
#3859=AXIS2_PLACEMENT_3D('',#3860,#55,#199);
#3860=CARTESIAN_POINT('',(-1.00176366548,-6.628116885153,9.6858000731E-08));
#3861=ADVANCED_FACE('',(#3862),#3877,.T.);
#3862=FACE_BOUND('',#3863,.T.);
#3863=EDGE_LOOP('',(#3864,#3865,#3872));
#3864=ORIENTED_EDGE('',*,*,#3422,.F.);
#3865=ORIENTED_EDGE('',*,*,#3866,.T.);
#3866=EDGE_CURVE('',#3416,#3867,#3869,.T.);
#3867=VERTEX_POINT('',#3868);
#3868=CARTESIAN_POINT('',(0.232937142253,-6.369333267212,9.6858000731E-08));
#3869=LINE('',#3417,#3870);
#3870=VECTOR('',#3871,1.);
#3871=DIRECTION('',(0.991444821938,0.130526491765,0.));
#3872=ORIENTED_EDGE('',*,*,#3873,.T.);
#3873=EDGE_CURVE('',#3867,#2841,#3874,.T.);
#3874=LINE('',#3868,#3875);
#3875=VECTOR('',#3876,1.);
#3876=DIRECTION('',(-0.401934308917,-0.915668505146,0.));
#3877=PLANE('',#3878);
#3878=AXIS2_PLACEMENT_3D('',#3879,#55,#199);
#3879=CARTESIAN_POINT('',(7.216667695583E-02,-6.595814974676,9.6858000731E-08));
#3880=ADVANCED_FACE('',(#3881),#3888,.T.);
#3881=FACE_BOUND('',#3882,.T.);
#3882=EDGE_LOOP('',(#3883,#3886,#3887));
#3883=ORIENTED_EDGE('',*,*,#3884,.T.);
#3884=EDGE_CURVE('',#3119,#3771,#3885,.T.);
#3885=LINE('',#3120,#189);
#3886=ORIENTED_EDGE('',*,*,#3770,.F.);
#3887=ORIENTED_EDGE('',*,*,#3443,.F.);
#3888=PLANE('',#3889);
#3889=AXIS2_PLACEMENT_3D('',#3890,#55,#199);
#3890=CARTESIAN_POINT('',(6.232070003094,1.328391972011E-02,9.6858000731E-08));
#3891=ADVANCED_FACE('',(#3892),#3901,.T.);
#3892=FACE_BOUND('',#3893,.T.);
#3893=EDGE_LOOP('',(#3894,#3895,#3900));
#3894=ORIENTED_EDGE('',*,*,#3462,.F.);
#3895=ORIENTED_EDGE('',*,*,#3896,.T.);
#3896=EDGE_CURVE('',#3456,#3771,#3897,.T.);
#3897=LINE('',#3457,#3898);
#3898=VECTOR('',#3899,1.);
#3899=DIRECTION('',(0.130525822327,0.991444910071,0.));
#3900=ORIENTED_EDGE('',*,*,#3884,.F.);
#3901=PLANE('',#3902);
#3902=AXIS2_PLACEMENT_3D('',#3903,#55,#199);
#3903=CARTESIAN_POINT('',(6.160274071466,-5.17716718855E-02,9.6858000731E-08));
#3904=ADVANCED_FACE('',(#3905),#3920,.T.);
#3905=FACE_BOUND('',#3906,.T.);
#3906=EDGE_LOOP('',(#3907,#3914,#3919));
#3907=ORIENTED_EDGE('',*,*,#3908,.T.);
#3908=EDGE_CURVE('',#2177,#3909,#3911,.T.);
#3909=VERTEX_POINT('',#3910);
#3910=CARTESIAN_POINT('',(5.900000095367,-0.600000023842,9.6858000731E-08));
#3911=LINE('',#2178,#3912);
#3912=VECTOR('',#3913,1.);
#3913=DIRECTION('',(0.14142136935,0.989949491788,0.));
#3914=ORIENTED_EDGE('',*,*,#3915,.T.);
#3915=EDGE_CURVE('',#3909,#3456,#3916,.T.);
#3916=LINE('',#3910,#3917);
#3917=VECTOR('',#3918,1.);
#3918=DIRECTION('',(0.991444868815,0.130526135695,0.));
#3919=ORIENTED_EDGE('',*,*,#3455,.F.);
#3920=PLANE('',#3921);
#3921=AXIS2_PLACEMENT_3D('',#3922,#55,#199);
#3922=CARTESIAN_POINT('',(5.494877173784,-3.706646783664,9.6858000731E-08));
#3923=ADVANCED_FACE('',(#3924),#3936,.T.);
#3924=FACE_BOUND('',#3925,.T.);
#3925=EDGE_LOOP('',(#3926,#3931,#3935));
#3926=ORIENTED_EDGE('',*,*,#3927,.T.);
#3927=EDGE_CURVE('',#3155,#3928,#3930,.T.);
#3928=VERTEX_POINT('',#3929);
#3929=CARTESIAN_POINT('',(-1.5,2.849999904633,6.999999620021));
#3930=LINE('',#3156,#54);
#3931=ORIENTED_EDGE('',*,*,#3932,.T.);
#3932=EDGE_CURVE('',#3928,#3139,#3933,.T.);
#3933=LINE('',#3934,#189);
#3934=CARTESIAN_POINT('',(-1.5,2.349999904633,6.999999620021));
#3935=ORIENTED_EDGE('',*,*,#3476,.F.);
#3936=PLANE('',#3937);
#3937=AXIS2_PLACEMENT_3D('',#3938,#14,#13);
#3938=CARTESIAN_POINT('',(-1.5,3.00450840182,7.404508117208));
#3939=ADVANCED_FACE('',(#3940),#3949,.T.);
#3940=FACE_BOUND('',#3941,.T.);
#3941=EDGE_LOOP('',(#3942,#3943,#3944));
#3942=ORIENTED_EDGE('',*,*,#3529,.F.);
#3943=ORIENTED_EDGE('',*,*,#3487,.F.);
#3944=ORIENTED_EDGE('',*,*,#3945,.T.);
#3945=EDGE_CURVE('',#3139,#3182,#3946,.T.);
#3946=LINE('',#3140,#3947);
#3947=VECTOR('',#3948,1.);
#3948=DIRECTION('',(0.948683298051,-0.316227766017,0.));
#3949=PLANE('',#3950);
#3950=AXIS2_PLACEMENT_3D('',#3951,#13,#14);
#3951=CARTESIAN_POINT('',(0.209430584958,3.05943048959,6.999999620021));
#3952=ADVANCED_FACE('',(#3953),#3960,.T.);
#3953=FACE_BOUND('',#3954,.T.);
#3954=EDGE_LOOP('',(#3955,#3956,#3957));
#3955=ORIENTED_EDGE('',*,*,#3927,.F.);
#3956=ORIENTED_EDGE('',*,*,#3503,.F.);
#3957=ORIENTED_EDGE('',*,*,#3958,.T.);
#3958=EDGE_CURVE('',#3324,#3928,#3959,.T.);
#3959=LINE('',#3325,#3478);
#3960=PLANE('',#3961);
#3961=AXIS2_PLACEMENT_3D('',#3962,#14,#13);
#3962=CARTESIAN_POINT('',(-1.5,2.695491407445,7.595491122833));
#3963=ADVANCED_FACE('',(#3964),#3974,.T.);
#3964=FACE_BOUND('',#3965,.T.);
#3965=EDGE_LOOP('',(#3966,#3970,#3973));
#3966=ORIENTED_EDGE('',*,*,#3967,.T.);
#3967=EDGE_CURVE('',#3182,#3968,#3969,.T.);
#3968=VERTEX_POINT('',#3934);
#3969=LINE('',#3183,#228);
#3970=ORIENTED_EDGE('',*,*,#3971,.T.);
#3971=EDGE_CURVE('',#3968,#3324,#3972,.T.);
#3972=LINE('',#3934,#82);
#3973=ORIENTED_EDGE('',*,*,#3541,.F.);
#3974=PLANE('',#3975);
#3975=AXIS2_PLACEMENT_3D('',#3976,#190,#13);
#3976=CARTESIAN_POINT('',(-0.209430584958,2.349999904633,7.290569035063));
#3977=ADVANCED_FACE('',(#3978),#3993,.T.);
#3978=FACE_BOUND('',#3979,.T.);
#3979=EDGE_LOOP('',(#3980,#3987,#3988));
#3980=ORIENTED_EDGE('',*,*,#3981,.T.);
#3981=EDGE_CURVE('',#3982,#3551,#3984,.T.);
#3982=VERTEX_POINT('',#3983);
#3983=CARTESIAN_POINT('',(-0.869333267212,5.732937335968,9.6858000731E-08));
#3984=LINE('',#3983,#3985);
#3985=VECTOR('',#3986,1.);
#3986=DIRECTION('',(-0.130525886323,-0.991444901646,0.));
#3987=ORIENTED_EDGE('',*,*,#3558,.F.);
#3988=ORIENTED_EDGE('',*,*,#3989,.T.);
#3989=EDGE_CURVE('',#2015,#3982,#3990,.T.);
#3990=LINE('',#2016,#3991);
#3991=VECTOR('',#3992,1.);
#3992=DIRECTION('',(0.695818925486,-0.718217253299,0.));
#3993=PLANE('',#3994);
#3994=AXIS2_PLACEMENT_3D('',#3995,#55,#199);
#3995=CARTESIAN_POINT('',(-1.40666904188,6.214327253907,9.6858000731E-08));
#3996=ADVANCED_FACE('',(#3997),#4012,.T.);
#3997=FACE_BOUND('',#3998,.T.);
#3998=EDGE_LOOP('',(#3999,#4000,#4007));
#3999=ORIENTED_EDGE('',*,*,#3550,.F.);
#4000=ORIENTED_EDGE('',*,*,#4001,.T.);
#4001=EDGE_CURVE('',#3551,#4002,#4004,.T.);
#4002=VERTEX_POINT('',#4003);
#4003=CARTESIAN_POINT('',(-0.869333267212,5.267062664032,9.6858000731E-08));
#4004=LINE('',#3552,#4005);
#4005=VECTOR('',#4006,1.);
#4006=DIRECTION('',(0.130525886323,-0.991444901646,0.));
#4007=ORIENTED_EDGE('',*,*,#4008,.T.);
#4008=EDGE_CURVE('',#4002,#3199,#4009,.T.);
#4009=LINE('',#4003,#4010);
#4010=VECTOR('',#4011,1.);
#4011=DIRECTION('',(-6.323325183822E-02,-0.997998775481,0.));
#4012=PLANE('',#4013);
#4013=AXIS2_PLACEMENT_3D('',#4014,#55,#199);
#4014=CARTESIAN_POINT('',(-1.004910123122,3.316049924481,9.6858000731E-08));
#4015=ADVANCED_FACE('',(#4016),#4027,.T.);
#4016=FACE_BOUND('',#4017,.T.);
#4017=EDGE_LOOP('',(#4018,#4023,#4026));
#4018=ORIENTED_EDGE('',*,*,#4019,.T.);
#4019=EDGE_CURVE('',#3199,#4020,#4022,.T.);
#4020=VERTEX_POINT('',#4021);
#4021=CARTESIAN_POINT('',(-1.131370902061,1.131370902061,-2.64999999851));
#4022=LINE('',#3200,#54);
#4023=ORIENTED_EDGE('',*,*,#4024,.T.);
#4024=EDGE_CURVE('',#4020,#3570,#4025,.T.);
#4025=LINE('',#4021,#3202);
#4026=ORIENTED_EDGE('',*,*,#3575,.F.);
#4027=PLANE('',#4028);
#4028=AXIS2_PLACEMENT_3D('',#4029,#3582,#3203);
#4029=CARTESIAN_POINT('',(-1.199917237467,1.042039540634,-1.421242151818));
#4030=ADVANCED_FACE('',(#4031),#4046,.T.);
#4031=FACE_BOUND('',#4032,.T.);
#4032=EDGE_LOOP('',(#4033,#4034,#4041));
#4033=ORIENTED_EDGE('',*,*,#3588,.F.);
#4034=ORIENTED_EDGE('',*,*,#4035,.T.);
#4035=EDGE_CURVE('',#3570,#4036,#4038,.T.);
#4036=VERTEX_POINT('',#4037);
#4037=CARTESIAN_POINT('',(-1.234086155891,0.712499976158,-3.));
#4038=LINE('',#3571,#4039);
#4039=VECTOR('',#4040,1.);
#4040=DIRECTION('',(0.38729836803,-0.223606879466,-0.894427156104));
#4041=ORIENTED_EDGE('',*,*,#4042,.T.);
#4042=EDGE_CURVE('',#4036,#3218,#4043,.T.);
#4043=LINE('',#4037,#4044);
#4044=VECTOR('',#4045,1.);
#4045=DIRECTION('',(-0.560637318963,-0.537221842807,0.630141641377));
#4046=PLANE('',#4047);
#4047=AXIS2_PLACEMENT_3D('',#4048,#4049,#4050);
#4048=CARTESIAN_POINT('',(-1.390060148457,0.6320339332,-2.771428279342));
#4049=DIRECTION('',(-0.827754380647,0.342867146616,-0.444145027093));
#4050=DIRECTION('',(0.472804595684,8.365530490551E-14,-0.881167302106));
#4051=ADVANCED_FACE('',(#4052),#4067,.T.);
#4052=FACE_BOUND('',#4053,.T.);
#4053=EDGE_LOOP('',(#4054,#4061,#4066));
#4054=ORIENTED_EDGE('',*,*,#4055,.T.);
#4055=EDGE_CURVE('',#3218,#4056,#4058,.T.);
#4056=VERTEX_POINT('',#4057);
#4057=CARTESIAN_POINT('',(-1.376444339752,0.368817150593,-3.));
#4058=LINE('',#3219,#4059);
#4059=VECTOR('',#4060,1.);
#4060=DIRECTION('',(0.431975087434,-0.115747395438,-0.894427226937));
#4061=ORIENTED_EDGE('',*,*,#4062,.T.);
#4062=EDGE_CURVE('',#4056,#3599,#4063,.T.);
#4063=LINE('',#4057,#4064);
#4064=VECTOR('',#4065,1.);
#4065=DIRECTION('',(-0.130525963748,-0.991444891453,0.));
#4066=ORIENTED_EDGE('',*,*,#3606,.F.);
#4067=PLANE('',#4068);
#4068=AXIS2_PLACEMENT_3D('',#4069,#4070,#4071);
#4069=CARTESIAN_POINT('',(-1.454195114156,0.255386684269,-2.874365172834));
#4070=DIRECTION('',(-0.888289989475,0.116945387448,-0.444144876086));
#4071=DIRECTION('',(0.447213499923,5.579564588132E-14,-0.894427238788));
#4072=ADVANCED_FACE('',(#4073),#4082,.T.);
#4073=FACE_BOUND('',#4074,.T.);
#4074=EDGE_LOOP('',(#4075,#4076,#4081));
#4075=ORIENTED_EDGE('',*,*,#3598,.F.);
#4076=ORIENTED_EDGE('',*,*,#4077,.T.);
#4077=EDGE_CURVE('',#3599,#3620,#4078,.T.);
#4078=LINE('',#3600,#4079);
#4079=VECTOR('',#4080,1.);
#4080=DIRECTION('',(0.130525963748,-0.991444891453,0.));
#4081=ORIENTED_EDGE('',*,*,#3627,.F.);
#4082=PLANE('',#4083);
#4083=AXIS2_PLACEMENT_3D('',#4084,#4085,#4086);
#4084=CARTESIAN_POINT('',(-1.470743567436,-0.129688803311,-2.874365171653));
#4085=DIRECTION('',(-0.888289871791,-0.116945371954,-0.444145115534));
#4086=DIRECTION('',(0.447213740204,-7.574496585505E-14,-0.894427118648));
#4087=ADVANCED_FACE('',(#4088),#4097,.T.);
#4088=FACE_BOUND('',#4089,.T.);
#4089=EDGE_LOOP('',(#4090,#4091,#4096));
#4090=ORIENTED_EDGE('',*,*,#3619,.F.);
#4091=ORIENTED_EDGE('',*,*,#4092,.T.);
#4092=EDGE_CURVE('',#3620,#3641,#4093,.T.);
#4093=LINE('',#3621,#4094);
#4094=VECTOR('',#4095,1.);
#4095=DIRECTION('',(0.382683653456,-0.923879440932,0.));
#4096=ORIENTED_EDGE('',*,*,#3648,.F.);
#4097=PLANE('',#4098);
#4098=AXIS2_PLACEMENT_3D('',#4099,#4100,#4101);
#4099=CARTESIAN_POINT('',(-1.387063250178,-0.505926207003,-2.874365173073));
#4100=DIRECTION('',(-0.827754385867,-0.342867325014,-0.444144879646));
#4101=DIRECTION('',(0.472804471495,-3.955169525227E-14,-0.881167368741));
#4102=ADVANCED_FACE('',(#4103),#4118,.T.);
#4103=FACE_BOUND('',#4104,.T.);
#4104=EDGE_LOOP('',(#4105,#4106,#4113));
#4105=ORIENTED_EDGE('',*,*,#3640,.F.);
#4106=ORIENTED_EDGE('',*,*,#4107,.T.);
#4107=EDGE_CURVE('',#3641,#4108,#4110,.T.);
#4108=VERTEX_POINT('',#4109);
#4109=CARTESIAN_POINT('',(-1.007627129555,-1.007627129555,-3.));
#4110=LINE('',#3642,#4111);
#4111=VECTOR('',#4112,1.);
#4112=DIRECTION('',(0.608761423341,-0.79335334464,0.));
#4113=ORIENTED_EDGE('',*,*,#4114,.T.);
#4114=EDGE_CURVE('',#4108,#3259,#4115,.T.);
#4115=LINE('',#4109,#4116);
#4116=VECTOR('',#4117,1.);
#4117=DIRECTION('',(-0.68057728378,0.373812847655,0.630141663224));
#4118=PLANE('',#4119);
#4119=AXIS2_PLACEMENT_3D('',#4120,#4121,#4122);
#4120=CARTESIAN_POINT('',(-1.208856851573,-0.847685560579,-2.874365171376));
#4121=DIRECTION('',(-0.710808818376,-0.545422781565,-0.444145036074));
#4122=DIRECTION('',(0.608761423341,-0.79335334464,-3.708977569516E-13));
#4123=ADVANCED_FACE('',(#4124),#4133,.T.);
#4124=FACE_BOUND('',#4125,.T.);
#4125=EDGE_LOOP('',(#4126,#4131,#4132));
#4126=ORIENTED_EDGE('',*,*,#4127,.T.);
#4127=EDGE_CURVE('',#4108,#3663,#4128,.T.);
#4128=LINE('',#4109,#4129);
#4129=VECTOR('',#4130,1.);
#4130=DIRECTION('',(-0.316227940348,-0.316227940348,0.894427067729));
#4131=ORIENTED_EDGE('',*,*,#3662,.F.);
#4132=ORIENTED_EDGE('',*,*,#4114,.F.);
#4133=PLANE('',#4134);
#4134=AXIS2_PLACEMENT_3D('',#4135,#4136,#4137);
#4135=CARTESIAN_POINT('',(-1.179112589358,-0.970271958301,-2.771428282548));
#4136=DIRECTION('',(-0.710808863149,-0.545422592512,-0.444145196581));
#4137=DIRECTION('',(0.608761266396,-0.793353465068,-2.556843625712E-13));
#4138=ADVANCED_FACE('',(#4139),#4153,.T.);
#4139=FACE_BOUND('',#4140,.T.);
#4140=EDGE_LOOP('',(#4141,#4147,#4148));
#4141=ORIENTED_EDGE('',*,*,#4142,.T.);
#4142=EDGE_CURVE('',#4143,#3288,#4145,.T.);
#4143=VERTEX_POINT('',#4144);
#4144=CARTESIAN_POINT('',(-0.800000011921,-1.385640621185,9.6858000731E-08));
#4145=LINE('',#4144,#4146);
#4146=VECTOR('',#3582,1.);
#4147=ORIENTED_EDGE('',*,*,#3679,.F.);
#4148=ORIENTED_EDGE('',*,*,#4149,.T.);
#4149=EDGE_CURVE('',#3663,#4143,#4150,.T.);
#4150=LINE('',#3664,#4151);
#4151=VECTOR('',#4152,1.);
#4152=DIRECTION('',(0.123520716451,-9.478073908268E-02,0.987805266288));
#4153=PLANE('',#4154);
#4154=AXIS2_PLACEMENT_3D('',#4155,#3203,#3582);
#4155=CARTESIAN_POINT('',(-1.042039540634,-1.199917237467,-1.228757749834));
#4156=ADVANCED_FACE('',(#4157),#4170,.T.);
#4157=FACE_BOUND('',#4158,.T.);
#4158=EDGE_LOOP('',(#4159,#4164,#4165));
#4159=ORIENTED_EDGE('',*,*,#4160,.T.);
#4160=EDGE_CURVE('',#4161,#3692,#4163,.T.);
#4161=VERTEX_POINT('',#4162);
#4162=CARTESIAN_POINT('',(-0.869333267212,-5.267062664032,9.6858000731E-08));
#4163=LINE('',#4162,#3985);
#4164=ORIENTED_EDGE('',*,*,#3691,.F.);
#4165=ORIENTED_EDGE('',*,*,#4166,.T.);
#4166=EDGE_CURVE('',#3288,#4161,#4167,.T.);
#4167=LINE('',#3289,#4168);
#4168=VECTOR('',#4169,1.);
#4169=DIRECTION('',(6.323325183822E-02,-0.997998775481,0.));
#4170=PLANE('',#4171);
#4171=AXIS2_PLACEMENT_3D('',#4172,#55,#199);
#4172=CARTESIAN_POINT('',(-1.004910123122,-3.316049924481,9.6858000731E-08));
#4173=ADVANCED_FACE('',(#4174),#4187,.T.);
#4174=FACE_BOUND('',#4175,.T.);
#4175=EDGE_LOOP('',(#4176,#4177,#4182));
#4176=ORIENTED_EDGE('',*,*,#3698,.F.);
#4177=ORIENTED_EDGE('',*,*,#4178,.T.);
#4178=EDGE_CURVE('',#3692,#4179,#4181,.T.);
#4179=VERTEX_POINT('',#4180);
#4180=CARTESIAN_POINT('',(-0.869333267212,-5.732937335968,9.6858000731E-08));
#4181=LINE('',#3693,#4005);
#4182=ORIENTED_EDGE('',*,*,#4183,.T.);
#4183=EDGE_CURVE('',#4179,#2291,#4184,.T.);
#4184=LINE('',#4180,#4185);
#4185=VECTOR('',#4186,1.);
#4186=DIRECTION('',(-0.695818925486,-0.718217253299,0.));
#4187=PLANE('',#4188);
#4188=AXIS2_PLACEMENT_3D('',#4189,#55,#199);
#4189=CARTESIAN_POINT('',(-1.40666904188,-6.214327253907,9.6858000731E-08));
#4190=ADVANCED_FACE('',(#4191),#4198,.T.);
#4191=FACE_BOUND('',#4192,.T.);
#4192=EDGE_LOOP('',(#4193,#4196,#4197));
#4193=ORIENTED_EDGE('',*,*,#4194,.T.);
#4194=EDGE_CURVE('',#3306,#3743,#4195,.T.);
#4195=LINE('',#3307,#34);
#4196=ORIENTED_EDGE('',*,*,#3742,.F.);
#4197=ORIENTED_EDGE('',*,*,#3724,.F.);
#4198=PLANE('',#4199);
#4199=AXIS2_PLACEMENT_3D('',#4200,#64,#55);
#4200=CARTESIAN_POINT('',(0.209430584958,-2.349999904633,7.290569035063));
#4201=ADVANCED_FACE('',(#4202),#4207,.T.);
#4202=FACE_BOUND('',#4203,.T.);
#4203=EDGE_LOOP('',(#4204,#4205,#4206));
#4204=ORIENTED_EDGE('',*,*,#3747,.F.);
#4205=ORIENTED_EDGE('',*,*,#4194,.F.);
#4206=ORIENTED_EDGE('',*,*,#3759,.F.);
#4207=PLANE('',#4208);
#4208=AXIS2_PLACEMENT_3D('',#4209,#13,#14);
#4209=CARTESIAN_POINT('',(0.209430584958,-2.640569319675,6.999999620021));
#4210=ADVANCED_FACE('',(#4211),#4226,.T.);
#4211=FACE_BOUND('',#4212,.T.);
#4212=EDGE_LOOP('',(#4213,#4220,#4225));
#4213=ORIENTED_EDGE('',*,*,#4214,.T.);
#4214=EDGE_CURVE('',#3771,#4215,#4217,.T.);
#4215=VERTEX_POINT('',#4216);
#4216=CARTESIAN_POINT('',(6.055291652679,0.579555511475,9.6858000731E-08));
#4217=LINE('',#3772,#4218);
#4218=VECTOR('',#4219,1.);
#4219=DIRECTION('',(-0.923879086737,0.382684508557,0.));
#4220=ORIENTED_EDGE('',*,*,#4221,.T.);
#4221=EDGE_CURVE('',#4215,#2622,#4222,.T.);
#4222=LINE('',#4216,#4223);
#4223=VECTOR('',#4224,1.);
#4224=DIRECTION('',(-0.164685078245,0.986346199366,0.));
#4225=ORIENTED_EDGE('',*,*,#3777,.F.);
#4226=PLANE('',#4227);
#4227=AXIS2_PLACEMENT_3D('',#4228,#55,#199);
#4228=CARTESIAN_POINT('',(5.570820156387,3.686605826462,9.6858000731E-08));
#4229=ADVANCED_FACE('',(#4230),#4245,.T.);
#4230=FACE_BOUND('',#4231,.T.);
#4231=EDGE_LOOP('',(#4232,#4239,#4244));
#4232=ORIENTED_EDGE('',*,*,#4233,.T.);
#4233=EDGE_CURVE('',#3070,#4234,#4236,.T.);
#4234=VERTEX_POINT('',#4235);
#4235=CARTESIAN_POINT('',(0.449999988079,6.27942276001,9.6858000731E-08));
#4236=LINE('',#3071,#4237);
#4237=VECTOR('',#4238,1.);
#4238=DIRECTION('',(-0.928357406298,-0.371688749051,0.));
#4239=ORIENTED_EDGE('',*,*,#4240,.T.);
#4240=EDGE_CURVE('',#4234,#3790,#4241,.T.);
#4241=LINE('',#4235,#4242);
#4242=VECTOR('',#4243,1.);
#4243=DIRECTION('',(-0.923879333012,0.382683914,0.));
#4244=ORIENTED_EDGE('',*,*,#3797,.F.);
#4245=PLANE('',#4246);
#4246=AXIS2_PLACEMENT_3D('',#4247,#55,#199);
#4247=CARTESIAN_POINT('',(1.116234329339,6.595206496101,9.6858000731E-08));
#4248=ADVANCED_FACE('',(#4249),#4264,.T.);
#4249=FACE_BOUND('',#4250,.T.);
#4250=EDGE_LOOP('',(#4251,#4258,#4263));
#4251=ORIENTED_EDGE('',*,*,#4252,.T.);
#4252=EDGE_CURVE('',#3790,#4253,#4255,.T.);
#4253=VERTEX_POINT('',#4254);
#4254=CARTESIAN_POINT('',(-1.7763568394E-15,6.400000095367,9.6858000731E-08));
#4255=LINE('',#3791,#4256);
#4256=VECTOR('',#4257,1.);
#4257=DIRECTION('',(-0.991444821938,0.130526491765,0.));
#4258=ORIENTED_EDGE('',*,*,#4259,.T.);
#4259=EDGE_CURVE('',#4253,#2015,#4260,.T.);
#4260=LINE('',#4254,#4261);
#4261=VECTOR('',#4262,1.);
#4262=DIRECTION('',(-0.970142500145,0.242535625036,0.));
#4263=ORIENTED_EDGE('',*,*,#3789,.F.);
#4264=PLANE('',#4265);
#4265=AXIS2_PLACEMENT_3D('',#4266,#55,#199);
#4266=CARTESIAN_POINT('',(-0.8846549852,6.628758941679,9.6858000731E-08));
#4267=ADVANCED_FACE('',(#4268),#4281,.T.);
#4268=FACE_BOUND('',#4269,.T.);
#4269=EDGE_LOOP('',(#4270,#4271,#4276));
#4270=ORIENTED_EDGE('',*,*,#3815,.F.);
#4271=ORIENTED_EDGE('',*,*,#4272,.T.);
#4272=EDGE_CURVE('',#3809,#4273,#4275,.T.);
#4273=VERTEX_POINT('',#4274);
#4274=CARTESIAN_POINT('',(0.449999988079,-6.27942276001,-2.64999999851));
#4275=LINE('',#3810,#54);
#4276=ORIENTED_EDGE('',*,*,#4277,.T.);
#4277=EDGE_CURVE('',#4273,#3397,#4278,.T.);
#4278=LINE('',#4274,#4279);
#4279=VECTOR('',#4280,1.);
#4280=DIRECTION('',(7.006333019598E-02,5.376150439357E-02,0.996092782027));
#4281=PLANE('',#4282);
#4282=AXIS2_PLACEMENT_3D('',#4283,#4284,#4285);
#4283=CARTESIAN_POINT('',(0.498660694212,-6.242084072865,-1.268861835793));
#4284=DIRECTION('',(0.608761573449,-0.793353229458,0.));
#4285=DIRECTION('',(-0.793353229458,-0.608761573449,0.));
#4286=ADVANCED_FACE('',(#4287),#4296,.T.);
#4287=FACE_BOUND('',#4288,.T.);
#4288=EDGE_LOOP('',(#4289,#4290,#4295));
#4289=ORIENTED_EDGE('',*,*,#3873,.F.);
#4290=ORIENTED_EDGE('',*,*,#4291,.T.);
#4291=EDGE_CURVE('',#3867,#3809,#4292,.T.);
#4292=LINE('',#3868,#4293);
#4293=VECTOR('',#4294,1.);
#4294=DIRECTION('',(0.923879333012,0.382683914,0.));
#4295=ORIENTED_EDGE('',*,*,#3808,.F.);
#4296=PLANE('',#4297);
#4297=AXIS2_PLACEMENT_3D('',#4298,#55,#199);
#4298=CARTESIAN_POINT('',(0.202524802908,-6.566760867758,9.6858000731E-08));
#4299=ADVANCED_FACE('',(#4300),#4313,.T.);
#4300=FACE_BOUND('',#4301,.T.);
#4301=EDGE_LOOP('',(#4302,#4307,#4308));
#4302=ORIENTED_EDGE('',*,*,#4303,.T.);
#4303=EDGE_CURVE('',#4304,#3829,#4306,.T.);
#4304=VERTEX_POINT('',#4305);
#4305=CARTESIAN_POINT('',(0.779422879219,-5.949999809265,-2.64999999851));
#4306=LINE('',#4305,#82);
#4307=ORIENTED_EDGE('',*,*,#3828,.F.);
#4308=ORIENTED_EDGE('',*,*,#4309,.T.);
#4309=EDGE_CURVE('',#3397,#4304,#4310,.T.);
#4310=LINE('',#3398,#4311);
#4311=VECTOR('',#4312,1.);
#4312=DIRECTION('',(5.376148205387E-02,7.006333028035E-02,-0.996092783227));
#4313=PLANE('',#4314);
#4314=AXIS2_PLACEMENT_3D('',#4315,#4316,#3833);
#4315=CARTESIAN_POINT('',(0.742084207878,-5.998660515081,-1.268861844063));
#4316=DIRECTION('',(0.793353351983,-0.608761413772,0.));
#4317=ADVANCED_FACE('',(#4318),#4331,.T.);
#4318=FACE_BOUND('',#4319,.T.);
#4319=EDGE_LOOP('',(#4320,#4321,#4328));
#4320=ORIENTED_EDGE('',*,*,#3835,.F.);
#4321=ORIENTED_EDGE('',*,*,#4322,.T.);
#4322=EDGE_CURVE('',#3829,#4323,#4325,.T.);
#4323=VERTEX_POINT('',#4324);
#4324=CARTESIAN_POINT('',(0.869333267212,-5.732937335968,9.6858000731E-08));
#4325=LINE('',#3830,#4326);
#4326=VECTOR('',#4327,1.);
#4327=DIRECTION('',(0.382684041508,0.923879280196,0.));
#4328=ORIENTED_EDGE('',*,*,#4329,.T.);
#4329=EDGE_CURVE('',#4323,#2846,#4330,.T.);
#4330=LINE('',#4324,#3991);
#4331=PLANE('',#4332);
#4332=AXIS2_PLACEMENT_3D('',#4333,#55,#199);
#4333=CARTESIAN_POINT('',(1.372165031162,-6.332985622515,9.6858000731E-08));
#4334=ADVANCED_FACE('',(#4335),#4348,.T.);
#4335=FACE_BOUND('',#4336,.T.);
#4336=EDGE_LOOP('',(#4337,#4338,#4343));
#4337=ORIENTED_EDGE('',*,*,#3853,.F.);
#4338=ORIENTED_EDGE('',*,*,#4339,.T.);
#4339=EDGE_CURVE('',#3847,#4340,#4342,.T.);
#4340=VERTEX_POINT('',#4341);
#4341=CARTESIAN_POINT('',(-0.232937142253,-6.369333267212,-2.64999999851));
#4342=LINE('',#3848,#54);
#4343=ORIENTED_EDGE('',*,*,#4344,.T.);
#4344=EDGE_CURVE('',#4340,#3416,#4345,.T.);
#4345=LINE('',#4341,#4346);
#4346=VECTOR('',#4347,1.);
#4347=DIRECTION('',(8.755735776054E-02,-1.152717174351E-02,0.996092783537));
#4348=PLANE('',#4349);
#4349=AXIS2_PLACEMENT_3D('',#4350,#4351,#4257);
#4350=CARTESIAN_POINT('',(-0.172126404276,-6.377339171438,-1.268861846195));
#4351=DIRECTION('',(-0.130526491765,-0.991444821938,0.));
#4352=ADVANCED_FACE('',(#4353),#4368,.T.);
#4353=FACE_BOUND('',#4354,.T.);
#4354=EDGE_LOOP('',(#4355,#4362,#4367));
#4355=ORIENTED_EDGE('',*,*,#4356,.T.);
#4356=EDGE_CURVE('',#2291,#4357,#4359,.T.);
#4357=VERTEX_POINT('',#4358);
#4358=CARTESIAN_POINT('',(-0.449999988079,-6.27942276001,9.6858000731E-08));
#4359=LINE('',#2292,#4360);
#4360=VECTOR('',#4361,1.);
#4361=DIRECTION('',(0.928357406298,0.371688749051,0.));
#4362=ORIENTED_EDGE('',*,*,#4363,.T.);
#4363=EDGE_CURVE('',#4357,#3847,#4364,.T.);
#4364=LINE('',#4358,#4365);
#4365=VECTOR('',#4366,1.);
#4366=DIRECTION('',(0.923879333012,-0.382683914,0.));
#4367=ORIENTED_EDGE('',*,*,#3846,.F.);
#4368=PLANE('',#4369);
#4369=AXIS2_PLACEMENT_3D('',#4370,#55,#199);
#4370=CARTESIAN_POINT('',(-1.116234329339,-6.595206496101,9.6858000731E-08));
#4371=ADVANCED_FACE('',(#4372),#4387,.T.);
#4372=FACE_BOUND('',#4373,.T.);
#4373=EDGE_LOOP('',(#4374,#4375,#4382));
#4374=ORIENTED_EDGE('',*,*,#3866,.F.);
#4375=ORIENTED_EDGE('',*,*,#4376,.T.);
#4376=EDGE_CURVE('',#3416,#4377,#4379,.T.);
#4377=VERTEX_POINT('',#4378);
#4378=CARTESIAN_POINT('',(-3.552713678801E-15,-6.400000095367,-2.64999999851));
#4379=LINE('',#3417,#4380);
#4380=VECTOR('',#4381,1.);
#4381=DIRECTION('',(-6.703233114993E-16,0.,-1.));
#4382=ORIENTED_EDGE('',*,*,#4383,.T.);
#4383=EDGE_CURVE('',#4377,#3867,#4384,.T.);
#4384=LINE('',#4378,#4385);
#4385=VECTOR('',#4386,1.);
#4386=DIRECTION('',(8.755735776054E-02,1.152717174351E-02,0.996092783537));
#4387=PLANE('',#4388);
#4388=AXIS2_PLACEMENT_3D('',#4389,#4390,#4391);
#4389=CARTESIAN_POINT('',(6.081073797709E-02,-6.391994191141,-1.268861846195));
#4390=DIRECTION('',(0.130526491765,-0.991444821938,0.));
#4391=DIRECTION('',(-0.991444821938,-0.130526491765,0.));
#4392=ADVANCED_FACE('',(#4393),#4400,.T.);
#4393=FACE_BOUND('',#4394,.T.);
#4394=EDGE_LOOP('',(#4395,#4398,#4399));
#4395=ORIENTED_EDGE('',*,*,#4396,.T.);
#4396=EDGE_CURVE('',#3456,#4215,#4397,.T.);
#4397=LINE('',#3457,#189);
#4398=ORIENTED_EDGE('',*,*,#4214,.F.);
#4399=ORIENTED_EDGE('',*,*,#3896,.F.);
#4400=PLANE('',#4401);
#4401=AXIS2_PLACEMENT_3D('',#4402,#55,#199);
#4402=CARTESIAN_POINT('',(6.093053049385,2.180153262043E-02,9.6858000731E-08));
#4403=ADVANCED_FACE('',(#4404),#4419,.T.);
#4404=FACE_BOUND('',#4405,.T.);
#4405=EDGE_LOOP('',(#4406,#4407,#4414));
#4406=ORIENTED_EDGE('',*,*,#3915,.F.);
#4407=ORIENTED_EDGE('',*,*,#4408,.T.);
#4408=EDGE_CURVE('',#3909,#4409,#4411,.T.);
#4409=VERTEX_POINT('',#4410);
#4410=CARTESIAN_POINT('',(6.,-0.40000000596,9.6858000731E-08));
#4411=LINE('',#3910,#4412);
#4412=VECTOR('',#4413,1.);
#4413=DIRECTION('',(0.447213222316,0.894427377592,0.));
#4414=ORIENTED_EDGE('',*,*,#4415,.T.);
#4415=EDGE_CURVE('',#4409,#3456,#4416,.T.);
#4416=LINE('',#4410,#4417);
#4417=VECTOR('',#4418,1.);
#4418=DIRECTION('',(0.294298834832,-0.95571344859,0.));
#4419=PLANE('',#4420);
#4420=AXIS2_PLACEMENT_3D('',#4421,#55,#199);
#4421=CARTESIAN_POINT('',(5.983299651076,-0.521371622762,9.6858000731E-08));
#4422=ADVANCED_FACE('',(#4423),#4438,.T.);
#4423=FACE_BOUND('',#4424,.T.);
#4424=EDGE_LOOP('',(#4425,#4432,#4437));
#4425=ORIENTED_EDGE('',*,*,#4426,.T.);
#4426=EDGE_CURVE('',#2177,#4427,#4429,.T.);
#4427=VERTEX_POINT('',#4428);
#4428=CARTESIAN_POINT('',(5.744708538055,-0.579555511475,9.6858000731E-08));
#4429=LINE('',#2178,#4430);
#4430=VECTOR('',#4431,1.);
#4431=DIRECTION('',(0.117015885932,0.993130043066,0.));
#4432=ORIENTED_EDGE('',*,*,#4433,.T.);
#4433=EDGE_CURVE('',#4427,#3909,#4434,.T.);
#4434=LINE('',#4428,#4435);
#4435=VECTOR('',#4436,1.);
#4436=DIRECTION('',(0.991444868815,-0.130526135695,0.));
#4437=ORIENTED_EDGE('',*,*,#3908,.F.);
#4438=PLANE('',#4439);
#4439=AXIS2_PLACEMENT_3D('',#4440,#55,#199);
#4440=CARTESIAN_POINT('',(5.416174951621,-3.706534233411,9.6858000731E-08));
#4441=ADVANCED_FACE('',(#4442),#4449,.F.);
#4442=FACE_BOUND('',#4443,.F.);
#4443=EDGE_LOOP('',(#4444,#4446));
#4444=ORIENTED_EDGE('',*,*,#4445,.F.);
#4445=EDGE_CURVE('',#3968,#3928,#3933,.T.);
#4446=ORIENTED_EDGE('',*,*,#4447,.F.);
#4447=EDGE_CURVE('',#3928,#3968,#4448,.T.);
#4448=LINE('',#3929,#345);
#4449=PLANE('',#4450);
#4450=AXIS2_PLACEMENT_3D('',#3929,#55,#199);
#4451=ADVANCED_FACE('',(#4452),#4457,.T.);
#4452=FACE_BOUND('',#4453,.T.);
#4453=EDGE_LOOP('',(#4444,#4454,#4455,#4456));
#4454=ORIENTED_EDGE('',*,*,#3967,.F.);
#4455=ORIENTED_EDGE('',*,*,#3945,.F.);
#4456=ORIENTED_EDGE('',*,*,#3932,.F.);
#4457=PLANE('',#4458);
#4458=AXIS2_PLACEMENT_3D('',#4459,#13,#14);
#4459=CARTESIAN_POINT('',(-0.209430584958,2.640569319675,6.999999620021));
#4460=ADVANCED_FACE('',(#4461),#4465,.T.);
#4461=FACE_BOUND('',#4462,.T.);
#4462=EDGE_LOOP('',(#4463,#4446,#4464));
#4463=ORIENTED_EDGE('',*,*,#3971,.F.);
#4464=ORIENTED_EDGE('',*,*,#3958,.F.);
#4465=PLANE('',#4466);
#4466=AXIS2_PLACEMENT_3D('',#4467,#14,#13);
#4467=CARTESIAN_POINT('',(-1.5,2.50450840182,7.404508117208));
#4468=ADVANCED_FACE('',(#4469),#4482,.T.);
#4469=FACE_BOUND('',#4470,.T.);
#4470=EDGE_LOOP('',(#4471,#4478,#4479));
#4471=ORIENTED_EDGE('',*,*,#4472,.T.);
#4472=EDGE_CURVE('',#4473,#3982,#4475,.T.);
#4473=VERTEX_POINT('',#4474);
#4474=CARTESIAN_POINT('',(-0.779422879219,5.949999809265,9.6858000731E-08));
#4475=LINE('',#4474,#4476);
#4476=VECTOR('',#4477,1.);
#4477=DIRECTION('',(-0.382684041508,-0.923879280196,0.));
#4478=ORIENTED_EDGE('',*,*,#3989,.F.);
#4479=ORIENTED_EDGE('',*,*,#4480,.T.);
#4480=EDGE_CURVE('',#2015,#4473,#4481,.T.);
#4481=LINE('',#2016,#3837);
#4482=PLANE('',#4483);
#4483=AXIS2_PLACEMENT_3D('',#4484,#55,#199);
#4484=CARTESIAN_POINT('',(-1.372165031162,6.332985622515,9.6858000731E-08));
#4485=ADVANCED_FACE('',(#4486),#4499,.T.);
#4486=FACE_BOUND('',#4487,.T.);
#4487=EDGE_LOOP('',(#4488,#4493,#4494));
#4488=ORIENTED_EDGE('',*,*,#4489,.T.);
#4489=EDGE_CURVE('',#4490,#3551,#4492,.T.);
#4490=VERTEX_POINT('',#4491);
#4491=CARTESIAN_POINT('',(-0.899999976158,5.5,-2.64999999851));
#4492=LINE('',#4491,#82);
#4493=ORIENTED_EDGE('',*,*,#3981,.F.);
#4494=ORIENTED_EDGE('',*,*,#4495,.T.);
#4495=EDGE_CURVE('',#3982,#4490,#4496,.T.);
#4496=LINE('',#3983,#4497);
#4497=VECTOR('',#4498,1.);
#4498=DIRECTION('',(-1.15271268671E-02,-8.755743006196E-02,-0.996092777701));
#4499=PLANE('',#4500);
#4500=AXIS2_PLACEMENT_3D('',#4501,#4502,#3986);
#4501=CARTESIAN_POINT('',(-0.891994102799,5.560810790476,-1.268861805968));
#4502=DIRECTION('',(-0.991444901646,0.130525886323,0.));
#4503=ADVANCED_FACE('',(#4504),#4517,.T.);
#4504=FACE_BOUND('',#4505,.T.);
#4505=EDGE_LOOP('',(#4506,#4511,#4512));
#4506=ORIENTED_EDGE('',*,*,#4507,.T.);
#4507=EDGE_CURVE('',#4508,#4002,#4510,.T.);
#4508=VERTEX_POINT('',#4509);
#4509=CARTESIAN_POINT('',(-0.869333267212,5.267062664032,-2.64999999851));
#4510=LINE('',#4509,#82);
#4511=ORIENTED_EDGE('',*,*,#4001,.F.);
#4512=ORIENTED_EDGE('',*,*,#4513,.T.);
#4513=EDGE_CURVE('',#3551,#4508,#4514,.T.);
#4514=LINE('',#3552,#4515);
#4515=VECTOR('',#4516,1.);
#4516=DIRECTION('',(1.15271268671E-02,-8.755743006196E-02,-0.996092777701));
#4517=PLANE('',#4518);
#4518=AXIS2_PLACEMENT_3D('',#4519,#4520,#4006);
#4519=CARTESIAN_POINT('',(-0.877339140571,5.327873454508,-1.268861805968));
#4520=DIRECTION('',(-0.991444901646,-0.130525886323,0.));
#4521=ADVANCED_FACE('',(#4522),#4536,.T.);
#4522=FACE_BOUND('',#4523,.T.);
#4523=EDGE_LOOP('',(#4524,#4530,#4531));
#4524=ORIENTED_EDGE('',*,*,#4525,.T.);
#4525=EDGE_CURVE('',#4526,#3199,#4528,.T.);
#4526=VERTEX_POINT('',#4527);
#4527=CARTESIAN_POINT('',(-0.800000011921,1.385640621185,9.6858000731E-08));
#4528=LINE('',#4527,#4529);
#4529=VECTOR('',#3674,1.);
#4530=ORIENTED_EDGE('',*,*,#4008,.F.);
#4531=ORIENTED_EDGE('',*,*,#4532,.T.);
#4532=EDGE_CURVE('',#4002,#4526,#4533,.T.);
#4533=LINE('',#4003,#4534);
#4534=VECTOR('',#4535,1.);
#4535=DIRECTION('',(1.785999968495E-02,-0.999840497485,0.));
#4536=PLANE('',#4537);
#4537=AXIS2_PLACEMENT_3D('',#4538,#55,#199);
#4538=CARTESIAN_POINT('',(-0.92246245659,3.161666844381,9.6858000731E-08));
#4539=ADVANCED_FACE('',(#4540),#4555,.T.);
#4540=FACE_BOUND('',#4541,.T.);
#4541=EDGE_LOOP('',(#4542,#4543,#4550));
#4542=ORIENTED_EDGE('',*,*,#4024,.F.);
#4543=ORIENTED_EDGE('',*,*,#4544,.T.);
#4544=EDGE_CURVE('',#4020,#4545,#4547,.T.);
#4545=VERTEX_POINT('',#4546);
#4546=CARTESIAN_POINT('',(-1.007627129555,1.007627129555,-3.));
#4547=LINE('',#4021,#4548);
#4548=VECTOR('',#4549,1.);
#4549=DIRECTION('',(0.316227940348,-0.316227940348,-0.894427067729));
#4550=ORIENTED_EDGE('',*,*,#4551,.T.);
#4551=EDGE_CURVE('',#4545,#3570,#4552,.T.);
#4552=LINE('',#4546,#4553);
#4553=VECTOR('',#4554,1.);
#4554=DIRECTION('',(-0.68057728378,-0.373812847655,0.630141663224));
#4555=PLANE('',#4556);
#4556=AXIS2_PLACEMENT_3D('',#4557,#4558,#4559);
#4557=CARTESIAN_POINT('',(-1.179112589358,0.970271958301,-2.771428282548));
#4558=DIRECTION('',(-0.710808863149,0.545422592512,-0.444145196581));
#4559=DIRECTION('',(-0.608761266396,-0.793353465068,2.556843625712E-13));
#4560=ADVANCED_FACE('',(#4561),#4574,.T.);
#4561=FACE_BOUND('',#4562,.T.);
#4562=EDGE_LOOP('',(#4563,#4568,#4569));
#4563=ORIENTED_EDGE('',*,*,#4564,.T.);
#4564=EDGE_CURVE('',#4565,#4020,#4567,.T.);
#4565=VERTEX_POINT('',#4566);
#4566=CARTESIAN_POINT('',(-0.800000011921,1.385640621185,-2.64999999851));
#4567=LINE('',#4566,#4529);
#4568=ORIENTED_EDGE('',*,*,#4019,.F.);
#4569=ORIENTED_EDGE('',*,*,#4570,.T.);
#4570=EDGE_CURVE('',#3199,#4565,#4571,.T.);
#4571=LINE('',#3200,#4572);
#4572=VECTOR('',#4573,1.);
#4573=DIRECTION('',(0.123520716451,9.478073908268E-02,-0.987805266288));
#4574=PLANE('',#4575);
#4575=AXIS2_PLACEMENT_3D('',#4576,#4577,#4578);
#4576=CARTESIAN_POINT('',(-1.042039540634,1.199917237467,-1.421242151818));
#4577=DIRECTION('',(-0.608761266396,0.793353465068,0.));
#4578=DIRECTION('',(0.793353465068,0.608761266396,0.));
#4579=ADVANCED_FACE('',(#4580),#4589,.T.);
#4580=FACE_BOUND('',#4581,.T.);
#4581=EDGE_LOOP('',(#4582,#4587,#4588));
#4582=ORIENTED_EDGE('',*,*,#4583,.T.);
#4583=EDGE_CURVE('',#4545,#4036,#4584,.T.);
#4584=LINE('',#4546,#4585);
#4585=VECTOR('',#4586,1.);
#4586=DIRECTION('',(-0.608761423341,-0.79335334464,0.));
#4587=ORIENTED_EDGE('',*,*,#4035,.F.);
#4588=ORIENTED_EDGE('',*,*,#4551,.F.);
#4589=PLANE('',#4590);
#4590=AXIS2_PLACEMENT_3D('',#4591,#4592,#4593);
#4591=CARTESIAN_POINT('',(-1.208856851573,0.847685560579,-2.874365171376));
#4592=DIRECTION('',(-0.710808818376,0.545422781565,-0.444145036074));
#4593=DIRECTION('',(-0.608761423341,-0.79335334464,3.708977569516E-13));
#4594=ADVANCED_FACE('',(#4595),#4604,.T.);
#4595=FACE_BOUND('',#4596,.T.);
#4596=EDGE_LOOP('',(#4597,#4602,#4603));
#4597=ORIENTED_EDGE('',*,*,#4598,.T.);
#4598=EDGE_CURVE('',#4036,#4056,#4599,.T.);
#4599=LINE('',#4037,#4600);
#4600=VECTOR('',#4601,1.);
#4601=DIRECTION('',(-0.382683653456,-0.923879440932,0.));
#4602=ORIENTED_EDGE('',*,*,#4055,.F.);
#4603=ORIENTED_EDGE('',*,*,#4042,.F.);
#4604=PLANE('',#4605);
#4605=AXIS2_PLACEMENT_3D('',#4606,#4607,#4608);
#4606=CARTESIAN_POINT('',(-1.387063250178,0.505926207003,-2.874365173073));
#4607=DIRECTION('',(-0.827754385867,0.342867325014,-0.444144879646));
#4608=DIRECTION('',(0.472804471495,3.955169525227E-14,-0.881167368741));
#4609=ADVANCED_FACE('',(#4610),#4617,.T.);
#4610=FACE_BOUND('',#4611,.T.);
#4611=EDGE_LOOP('',(#4612,#4613,#4614));
#4612=ORIENTED_EDGE('',*,*,#4077,.F.);
#4613=ORIENTED_EDGE('',*,*,#4062,.F.);
#4614=ORIENTED_EDGE('',*,*,#4615,.T.);
#4615=EDGE_CURVE('',#4056,#3620,#4616,.T.);
#4616=LINE('',#4057,#345);
#4617=PLANE('',#4618);
#4618=AXIS2_PLACEMENT_3D('',#4619,#55,#199);
#4619=CARTESIAN_POINT('',(-1.388635390776,0.,-3.));
#4620=ADVANCED_FACE('',(#4621),#4632,.T.);
#4621=FACE_BOUND('',#4622,.T.);
#4622=EDGE_LOOP('',(#4623,#4624,#4629));
#4623=ORIENTED_EDGE('',*,*,#4092,.F.);
#4624=ORIENTED_EDGE('',*,*,#4625,.T.);
#4625=EDGE_CURVE('',#3620,#4036,#4626,.T.);
#4626=LINE('',#3621,#4627);
#4627=VECTOR('',#4628,1.);
#4628=DIRECTION('',(0.130526267422,0.991444851473,0.));
#4629=ORIENTED_EDGE('',*,*,#4630,.T.);
#4630=EDGE_CURVE('',#4036,#3641,#4631,.T.);
#4631=LINE('',#4037,#345);
#4632=PLANE('',#4633);
#4633=AXIS2_PLACEMENT_3D('',#4634,#55,#199);
#4634=CARTESIAN_POINT('',(-1.270139697754,-4.746541830688E-03,-3.));
#4635=ADVANCED_FACE('',(#4636),#4647,.T.);
#4636=FACE_BOUND('',#4637,.T.);
#4637=EDGE_LOOP('',(#4638,#4639,#4644));
#4638=ORIENTED_EDGE('',*,*,#4107,.F.);
#4639=ORIENTED_EDGE('',*,*,#4640,.T.);
#4640=EDGE_CURVE('',#3641,#4545,#4641,.T.);
#4641=LINE('',#3642,#4642);
#4642=VECTOR('',#4643,1.);
#4643=DIRECTION('',(0.130526190351,0.99144486162,0.));
#4644=ORIENTED_EDGE('',*,*,#4645,.T.);
#4645=EDGE_CURVE('',#4545,#4108,#4646,.T.);
#4646=LINE('',#4546,#345);
#4647=PLANE('',#4648);
#4648=AXIS2_PLACEMENT_3D('',#4649,#55,#199);
#4649=CARTESIAN_POINT('',(-1.065501508255,-1.550739287208E-02,-3.));
#4650=ADVANCED_FACE('',(#4651),#4664,.T.);
#4651=FACE_BOUND('',#4652,.T.);
#4652=EDGE_LOOP('',(#4653,#4658,#4659));
#4653=ORIENTED_EDGE('',*,*,#4654,.T.);
#4654=EDGE_CURVE('',#4655,#3663,#4657,.T.);
#4655=VERTEX_POINT('',#4656);
#4656=CARTESIAN_POINT('',(-0.800000011921,-1.385640621185,-2.64999999851));
#4657=LINE('',#4656,#4146);
#4658=ORIENTED_EDGE('',*,*,#4127,.F.);
#4659=ORIENTED_EDGE('',*,*,#4660,.T.);
#4660=EDGE_CURVE('',#4108,#4655,#4661,.T.);
#4661=LINE('',#4109,#4662);
#4662=VECTOR('',#4663,1.);
#4663=DIRECTION('',(0.373812847655,-0.68057728378,0.630141663224));
#4664=PLANE('',#4665);
#4665=AXIS2_PLACEMENT_3D('',#4666,#4667,#4668);
#4666=CARTESIAN_POINT('',(-0.970271958301,-1.179112589358,-2.771428282548));
#4667=DIRECTION('',(-0.545422592512,-0.710808863149,-0.444145196581));
#4668=DIRECTION('',(-0.793353465068,0.608761266396,-2.556843625712E-13));
#4669=ADVANCED_FACE('',(#4670),#4677,.T.);
#4670=FACE_BOUND('',#4671,.T.);
#4671=EDGE_LOOP('',(#4672,#4673,#4676));
#4672=ORIENTED_EDGE('',*,*,#4654,.F.);
#4673=ORIENTED_EDGE('',*,*,#4674,.T.);
#4674=EDGE_CURVE('',#4655,#4143,#4675,.T.);
#4675=LINE('',#4656,#82);
#4676=ORIENTED_EDGE('',*,*,#4149,.F.);
#4677=PLANE('',#4678);
#4678=AXIS2_PLACEMENT_3D('',#4679,#3203,#3582);
#4679=CARTESIAN_POINT('',(-0.889331373348,-1.31709428578,-1.421242151818));
#4680=ADVANCED_FACE('',(#4681),#4690,.T.);
#4681=FACE_BOUND('',#4682,.T.);
#4682=EDGE_LOOP('',(#4683,#4684,#4685));
#4683=ORIENTED_EDGE('',*,*,#4166,.F.);
#4684=ORIENTED_EDGE('',*,*,#4142,.F.);
#4685=ORIENTED_EDGE('',*,*,#4686,.T.);
#4686=EDGE_CURVE('',#4143,#4161,#4687,.T.);
#4687=LINE('',#4144,#4688);
#4688=VECTOR('',#4689,1.);
#4689=DIRECTION('',(-1.785999968495E-02,-0.999840497485,0.));
#4690=PLANE('',#4691);
#4691=AXIS2_PLACEMENT_3D('',#4692,#55,#199);
#4692=CARTESIAN_POINT('',(-0.92246245659,-3.161666844381,9.6858000731E-08));
#4693=ADVANCED_FACE('',(#4694),#4705,.T.);
#4694=FACE_BOUND('',#4695,.T.);
#4695=EDGE_LOOP('',(#4696,#4701,#4702));
#4696=ORIENTED_EDGE('',*,*,#4697,.T.);
#4697=EDGE_CURVE('',#4698,#3692,#4700,.T.);
#4698=VERTEX_POINT('',#4699);
#4699=CARTESIAN_POINT('',(-0.899999976158,-5.5,-2.64999999851));
#4700=LINE('',#4699,#82);
#4701=ORIENTED_EDGE('',*,*,#4160,.F.);
#4702=ORIENTED_EDGE('',*,*,#4703,.T.);
#4703=EDGE_CURVE('',#4161,#4698,#4704,.T.);
#4704=LINE('',#4162,#4497);
#4705=PLANE('',#4706);
#4706=AXIS2_PLACEMENT_3D('',#4707,#4502,#3986);
#4707=CARTESIAN_POINT('',(-0.891994102799,-5.439189209524,-1.268861805968));
#4708=ADVANCED_FACE('',(#4709),#4720,.T.);
#4709=FACE_BOUND('',#4710,.T.);
#4710=EDGE_LOOP('',(#4711,#4716,#4717));
#4711=ORIENTED_EDGE('',*,*,#4712,.T.);
#4712=EDGE_CURVE('',#4713,#4179,#4715,.T.);
#4713=VERTEX_POINT('',#4714);
#4714=CARTESIAN_POINT('',(-0.869333267212,-5.732937335968,-2.64999999851));
#4715=LINE('',#4714,#82);
#4716=ORIENTED_EDGE('',*,*,#4178,.F.);
#4717=ORIENTED_EDGE('',*,*,#4718,.T.);
#4718=EDGE_CURVE('',#3692,#4713,#4719,.T.);
#4719=LINE('',#3693,#4515);
#4720=PLANE('',#4721);
#4721=AXIS2_PLACEMENT_3D('',#4722,#4520,#4006);
#4722=CARTESIAN_POINT('',(-0.877339140571,-5.672126545492,-1.268861805968));
#4723=ADVANCED_FACE('',(#4724),#4739,.T.);
#4724=FACE_BOUND('',#4725,.T.);
#4725=EDGE_LOOP('',(#4726,#4727,#4734));
#4726=ORIENTED_EDGE('',*,*,#4183,.F.);
#4727=ORIENTED_EDGE('',*,*,#4728,.T.);
#4728=EDGE_CURVE('',#4179,#4729,#4731,.T.);
#4729=VERTEX_POINT('',#4730);
#4730=CARTESIAN_POINT('',(-0.779422879219,-5.949999809265,9.6858000731E-08));
#4731=LINE('',#4180,#4732);
#4732=VECTOR('',#4733,1.);
#4733=DIRECTION('',(0.382684041508,-0.923879280196,0.));
#4734=ORIENTED_EDGE('',*,*,#4735,.T.);
#4735=EDGE_CURVE('',#4729,#2291,#4736,.T.);
#4736=LINE('',#4730,#4737);
#4737=VECTOR('',#4738,1.);
#4738=DIRECTION('',(-0.789144589559,-0.614207470461,0.));
#4739=PLANE('',#4740);
#4740=AXIS2_PLACEMENT_3D('',#4741,#55,#199);
#4741=CARTESIAN_POINT('',(-1.372165031162,-6.332985622515,9.6858000731E-08));
#4742=ADVANCED_FACE('',(#4743),#4758,.T.);
#4743=FACE_BOUND('',#4744,.T.);
#4744=EDGE_LOOP('',(#4745,#4752,#4757));
#4745=ORIENTED_EDGE('',*,*,#4746,.T.);
#4746=EDGE_CURVE('',#4215,#4747,#4749,.T.);
#4747=VERTEX_POINT('',#4748);
#4748=CARTESIAN_POINT('',(5.900000095367,0.600000023842,9.6858000731E-08));
#4749=LINE('',#4216,#4750);
#4750=VECTOR('',#4751,1.);
#4751=DIRECTION('',(-0.991444868815,0.130526135695,0.));
#4752=ORIENTED_EDGE('',*,*,#4753,.T.);
#4753=EDGE_CURVE('',#4747,#2622,#4754,.T.);
#4754=LINE('',#4748,#4755);
#4755=VECTOR('',#4756,1.);
#4756=DIRECTION('',(-0.14142136935,0.989949491788,0.));
#4757=ORIENTED_EDGE('',*,*,#4221,.F.);
#4758=PLANE('',#4759);
#4759=AXIS2_PLACEMENT_3D('',#4760,#55,#199);
#4760=CARTESIAN_POINT('',(5.494877173784,3.706646783664,9.6858000731E-08));
#4761=ADVANCED_FACE('',(#4762),#4775,.T.);
#4762=FACE_BOUND('',#4763,.T.);
#4763=EDGE_LOOP('',(#4764,#4765,#4770));
#4764=ORIENTED_EDGE('',*,*,#4240,.F.);
#4765=ORIENTED_EDGE('',*,*,#4766,.T.);
#4766=EDGE_CURVE('',#4234,#4767,#4769,.T.);
#4767=VERTEX_POINT('',#4768);
#4768=CARTESIAN_POINT('',(0.449999988079,6.27942276001,-2.64999999851));
#4769=LINE('',#4235,#54);
#4770=ORIENTED_EDGE('',*,*,#4771,.T.);
#4771=EDGE_CURVE('',#4767,#3790,#4772,.T.);
#4772=LINE('',#4768,#4773);
#4773=VECTOR('',#4774,1.);
#4774=DIRECTION('',(-8.159046277017E-02,3.379592607203E-02,0.996092782709));
#4775=PLANE('',#4776);
#4776=AXIS2_PLACEMENT_3D('',#4777,#4778,#4366);
#4777=CARTESIAN_POINT('',(0.393333405096,6.302894861825,-1.268861840494));
#4778=DIRECTION('',(0.382683914,0.923879333012,0.));
#4779=ADVANCED_FACE('',(#4780),#4795,.T.);
#4780=FACE_BOUND('',#4781,.T.);
#4781=EDGE_LOOP('',(#4782,#4789,#4794));
#4782=ORIENTED_EDGE('',*,*,#4783,.T.);
#4783=EDGE_CURVE('',#3070,#4784,#4786,.T.);
#4784=VERTEX_POINT('',#4785);
#4785=CARTESIAN_POINT('',(0.636396110058,6.136395931244,9.6858000731E-08));
#4786=LINE('',#3071,#4787);
#4787=VECTOR('',#4788,1.);
#4788=DIRECTION('',(-0.87250983868,-0.488596542566,0.));
#4789=ORIENTED_EDGE('',*,*,#4790,.T.);
#4790=EDGE_CURVE('',#4784,#4234,#4791,.T.);
#4791=LINE('',#4785,#4792);
#4792=VECTOR('',#4793,1.);
#4793=DIRECTION('',(-0.793353229458,0.608761573449,0.));
#4794=ORIENTED_EDGE('',*,*,#4233,.F.);
#4795=PLANE('',#4796);
#4796=AXIS2_PLACEMENT_3D('',#4797,#55,#199);
#4797=CARTESIAN_POINT('',(1.220808782861,6.53160813539,9.6858000731E-08));
#4798=ADVANCED_FACE('',(#4799),#4813,.T.);
#4799=FACE_BOUND('',#4800,.T.);
#4800=EDGE_LOOP('',(#4801,#4807,#4812));
#4801=ORIENTED_EDGE('',*,*,#4802,.T.);
#4802=EDGE_CURVE('',#4253,#4803,#4805,.T.);
#4803=VERTEX_POINT('',#4804);
#4804=CARTESIAN_POINT('',(-0.232937142253,6.369333267212,9.6858000731E-08));
#4805=LINE('',#4254,#4806);
#4806=VECTOR('',#4391,1.);
#4807=ORIENTED_EDGE('',*,*,#4808,.T.);
#4808=EDGE_CURVE('',#4803,#2015,#4809,.T.);
#4809=LINE('',#4804,#4810);
#4810=VECTOR('',#4811,1.);
#4811=DIRECTION('',(-0.957744503598,0.287620350164,0.));
#4812=ORIENTED_EDGE('',*,*,#4259,.F.);
#4813=PLANE('',#4814);
#4814=AXIS2_PLACEMENT_3D('',#4815,#55,#199);
#4815=CARTESIAN_POINT('',(-1.00176366548,6.628116885153,9.6858000731E-08));
#4816=ADVANCED_FACE('',(#4817),#4830,.T.);
#4817=FACE_BOUND('',#4818,.T.);
#4818=EDGE_LOOP('',(#4819,#4820,#4825));
#4819=ORIENTED_EDGE('',*,*,#4252,.F.);
#4820=ORIENTED_EDGE('',*,*,#4821,.T.);
#4821=EDGE_CURVE('',#3790,#4822,#4824,.T.);
#4822=VERTEX_POINT('',#4823);
#4823=CARTESIAN_POINT('',(0.232937142253,6.369333267212,-2.64999999851));
#4824=LINE('',#3791,#54);
#4825=ORIENTED_EDGE('',*,*,#4826,.T.);
#4826=EDGE_CURVE('',#4822,#4253,#4827,.T.);
#4827=LINE('',#4823,#4828);
#4828=VECTOR('',#4829,1.);
#4829=DIRECTION('',(-8.755735776054E-02,1.152717174351E-02,0.996092783537));
#4830=PLANE('',#4831);
#4831=AXIS2_PLACEMENT_3D('',#4832,#4833,#3856);
#4832=CARTESIAN_POINT('',(0.172126404276,6.377339171438,-1.268861846195));
#4833=DIRECTION('',(0.130526491765,0.991444821938,0.));
#4834=ADVANCED_FACE('',(#4835),#4848,.T.);
#4835=FACE_BOUND('',#4836,.T.);
#4836=EDGE_LOOP('',(#4837,#4842,#4843));
#4837=ORIENTED_EDGE('',*,*,#4838,.T.);
#4838=EDGE_CURVE('',#4839,#4273,#4841,.T.);
#4839=VERTEX_POINT('',#4840);
#4840=CARTESIAN_POINT('',(0.232937142253,-6.369333267212,-2.64999999851));
#4841=LINE('',#4840,#4293);
#4842=ORIENTED_EDGE('',*,*,#4272,.F.);
#4843=ORIENTED_EDGE('',*,*,#4844,.T.);
#4844=EDGE_CURVE('',#3809,#4839,#4845,.T.);
#4845=LINE('',#3810,#4846);
#4846=VECTOR('',#4847,1.);
#4847=DIRECTION('',(-8.159046277017E-02,-3.379592607203E-02,-0.996092782709));
#4848=PLANE('',#4849);
#4849=AXIS2_PLACEMENT_3D('',#4850,#4851,#4852);
#4850=CARTESIAN_POINT('',(0.393333405096,-6.302894861825,-1.381138061158));
#4851=DIRECTION('',(0.382683914,-0.923879333012,0.));
#4852=DIRECTION('',(-0.923879333012,-0.382683914,0.));
#4853=ADVANCED_FACE('',(#4854),#4865,.T.);
#4854=FACE_BOUND('',#4855,.T.);
#4855=EDGE_LOOP('',(#4856,#4861,#4864));
#4856=ORIENTED_EDGE('',*,*,#4857,.T.);
#4857=EDGE_CURVE('',#4273,#4858,#4860,.T.);
#4858=VERTEX_POINT('',#4859);
#4859=CARTESIAN_POINT('',(0.636396110058,-6.136395931244,-2.64999999851));
#4860=LINE('',#4274,#3817);
#4861=ORIENTED_EDGE('',*,*,#4862,.T.);
#4862=EDGE_CURVE('',#4858,#3397,#4863,.T.);
#4863=LINE('',#4859,#82);
#4864=ORIENTED_EDGE('',*,*,#4277,.F.);
#4865=PLANE('',#4866);
#4866=AXIS2_PLACEMENT_3D('',#4867,#4284,#4285);
#4867=CARTESIAN_POINT('',(0.587735403925,-6.173734618389,-1.381138065859));
#4868=ADVANCED_FACE('',(#4869),#4876,.T.);
#4869=FACE_BOUND('',#4870,.T.);
#4870=EDGE_LOOP('',(#4871,#4872,#4875));
#4871=ORIENTED_EDGE('',*,*,#4291,.F.);
#4872=ORIENTED_EDGE('',*,*,#4873,.T.);
#4873=EDGE_CURVE('',#3867,#4839,#4874,.T.);
#4874=LINE('',#3868,#54);
#4875=ORIENTED_EDGE('',*,*,#4844,.F.);
#4876=PLANE('',#4877);
#4877=AXIS2_PLACEMENT_3D('',#4878,#4851,#4852);
#4878=CARTESIAN_POINT('',(0.289603725236,-6.345861165397,-1.268861840494));
#4879=ADVANCED_FACE('',(#4880),#4887,.T.);
#4880=FACE_BOUND('',#4881,.T.);
#4881=EDGE_LOOP('',(#4882,#4883,#4886));
#4882=ORIENTED_EDGE('',*,*,#4862,.F.);
#4883=ORIENTED_EDGE('',*,*,#4884,.T.);
#4884=EDGE_CURVE('',#4858,#4304,#4885,.T.);
#4885=LINE('',#4859,#3832);
#4886=ORIENTED_EDGE('',*,*,#4309,.F.);
#4887=PLANE('',#4888);
#4888=AXIS2_PLACEMENT_3D('',#4889,#4316,#3833);
#4889=CARTESIAN_POINT('',(0.673734781399,-6.087735225429,-1.381138057589));
#4890=ADVANCED_FACE('',(#4891),#4904,.T.);
#4891=FACE_BOUND('',#4892,.T.);
#4892=EDGE_LOOP('',(#4893,#4894,#4899));
#4893=ORIENTED_EDGE('',*,*,#4303,.F.);
#4894=ORIENTED_EDGE('',*,*,#4895,.T.);
#4895=EDGE_CURVE('',#4304,#4896,#4898,.T.);
#4896=VERTEX_POINT('',#4897);
#4897=CARTESIAN_POINT('',(0.869333267212,-5.732937335968,-2.64999999851));
#4898=LINE('',#4305,#4326);
#4899=ORIENTED_EDGE('',*,*,#4900,.T.);
#4900=EDGE_CURVE('',#4896,#3829,#4901,.T.);
#4901=LINE('',#4897,#4902);
#4902=VECTOR('',#4903,1.);
#4903=DIRECTION('',(-3.379588170043E-02,-8.159032379812E-02,0.996092795598));
#4904=PLANE('',#4905);
#4905=AXIS2_PLACEMENT_3D('',#4906,#4907,#4327);
#4906=CARTESIAN_POINT('',(0.80289494827,-5.893333327502,-1.381137972316));
#4907=DIRECTION('',(0.923879280196,-0.382684041508,0.));
#4908=ADVANCED_FACE('',(#4909),#4916,.T.);
#4909=FACE_BOUND('',#4910,.T.);
#4910=EDGE_LOOP('',(#4911,#4914,#4915));
#4911=ORIENTED_EDGE('',*,*,#4912,.T.);
#4912=EDGE_CURVE('',#4896,#4323,#4913,.T.);
#4913=LINE('',#4897,#82);
#4914=ORIENTED_EDGE('',*,*,#4322,.F.);
#4915=ORIENTED_EDGE('',*,*,#4900,.F.);
#4916=PLANE('',#4917);
#4917=AXIS2_PLACEMENT_3D('',#4918,#4907,#4327);
#4918=CARTESIAN_POINT('',(0.845861198161,-5.789603817731,-1.268861929336));
#4919=ADVANCED_FACE('',(#4920),#4933,.T.);
#4920=FACE_BOUND('',#4921,.T.);
#4921=EDGE_LOOP('',(#4922,#4923,#4930));
#4922=ORIENTED_EDGE('',*,*,#4329,.F.);
#4923=ORIENTED_EDGE('',*,*,#4924,.T.);
#4924=EDGE_CURVE('',#4323,#4925,#4927,.T.);
#4925=VERTEX_POINT('',#4926);
#4926=CARTESIAN_POINT('',(0.899999976158,-5.5,9.6858000731E-08));
#4927=LINE('',#4324,#4928);
#4928=VECTOR('',#4929,1.);
#4929=DIRECTION('',(0.130525886323,0.991444901646,0.));
#4930=ORIENTED_EDGE('',*,*,#4931,.T.);
#4931=EDGE_CURVE('',#4925,#2846,#4932,.T.);
#4932=LINE('',#4926,#3560);
#4933=PLANE('',#4934);
#4934=AXIS2_PLACEMENT_3D('',#4935,#55,#199);
#4935=CARTESIAN_POINT('',(1.40666904188,-6.214327253907,9.6858000731E-08));
#4936=ADVANCED_FACE('',(#4937),#4950,.T.);
#4937=FACE_BOUND('',#4938,.T.);
#4938=EDGE_LOOP('',(#4939,#4944,#4945));
#4939=ORIENTED_EDGE('',*,*,#4940,.T.);
#4940=EDGE_CURVE('',#4941,#4340,#4943,.T.);
#4941=VERTEX_POINT('',#4942);
#4942=CARTESIAN_POINT('',(-0.449999988079,-6.27942276001,-2.64999999851));
#4943=LINE('',#4942,#4365);
#4944=ORIENTED_EDGE('',*,*,#4339,.F.);
#4945=ORIENTED_EDGE('',*,*,#4946,.T.);
#4946=EDGE_CURVE('',#3847,#4941,#4947,.T.);
#4947=LINE('',#3848,#4948);
#4948=VECTOR('',#4949,1.);
#4949=DIRECTION('',(-8.159046277017E-02,3.379592607203E-02,-0.996092782709));
#4950=PLANE('',#4951);
#4951=AXIS2_PLACEMENT_3D('',#4952,#4953,#4243);
#4952=CARTESIAN_POINT('',(-0.289603725236,-6.345861165397,-1.381138061158));
#4953=DIRECTION('',(-0.382683914,-0.923879333012,0.));
#4954=ADVANCED_FACE('',(#4955),#4962,.T.);
#4955=FACE_BOUND('',#4956,.T.);
#4956=EDGE_LOOP('',(#4957,#4960,#4961));
#4957=ORIENTED_EDGE('',*,*,#4958,.T.);
#4958=EDGE_CURVE('',#4340,#4377,#4959,.T.);
#4959=LINE('',#4341,#3855);
#4960=ORIENTED_EDGE('',*,*,#4376,.F.);
#4961=ORIENTED_EDGE('',*,*,#4344,.F.);
#4962=PLANE('',#4963);
#4963=AXIS2_PLACEMENT_3D('',#4964,#4351,#4257);
#4964=CARTESIAN_POINT('',(-6.081073797709E-02,-6.391994191141,-1.381138055457));
#4965=ADVANCED_FACE('',(#4966),#4973,.T.);
#4966=FACE_BOUND('',#4967,.T.);
#4967=EDGE_LOOP('',(#4968,#4969,#4972));
#4968=ORIENTED_EDGE('',*,*,#4363,.F.);
#4969=ORIENTED_EDGE('',*,*,#4970,.T.);
#4970=EDGE_CURVE('',#4357,#4941,#4971,.T.);
#4971=LINE('',#4358,#54);
#4972=ORIENTED_EDGE('',*,*,#4946,.F.);
#4973=PLANE('',#4974);
#4974=AXIS2_PLACEMENT_3D('',#4975,#4953,#4243);
#4975=CARTESIAN_POINT('',(-0.393333405096,-6.302894861825,-1.268861840494));
#4976=ADVANCED_FACE('',(#4977),#4992,.T.);
#4977=FACE_BOUND('',#4978,.T.);
#4978=EDGE_LOOP('',(#4979,#4986,#4991));
#4979=ORIENTED_EDGE('',*,*,#4980,.T.);
#4980=EDGE_CURVE('',#2291,#4981,#4983,.T.);
#4981=VERTEX_POINT('',#4982);
#4982=CARTESIAN_POINT('',(-0.636396110058,-6.136395931244,9.6858000731E-08));
#4983=LINE('',#2292,#4984);
#4984=VECTOR('',#4985,1.);
#4985=DIRECTION('',(0.87250983868,0.488596542566,0.));
#4986=ORIENTED_EDGE('',*,*,#4987,.T.);
#4987=EDGE_CURVE('',#4981,#4357,#4988,.T.);
#4988=LINE('',#4982,#4989);
#4989=VECTOR('',#4990,1.);
#4990=DIRECTION('',(0.793353229458,-0.608761573449,0.));
#4991=ORIENTED_EDGE('',*,*,#4356,.F.);
#4992=PLANE('',#4993);
#4993=AXIS2_PLACEMENT_3D('',#4994,#55,#199);
#4994=CARTESIAN_POINT('',(-1.220808782861,-6.53160813539,9.6858000731E-08));
#4995=ADVANCED_FACE('',(#4996),#5003,.T.);
#4996=FACE_BOUND('',#4997,.T.);
#4997=EDGE_LOOP('',(#4998,#5001,#5002));
#4998=ORIENTED_EDGE('',*,*,#4999,.T.);
#4999=EDGE_CURVE('',#4377,#4839,#5000,.T.);
#5000=LINE('',#4378,#3870);
#5001=ORIENTED_EDGE('',*,*,#4873,.F.);
#5002=ORIENTED_EDGE('',*,*,#4383,.F.);
#5003=PLANE('',#5004);
#5004=AXIS2_PLACEMENT_3D('',#5005,#4390,#4391);
#5005=CARTESIAN_POINT('',(0.172126404276,-6.377339171438,-1.381138055457));
#5006=ADVANCED_FACE('',(#5007),#5016,.T.);
#5007=FACE_BOUND('',#5008,.T.);
#5008=EDGE_LOOP('',(#5009,#5010,#5015));
#5009=ORIENTED_EDGE('',*,*,#4415,.F.);
#5010=ORIENTED_EDGE('',*,*,#5011,.T.);
#5011=EDGE_CURVE('',#4409,#4215,#5012,.T.);
#5012=LINE('',#4410,#5013);
#5013=VECTOR('',#5014,1.);
#5014=DIRECTION('',(5.635594810377E-02,0.998410740684,0.));
#5015=ORIENTED_EDGE('',*,*,#4396,.F.);
#5016=PLANE('',#5017);
#5017=AXIS2_PLACEMENT_3D('',#5018,#55,#199);
#5018=CARTESIAN_POINT('',(6.041410080071,-1.69028226406E-03,9.6858000731E-08));
#5019=ADVANCED_FACE('',(#5020),#5033,.T.);
#5020=FACE_BOUND('',#5021,.T.);
#5021=EDGE_LOOP('',(#5022,#5029,#5032));
#5022=ORIENTED_EDGE('',*,*,#5023,.T.);
#5023=EDGE_CURVE('',#3909,#5024,#5026,.T.);
#5024=VERTEX_POINT('',#5025);
#5025=CARTESIAN_POINT('',(5.800000190735,-0.40000000596,9.6858000731E-08));
#5026=LINE('',#3910,#5027);
#5027=VECTOR('',#5028,1.);
#5028=DIRECTION('',(-0.447213222316,0.894427377592,0.));
#5029=ORIENTED_EDGE('',*,*,#5030,.T.);
#5030=EDGE_CURVE('',#5024,#4409,#5031,.T.);
#5031=LINE('',#5025,#34);
#5032=ORIENTED_EDGE('',*,*,#4408,.F.);
#5033=PLANE('',#5034);
#5034=AXIS2_PLACEMENT_3D('',#5035,#55,#199);
#5035=CARTESIAN_POINT('',(5.900000095367,-0.469098330519,9.6858000731E-08));
#5036=ADVANCED_FACE('',(#5037),#5046,.T.);
#5037=FACE_BOUND('',#5038,.T.);
#5038=EDGE_LOOP('',(#5039,#5040,#5045));
#5039=ORIENTED_EDGE('',*,*,#4433,.F.);
#5040=ORIENTED_EDGE('',*,*,#5041,.T.);
#5041=EDGE_CURVE('',#4427,#5024,#5042,.T.);
#5042=LINE('',#4428,#5043);
#5043=VECTOR('',#5044,1.);
#5044=DIRECTION('',(0.294298834832,0.95571344859,0.));
#5045=ORIENTED_EDGE('',*,*,#5023,.F.);
#5046=PLANE('',#5047);
#5047=AXIS2_PLACEMENT_3D('',#5048,#55,#199);
#5048=CARTESIAN_POINT('',(5.816700539659,-0.521371622762,9.6858000731E-08));
#5049=ADVANCED_FACE('',(#5050),#5065,.T.);
#5050=FACE_BOUND('',#5051,.T.);
#5051=EDGE_LOOP('',(#5052,#5059,#5064));
#5052=ORIENTED_EDGE('',*,*,#5053,.T.);
#5053=EDGE_CURVE('',#2177,#5054,#5056,.T.);
#5054=VERTEX_POINT('',#5055);
#5055=CARTESIAN_POINT('',(5.599999904633,-0.519615232944,9.6858000731E-08));
#5056=LINE('',#2178,#5057);
#5057=VECTOR('',#5058,1.);
#5058=DIRECTION('',(9.362513857633E-02,0.995607519772,0.));
#5059=ORIENTED_EDGE('',*,*,#5060,.T.);
#5060=EDGE_CURVE('',#5054,#4427,#5061,.T.);
#5061=LINE('',#5055,#5062);
#5062=VECTOR('',#5063,1.);
#5063=DIRECTION('',(0.92387953257,-0.382683432223,0.));
#5064=ORIENTED_EDGE('',*,*,#4426,.F.);
#5065=PLANE('',#5066);
#5066=AXIS2_PLACEMENT_3D('',#5067,#55,#199);
#5067=CARTESIAN_POINT('',(5.340125560054,-3.686275481368,9.6858000731E-08));
#5068=ADVANCED_FACE('',(#5069),#5082,.T.);
#5069=FACE_BOUND('',#5070,.T.);
#5070=EDGE_LOOP('',(#5071,#5078,#5079));
#5071=ORIENTED_EDGE('',*,*,#5072,.T.);
#5072=EDGE_CURVE('',#5073,#4473,#5075,.T.);
#5073=VERTEX_POINT('',#5074);
#5074=CARTESIAN_POINT('',(-0.636396110058,6.136395931244,9.6858000731E-08));
#5075=LINE('',#5074,#5076);
#5076=VECTOR('',#5077,1.);
#5077=DIRECTION('',(-0.608761413772,-0.793353351983,0.));
#5078=ORIENTED_EDGE('',*,*,#4480,.F.);
#5079=ORIENTED_EDGE('',*,*,#5080,.T.);
#5080=EDGE_CURVE('',#2015,#5073,#5081,.T.);
#5081=LINE('',#2016,#3405);
#5082=PLANE('',#5083);
#5083=AXIS2_PLACEMENT_3D('',#5084,#55,#199);
#5084=CARTESIAN_POINT('',(-1.308398359316,6.441729308856,9.6858000731E-08));
#5085=ADVANCED_FACE('',(#5086),#5099,.T.);
#5086=FACE_BOUND('',#5087,.T.);
#5087=EDGE_LOOP('',(#5088,#5093,#5094));
#5088=ORIENTED_EDGE('',*,*,#5089,.T.);
#5089=EDGE_CURVE('',#5090,#3982,#5092,.T.);
#5090=VERTEX_POINT('',#5091);
#5091=CARTESIAN_POINT('',(-0.869333267212,5.732937335968,-2.64999999851));
#5092=LINE('',#5091,#82);
#5093=ORIENTED_EDGE('',*,*,#4472,.F.);
#5094=ORIENTED_EDGE('',*,*,#5095,.T.);
#5095=EDGE_CURVE('',#4473,#5090,#5096,.T.);
#5096=LINE('',#4474,#5097);
#5097=VECTOR('',#5098,1.);
#5098=DIRECTION('',(-3.379588170043E-02,-8.159032379812E-02,-0.996092795598));
#5099=PLANE('',#5100);
#5100=AXIS2_PLACEMENT_3D('',#5101,#5102,#4477);
#5101=CARTESIAN_POINT('',(-0.845861198161,5.789603817731,-1.268861929336));
#5102=DIRECTION('',(-0.923879280196,0.382684041508,0.));
#5103=ADVANCED_FACE('',(#5104),#5111,.T.);
#5104=FACE_BOUND('',#5105,.T.);
#5105=EDGE_LOOP('',(#5106,#5107,#5110));
#5106=ORIENTED_EDGE('',*,*,#5089,.F.);
#5107=ORIENTED_EDGE('',*,*,#5108,.T.);
#5108=EDGE_CURVE('',#5090,#4490,#5109,.T.);
#5109=LINE('',#5091,#3985);
#5110=ORIENTED_EDGE('',*,*,#4495,.F.);
#5111=PLANE('',#5112);
#5112=AXIS2_PLACEMENT_3D('',#5113,#4502,#3986);
#5113=CARTESIAN_POINT('',(-0.877339140571,5.672126545492,-1.381138095684));
#5114=ADVANCED_FACE('',(#5115),#5122,.T.);
#5115=FACE_BOUND('',#5116,.T.);
#5116=EDGE_LOOP('',(#5117,#5118,#5121));
#5117=ORIENTED_EDGE('',*,*,#4489,.F.);
#5118=ORIENTED_EDGE('',*,*,#5119,.T.);
#5119=EDGE_CURVE('',#4490,#4508,#5120,.T.);
#5120=LINE('',#4491,#4005);
#5121=ORIENTED_EDGE('',*,*,#4513,.F.);
#5122=PLANE('',#5123);
#5123=AXIS2_PLACEMENT_3D('',#5124,#4520,#4006);
#5124=CARTESIAN_POINT('',(-0.891994102799,5.439189209524,-1.381138095684));
#5125=ADVANCED_FACE('',(#5126),#5139,.T.);
#5126=FACE_BOUND('',#5127,.T.);
#5127=EDGE_LOOP('',(#5128,#5129,#5134));
#5128=ORIENTED_EDGE('',*,*,#4507,.F.);
#5129=ORIENTED_EDGE('',*,*,#5130,.T.);
#5130=EDGE_CURVE('',#4508,#5131,#5133,.T.);
#5131=VERTEX_POINT('',#5132);
#5132=CARTESIAN_POINT('',(-0.779422879219,5.050000190735,-2.64999999851));
#5133=LINE('',#4509,#4732);
#5134=ORIENTED_EDGE('',*,*,#5135,.T.);
#5135=EDGE_CURVE('',#5131,#4002,#5136,.T.);
#5136=LINE('',#5132,#5137);
#5137=VECTOR('',#5138,1.);
#5138=DIRECTION('',(-3.379588170043E-02,8.159032379812E-02,0.996092795598));
#5139=PLANE('',#5140);
#5140=AXIS2_PLACEMENT_3D('',#5141,#5142,#4733);
#5141=CARTESIAN_POINT('',(-0.845861198161,5.210396182269,-1.381137972316));
#5142=DIRECTION('',(-0.923879280196,-0.382684041508,0.));
#5143=ADVANCED_FACE('',(#5144),#5157,.T.);
#5144=FACE_BOUND('',#5145,.T.);
#5145=EDGE_LOOP('',(#5146,#5147,#5152));
#5146=ORIENTED_EDGE('',*,*,#4532,.F.);
#5147=ORIENTED_EDGE('',*,*,#5148,.T.);
#5148=EDGE_CURVE('',#4002,#5149,#5151,.T.);
#5149=VERTEX_POINT('',#5150);
#5150=CARTESIAN_POINT('',(-0.779422879219,5.050000190735,9.6858000731E-08));
#5151=LINE('',#4003,#4732);
#5152=ORIENTED_EDGE('',*,*,#5153,.T.);
#5153=EDGE_CURVE('',#5149,#4526,#5154,.T.);
#5154=LINE('',#5150,#5155);
#5155=VECTOR('',#5156,1.);
#5156=DIRECTION('',(-5.615390052058E-03,-0.999984233573,0.));
#5157=PLANE('',#5158);
#5158=AXIS2_PLACEMENT_3D('',#5159,#55,#199);
#5159=CARTESIAN_POINT('',(-0.813185705184,3.330561809755,9.6858000731E-08));
#5160=ADVANCED_FACE('',(#5161),#5168,.T.);
#5161=FACE_BOUND('',#5162,.T.);
#5162=EDGE_LOOP('',(#5163,#5164,#5167));
#5163=ORIENTED_EDGE('',*,*,#4525,.F.);
#5164=ORIENTED_EDGE('',*,*,#5165,.T.);
#5165=EDGE_CURVE('',#4526,#4565,#5166,.T.);
#5166=LINE('',#4527,#54);
#5167=ORIENTED_EDGE('',*,*,#4570,.F.);
#5168=PLANE('',#5169);
#5169=AXIS2_PLACEMENT_3D('',#5170,#4577,#4578);
#5170=CARTESIAN_POINT('',(-0.889331373348,1.31709428578,-1.228757749834));
#5171=ADVANCED_FACE('',(#5172),#5187,.T.);
#5172=FACE_BOUND('',#5173,.T.);
#5173=EDGE_LOOP('',(#5174,#5181,#5182));
#5174=ORIENTED_EDGE('',*,*,#5175,.T.);
#5175=EDGE_CURVE('',#5176,#4545,#5178,.T.);
#5176=VERTEX_POINT('',#5177);
#5177=CARTESIAN_POINT('',(-0.712499976158,1.234086155891,-3.));
#5178=LINE('',#5177,#5179);
#5179=VECTOR('',#5180,1.);
#5180=DIRECTION('',(-0.79335334464,-0.608761423341,0.));
#5181=ORIENTED_EDGE('',*,*,#4544,.F.);
#5182=ORIENTED_EDGE('',*,*,#5183,.T.);
#5183=EDGE_CURVE('',#4020,#5176,#5184,.T.);
#5184=LINE('',#4021,#5185);
#5185=VECTOR('',#5186,1.);
#5186=DIRECTION('',(0.754137133715,0.184929013502,-0.630141605925));
#5187=PLANE('',#5188);
#5188=AXIS2_PLACEMENT_3D('',#5189,#5190,#5191);
#5189=CARTESIAN_POINT('',(-0.948268917784,1.131676567661,-2.874365168038));
#5190=DIRECTION('',(-0.545422730325,0.710808751599,-0.444145205866));
#5191=DIRECTION('',(0.79335334464,0.608761423341,5.020983628867E-13));
#5192=ADVANCED_FACE('',(#5193),#5202,.T.);
#5193=FACE_BOUND('',#5194,.T.);
#5194=EDGE_LOOP('',(#5195,#5196,#5201));
#5195=ORIENTED_EDGE('',*,*,#4564,.F.);
#5196=ORIENTED_EDGE('',*,*,#5197,.T.);
#5197=EDGE_CURVE('',#4565,#5176,#5198,.T.);
#5198=LINE('',#4566,#5199);
#5199=VECTOR('',#5200,1.);
#5200=DIRECTION('',(0.223606879466,-0.38729836803,-0.894427156104));
#5201=ORIENTED_EDGE('',*,*,#5183,.F.);
#5202=PLANE('',#5203);
#5203=AXIS2_PLACEMENT_3D('',#5204,#5205,#5206);
#5204=CARTESIAN_POINT('',(-0.887810466265,1.242387522703,-2.771428283013));
#5205=DIRECTION('',(-0.545422638147,0.710808922622,-0.44414504536));
#5206=DIRECTION('',(0.793353465068,0.608761266396,3.945177518005E-13));
#5207=ADVANCED_FACE('',(#5208),#5213,.T.);
#5208=FACE_BOUND('',#5209,.T.);
#5209=EDGE_LOOP('',(#5210,#5211,#5212));
#5210=ORIENTED_EDGE('',*,*,#4630,.F.);
#5211=ORIENTED_EDGE('',*,*,#4583,.F.);
#5212=ORIENTED_EDGE('',*,*,#4640,.F.);
#5213=PLANE('',#5214);
#5214=AXIS2_PLACEMENT_3D('',#5215,#55,#199);
#5215=CARTESIAN_POINT('',(-1.166539949529,0.16307096957,-3.));
#5216=ADVANCED_FACE('',(#5217),#5222,.T.);
#5217=FACE_BOUND('',#5218,.T.);
#5218=EDGE_LOOP('',(#5219,#5220,#5221));
#5219=ORIENTED_EDGE('',*,*,#4615,.F.);
#5220=ORIENTED_EDGE('',*,*,#4598,.F.);
#5221=ORIENTED_EDGE('',*,*,#4625,.F.);
#5222=PLANE('',#5223);
#5223=AXIS2_PLACEMENT_3D('',#5224,#55,#199);
#5224=CARTESIAN_POINT('',(-1.329127710096,0.176587954613,-3.));
#5225=ADVANCED_FACE('',(#5226),#5235,.T.);
#5226=FACE_BOUND('',#5227,.T.);
#5227=EDGE_LOOP('',(#5228,#5229,#5230));
#5228=ORIENTED_EDGE('',*,*,#4645,.F.);
#5229=ORIENTED_EDGE('',*,*,#5175,.F.);
#5230=ORIENTED_EDGE('',*,*,#5231,.T.);
#5231=EDGE_CURVE('',#5176,#4108,#5232,.T.);
#5232=LINE('',#5177,#5233);
#5233=VECTOR('',#5234,1.);
#5234=DIRECTION('',(-0.130526192434,-0.991444861346,0.));
#5235=PLANE('',#5236);
#5236=AXIS2_PLACEMENT_3D('',#5237,#55,#199);
#5237=CARTESIAN_POINT('',(-0.924039077961,0.144778751036,-3.));
#5238=ADVANCED_FACE('',(#5239),#5254,.T.);
#5239=FACE_BOUND('',#5240,.T.);
#5240=EDGE_LOOP('',(#5241,#5248,#5253));
#5241=ORIENTED_EDGE('',*,*,#5242,.T.);
#5242=EDGE_CURVE('',#4108,#5243,#5245,.T.);
#5243=VERTEX_POINT('',#5244);
#5244=CARTESIAN_POINT('',(-0.712499976158,-1.234086155891,-3.));
#5245=LINE('',#4109,#5246);
#5246=VECTOR('',#5247,1.);
#5247=DIRECTION('',(0.79335334464,-0.608761423341,0.));
#5248=ORIENTED_EDGE('',*,*,#5249,.T.);
#5249=EDGE_CURVE('',#5243,#4655,#5250,.T.);
#5250=LINE('',#5244,#5251);
#5251=VECTOR('',#5252,1.);
#5252=DIRECTION('',(-0.223606879466,-0.38729836803,0.894427156104));
#5253=ORIENTED_EDGE('',*,*,#4660,.F.);
#5254=PLANE('',#5255);
#5255=AXIS2_PLACEMENT_3D('',#5256,#5257,#5258);
#5256=CARTESIAN_POINT('',(-0.847685560579,-1.208856851573,-2.874365171376));
#5257=DIRECTION('',(-0.545422781565,-0.710808818376,-0.444145036074));
#5258=DIRECTION('',(-0.79335334464,0.608761423341,-3.708977569516E-13));
#5259=ADVANCED_FACE('',(#5260),#5274,.T.);
#5260=FACE_BOUND('',#5261,.T.);
#5261=EDGE_LOOP('',(#5262,#5268,#5269));
#5262=ORIENTED_EDGE('',*,*,#5263,.T.);
#5263=EDGE_CURVE('',#5264,#4143,#5266,.T.);
#5264=VERTEX_POINT('',#5265);
#5265=CARTESIAN_POINT('',(-0.414110481739,-1.545481324196,9.6858000731E-08));
#5266=LINE('',#5265,#5267);
#5267=VECTOR('',#3230,1.);
#5268=ORIENTED_EDGE('',*,*,#4674,.F.);
#5269=ORIENTED_EDGE('',*,*,#5270,.T.);
#5270=EDGE_CURVE('',#4655,#5264,#5271,.T.);
#5271=LINE('',#4656,#5272);
#5272=VECTOR('',#5273,1.);
#5273=DIRECTION('',(0.143842904073,-5.958169142158E-02,0.987805264713));
#5274=PLANE('',#5275);
#5275=AXIS2_PLACEMENT_3D('',#5276,#2946,#3230);
#5276=CARTESIAN_POINT('',(-0.695971449727,-1.428730669538,-1.228757744036));
#5277=ADVANCED_FACE('',(#5278),#5291,.T.);
#5278=FACE_BOUND('',#5279,.T.);
#5279=EDGE_LOOP('',(#5280,#5285,#5286));
#5280=ORIENTED_EDGE('',*,*,#5281,.T.);
#5281=EDGE_CURVE('',#5282,#4161,#5284,.T.);
#5282=VERTEX_POINT('',#5283);
#5283=CARTESIAN_POINT('',(-0.779422879219,-5.050000190735,9.6858000731E-08));
#5284=LINE('',#5283,#4476);
#5285=ORIENTED_EDGE('',*,*,#4686,.F.);
#5286=ORIENTED_EDGE('',*,*,#5287,.T.);
#5287=EDGE_CURVE('',#4143,#5282,#5288,.T.);
#5288=LINE('',#4144,#5289);
#5289=VECTOR('',#5290,1.);
#5290=DIRECTION('',(5.615390052058E-03,-0.999984233573,0.));
#5291=PLANE('',#5292);
#5292=AXIS2_PLACEMENT_3D('',#5293,#55,#199);
#5293=CARTESIAN_POINT('',(-0.813185705184,-3.330561809755,9.6858000731E-08));
#5294=ADVANCED_FACE('',(#5295),#5306,.T.);
#5295=FACE_BOUND('',#5296,.T.);
#5296=EDGE_LOOP('',(#5297,#5302,#5305));
#5297=ORIENTED_EDGE('',*,*,#5298,.T.);
#5298=EDGE_CURVE('',#4161,#5299,#5301,.T.);
#5299=VERTEX_POINT('',#5300);
#5300=CARTESIAN_POINT('',(-0.869333267212,-5.267062664032,-2.64999999851));
#5301=LINE('',#4162,#54);
#5302=ORIENTED_EDGE('',*,*,#5303,.T.);
#5303=EDGE_CURVE('',#5299,#4698,#5304,.T.);
#5304=LINE('',#5300,#3985);
#5305=ORIENTED_EDGE('',*,*,#4703,.F.);
#5306=PLANE('',#5307);
#5307=AXIS2_PLACEMENT_3D('',#5308,#4502,#3986);
#5308=CARTESIAN_POINT('',(-0.877339140571,-5.327873454508,-1.381138095684));
#5309=ADVANCED_FACE('',(#5310),#5317,.T.);
#5310=FACE_BOUND('',#5311,.T.);
#5311=EDGE_LOOP('',(#5312,#5313,#5316));
#5312=ORIENTED_EDGE('',*,*,#4697,.F.);
#5313=ORIENTED_EDGE('',*,*,#5314,.T.);
#5314=EDGE_CURVE('',#4698,#4713,#5315,.T.);
#5315=LINE('',#4699,#4005);
#5316=ORIENTED_EDGE('',*,*,#4718,.F.);
#5317=PLANE('',#5318);
#5318=AXIS2_PLACEMENT_3D('',#5319,#4520,#4006);
#5319=CARTESIAN_POINT('',(-0.891994102799,-5.560810790476,-1.381138095684));
#5320=ADVANCED_FACE('',(#5321),#5332,.T.);
#5321=FACE_BOUND('',#5322,.T.);
#5322=EDGE_LOOP('',(#5323,#5324,#5329));
#5323=ORIENTED_EDGE('',*,*,#4712,.F.);
#5324=ORIENTED_EDGE('',*,*,#5325,.T.);
#5325=EDGE_CURVE('',#4713,#5326,#5328,.T.);
#5326=VERTEX_POINT('',#5327);
#5327=CARTESIAN_POINT('',(-0.779422879219,-5.949999809265,-2.64999999851));
#5328=LINE('',#4714,#4732);
#5329=ORIENTED_EDGE('',*,*,#5330,.T.);
#5330=EDGE_CURVE('',#5326,#4179,#5331,.T.);
#5331=LINE('',#5327,#5137);
#5332=PLANE('',#5333);
#5333=AXIS2_PLACEMENT_3D('',#5334,#5142,#4733);
#5334=CARTESIAN_POINT('',(-0.845861198161,-5.789603817731,-1.381137972316));
#5335=ADVANCED_FACE('',(#5336),#5343,.T.);
#5336=FACE_BOUND('',#5337,.T.);
#5337=EDGE_LOOP('',(#5338,#5341,#5342));
#5338=ORIENTED_EDGE('',*,*,#5339,.T.);
#5339=EDGE_CURVE('',#5326,#4729,#5340,.T.);
#5340=LINE('',#5327,#82);
#5341=ORIENTED_EDGE('',*,*,#4728,.F.);
#5342=ORIENTED_EDGE('',*,*,#5330,.F.);
#5343=PLANE('',#5344);
#5344=AXIS2_PLACEMENT_3D('',#5345,#5142,#4733);
#5345=CARTESIAN_POINT('',(-0.80289494827,-5.893333327502,-1.268861929336));
#5346=ADVANCED_FACE('',(#5347),#5356,.T.);
#5347=FACE_BOUND('',#5348,.T.);
#5348=EDGE_LOOP('',(#5349,#5350,#5355));
#5349=ORIENTED_EDGE('',*,*,#4735,.F.);
#5350=ORIENTED_EDGE('',*,*,#5351,.T.);
#5351=EDGE_CURVE('',#4729,#4981,#5352,.T.);
#5352=LINE('',#4730,#5353);
#5353=VECTOR('',#5354,1.);
#5354=DIRECTION('',(0.608761413772,-0.793353351983,0.));
#5355=ORIENTED_EDGE('',*,*,#4980,.F.);
#5356=PLANE('',#5357);
#5357=AXIS2_PLACEMENT_3D('',#5358,#55,#199);
#5358=CARTESIAN_POINT('',(-1.308398359316,-6.441729308856,9.6858000731E-08));
#5359=ADVANCED_FACE('',(#5360),#5375,.T.);
#5360=FACE_BOUND('',#5361,.T.);
#5361=EDGE_LOOP('',(#5362,#5369,#5374));
#5362=ORIENTED_EDGE('',*,*,#5363,.T.);
#5363=EDGE_CURVE('',#4747,#5364,#5366,.T.);
#5364=VERTEX_POINT('',#5365);
#5365=CARTESIAN_POINT('',(5.744708538055,0.579555511475,9.6858000731E-08));
#5366=LINE('',#4748,#5367);
#5367=VECTOR('',#5368,1.);
#5368=DIRECTION('',(-0.991444868815,-0.130526135695,0.));
#5369=ORIENTED_EDGE('',*,*,#5370,.T.);
#5370=EDGE_CURVE('',#5364,#2622,#5371,.T.);
#5371=LINE('',#5365,#5372);
#5372=VECTOR('',#5373,1.);
#5373=DIRECTION('',(-0.117015885932,0.993130043066,0.));
#5374=ORIENTED_EDGE('',*,*,#4753,.F.);
#5375=PLANE('',#5376);
#5376=AXIS2_PLACEMENT_3D('',#5377,#55,#199);
#5377=CARTESIAN_POINT('',(5.416174951621,3.706534233411,9.6858000731E-08));
#5378=ADVANCED_FACE('',(#5379),#5392,.T.);
#5379=FACE_BOUND('',#5380,.T.);
#5380=EDGE_LOOP('',(#5381,#5386,#5387));
#5381=ORIENTED_EDGE('',*,*,#5382,.T.);
#5382=EDGE_CURVE('',#5383,#4747,#5385,.T.);
#5383=VERTEX_POINT('',#5384);
#5384=CARTESIAN_POINT('',(6.,0.40000000596,9.6858000731E-08));
#5385=LINE('',#5384,#5027);
#5386=ORIENTED_EDGE('',*,*,#4746,.F.);
#5387=ORIENTED_EDGE('',*,*,#5388,.T.);
#5388=EDGE_CURVE('',#4215,#5383,#5389,.T.);
#5389=LINE('',#4216,#5390);
#5390=VECTOR('',#5391,1.);
#5391=DIRECTION('',(-0.294298834832,-0.95571344859,0.));
#5392=PLANE('',#5393);
#5393=AXIS2_PLACEMENT_3D('',#5394,#55,#199);
#5394=CARTESIAN_POINT('',(5.983299651076,0.521371622762,9.6858000731E-08));
#5395=ADVANCED_FACE('',(#5396),#5409,.T.);
#5396=FACE_BOUND('',#5397,.T.);
#5397=EDGE_LOOP('',(#5398,#5403,#5404));
#5398=ORIENTED_EDGE('',*,*,#5399,.T.);
#5399=EDGE_CURVE('',#5400,#4767,#5402,.T.);
#5400=VERTEX_POINT('',#5401);
#5401=CARTESIAN_POINT('',(0.636396110058,6.136395931244,-2.64999999851));
#5402=LINE('',#5401,#4792);
#5403=ORIENTED_EDGE('',*,*,#4766,.F.);
#5404=ORIENTED_EDGE('',*,*,#5405,.T.);
#5405=EDGE_CURVE('',#4234,#5400,#5406,.T.);
#5406=LINE('',#4235,#5407);
#5407=VECTOR('',#5408,1.);
#5408=DIRECTION('',(7.006333019598E-02,-5.376150439357E-02,-0.996092782027));
#5409=PLANE('',#5410);
#5410=AXIS2_PLACEMENT_3D('',#5411,#5412,#4990);
#5411=CARTESIAN_POINT('',(0.498660694212,6.242084072865,-1.381138065859));
#5412=DIRECTION('',(0.608761573449,0.793353229458,0.));
#5413=ADVANCED_FACE('',(#5414),#5421,.T.);
#5414=FACE_BOUND('',#5415,.T.);
#5415=EDGE_LOOP('',(#5416,#5419,#5420));
#5416=ORIENTED_EDGE('',*,*,#5417,.T.);
#5417=EDGE_CURVE('',#4767,#4822,#5418,.T.);
#5418=LINE('',#4768,#4242);
#5419=ORIENTED_EDGE('',*,*,#4821,.F.);
#5420=ORIENTED_EDGE('',*,*,#4771,.F.);
#5421=PLANE('',#5422);
#5422=AXIS2_PLACEMENT_3D('',#5423,#4778,#4366);
#5423=CARTESIAN_POINT('',(0.289603725236,6.345861165397,-1.381138061158));
#5424=ADVANCED_FACE('',(#5425),#5432,.T.);
#5425=FACE_BOUND('',#5426,.T.);
#5426=EDGE_LOOP('',(#5427,#5428,#5431));
#5427=ORIENTED_EDGE('',*,*,#4790,.F.);
#5428=ORIENTED_EDGE('',*,*,#5429,.T.);
#5429=EDGE_CURVE('',#4784,#5400,#5430,.T.);
#5430=LINE('',#4785,#54);
#5431=ORIENTED_EDGE('',*,*,#5405,.F.);
#5432=PLANE('',#5433);
#5433=AXIS2_PLACEMENT_3D('',#5434,#5412,#4990);
#5434=CARTESIAN_POINT('',(0.587735403925,6.173734618389,-1.268861835793));
#5435=ADVANCED_FACE('',(#5436),#5449,.T.);
#5436=FACE_BOUND('',#5437,.T.);
#5437=EDGE_LOOP('',(#5438,#5443,#5448));
#5438=ORIENTED_EDGE('',*,*,#5439,.T.);
#5439=EDGE_CURVE('',#3070,#5440,#5442,.T.);
#5440=VERTEX_POINT('',#5441);
#5441=CARTESIAN_POINT('',(0.779422879219,5.949999809265,9.6858000731E-08));
#5442=LINE('',#3071,#4737);
#5443=ORIENTED_EDGE('',*,*,#5444,.T.);
#5444=EDGE_CURVE('',#5440,#4784,#5445,.T.);
#5445=LINE('',#5441,#5446);
#5446=VECTOR('',#5447,1.);
#5447=DIRECTION('',(-0.608761413772,0.793353351983,0.));
#5448=ORIENTED_EDGE('',*,*,#4783,.F.);
#5449=PLANE('',#5450);
#5450=AXIS2_PLACEMENT_3D('',#5451,#55,#199);
#5451=CARTESIAN_POINT('',(1.308398359316,6.441729308856,9.6858000731E-08));
#5452=ADVANCED_FACE('',(#5453),#5467,.T.);
#5453=FACE_BOUND('',#5454,.T.);
#5454=EDGE_LOOP('',(#5455,#5461,#5466));
#5455=ORIENTED_EDGE('',*,*,#5456,.T.);
#5456=EDGE_CURVE('',#4803,#5457,#5459,.T.);
#5457=VERTEX_POINT('',#5458);
#5458=CARTESIAN_POINT('',(-0.449999988079,6.27942276001,9.6858000731E-08));
#5459=LINE('',#4804,#5460);
#5460=VECTOR('',#4852,1.);
#5461=ORIENTED_EDGE('',*,*,#5462,.T.);
#5462=EDGE_CURVE('',#5457,#2015,#5463,.T.);
#5463=LINE('',#5458,#5464);
#5464=VECTOR('',#5465,1.);
#5465=DIRECTION('',(-0.928357406298,0.371688749051,0.));
#5466=ORIENTED_EDGE('',*,*,#4808,.F.);
#5467=PLANE('',#5468);
#5468=AXIS2_PLACEMENT_3D('',#5469,#55,#199);
#5469=CARTESIAN_POINT('',(-1.116234329339,6.595206496101,9.6858000731E-08));
#5470=ADVANCED_FACE('',(#5471),#5484,.T.);
#5471=FACE_BOUND('',#5472,.T.);
#5472=EDGE_LOOP('',(#5473,#5474,#5479));
#5473=ORIENTED_EDGE('',*,*,#4802,.F.);
#5474=ORIENTED_EDGE('',*,*,#5475,.T.);
#5475=EDGE_CURVE('',#4253,#5476,#5478,.T.);
#5476=VERTEX_POINT('',#5477);
#5477=CARTESIAN_POINT('',(-3.552713678801E-15,6.400000095367,-2.64999999851));
#5478=LINE('',#4254,#4380);
#5479=ORIENTED_EDGE('',*,*,#5480,.T.);
#5480=EDGE_CURVE('',#5476,#4803,#5481,.T.);
#5481=LINE('',#5477,#5482);
#5482=VECTOR('',#5483,1.);
#5483=DIRECTION('',(-8.755735776054E-02,-1.152717174351E-02,0.996092783537));
#5484=PLANE('',#5485);
#5485=AXIS2_PLACEMENT_3D('',#5486,#5487,#3871);
#5486=CARTESIAN_POINT('',(-6.081073797709E-02,6.391994191141,-1.268861846195));
#5487=DIRECTION('',(-0.130526491765,0.991444821938,0.));
#5488=ADVANCED_FACE('',(#5489),#5496,.T.);
#5489=FACE_BOUND('',#5490,.T.);
#5490=EDGE_LOOP('',(#5491,#5494,#5495));
#5491=ORIENTED_EDGE('',*,*,#5492,.T.);
#5492=EDGE_CURVE('',#4822,#5476,#5493,.T.);
#5493=LINE('',#4823,#4256);
#5494=ORIENTED_EDGE('',*,*,#5475,.F.);
#5495=ORIENTED_EDGE('',*,*,#4826,.F.);
#5496=PLANE('',#5497);
#5497=AXIS2_PLACEMENT_3D('',#5498,#4833,#3856);
#5498=CARTESIAN_POINT('',(6.081073797709E-02,6.391994191141,-1.381138055457));
#5499=ADVANCED_FACE('',(#5500),#5515,.T.);
#5500=FACE_BOUND('',#5501,.T.);
#5501=EDGE_LOOP('',(#5502,#5503,#5510));
#5502=ORIENTED_EDGE('',*,*,#4838,.F.);
#5503=ORIENTED_EDGE('',*,*,#5504,.T.);
#5504=EDGE_CURVE('',#4839,#5505,#5507,.T.);
#5505=VERTEX_POINT('',#5506);
#5506=CARTESIAN_POINT('',(0.187643811107,-6.200296401978,-3.));
#5507=LINE('',#4840,#5508);
#5508=VECTOR('',#5509,1.);
#5509=DIRECTION('',(-0.11574741067,0.431974839641,-0.89442734464));
#5510=ORIENTED_EDGE('',*,*,#5511,.T.);
#5511=EDGE_CURVE('',#5505,#4273,#5512,.T.);
#5512=LINE('',#5506,#5513);
#5513=VECTOR('',#5514,1.);
#5514=DIRECTION('',(0.59021045083,-0.178006875941,0.787378673732));
#5515=PLANE('',#5516);
#5516=AXIS2_PLACEMENT_3D('',#5517,#5518,#5519);
#5517=CARTESIAN_POINT('',(0.28412836867,-6.274833312237,-2.786601760203));
#5518=DIRECTION('',(0.342867603894,-0.827754398887,-0.444144640093));
#5519=DIRECTION('',(5.134781488891E-14,0.472804267716,-0.881167478082));
#5520=ADVANCED_FACE('',(#5521),#5536,.T.);
#5521=FACE_BOUND('',#5522,.T.);
#5522=EDGE_LOOP('',(#5523,#5524,#5531));
#5523=ORIENTED_EDGE('',*,*,#4857,.F.);
#5524=ORIENTED_EDGE('',*,*,#5525,.T.);
#5525=EDGE_CURVE('',#4273,#5526,#5528,.T.);
#5526=VERTEX_POINT('',#5527);
#5527=CARTESIAN_POINT('',(0.362500011921,-6.127868652344,-3.));
#5528=LINE('',#4274,#5529);
#5529=VECTOR('',#5530,1.);
#5530=DIRECTION('',(-0.22360681391,0.387297604389,-0.894427503159));
#5531=ORIENTED_EDGE('',*,*,#5532,.T.);
#5532=EDGE_CURVE('',#5526,#4858,#5533,.T.);
#5533=LINE('',#5527,#5534);
#5534=VECTOR('',#5535,1.);
#5535=DIRECTION('',(0.616171206132,-1.918341940852E-02,0.787378588199));
#5536=PLANE('',#5537);
#5537=AXIS2_PLACEMENT_3D('',#5538,#5539,#5540);
#5538=CARTESIAN_POINT('',(0.474988548155,-6.174893635401,-2.786601756816));
#5539=DIRECTION('',(0.54542311718,-0.710808977289,-0.444144369604));
#5540=DIRECTION('',(-0.793353229458,-0.608761573449,2.594313652793E-13));
#5541=ADVANCED_FACE('',(#5542),#5557,.T.);
#5542=FACE_BOUND('',#5543,.T.);
#5543=EDGE_LOOP('',(#5544,#5545,#5552));
#5544=ORIENTED_EDGE('',*,*,#4884,.F.);
#5545=ORIENTED_EDGE('',*,*,#5546,.T.);
#5546=EDGE_CURVE('',#4858,#5547,#5549,.T.);
#5547=VERTEX_POINT('',#5548);
#5548=CARTESIAN_POINT('',(0.512652397156,-6.012652397156,-3.));
#5549=LINE('',#4859,#5550);
#5550=VECTOR('',#5551,1.);
#5551=DIRECTION('',(-0.316227864188,0.316227407228,-0.894427283142));
#5552=ORIENTED_EDGE('',*,*,#5553,.T.);
#5553=EDGE_CURVE('',#5547,#4304,#5554,.T.);
#5554=LINE('',#5548,#5555);
#5555=VECTOR('',#5556,1.);
#5556=DIRECTION('',(0.600140966203,0.140946570779,0.787378488956));
#5557=PLANE('',#5558);
#5558=AXIS2_PLACEMENT_3D('',#5559,#5560,#5561);
#5559=CARTESIAN_POINT('',(0.633479019484,-6.028960987124,-2.786601766906));
#5560=DIRECTION('',(0.710808913912,-0.545422841251,-0.444144809881));
#5561=DIRECTION('',(0.608761413772,0.793353351983,1.892097589717E-13));
#5562=ADVANCED_FACE('',(#5563),#5578,.T.);
#5563=FACE_BOUND('',#5564,.T.);
#5564=EDGE_LOOP('',(#5565,#5566,#5573));
#5565=ORIENTED_EDGE('',*,*,#4895,.F.);
#5566=ORIENTED_EDGE('',*,*,#5567,.T.);
#5567=EDGE_CURVE('',#4304,#5568,#5570,.T.);
#5568=VERTEX_POINT('',#5569);
#5569=CARTESIAN_POINT('',(0.627868413925,-5.862500190735,-3.));
#5570=LINE('',#4305,#5571);
#5571=VECTOR('',#5572,1.);
#5572=DIRECTION('',(-0.387298460369,0.223605866537,-0.894427369352));
#5573=ORIENTED_EDGE('',*,*,#5574,.T.);
#5574=EDGE_CURVE('',#5568,#4896,#5575,.T.);
#5575=LINE('',#5569,#5576);
#5576=VECTOR('',#5577,1.);
#5577=DIRECTION('',(0.543212125875,0.291471461848,0.787378545066));
#5578=PLANE('',#5579);
#5579=AXIS2_PLACEMENT_3D('',#5580,#5581,#5582);
#5580=CARTESIAN_POINT('',(0.748798939738,-5.846980839712,-2.786601812147));
#5581=DIRECTION('',(0.827754311656,-0.342867701604,-0.444144727236));
#5582=DIRECTION('',(0.472804378432,-1.155464612879E-13,0.881167418676));
#5583=ADVANCED_FACE('',(#5584),#5597,.T.);
#5584=FACE_BOUND('',#5585,.T.);
#5585=EDGE_LOOP('',(#5586,#5587,#5592));
#5586=ORIENTED_EDGE('',*,*,#4912,.F.);
#5587=ORIENTED_EDGE('',*,*,#5588,.T.);
#5588=EDGE_CURVE('',#4896,#5589,#5591,.T.);
#5589=VERTEX_POINT('',#5590);
#5590=CARTESIAN_POINT('',(0.899999976158,-5.5,-2.64999999851));
#5591=LINE('',#4897,#4928);
#5592=ORIENTED_EDGE('',*,*,#5593,.T.);
#5593=EDGE_CURVE('',#5589,#4323,#5594,.T.);
#5594=LINE('',#5590,#5595);
#5595=VECTOR('',#5596,1.);
#5596=DIRECTION('',(-1.15271268671E-02,-8.755743006196E-02,0.996092777701));
#5597=PLANE('',#5598);
#5598=AXIS2_PLACEMENT_3D('',#5599,#5600,#4929);
#5599=CARTESIAN_POINT('',(0.877339140571,-5.672126545492,-1.381138095684));
#5600=DIRECTION('',(0.991444901646,-0.130525886323,0.));
#5601=ADVANCED_FACE('',(#5602),#5609,.T.);
#5602=FACE_BOUND('',#5603,.T.);
#5603=EDGE_LOOP('',(#5604,#5607,#5608));
#5604=ORIENTED_EDGE('',*,*,#5605,.T.);
#5605=EDGE_CURVE('',#5589,#4925,#5606,.T.);
#5606=LINE('',#5590,#82);
#5607=ORIENTED_EDGE('',*,*,#4924,.F.);
#5608=ORIENTED_EDGE('',*,*,#5593,.F.);
#5609=PLANE('',#5610);
#5610=AXIS2_PLACEMENT_3D('',#5611,#5600,#4929);
#5611=CARTESIAN_POINT('',(0.891994102799,-5.560810790476,-1.268861805968));
#5612=ADVANCED_FACE('',(#5613),#5626,.T.);
#5613=FACE_BOUND('',#5614,.T.);
#5614=EDGE_LOOP('',(#5615,#5616,#5623));
#5615=ORIENTED_EDGE('',*,*,#4931,.F.);
#5616=ORIENTED_EDGE('',*,*,#5617,.T.);
#5617=EDGE_CURVE('',#4925,#5618,#5620,.T.);
#5618=VERTEX_POINT('',#5619);
#5619=CARTESIAN_POINT('',(1.600000023842,0.,9.6858000731E-08));
#5620=LINE('',#4926,#5621);
#5621=VECTOR('',#5622,1.);
#5622=DIRECTION('',(0.126254288137,0.991997910646,0.));
#5623=ORIENTED_EDGE('',*,*,#5624,.T.);
#5624=EDGE_CURVE('',#5618,#2846,#5625,.T.);
#5625=LINE('',#5619,#2573);
#5626=PLANE('',#5627);
#5627=AXIS2_PLACEMENT_3D('',#5628,#55,#199);
#5628=CARTESIAN_POINT('',(1.542030380338,-3.521308747925,9.6858000731E-08));
#5629=ADVANCED_FACE('',(#5630),#5645,.T.);
#5630=FACE_BOUND('',#5631,.T.);
#5631=EDGE_LOOP('',(#5632,#5633,#5640));
#5632=ORIENTED_EDGE('',*,*,#4940,.F.);
#5633=ORIENTED_EDGE('',*,*,#5634,.T.);
#5634=EDGE_CURVE('',#4941,#5635,#5637,.T.);
#5635=VERTEX_POINT('',#5636);
#5636=CARTESIAN_POINT('',(-0.362500011921,-6.127868652344,-3.));
#5637=LINE('',#4942,#5638);
#5638=VECTOR('',#5639,1.);
#5639=DIRECTION('',(0.22360681391,0.387297604389,-0.894427503159));
#5640=ORIENTED_EDGE('',*,*,#5641,.T.);
#5641=EDGE_CURVE('',#5635,#4340,#5642,.T.);
#5642=LINE('',#5636,#5643);
#5643=VECTOR('',#5644,1.);
#5644=DIRECTION('',(0.291471577444,-0.543211742476,0.787378766781));
#5645=PLANE('',#5646);
#5646=AXIS2_PLACEMENT_3D('',#5647,#5648,#5649);
#5647=CARTESIAN_POINT('',(-0.346980761264,-6.248799027934,-2.786601755832));
#5648=DIRECTION('',(-0.34286766404,-0.827754544094,-0.444144323039));
#5649=DIRECTION('',(-1.638134072834E-13,0.472803941252,-0.881167653251));
#5650=ADVANCED_FACE('',(#5651),#5666,.T.);
#5651=FACE_BOUND('',#5652,.T.);
#5652=EDGE_LOOP('',(#5653,#5654,#5661));
#5653=ORIENTED_EDGE('',*,*,#4958,.F.);
#5654=ORIENTED_EDGE('',*,*,#5655,.T.);
#5655=EDGE_CURVE('',#4340,#5656,#5658,.T.);
#5656=VERTEX_POINT('',#5657);
#5657=CARTESIAN_POINT('',(-0.187643811107,-6.200296401978,-3.));
#5658=LINE('',#4341,#5659);
#5659=VECTOR('',#5660,1.);
#5660=DIRECTION('',(0.11574741067,0.431974839641,-0.89442734464));
#5661=ORIENTED_EDGE('',*,*,#5662,.T.);
#5662=EDGE_CURVE('',#5656,#4377,#5663,.T.);
#5663=LINE('',#5657,#5664);
#5664=VECTOR('',#5665,1.);
#5665=DIRECTION('',(0.422133504834,-0.449264057907,0.787378632152));
#5666=PLANE('',#5667);
#5667=AXIS2_PLACEMENT_3D('',#5668,#5669,#5670);
#5668=CARTESIAN_POINT('',(-0.141354248805,-6.313089584352,-2.786601764235));
#5669=DIRECTION('',(-0.116945874624,-0.888290034271,-0.444144658217));
#5670=DIRECTION('',(3.909372825461E-14,0.447213306381,-0.894427335559));
#5671=ADVANCED_FACE('',(#5672),#5685,.T.);
#5672=FACE_BOUND('',#5673,.T.);
#5673=EDGE_LOOP('',(#5674,#5679,#5680));
#5674=ORIENTED_EDGE('',*,*,#5675,.T.);
#5675=EDGE_CURVE('',#5676,#4941,#5678,.T.);
#5676=VERTEX_POINT('',#5677);
#5677=CARTESIAN_POINT('',(-0.636396110058,-6.136395931244,-2.64999999851));
#5678=LINE('',#5677,#4989);
#5679=ORIENTED_EDGE('',*,*,#4970,.F.);
#5680=ORIENTED_EDGE('',*,*,#5681,.T.);
#5681=EDGE_CURVE('',#4357,#5676,#5682,.T.);
#5682=LINE('',#4358,#5683);
#5683=VECTOR('',#5684,1.);
#5684=DIRECTION('',(-7.006333019598E-02,5.376150439357E-02,-0.996092782027));
#5685=PLANE('',#5686);
#5686=AXIS2_PLACEMENT_3D('',#5687,#5688,#4793);
#5687=CARTESIAN_POINT('',(-0.498660694212,-6.242084072865,-1.381138065859));
#5688=DIRECTION('',(-0.608761573449,-0.793353229458,0.));
#5689=ADVANCED_FACE('',(#5690),#5697,.T.);
#5690=FACE_BOUND('',#5691,.T.);
#5691=EDGE_LOOP('',(#5692,#5693,#5696));
#5692=ORIENTED_EDGE('',*,*,#4987,.F.);
#5693=ORIENTED_EDGE('',*,*,#5694,.T.);
#5694=EDGE_CURVE('',#4981,#5676,#5695,.T.);
#5695=LINE('',#4982,#54);
#5696=ORIENTED_EDGE('',*,*,#5681,.F.);
#5697=PLANE('',#5698);
#5698=AXIS2_PLACEMENT_3D('',#5699,#5688,#4793);
#5699=CARTESIAN_POINT('',(-0.587735403925,-6.173734618389,-1.268861835793));
#5700=ADVANCED_FACE('',(#5701),#5716,.T.);
#5701=FACE_BOUND('',#5702,.T.);
#5702=EDGE_LOOP('',(#5703,#5704,#5711));
#5703=ORIENTED_EDGE('',*,*,#4999,.F.);
#5704=ORIENTED_EDGE('',*,*,#5705,.T.);
#5705=EDGE_CURVE('',#4377,#5706,#5708,.T.);
#5706=VERTEX_POINT('',#5707);
#5707=CARTESIAN_POINT('',(-4.440892098501E-15,-6.224999904633,-3.));
#5708=LINE('',#4378,#5709);
#5709=VECTOR('',#5710,1.);
#5710=DIRECTION('',(-2.269745009044E-15,0.447213983916,-0.894426996792));
#5711=ORIENTED_EDGE('',*,*,#5712,.T.);
#5712=EDGE_CURVE('',#5706,#4839,#5713,.T.);
#5713=LINE('',#5707,#5714);
#5714=VECTOR('',#5715,1.);
#5715=DIRECTION('',(0.524027704753,-0.324699959741,0.787378499069));
#5716=PLANE('',#5717);
#5717=AXIS2_PLACEMENT_3D('',#5718,#5719,#5720);
#5718=CARTESIAN_POINT('',(7.390531740519E-02,-6.32196929194,-2.786601772387));
#5719=DIRECTION('',(0.116945830936,-0.88828970243,-0.444145333403));
#5720=DIRECTION('',(1.048883202515E-13,0.447213983916,-0.894426996792));
#5721=ADVANCED_FACE('',(#5722),#5729,.T.);
#5722=FACE_BOUND('',#5723,.T.);
#5723=EDGE_LOOP('',(#5724,#5725,#5728));
#5724=ORIENTED_EDGE('',*,*,#5011,.F.);
#5725=ORIENTED_EDGE('',*,*,#5726,.T.);
#5726=EDGE_CURVE('',#4409,#5383,#5727,.T.);
#5727=LINE('',#4410,#189);
#5728=ORIENTED_EDGE('',*,*,#5388,.F.);
#5729=PLANE('',#5730);
#5730=AXIS2_PLACEMENT_3D('',#5731,#55,#199);
#5731=CARTESIAN_POINT('',(6.016413339614,9.146803502113E-02,9.6858000731E-08));
#5732=ADVANCED_FACE('',(#5733),#5746,.T.);
#5733=FACE_BOUND('',#5734,.T.);
#5734=EDGE_LOOP('',(#5735,#5736,#5741));
#5735=ORIENTED_EDGE('',*,*,#5030,.F.);
#5736=ORIENTED_EDGE('',*,*,#5737,.T.);
#5737=EDGE_CURVE('',#5024,#5738,#5740,.T.);
#5738=VERTEX_POINT('',#5739);
#5739=CARTESIAN_POINT('',(5.800000190735,-0.40000000596,-2.64999999851));
#5740=LINE('',#5025,#54);
#5741=ORIENTED_EDGE('',*,*,#5742,.T.);
#5742=EDGE_CURVE('',#5738,#4409,#5743,.T.);
#5743=LINE('',#5739,#5744);
#5744=VECTOR('',#5745,1.);
#5745=DIRECTION('',(7.525759541284E-02,0.,0.997164126076));
#5746=PLANE('',#5747);
#5747=AXIS2_PLACEMENT_3D('',#5748,#64,#55);
#5748=CARTESIAN_POINT('',(5.851884252691,-0.40000000596,-1.276884108149));
#5749=ADVANCED_FACE('',(#5750),#5761,.T.);
#5750=FACE_BOUND('',#5751,.T.);
#5751=EDGE_LOOP('',(#5752,#5757,#5760));
#5752=ORIENTED_EDGE('',*,*,#5753,.T.);
#5753=EDGE_CURVE('',#4427,#5754,#5756,.T.);
#5754=VERTEX_POINT('',#5755);
#5755=CARTESIAN_POINT('',(5.800000190735,0.40000000596,9.6858000731E-08));
#5756=LINE('',#4428,#5013);
#5757=ORIENTED_EDGE('',*,*,#5758,.T.);
#5758=EDGE_CURVE('',#5754,#5024,#5759,.T.);
#5759=LINE('',#5755,#345);
#5760=ORIENTED_EDGE('',*,*,#5041,.F.);
#5761=PLANE('',#5762);
#5762=AXIS2_PLACEMENT_3D('',#5763,#55,#199);
#5763=CARTESIAN_POINT('',(5.783586851121,-9.146803502113E-02,9.6858000731E-08));
#5764=ADVANCED_FACE('',(#5765),#5776,.T.);
#5765=FACE_BOUND('',#5766,.T.);
#5766=EDGE_LOOP('',(#5767,#5768,#5773));
#5767=ORIENTED_EDGE('',*,*,#5060,.F.);
#5768=ORIENTED_EDGE('',*,*,#5769,.T.);
#5769=EDGE_CURVE('',#5054,#5364,#5770,.T.);
#5770=LINE('',#5055,#5771);
#5771=VECTOR('',#5772,1.);
#5772=DIRECTION('',(0.130526245103,0.991444854412,0.));
#5773=ORIENTED_EDGE('',*,*,#5774,.T.);
#5774=EDGE_CURVE('',#5364,#4427,#5775,.T.);
#5775=LINE('',#5365,#345);
#5776=PLANE('',#5777);
#5777=AXIS2_PLACEMENT_3D('',#5778,#55,#199);
#5778=CARTESIAN_POINT('',(5.706947009746,-2.180162719552E-02,9.6858000731E-08));
#5779=ADVANCED_FACE('',(#5780),#5795,.T.);
#5780=FACE_BOUND('',#5781,.T.);
#5781=EDGE_LOOP('',(#5782,#5789,#5794));
#5782=ORIENTED_EDGE('',*,*,#5783,.T.);
#5783=EDGE_CURVE('',#2177,#5784,#5786,.T.);
#5784=VERTEX_POINT('',#5785);
#5785=CARTESIAN_POINT('',(5.475736141205,-0.424264073372,9.6858000731E-08));
#5786=LINE('',#2178,#5787);
#5787=VECTOR('',#5788,1.);
#5788=DIRECTION('',(7.326696672948E-02,0.9973123641,0.));
#5789=ORIENTED_EDGE('',*,*,#5790,.T.);
#5790=EDGE_CURVE('',#5784,#5054,#5791,.T.);
#5791=LINE('',#5785,#5792);
#5792=VECTOR('',#5793,1.);
#5793=DIRECTION('',(0.793352661112,-0.608762314132,0.));
#5794=ORIENTED_EDGE('',*,*,#5053,.F.);
#5795=PLANE('',#5796);
#5796=AXIS2_PLACEMENT_3D('',#5797,#55,#199);
#5797=CARTESIAN_POINT('',(5.271958406909,-3.647263974747,9.6858000731E-08));
#5798=ADVANCED_FACE('',(#5799),#5807,.T.);
#5799=FACE_BOUND('',#5800,.T.);
#5800=EDGE_LOOP('',(#5801,#5805,#5806));
#5801=ORIENTED_EDGE('',*,*,#5802,.T.);
#5802=EDGE_CURVE('',#5457,#5073,#5803,.T.);
#5803=LINE('',#5458,#5804);
#5804=VECTOR('',#4285,1.);
#5805=ORIENTED_EDGE('',*,*,#5080,.F.);
#5806=ORIENTED_EDGE('',*,*,#5462,.F.);
#5807=PLANE('',#5808);
#5808=AXIS2_PLACEMENT_3D('',#5809,#55,#199);
#5809=CARTESIAN_POINT('',(-1.220808782861,6.53160813539,9.6858000731E-08));
#5810=ADVANCED_FACE('',(#5811),#5824,.T.);
#5811=FACE_BOUND('',#5812,.T.);
#5812=EDGE_LOOP('',(#5813,#5818,#5819));
#5813=ORIENTED_EDGE('',*,*,#5814,.T.);
#5814=EDGE_CURVE('',#5815,#4473,#5817,.T.);
#5815=VERTEX_POINT('',#5816);
#5816=CARTESIAN_POINT('',(-0.779422879219,5.949999809265,-2.64999999851));
#5817=LINE('',#5816,#82);
#5818=ORIENTED_EDGE('',*,*,#5072,.F.);
#5819=ORIENTED_EDGE('',*,*,#5820,.T.);
#5820=EDGE_CURVE('',#5073,#5815,#5821,.T.);
#5821=LINE('',#5074,#5822);
#5822=VECTOR('',#5823,1.);
#5823=DIRECTION('',(-5.376148205387E-02,-7.006333028035E-02,-0.996092783227));
#5824=PLANE('',#5825);
#5825=AXIS2_PLACEMENT_3D('',#5826,#5827,#5077);
#5826=CARTESIAN_POINT('',(-0.742084207878,5.998660515081,-1.268861844063));
#5827=DIRECTION('',(-0.793353351983,0.608761413772,0.));
#5828=ADVANCED_FACE('',(#5829),#5836,.T.);
#5829=FACE_BOUND('',#5830,.T.);
#5830=EDGE_LOOP('',(#5831,#5832,#5835));
#5831=ORIENTED_EDGE('',*,*,#5814,.F.);
#5832=ORIENTED_EDGE('',*,*,#5833,.T.);
#5833=EDGE_CURVE('',#5815,#5090,#5834,.T.);
#5834=LINE('',#5816,#4476);
#5835=ORIENTED_EDGE('',*,*,#5095,.F.);
#5836=PLANE('',#5837);
#5837=AXIS2_PLACEMENT_3D('',#5838,#5102,#4477);
#5838=CARTESIAN_POINT('',(-0.80289494827,5.893333327502,-1.381137972316));
#5839=ADVANCED_FACE('',(#5840),#5855,.T.);
#5840=FACE_BOUND('',#5841,.T.);
#5841=EDGE_LOOP('',(#5842,#5849,#5850));
#5842=ORIENTED_EDGE('',*,*,#5843,.T.);
#5843=EDGE_CURVE('',#5844,#4490,#5846,.T.);
#5844=VERTEX_POINT('',#5845);
#5845=CARTESIAN_POINT('',(-0.725000023842,5.5,-3.));
#5846=LINE('',#5845,#5847);
#5847=VECTOR('',#5848,1.);
#5848=DIRECTION('',(-0.447213496492,0.,0.894427240504));
#5849=ORIENTED_EDGE('',*,*,#5108,.F.);
#5850=ORIENTED_EDGE('',*,*,#5851,.T.);
#5851=EDGE_CURVE('',#5090,#5844,#5852,.T.);
#5852=LINE('',#5091,#5853);
#5853=VECTOR('',#5854,1.);
#5854=DIRECTION('',(0.324699645685,-0.524028066505,-0.78737838782));
#5855=PLANE('',#5856);
#5856=AXIS2_PLACEMENT_3D('',#5857,#5858,#5859);
#5857=CARTESIAN_POINT('',(-0.821969313428,5.573905395738,-2.786601748299));
#5858=DIRECTION('',(-0.888289998486,0.116945318063,-0.444144876332));
#5859=DIRECTION('',(0.447213496492,4.096722960867E-14,-0.894427240504));
#5860=ADVANCED_FACE('',(#5861),#5876,.T.);
#5861=FACE_BOUND('',#5862,.T.);
#5862=EDGE_LOOP('',(#5863,#5870,#5871));
#5863=ORIENTED_EDGE('',*,*,#5864,.T.);
#5864=EDGE_CURVE('',#5865,#4508,#5867,.T.);
#5865=VERTEX_POINT('',#5866);
#5866=CARTESIAN_POINT('',(-0.700296223164,5.312355995178,-3.));
#5867=LINE('',#5866,#5868);
#5868=VECTOR('',#5869,1.);
#5869=DIRECTION('',(-0.431975211331,-0.115747387822,0.894427168085));
#5870=ORIENTED_EDGE('',*,*,#5119,.F.);
#5871=ORIENTED_EDGE('',*,*,#5872,.T.);
#5872=EDGE_CURVE('',#4490,#5865,#5873,.T.);
#5873=LINE('',#4491,#5874);
#5874=VECTOR('',#5875,1.);
#5875=DIRECTION('',(0.449264082285,-0.422133837539,-0.787378439871));
#5876=PLANE('',#5877);
#5877=AXIS2_PLACEMENT_3D('',#5878,#5879,#5880);
#5878=CARTESIAN_POINT('',(-0.813089485187,5.358645622889,-2.786601748382));
#5879=DIRECTION('',(-0.888289940727,-0.116945310458,-0.444144993854));
#5880=DIRECTION('',(0.447213614422,-4.116151863798E-14,-0.894427181539));
#5881=ADVANCED_FACE('',(#5882),#5897,.T.);
#5882=FACE_BOUND('',#5883,.T.);
#5883=EDGE_LOOP('',(#5884,#5891,#5892));
#5884=ORIENTED_EDGE('',*,*,#5885,.T.);
#5885=EDGE_CURVE('',#5886,#5131,#5888,.T.);
#5886=VERTEX_POINT('',#5887);
#5887=CARTESIAN_POINT('',(-0.627868413925,5.137499809265,-3.));
#5888=LINE('',#5887,#5889);
#5889=VECTOR('',#5890,1.);
#5890=DIRECTION('',(-0.387298460369,-0.223605866537,0.894427369352));
#5891=ORIENTED_EDGE('',*,*,#5130,.F.);
#5892=ORIENTED_EDGE('',*,*,#5893,.T.);
#5893=EDGE_CURVE('',#4508,#5886,#5894,.T.);
#5894=LINE('',#4509,#5895);
#5895=VECTOR('',#5896,1.);
#5896=DIRECTION('',(0.543212125875,-0.291471461848,-0.787378545066));
#5897=PLANE('',#5898);
#5898=AXIS2_PLACEMENT_3D('',#5899,#5900,#5901);
#5899=CARTESIAN_POINT('',(-0.748798939738,5.153019160288,-2.786601812147));
#5900=DIRECTION('',(-0.827754311656,-0.342867701604,-0.444144727236));
#5901=DIRECTION('',(0.472804378432,1.154909501366E-13,-0.881167418676));
#5902=ADVANCED_FACE('',(#5903),#5910,.T.);
#5903=FACE_BOUND('',#5904,.T.);
#5904=EDGE_LOOP('',(#5905,#5908,#5909));
#5905=ORIENTED_EDGE('',*,*,#5906,.T.);
#5906=EDGE_CURVE('',#5131,#5149,#5907,.T.);
#5907=LINE('',#5132,#82);
#5908=ORIENTED_EDGE('',*,*,#5148,.F.);
#5909=ORIENTED_EDGE('',*,*,#5135,.F.);
#5910=PLANE('',#5911);
#5911=AXIS2_PLACEMENT_3D('',#5912,#5142,#4733);
#5912=CARTESIAN_POINT('',(-0.80289494827,5.106666672498,-1.268861929336));
#5913=ADVANCED_FACE('',(#5914),#5927,.T.);
#5914=FACE_BOUND('',#5915,.T.);
#5915=EDGE_LOOP('',(#5916,#5917,#5922));
#5916=ORIENTED_EDGE('',*,*,#5153,.F.);
#5917=ORIENTED_EDGE('',*,*,#5918,.T.);
#5918=EDGE_CURVE('',#5149,#5919,#5921,.T.);
#5919=VERTEX_POINT('',#5920);
#5920=CARTESIAN_POINT('',(-0.636396110058,4.863604068756,9.6858000731E-08));
#5921=LINE('',#5150,#5353);
#5922=ORIENTED_EDGE('',*,*,#5923,.T.);
#5923=EDGE_CURVE('',#5919,#4526,#5924,.T.);
#5924=LINE('',#5920,#5925);
#5925=VECTOR('',#5926,1.);
#5926=DIRECTION('',(-4.698818571513E-02,-0.998895445181,0.));
#5927=PLANE('',#5928);
#5928=AXIS2_PLACEMENT_3D('',#5929,#55,#199);
#5929=CARTESIAN_POINT('',(-0.75337371517,3.229210322438,9.6858000731E-08));
#5930=ADVANCED_FACE('',(#5931),#5945,.T.);
#5931=FACE_BOUND('',#5932,.T.);
#5932=EDGE_LOOP('',(#5933,#5939,#5940));
#5933=ORIENTED_EDGE('',*,*,#5934,.T.);
#5934=EDGE_CURVE('',#5935,#4565,#5937,.T.);
#5935=VERTEX_POINT('',#5936);
#5936=CARTESIAN_POINT('',(-0.414110481739,1.545481324196,-2.64999999851));
#5937=LINE('',#5936,#5938);
#5938=VECTOR('',#3270,1.);
#5939=ORIENTED_EDGE('',*,*,#5165,.F.);
#5940=ORIENTED_EDGE('',*,*,#5941,.T.);
#5941=EDGE_CURVE('',#4526,#5935,#5942,.T.);
#5942=LINE('',#4527,#5943);
#5943=VECTOR('',#5944,1.);
#5944=DIRECTION('',(0.143842904073,5.958169142158E-02,-0.987805264713));
#5945=PLANE('',#5946);
#5946=AXIS2_PLACEMENT_3D('',#5947,#5948,#5949);
#5947=CARTESIAN_POINT('',(-0.695971449727,1.428730669538,-1.421242157616));
#5948=DIRECTION('',(-0.382683485561,0.923879510477,0.));
#5949=DIRECTION('',(0.923879510477,0.382683485561,0.));
#5950=ADVANCED_FACE('',(#5951),#5966,.T.);
#5951=FACE_BOUND('',#5952,.T.);
#5952=EDGE_LOOP('',(#5953,#5960,#5961));
#5953=ORIENTED_EDGE('',*,*,#5954,.T.);
#5954=EDGE_CURVE('',#5955,#5176,#5957,.T.);
#5955=VERTEX_POINT('',#5956);
#5956=CARTESIAN_POINT('',(-0.368817150593,1.376444339752,-3.));
#5957=LINE('',#5956,#5958);
#5958=VECTOR('',#5959,1.);
#5959=DIRECTION('',(-0.923879440932,-0.382683653456,0.));
#5960=ORIENTED_EDGE('',*,*,#5197,.F.);
#5961=ORIENTED_EDGE('',*,*,#5962,.T.);
#5962=EDGE_CURVE('',#4565,#5955,#5963,.T.);
#5963=LINE('',#4566,#5964);
#5964=VECTOR('',#5965,1.);
#5965=DIRECTION('',(0.776303654566,-1.655702841004E-02,-0.630141651312));
#5966=PLANE('',#5967);
#5967=AXIS2_PLACEMENT_3D('',#5968,#5969,#5970);
#5968=CARTESIAN_POINT('',(-0.623057984842,1.338545676311,-2.874365172241));
#5969=DIRECTION('',(-0.342867295424,0.827754314431,-0.444145035623));
#5970=DIRECTION('',(-5.787037515859E-14,0.472804632101,0.881167282565));
#5971=ADVANCED_FACE('',(#5972),#5979,.T.);
#5972=FACE_BOUND('',#5973,.T.);
#5973=EDGE_LOOP('',(#5974,#5975,#5976));
#5974=ORIENTED_EDGE('',*,*,#5242,.F.);
#5975=ORIENTED_EDGE('',*,*,#5231,.F.);
#5976=ORIENTED_EDGE('',*,*,#5977,.T.);
#5977=EDGE_CURVE('',#5176,#5243,#5978,.T.);
#5978=LINE('',#5177,#345);
#5979=PLANE('',#5980);
#5980=AXIS2_PLACEMENT_3D('',#5981,#55,#199);
#5981=CARTESIAN_POINT('',(-0.788666573354,-3.154923786734E-02,-3.));
#5982=ADVANCED_FACE('',(#5983),#5996,.T.);
#5983=FACE_BOUND('',#5984,.T.);
#5984=EDGE_LOOP('',(#5985,#5990,#5991));
#5985=ORIENTED_EDGE('',*,*,#5986,.T.);
#5986=EDGE_CURVE('',#5987,#4655,#5989,.T.);
#5987=VERTEX_POINT('',#5988);
#5988=CARTESIAN_POINT('',(-0.414110481739,-1.545481324196,-2.64999999851));
#5989=LINE('',#5988,#5267);
#5990=ORIENTED_EDGE('',*,*,#5249,.F.);
#5991=ORIENTED_EDGE('',*,*,#5992,.T.);
#5992=EDGE_CURVE('',#5243,#5987,#5993,.T.);
#5993=LINE('',#5244,#5994);
#5994=VECTOR('',#5995,1.);
#5995=DIRECTION('',(0.537221842807,-0.560637318963,0.630141641377));
#5996=PLANE('',#5997);
#5997=AXIS2_PLACEMENT_3D('',#5998,#5999,#6000);
#5998=CARTESIAN_POINT('',(-0.6320339332,-1.390060148457,-2.771428279342));
#5999=DIRECTION('',(-0.342867146616,-0.827754380647,-0.444145027093));
#6000=DIRECTION('',(-8.365530490551E-14,0.472804595684,-0.881167302106));
#6001=ADVANCED_FACE('',(#6002),#6009,.T.);
#6002=FACE_BOUND('',#6003,.T.);
#6003=EDGE_LOOP('',(#6004,#6005,#6008));
#6004=ORIENTED_EDGE('',*,*,#5986,.F.);
#6005=ORIENTED_EDGE('',*,*,#6006,.T.);
#6006=EDGE_CURVE('',#5987,#5264,#6007,.T.);
#6007=LINE('',#5988,#82);
#6008=ORIENTED_EDGE('',*,*,#5270,.F.);
#6009=PLANE('',#6010);
#6010=AXIS2_PLACEMENT_3D('',#6011,#2946,#3230);
#6011=CARTESIAN_POINT('',(-0.518139043933,-1.502391275843,-1.421242157616));
#6012=ADVANCED_FACE('',(#6013),#6028,.T.);
#6013=FACE_BOUND('',#6014,.T.);
#6014=EDGE_LOOP('',(#6015,#6022,#6023));
#6015=ORIENTED_EDGE('',*,*,#6016,.T.);
#6016=EDGE_CURVE('',#6017,#4143,#6019,.T.);
#6017=VERTEX_POINT('',#6018);
#6018=CARTESIAN_POINT('',(-0.449999988079,-4.72057723999,9.6858000731E-08));
#6019=LINE('',#6018,#6020);
#6020=VECTOR('',#6021,1.);
#6021=DIRECTION('',(-0.104376280875,0.99453787861,0.));
#6022=ORIENTED_EDGE('',*,*,#5263,.F.);
#6023=ORIENTED_EDGE('',*,*,#6024,.T.);
#6024=EDGE_CURVE('',#5264,#6017,#6025,.T.);
#6025=LINE('',#5265,#6026);
#6026=VECTOR('',#6027,1.);
#6027=DIRECTION('',(-1.130271801249E-02,-0.999936122243,0.));
#6028=PLANE('',#6029);
#6029=AXIS2_PLACEMENT_3D('',#6030,#55,#199);
#6030=CARTESIAN_POINT('',(-0.535721059949,-2.994181740284,9.6858000731E-08));
#6031=ADVANCED_FACE('',(#6032),#6045,.T.);
#6032=FACE_BOUND('',#6033,.T.);
#6033=EDGE_LOOP('',(#6034,#6039,#6040));
#6034=ORIENTED_EDGE('',*,*,#6035,.T.);
#6035=EDGE_CURVE('',#6036,#5282,#6038,.T.);
#6036=VERTEX_POINT('',#6037);
#6037=CARTESIAN_POINT('',(-0.636396110058,-4.863604068756,9.6858000731E-08));
#6038=LINE('',#6037,#5076);
#6039=ORIENTED_EDGE('',*,*,#5287,.F.);
#6040=ORIENTED_EDGE('',*,*,#6041,.T.);
#6041=EDGE_CURVE('',#4143,#6036,#6042,.T.);
#6042=LINE('',#4144,#6043);
#6043=VECTOR('',#6044,1.);
#6044=DIRECTION('',(4.698818571513E-02,-0.998895445181,0.));
#6045=PLANE('',#6046);
#6046=AXIS2_PLACEMENT_3D('',#6047,#55,#199);
#6047=CARTESIAN_POINT('',(-0.75337371517,-3.229210322438,9.6858000731E-08));
#6048=ADVANCED_FACE('',(#6049),#6056,.T.);
#6049=FACE_BOUND('',#6050,.T.);
#6050=EDGE_LOOP('',(#6051,#6052,#6053));
#6051=ORIENTED_EDGE('',*,*,#5298,.F.);
#6052=ORIENTED_EDGE('',*,*,#5281,.F.);
#6053=ORIENTED_EDGE('',*,*,#6054,.T.);
#6054=EDGE_CURVE('',#5282,#5299,#6055,.T.);
#6055=LINE('',#5283,#5097);
#6056=PLANE('',#6057);
#6057=AXIS2_PLACEMENT_3D('',#6058,#5102,#4477);
#6058=CARTESIAN_POINT('',(-0.845861198161,-5.210396182269,-1.268861929336));
#6059=ADVANCED_FACE('',(#6060),#6075,.T.);
#6060=FACE_BOUND('',#6061,.T.);
#6061=EDGE_LOOP('',(#6062,#6063,#6070));
#6062=ORIENTED_EDGE('',*,*,#5303,.F.);
#6063=ORIENTED_EDGE('',*,*,#6064,.T.);
#6064=EDGE_CURVE('',#5299,#6065,#6067,.T.);
#6065=VERTEX_POINT('',#6066);
#6066=CARTESIAN_POINT('',(-0.700296223164,-5.312355995178,-3.));
#6067=LINE('',#5300,#6068);
#6068=VECTOR('',#6069,1.);
#6069=DIRECTION('',(0.431975211331,-0.115747387822,-0.894427168085));
#6070=ORIENTED_EDGE('',*,*,#6071,.T.);
#6071=EDGE_CURVE('',#6065,#4698,#6072,.T.);
#6072=LINE('',#6066,#6073);
#6073=VECTOR('',#6074,1.);
#6074=DIRECTION('',(-0.449264082285,-0.422133837539,0.787378439871));
#6075=PLANE('',#6076);
#6076=AXIS2_PLACEMENT_3D('',#6077,#6078,#6079);
#6077=CARTESIAN_POINT('',(-0.813089485187,-5.358645622889,-2.786601748382));
#6078=DIRECTION('',(-0.888289940727,0.116945310458,-0.444144993854));
#6079=DIRECTION('',(0.447213614422,4.116151863798E-14,-0.894427181539));
#6080=ADVANCED_FACE('',(#6081),#6092,.T.);
#6081=FACE_BOUND('',#6082,.T.);
#6082=EDGE_LOOP('',(#6083,#6088,#6089));
#6083=ORIENTED_EDGE('',*,*,#6084,.T.);
#6084=EDGE_CURVE('',#6085,#4713,#6087,.T.);
#6085=VERTEX_POINT('',#6086);
#6086=CARTESIAN_POINT('',(-0.700296223164,-5.687644004822,-3.));
#6087=LINE('',#6086,#5868);
#6088=ORIENTED_EDGE('',*,*,#5314,.F.);
#6089=ORIENTED_EDGE('',*,*,#6090,.T.);
#6090=EDGE_CURVE('',#4698,#6085,#6091,.T.);
#6091=LINE('',#4699,#5874);
#6092=PLANE('',#6093);
#6093=AXIS2_PLACEMENT_3D('',#6094,#5879,#5880);
#6094=CARTESIAN_POINT('',(-0.813089485187,-5.641354377111,-2.786601748382));
#6095=ADVANCED_FACE('',(#6096),#6107,.T.);
#6096=FACE_BOUND('',#6097,.T.);
#6097=EDGE_LOOP('',(#6098,#6103,#6104));
#6098=ORIENTED_EDGE('',*,*,#6099,.T.);
#6099=EDGE_CURVE('',#6100,#5326,#6102,.T.);
#6100=VERTEX_POINT('',#6101);
#6101=CARTESIAN_POINT('',(-0.627868413925,-5.862500190735,-3.));
#6102=LINE('',#6101,#5889);
#6103=ORIENTED_EDGE('',*,*,#5325,.F.);
#6104=ORIENTED_EDGE('',*,*,#6105,.T.);
#6105=EDGE_CURVE('',#4713,#6100,#6106,.T.);
#6106=LINE('',#4714,#5895);
#6107=PLANE('',#6108);
#6108=AXIS2_PLACEMENT_3D('',#6109,#5900,#5901);
#6109=CARTESIAN_POINT('',(-0.748798939738,-5.846980839712,-2.786601812147));
#6110=ADVANCED_FACE('',(#6111),#6122,.T.);
#6111=FACE_BOUND('',#6112,.T.);
#6112=EDGE_LOOP('',(#6113,#6114,#6117));
#6113=ORIENTED_EDGE('',*,*,#5339,.F.);
#6114=ORIENTED_EDGE('',*,*,#6115,.T.);
#6115=EDGE_CURVE('',#5326,#5676,#6116,.T.);
#6116=LINE('',#5327,#5353);
#6117=ORIENTED_EDGE('',*,*,#6118,.T.);
#6118=EDGE_CURVE('',#5676,#4729,#6119,.T.);
#6119=LINE('',#5677,#6120);
#6120=VECTOR('',#6121,1.);
#6121=DIRECTION('',(-5.376148205387E-02,7.006333028035E-02,0.996092783227));
#6122=PLANE('',#6123);
#6123=AXIS2_PLACEMENT_3D('',#6124,#6125,#5354);
#6124=CARTESIAN_POINT('',(-0.742084207878,-5.998660515081,-1.381138057589));
#6125=DIRECTION('',(-0.793353351983,-0.608761413772,0.));
#6126=ADVANCED_FACE('',(#6127),#6132,.T.);
#6127=FACE_BOUND('',#6128,.T.);
#6128=EDGE_LOOP('',(#6129,#6130,#6131));
#6129=ORIENTED_EDGE('',*,*,#5694,.F.);
#6130=ORIENTED_EDGE('',*,*,#5351,.F.);
#6131=ORIENTED_EDGE('',*,*,#6118,.F.);
#6132=PLANE('',#6133);
#6133=AXIS2_PLACEMENT_3D('',#6134,#6125,#5354);
#6134=CARTESIAN_POINT('',(-0.673734781399,-6.087735225429,-1.268861844063));
#6135=ADVANCED_FACE('',(#6136),#6151,.T.);
#6136=FACE_BOUND('',#6137,.T.);
#6137=EDGE_LOOP('',(#6138,#6145,#6150));
#6138=ORIENTED_EDGE('',*,*,#6139,.T.);
#6139=EDGE_CURVE('',#5364,#6140,#6142,.T.);
#6140=VERTEX_POINT('',#6141);
#6141=CARTESIAN_POINT('',(5.599999904633,0.519615232944,9.6858000731E-08));
#6142=LINE('',#5365,#6143);
#6143=VECTOR('',#6144,1.);
#6144=DIRECTION('',(-0.92387953257,-0.382683432223,0.));
#6145=ORIENTED_EDGE('',*,*,#6146,.T.);
#6146=EDGE_CURVE('',#6140,#2622,#6147,.T.);
#6147=LINE('',#6141,#6148);
#6148=VECTOR('',#6149,1.);
#6149=DIRECTION('',(-9.362513857633E-02,0.995607519772,0.));
#6150=ORIENTED_EDGE('',*,*,#5370,.F.);
#6151=PLANE('',#6152);
#6152=AXIS2_PLACEMENT_3D('',#6153,#55,#199);
#6153=CARTESIAN_POINT('',(5.340125560054,3.686275481368,9.6858000731E-08));
#6154=ADVANCED_FACE('',(#6155),#6168,.T.);
#6155=FACE_BOUND('',#6156,.T.);
#6156=EDGE_LOOP('',(#6157,#6162,#6163));
#6157=ORIENTED_EDGE('',*,*,#6158,.T.);
#6158=EDGE_CURVE('',#5754,#5364,#6159,.T.);
#6159=LINE('',#5755,#6160);
#6160=VECTOR('',#6161,1.);
#6161=DIRECTION('',(-0.294298834832,0.95571344859,0.));
#6162=ORIENTED_EDGE('',*,*,#5363,.F.);
#6163=ORIENTED_EDGE('',*,*,#6164,.T.);
#6164=EDGE_CURVE('',#4747,#5754,#6165,.T.);
#6165=LINE('',#4748,#6166);
#6166=VECTOR('',#6167,1.);
#6167=DIRECTION('',(-0.447213222316,-0.894427377592,0.));
#6168=PLANE('',#6169);
#6169=AXIS2_PLACEMENT_3D('',#6170,#55,#199);
#6170=CARTESIAN_POINT('',(5.816700539659,0.521371622762,9.6858000731E-08));
#6171=ADVANCED_FACE('',(#6172),#6179,.T.);
#6172=FACE_BOUND('',#6173,.T.);
#6173=EDGE_LOOP('',(#6174,#6177,#6178));
#6174=ORIENTED_EDGE('',*,*,#6175,.T.);
#6175=EDGE_CURVE('',#5383,#5754,#6176,.T.);
#6176=LINE('',#5384,#228);
#6177=ORIENTED_EDGE('',*,*,#6164,.F.);
#6178=ORIENTED_EDGE('',*,*,#5382,.F.);
#6179=PLANE('',#6180);
#6180=AXIS2_PLACEMENT_3D('',#6181,#55,#199);
#6181=CARTESIAN_POINT('',(5.900000095367,0.469098330519,9.6858000731E-08));
#6182=ADVANCED_FACE('',(#6183),#6198,.T.);
#6183=FACE_BOUND('',#6184,.T.);
#6184=EDGE_LOOP('',(#6185,#6186,#6193));
#6185=ORIENTED_EDGE('',*,*,#5399,.F.);
#6186=ORIENTED_EDGE('',*,*,#6187,.T.);
#6187=EDGE_CURVE('',#5400,#6188,#6190,.T.);
#6188=VERTEX_POINT('',#6189);
#6189=CARTESIAN_POINT('',(0.512652397156,6.012652397156,-3.));
#6190=LINE('',#5401,#6191);
#6191=VECTOR('',#6192,1.);
#6192=DIRECTION('',(-0.316227864188,-0.316227407228,-0.894427283142));
#6193=ORIENTED_EDGE('',*,*,#6194,.T.);
#6194=EDGE_CURVE('',#6188,#4767,#6195,.T.);
#6195=LINE('',#6189,#6196);
#6196=VECTOR('',#6197,1.);
#6197=DIRECTION('',(-0.140946199185,0.60014082864,0.787378660325));
#6198=PLANE('',#6199);
#6199=AXIS2_PLACEMENT_3D('',#6200,#6201,#6202);
#6200=CARTESIAN_POINT('',(0.528961100935,6.133478930758,-2.786601758808));
#6201=DIRECTION('',(0.545423001933,0.710808827096,-0.444144751501));
#6202=DIRECTION('',(0.793353229458,-0.608761573449,-1.414146577616E-13));
#6203=ADVANCED_FACE('',(#6204),#6219,.T.);
#6204=FACE_BOUND('',#6205,.T.);
#6205=EDGE_LOOP('',(#6206,#6207,#6214));
#6206=ORIENTED_EDGE('',*,*,#5417,.F.);
#6207=ORIENTED_EDGE('',*,*,#6208,.T.);
#6208=EDGE_CURVE('',#4767,#6209,#6211,.T.);
#6209=VERTEX_POINT('',#6210);
#6210=CARTESIAN_POINT('',(0.362500011921,6.127868652344,-3.));
#6211=LINE('',#4768,#6212);
#6212=VECTOR('',#6213,1.);
#6213=DIRECTION('',(-0.22360681391,-0.387297604389,-0.894427503159));
#6214=ORIENTED_EDGE('',*,*,#6215,.T.);
#6215=EDGE_CURVE('',#6209,#4822,#6216,.T.);
#6216=LINE('',#6210,#6217);
#6217=VECTOR('',#6218,1.);
#6218=DIRECTION('',(-0.291471577444,0.543211742476,0.787378766781));
#6219=PLANE('',#6220);
#6220=AXIS2_PLACEMENT_3D('',#6221,#6222,#6223);
#6221=CARTESIAN_POINT('',(0.346980761264,6.248799027934,-2.786601755832));
#6222=DIRECTION('',(0.34286766404,0.827754544094,-0.444144323039));
#6223=DIRECTION('',(-1.638134072834E-13,0.472803941252,0.881167653251));
#6224=ADVANCED_FACE('',(#6225),#6234,.T.);
#6225=FACE_BOUND('',#6226,.T.);
#6226=EDGE_LOOP('',(#6227,#6228,#6229));
#6227=ORIENTED_EDGE('',*,*,#5429,.F.);
#6228=ORIENTED_EDGE('',*,*,#5444,.F.);
#6229=ORIENTED_EDGE('',*,*,#6230,.T.);
#6230=EDGE_CURVE('',#5440,#5400,#6231,.T.);
#6231=LINE('',#5441,#6232);
#6232=VECTOR('',#6233,1.);
#6233=DIRECTION('',(-5.376148205387E-02,7.006333028035E-02,-0.996092783227));
#6234=PLANE('',#6235);
#6235=AXIS2_PLACEMENT_3D('',#6236,#6237,#5447);
#6236=CARTESIAN_POINT('',(0.673734781399,6.087735225429,-1.268861844063));
#6237=DIRECTION('',(0.793353351983,0.608761413772,0.));
#6238=ADVANCED_FACE('',(#6239),#6252,.T.);
#6239=FACE_BOUND('',#6240,.T.);
#6240=EDGE_LOOP('',(#6241,#6246,#6251));
#6241=ORIENTED_EDGE('',*,*,#6242,.T.);
#6242=EDGE_CURVE('',#3070,#6243,#6245,.T.);
#6243=VERTEX_POINT('',#6244);
#6244=CARTESIAN_POINT('',(0.869333267212,5.732937335968,9.6858000731E-08));
#6245=LINE('',#3071,#4185);
#6246=ORIENTED_EDGE('',*,*,#6247,.T.);
#6247=EDGE_CURVE('',#6243,#5440,#6248,.T.);
#6248=LINE('',#6244,#6249);
#6249=VECTOR('',#6250,1.);
#6250=DIRECTION('',(-0.382684041508,0.923879280196,0.));
#6251=ORIENTED_EDGE('',*,*,#5439,.F.);
#6252=PLANE('',#6253);
#6253=AXIS2_PLACEMENT_3D('',#6254,#55,#199);
#6254=CARTESIAN_POINT('',(1.372165031162,6.332985622515,9.6858000731E-08));
#6255=ADVANCED_FACE('',(#6256),#6269,.T.);
#6256=FACE_BOUND('',#6257,.T.);
#6257=EDGE_LOOP('',(#6258,#6259,#6264));
#6258=ORIENTED_EDGE('',*,*,#5456,.F.);
#6259=ORIENTED_EDGE('',*,*,#6260,.T.);
#6260=EDGE_CURVE('',#4803,#6261,#6263,.T.);
#6261=VERTEX_POINT('',#6262);
#6262=CARTESIAN_POINT('',(-0.232937142253,6.369333267212,-2.64999999851));
#6263=LINE('',#4804,#54);
#6264=ORIENTED_EDGE('',*,*,#6265,.T.);
#6265=EDGE_CURVE('',#6261,#5457,#6266,.T.);
#6266=LINE('',#6262,#6267);
#6267=VECTOR('',#6268,1.);
#6268=DIRECTION('',(-8.159046277017E-02,-3.379592607203E-02,0.996092782709));
#6269=PLANE('',#6270);
#6270=AXIS2_PLACEMENT_3D('',#6271,#6272,#4294);
#6271=CARTESIAN_POINT('',(-0.289603725236,6.345861165397,-1.268861840494));
#6272=DIRECTION('',(-0.382683914,0.923879333012,0.));
#6273=ADVANCED_FACE('',(#6274),#6281,.T.);
#6274=FACE_BOUND('',#6275,.T.);
#6275=EDGE_LOOP('',(#6276,#6279,#6280));
#6276=ORIENTED_EDGE('',*,*,#6277,.T.);
#6277=EDGE_CURVE('',#5476,#6261,#6278,.T.);
#6278=LINE('',#5477,#4806);
#6279=ORIENTED_EDGE('',*,*,#6260,.F.);
#6280=ORIENTED_EDGE('',*,*,#5480,.F.);
#6281=PLANE('',#6282);
#6282=AXIS2_PLACEMENT_3D('',#6283,#5487,#3871);
#6283=CARTESIAN_POINT('',(-0.172126404276,6.377339171438,-1.381138055457));
#6284=ADVANCED_FACE('',(#6285),#6300,.T.);
#6285=FACE_BOUND('',#6286,.T.);
#6286=EDGE_LOOP('',(#6287,#6288,#6295));
#6287=ORIENTED_EDGE('',*,*,#5492,.F.);
#6288=ORIENTED_EDGE('',*,*,#6289,.T.);
#6289=EDGE_CURVE('',#4822,#6290,#6292,.T.);
#6290=VERTEX_POINT('',#6291);
#6291=CARTESIAN_POINT('',(0.187643811107,6.200296401978,-3.));
#6292=LINE('',#4823,#6293);
#6293=VECTOR('',#6294,1.);
#6294=DIRECTION('',(-0.11574741067,-0.431974839641,-0.89442734464));
#6295=ORIENTED_EDGE('',*,*,#6296,.T.);
#6296=EDGE_CURVE('',#6290,#5476,#6297,.T.);
#6297=LINE('',#6291,#6298);
#6298=VECTOR('',#6299,1.);
#6299=DIRECTION('',(-0.422133504834,0.449264057907,0.787378632152));
#6300=PLANE('',#6301);
#6301=AXIS2_PLACEMENT_3D('',#6302,#6303,#6304);
#6302=CARTESIAN_POINT('',(0.141354248805,6.313089584352,-2.786601764235));
#6303=DIRECTION('',(0.116945874624,0.888290034271,-0.444144658217));
#6304=DIRECTION('',(3.909372825461E-14,0.447213306381,0.894427335559));
#6305=ADVANCED_FACE('',(#6306),#6315,.T.);
#6306=FACE_BOUND('',#6307,.T.);
#6307=EDGE_LOOP('',(#6308,#6313,#6314));
#6308=ORIENTED_EDGE('',*,*,#6309,.T.);
#6309=EDGE_CURVE('',#5706,#5505,#6310,.T.);
#6310=LINE('',#5707,#6311);
#6311=VECTOR('',#6312,1.);
#6312=DIRECTION('',(0.99144504854,0.130524770545,0.));
#6313=ORIENTED_EDGE('',*,*,#5504,.F.);
#6314=ORIENTED_EDGE('',*,*,#5712,.F.);
#6315=PLANE('',#6316);
#6316=AXIS2_PLACEMENT_3D('',#6317,#6318,#6319);
#6317=CARTESIAN_POINT('',(0.148102394851,-6.276846771475,-2.857310417521));
#6318=DIRECTION('',(0.116944337761,-0.888290277347,-0.444144576728));
#6319=DIRECTION('',(9.185707749992E-14,0.447213142838,-0.894427417331));
#6320=ADVANCED_FACE('',(#6321),#6330,.T.);
#6321=FACE_BOUND('',#6322,.T.);
#6322=EDGE_LOOP('',(#6323,#6328,#6329));
#6323=ORIENTED_EDGE('',*,*,#6324,.T.);
#6324=EDGE_CURVE('',#5505,#5526,#6325,.T.);
#6325=LINE('',#5506,#6326);
#6326=VECTOR('',#6327,1.);
#6327=DIRECTION('',(0.923879644984,0.382683160832,0.));
#6328=ORIENTED_EDGE('',*,*,#5525,.F.);
#6329=ORIENTED_EDGE('',*,*,#5511,.F.);
#6330=PLANE('',#6331);
#6331=AXIS2_PLACEMENT_3D('',#6332,#6333,#6334);
#6332=CARTESIAN_POINT('',(0.34411865478,-6.212044686495,-2.857310425386));
#6333=DIRECTION('',(0.342866996495,-0.827754841132,-0.444144284774));
#6334=DIRECTION('',(1.252609127533E-13,0.472803777887,-0.881167740907));
#6335=ADVANCED_FACE('',(#6336),#6345,.T.);
#6336=FACE_BOUND('',#6337,.T.);
#6337=EDGE_LOOP('',(#6338,#6343,#6344));
#6338=ORIENTED_EDGE('',*,*,#6339,.T.);
#6339=EDGE_CURVE('',#5526,#5547,#6340,.T.);
#6340=LINE('',#5527,#6341);
#6341=VECTOR('',#6342,1.);
#6342=DIRECTION('',(0.793352631685,0.608762352481,0.));
#6343=ORIENTED_EDGE('',*,*,#5546,.F.);
#6344=ORIENTED_EDGE('',*,*,#5532,.F.);
#6345=PLANE('',#6346);
#6346=AXIS2_PLACEMENT_3D('',#6347,#6348,#6349);
#6347=CARTESIAN_POINT('',(0.516683796316,-6.098717806182,-2.857310440824));
#6348=DIRECTION('',(0.545423686002,-0.710808273391,-0.444144797592));
#6349=DIRECTION('',(-0.793352631685,-0.608762352481,-4.460043445675E-13));
#6350=ADVANCED_FACE('',(#6351),#6360,.T.);
#6351=FACE_BOUND('',#6352,.T.);
#6352=EDGE_LOOP('',(#6353,#6358,#6359));
#6353=ORIENTED_EDGE('',*,*,#6354,.T.);
#6354=EDGE_CURVE('',#5547,#5568,#6355,.T.);
#6355=LINE('',#5548,#6356);
#6356=VECTOR('',#6357,1.);
#6357=DIRECTION('',(0.608762015901,0.793352889952,0.));
#6358=ORIENTED_EDGE('',*,*,#5567,.F.);
#6359=ORIENTED_EDGE('',*,*,#5553,.F.);
#6360=PLANE('',#6361);
#6361=AXIS2_PLACEMENT_3D('',#6362,#6363,#6364);
#6362=CARTESIAN_POINT('',(0.6540378141,-5.944589363715,-2.857310400297));
#6363=DIRECTION('',(0.710808630051,-0.54542348056,-0.444144479081));
#6364=DIRECTION('',(0.608762015901,0.793352889952,-2.239319840669E-13));
#6365=ADVANCED_FACE('',(#6366),#6381,.T.);
#6366=FACE_BOUND('',#6367,.T.);
#6367=EDGE_LOOP('',(#6368,#6375,#6380));
#6368=ORIENTED_EDGE('',*,*,#6369,.T.);
#6369=EDGE_CURVE('',#5568,#6370,#6372,.T.);
#6370=VERTEX_POINT('',#6371);
#6371=CARTESIAN_POINT('',(0.700296223164,-5.687644004822,-3.));
#6372=LINE('',#5569,#6373);
#6373=VECTOR('',#6374,1.);
#6374=DIRECTION('',(0.382683457478,0.923879522109,0.));
#6375=ORIENTED_EDGE('',*,*,#6376,.T.);
#6376=EDGE_CURVE('',#6370,#4896,#6377,.T.);
#6377=LINE('',#6371,#6378);
#6378=VECTOR('',#6379,1.);
#6379=DIRECTION('',(0.431975211331,-0.115747387822,0.894427168085));
#6380=ORIENTED_EDGE('',*,*,#5574,.F.);
#6381=PLANE('',#6382);
#6382=AXIS2_PLACEMENT_3D('',#6383,#6384,#6385);
#6383=CARTESIAN_POINT('',(0.746820217897,-5.760163125732,-2.857310419734));
#6384=DIRECTION('',(0.827754402212,-0.342867126071,-0.444145002761));
#6385=DIRECTION('',(0.472804566008,1.053601650369E-13,0.881167318029));
#6386=ADVANCED_FACE('',(#6387),#6396,.T.);
#6387=FACE_BOUND('',#6388,.T.);
#6388=EDGE_LOOP('',(#6389,#6390,#6391));
#6389=ORIENTED_EDGE('',*,*,#5588,.F.);
#6390=ORIENTED_EDGE('',*,*,#6376,.F.);
#6391=ORIENTED_EDGE('',*,*,#6392,.T.);
#6392=EDGE_CURVE('',#6370,#5589,#6393,.T.);
#6393=LINE('',#6371,#6394);
#6394=VECTOR('',#6395,1.);
#6395=DIRECTION('',(0.449264082285,0.422133837539,0.787378439871));
#6396=PLANE('',#6397);
#6397=AXIS2_PLACEMENT_3D('',#6398,#6399,#6400);
#6398=CARTESIAN_POINT('',(0.813089485187,-5.641354377111,-2.786601748382));
#6399=DIRECTION('',(0.888289940727,-0.116945310458,-0.444144993854));
#6400=DIRECTION('',(0.447213614422,4.116151863798E-14,0.894427181539));
#6401=ADVANCED_FACE('',(#6402),#6417,.T.);
#6402=FACE_BOUND('',#6403,.T.);
#6403=EDGE_LOOP('',(#6404,#6405,#6412));
#6404=ORIENTED_EDGE('',*,*,#5605,.F.);
#6405=ORIENTED_EDGE('',*,*,#6406,.T.);
#6406=EDGE_CURVE('',#5589,#6407,#6409,.T.);
#6407=VERTEX_POINT('',#6408);
#6408=CARTESIAN_POINT('',(0.869333267212,-5.267062664032,-2.64999999851));
#6409=LINE('',#5590,#6410);
#6410=VECTOR('',#6411,1.);
#6411=DIRECTION('',(-0.130525886323,0.991444901646,0.));
#6412=ORIENTED_EDGE('',*,*,#6413,.T.);
#6413=EDGE_CURVE('',#6407,#4925,#6414,.T.);
#6414=LINE('',#6408,#6415);
#6415=VECTOR('',#6416,1.);
#6416=DIRECTION('',(1.15271268671E-02,-8.755743006196E-02,0.996092777701));
#6417=PLANE('',#6418);
#6418=AXIS2_PLACEMENT_3D('',#6419,#6420,#6411);
#6419=CARTESIAN_POINT('',(0.891994102799,-5.439189209524,-1.381138095684));
#6420=DIRECTION('',(0.991444901646,0.130525886323,0.));
#6421=ADVANCED_FACE('',(#6422),#6437,.T.);
#6422=FACE_BOUND('',#6423,.T.);
#6423=EDGE_LOOP('',(#6424,#6431,#6436));
#6424=ORIENTED_EDGE('',*,*,#6425,.T.);
#6425=EDGE_CURVE('',#4925,#6426,#6428,.T.);
#6426=VERTEX_POINT('',#6427);
#6427=CARTESIAN_POINT('',(1.545481324196,-0.414110481739,9.6858000731E-08));
#6428=LINE('',#4926,#6429);
#6429=VECTOR('',#6430,1.);
#6430=DIRECTION('',(0.125906138444,0.992042158531,0.));
#6431=ORIENTED_EDGE('',*,*,#6432,.T.);
#6432=EDGE_CURVE('',#6426,#5618,#6433,.T.);
#6433=LINE('',#6427,#6434);
#6434=VECTOR('',#6435,1.);
#6435=DIRECTION('',(0.130526240342,0.991444855038,0.));
#6436=ORIENTED_EDGE('',*,*,#5617,.F.);
#6437=PLANE('',#6438);
#6438=AXIS2_PLACEMENT_3D('',#6439,#55,#199);
#6439=CARTESIAN_POINT('',(1.249553908529,-2.74994232768,9.6858000731E-08));
#6440=ADVANCED_FACE('',(#6441),#6452,.T.);
#6441=FACE_BOUND('',#6442,.T.);
#6442=EDGE_LOOP('',(#6443,#6444,#6449));
#6443=ORIENTED_EDGE('',*,*,#5624,.F.);
#6444=ORIENTED_EDGE('',*,*,#6445,.T.);
#6445=EDGE_CURVE('',#5618,#3070,#6446,.T.);
#6446=LINE('',#5619,#6447);
#6447=VECTOR('',#6448,1.);
#6448=DIRECTION('',(5.787384527913E-02,0.998323904368,0.));
#6449=ORIENTED_EDGE('',*,*,#6450,.T.);
#6450=EDGE_CURVE('',#3070,#2846,#6451,.T.);
#6451=LINE('',#3071,#345);
#6452=PLANE('',#6453);
#6453=AXIS2_PLACEMENT_3D('',#6454,#55,#199);
#6454=CARTESIAN_POINT('',(1.899916130893,0.,9.6858000731E-08));
#6455=ADVANCED_FACE('',(#6456),#6471,.T.);
#6456=FACE_BOUND('',#6457,.T.);
#6457=EDGE_LOOP('',(#6458,#6465,#6466));
#6458=ORIENTED_EDGE('',*,*,#6459,.T.);
#6459=EDGE_CURVE('',#6460,#5635,#6462,.T.);
#6460=VERTEX_POINT('',#6461);
#6461=CARTESIAN_POINT('',(-0.512652397156,-6.012652397156,-3.));
#6462=LINE('',#6461,#6463);
#6463=VECTOR('',#6464,1.);
#6464=DIRECTION('',(0.793352631685,-0.608762352481,0.));
#6465=ORIENTED_EDGE('',*,*,#5634,.F.);
#6466=ORIENTED_EDGE('',*,*,#6467,.T.);
#6467=EDGE_CURVE('',#4941,#6460,#6468,.T.);
#6468=LINE('',#4942,#6469);
#6469=VECTOR('',#6470,1.);
#6470=DIRECTION('',(-0.140946199185,0.60014082864,-0.787378660325));
#6471=PLANE('',#6472);
#6472=AXIS2_PLACEMENT_3D('',#6473,#6474,#6475);
#6473=CARTESIAN_POINT('',(-0.444589382737,-6.154037807482,-2.857310445141));
#6474=DIRECTION('',(-0.545423829067,-0.710808459837,-0.444144323514));
#6475=DIRECTION('',(-0.793352631685,0.608762352481,1.967315199636E-13));
#6476=ADVANCED_FACE('',(#6477),#6486,.T.);
#6477=FACE_BOUND('',#6478,.T.);
#6478=EDGE_LOOP('',(#6479,#6484,#6485));
#6479=ORIENTED_EDGE('',*,*,#6480,.T.);
#6480=EDGE_CURVE('',#5635,#5656,#6481,.T.);
#6481=LINE('',#5636,#6482);
#6482=VECTOR('',#6483,1.);
#6483=DIRECTION('',(0.923879644984,-0.382683160832,0.));
#6484=ORIENTED_EDGE('',*,*,#5655,.F.);
#6485=ORIENTED_EDGE('',*,*,#5641,.F.);
#6486=PLANE('',#6487);
#6487=AXIS2_PLACEMENT_3D('',#6488,#6489,#6490);
#6488=CARTESIAN_POINT('',(-0.260162935664,-6.246820339887,-2.857310424856));
#6489=DIRECTION('',(-0.34286692183,-0.827754660875,-0.444144678358));
#6490=DIRECTION('',(1.365851876045E-13,0.472804183152,-0.881167523456));
#6491=ADVANCED_FACE('',(#6492),#6501,.T.);
#6492=FACE_BOUND('',#6493,.T.);
#6493=EDGE_LOOP('',(#6494,#6499,#6500));
#6494=ORIENTED_EDGE('',*,*,#6495,.T.);
#6495=EDGE_CURVE('',#5656,#5706,#6496,.T.);
#6496=LINE('',#5657,#6497);
#6497=VECTOR('',#6498,1.);
#6498=DIRECTION('',(0.99144504854,-0.130524770545,0.));
#6499=ORIENTED_EDGE('',*,*,#5705,.F.);
#6500=ORIENTED_EDGE('',*,*,#5662,.F.);
#6501=PLANE('',#6502);
#6502=AXIS2_PLACEMENT_3D('',#6503,#6504,#6505);
#6503=CARTESIAN_POINT('',(-5.800679497008E-02,-6.288708119727,-2.857310415093));
#6504=DIRECTION('',(-0.116944283529,-0.888289865405,-0.444145414891));
#6505=DIRECTION('',(-1.939420846142E-14,0.447213983916,-0.894426996792));
#6506=ADVANCED_FACE('',(#6507),#6516,.T.);
#6507=FACE_BOUND('',#6508,.T.);
#6508=EDGE_LOOP('',(#6509,#6510,#6515));
#6509=ORIENTED_EDGE('',*,*,#5675,.F.);
#6510=ORIENTED_EDGE('',*,*,#6511,.T.);
#6511=EDGE_CURVE('',#5676,#6460,#6512,.T.);
#6512=LINE('',#5677,#6513);
#6513=VECTOR('',#6514,1.);
#6514=DIRECTION('',(0.316227864188,0.316227407228,-0.894427283142));
#6515=ORIENTED_EDGE('',*,*,#6467,.F.);
#6516=PLANE('',#6517);
#6517=AXIS2_PLACEMENT_3D('',#6518,#6519,#6520);
#6518=CARTESIAN_POINT('',(-0.528961100935,-6.133478930758,-2.786601758808));
#6519=DIRECTION('',(-0.545423001933,-0.710808827096,-0.444144751501));
#6520=DIRECTION('',(-0.793353229458,0.608761573449,-1.414146577616E-13));
#6521=ADVANCED_FACE('',(#6522),#6537,.T.);
#6522=FACE_BOUND('',#6523,.T.);
#6523=EDGE_LOOP('',(#6524,#6531,#6532));
#6524=ORIENTED_EDGE('',*,*,#6525,.T.);
#6525=EDGE_CURVE('',#6526,#5383,#6528,.T.);
#6526=VERTEX_POINT('',#6527);
#6527=CARTESIAN_POINT('',(6.,-0.10000000149,-3.));
#6528=LINE('',#6527,#6529);
#6529=VECTOR('',#6530,1.);
#6530=DIRECTION('',(0.,0.164398984525,0.986393924296));
#6531=ORIENTED_EDGE('',*,*,#5726,.F.);
#6532=ORIENTED_EDGE('',*,*,#6533,.T.);
#6533=EDGE_CURVE('',#4409,#6526,#6534,.T.);
#6534=LINE('',#4410,#6535);
#6535=VECTOR('',#6536,1.);
#6536=DIRECTION('',(0.,9.950371730835E-02,-0.995037190381));
#6537=PLANE('',#6538);
#6538=AXIS2_PLACEMENT_3D('',#6539,#14,#13);
#6539=CARTESIAN_POINT('',(6.,-4.339535605613E-02,-1.324979557444));
#6540=ADVANCED_FACE('',(#6541),#6550,.T.);
#6541=FACE_BOUND('',#6542,.T.);
#6542=EDGE_LOOP('',(#6543,#6544,#6545));
#6543=ORIENTED_EDGE('',*,*,#5737,.F.);
#6544=ORIENTED_EDGE('',*,*,#5758,.F.);
#6545=ORIENTED_EDGE('',*,*,#6546,.T.);
#6546=EDGE_CURVE('',#5754,#5738,#6547,.T.);
#6547=LINE('',#5755,#6548);
#6548=VECTOR('',#6549,1.);
#6549=DIRECTION('',(0.,-0.289004586351,-0.957327712473));
#6550=PLANE('',#6551);
#6551=AXIS2_PLACEMENT_3D('',#6552,#199,#55);
#6552=CARTESIAN_POINT('',(5.800000190735,-0.170469476353,-1.154530474473));
#6553=ADVANCED_FACE('',(#6554),#6565,.T.);
#6554=FACE_BOUND('',#6555,.T.);
#6555=EDGE_LOOP('',(#6556,#6561,#6564));
#6556=ORIENTED_EDGE('',*,*,#6557,.T.);
#6557=EDGE_CURVE('',#5738,#6558,#6560,.T.);
#6558=VERTEX_POINT('',#6559);
#6559=CARTESIAN_POINT('',(6.,-0.40000000596,-2.64999999851));
#6560=LINE('',#5739,#34);
#6561=ORIENTED_EDGE('',*,*,#6562,.T.);
#6562=EDGE_CURVE('',#6558,#4409,#6563,.T.);
#6563=LINE('',#6559,#82);
#6564=ORIENTED_EDGE('',*,*,#5742,.F.);
#6565=PLANE('',#6566);
#6566=AXIS2_PLACEMENT_3D('',#6567,#64,#55);
#6567=CARTESIAN_POINT('',(5.948115938044,-0.40000000596,-1.373115793503));
#6568=ADVANCED_FACE('',(#6569),#6574,.T.);
#6569=FACE_BOUND('',#6570,.T.);
#6570=EDGE_LOOP('',(#6571,#6572,#6573));
#6571=ORIENTED_EDGE('',*,*,#5753,.F.);
#6572=ORIENTED_EDGE('',*,*,#5774,.F.);
#6573=ORIENTED_EDGE('',*,*,#6158,.F.);
#6574=PLANE('',#6575);
#6575=AXIS2_PLACEMENT_3D('',#6576,#55,#199);
#6576=CARTESIAN_POINT('',(5.758590110664,1.69028226406E-03,9.6858000731E-08));
#6577=ADVANCED_FACE('',(#6578),#6585,.T.);
#6578=FACE_BOUND('',#6579,.T.);
#6579=EDGE_LOOP('',(#6580,#6583,#6584));
#6580=ORIENTED_EDGE('',*,*,#6581,.T.);
#6581=EDGE_CURVE('',#5054,#6140,#6582,.T.);
#6582=LINE('',#5055,#189);
#6583=ORIENTED_EDGE('',*,*,#6139,.F.);
#6584=ORIENTED_EDGE('',*,*,#5769,.F.);
#6585=PLANE('',#6586);
#6586=AXIS2_PLACEMENT_3D('',#6587,#55,#199);
#6587=CARTESIAN_POINT('',(5.639725780453,5.177176646058E-02,9.6858000731E-08));
#6588=ADVANCED_FACE('',(#6589),#6598,.T.);
#6589=FACE_BOUND('',#6590,.T.);
#6590=EDGE_LOOP('',(#6591,#6592,#6597));
#6591=ORIENTED_EDGE('',*,*,#5790,.F.);
#6592=ORIENTED_EDGE('',*,*,#6593,.T.);
#6593=EDGE_CURVE('',#5784,#6140,#6594,.T.);
#6594=LINE('',#5785,#6595);
#6595=VECTOR('',#6596,1.);
#6596=DIRECTION('',(0.130525877649,0.991444902788,0.));
#6597=ORIENTED_EDGE('',*,*,#6581,.F.);
#6598=PLANE('',#6599);
#6599=AXIS2_PLACEMENT_3D('',#6600,#55,#199);
#6600=CARTESIAN_POINT('',(5.567929840032,-1.328384070496E-02,9.6858000731E-08));
#6601=ADVANCED_FACE('',(#6602),#6617,.T.);
#6602=FACE_BOUND('',#6603,.T.);
#6603=EDGE_LOOP('',(#6604,#6611,#6616));
#6604=ORIENTED_EDGE('',*,*,#6605,.T.);
#6605=EDGE_CURVE('',#2177,#6606,#6608,.T.);
#6606=VERTEX_POINT('',#6607);
#6607=CARTESIAN_POINT('',(5.380384922028,-0.300000011921,9.6858000731E-08));
#6608=LINE('',#2178,#6609);
#6609=VECTOR('',#6610,1.);
#6610=DIRECTION('',(5.753859499098E-02,0.998343282687,0.));
#6611=ORIENTED_EDGE('',*,*,#6612,.T.);
#6612=EDGE_CURVE('',#6606,#5784,#6613,.T.);
#6613=LINE('',#6607,#6614);
#6614=VECTOR('',#6615,1.);
#6615=DIRECTION('',(0.608761634711,-0.79335318245,0.));
#6616=ORIENTED_EDGE('',*,*,#5783,.F.);
#6617=PLANE('',#6618);
#6618=AXIS2_PLACEMENT_3D('',#6619,#55,#199);
#6619=CARTESIAN_POINT('',(5.216346617274,-3.592178709647,9.6858000731E-08));
#6620=ADVANCED_FACE('',(#6621),#6634,.T.);
#6621=FACE_BOUND('',#6622,.T.);
#6622=EDGE_LOOP('',(#6623,#6624,#6629));
#6623=ORIENTED_EDGE('',*,*,#5802,.F.);
#6624=ORIENTED_EDGE('',*,*,#6625,.T.);
#6625=EDGE_CURVE('',#5457,#6626,#6628,.T.);
#6626=VERTEX_POINT('',#6627);
#6627=CARTESIAN_POINT('',(-0.449999988079,6.27942276001,-2.64999999851));
#6628=LINE('',#5458,#54);
#6629=ORIENTED_EDGE('',*,*,#6630,.T.);
#6630=EDGE_CURVE('',#6626,#5073,#6631,.T.);
#6631=LINE('',#6627,#6632);
#6632=VECTOR('',#6633,1.);
#6633=DIRECTION('',(-7.006333019598E-02,-5.376150439357E-02,0.996092782027));
#6634=PLANE('',#6635);
#6635=AXIS2_PLACEMENT_3D('',#6636,#6637,#3818);
#6636=CARTESIAN_POINT('',(-0.498660694212,6.242084072865,-1.268861835793));
#6637=DIRECTION('',(-0.608761573449,0.793353229458,0.));
#6638=ADVANCED_FACE('',(#6639),#6650,.T.);
#6639=FACE_BOUND('',#6640,.T.);
#6640=EDGE_LOOP('',(#6641,#6646,#6649));
#6641=ORIENTED_EDGE('',*,*,#6642,.T.);
#6642=EDGE_CURVE('',#5073,#6643,#6645,.T.);
#6643=VERTEX_POINT('',#6644);
#6644=CARTESIAN_POINT('',(-0.636396110058,6.136395931244,-2.64999999851));
#6645=LINE('',#5074,#54);
#6646=ORIENTED_EDGE('',*,*,#6647,.T.);
#6647=EDGE_CURVE('',#6643,#5815,#6648,.T.);
#6648=LINE('',#6644,#5076);
#6649=ORIENTED_EDGE('',*,*,#5820,.F.);
#6650=PLANE('',#6651);
#6651=AXIS2_PLACEMENT_3D('',#6652,#5827,#5077);
#6652=CARTESIAN_POINT('',(-0.673734781399,6.087735225429,-1.381138057589));
#6653=ADVANCED_FACE('',(#6654),#6669,.T.);
#6654=FACE_BOUND('',#6655,.T.);
#6655=EDGE_LOOP('',(#6656,#6657,#6664));
#6656=ORIENTED_EDGE('',*,*,#5833,.F.);
#6657=ORIENTED_EDGE('',*,*,#6658,.T.);
#6658=EDGE_CURVE('',#5815,#6659,#6661,.T.);
#6659=VERTEX_POINT('',#6660);
#6660=CARTESIAN_POINT('',(-0.627868413925,5.862500190735,-3.));
#6661=LINE('',#5816,#6662);
#6662=VECTOR('',#6663,1.);
#6663=DIRECTION('',(0.387298460369,-0.223605866537,-0.894427369352));
#6664=ORIENTED_EDGE('',*,*,#6665,.T.);
#6665=EDGE_CURVE('',#6659,#5090,#6666,.T.);
#6666=LINE('',#6660,#6667);
#6667=VECTOR('',#6668,1.);
#6668=DIRECTION('',(-0.543212125875,-0.291471461848,0.787378545066));
#6669=PLANE('',#6670);
#6670=AXIS2_PLACEMENT_3D('',#6671,#6672,#6673);
#6671=CARTESIAN_POINT('',(-0.748798939738,5.846980839712,-2.786601812147));
#6672=DIRECTION('',(-0.827754311656,0.342867701604,-0.444144727236));
#6673=DIRECTION('',(0.472804378432,-1.155464612879E-13,-0.881167418676));
#6674=ADVANCED_FACE('',(#6675),#6688,.T.);
#6675=FACE_BOUND('',#6676,.T.);
#6676=EDGE_LOOP('',(#6677,#6682,#6687));
#6677=ORIENTED_EDGE('',*,*,#6678,.T.);
#6678=EDGE_CURVE('',#5090,#6679,#6681,.T.);
#6679=VERTEX_POINT('',#6680);
#6680=CARTESIAN_POINT('',(-0.700296223164,5.687644004822,-3.));
#6681=LINE('',#5091,#6068);
#6682=ORIENTED_EDGE('',*,*,#6683,.T.);
#6683=EDGE_CURVE('',#6679,#5844,#6684,.T.);
#6684=LINE('',#6680,#6685);
#6685=VECTOR('',#6686,1.);
#6686=DIRECTION('',(-0.130526185916,-0.991444862204,0.));
#6687=ORIENTED_EDGE('',*,*,#5851,.F.);
#6688=PLANE('',#6689);
#6689=AXIS2_PLACEMENT_3D('',#6690,#6691,#6692);
#6690=CARTESIAN_POINT('',(-0.77684674507,5.648102519201,-2.857310445256));
#6691=DIRECTION('',(-0.888289898417,0.116945577962,-0.444145008038));
#6692=DIRECTION('',(0.447213642889,8.687495167692E-15,-0.894427167306));
#6693=ADVANCED_FACE('',(#6694),#6703,.T.);
#6694=FACE_BOUND('',#6695,.T.);
#6695=EDGE_LOOP('',(#6696,#6697,#6702));
#6696=ORIENTED_EDGE('',*,*,#5843,.F.);
#6697=ORIENTED_EDGE('',*,*,#6698,.T.);
#6698=EDGE_CURVE('',#5844,#5865,#6699,.T.);
#6699=LINE('',#5845,#6700);
#6700=VECTOR('',#6701,1.);
#6701=DIRECTION('',(0.130526185916,-0.991444862204,0.));
#6702=ORIENTED_EDGE('',*,*,#5872,.F.);
#6703=PLANE('',#6704);
#6704=AXIS2_PLACEMENT_3D('',#6705,#6706,#6707);
#6705=CARTESIAN_POINT('',(-0.788708031208,5.441993127251,-2.857310447181));
#6706=DIRECTION('',(-0.888289970119,-0.116945587402,-0.444144862149));
#6707=DIRECTION('',(0.447213496492,6.211003933387E-14,-0.894427240504));
#6708=ADVANCED_FACE('',(#6709),#6718,.T.);
#6709=FACE_BOUND('',#6710,.T.);
#6710=EDGE_LOOP('',(#6711,#6712,#6717));
#6711=ORIENTED_EDGE('',*,*,#5864,.F.);
#6712=ORIENTED_EDGE('',*,*,#6713,.T.);
#6713=EDGE_CURVE('',#5865,#5886,#6714,.T.);
#6714=LINE('',#5866,#6715);
#6715=VECTOR('',#6716,1.);
#6716=DIRECTION('',(0.382683457478,-0.923879522109,0.));
#6717=ORIENTED_EDGE('',*,*,#5893,.F.);
#6718=PLANE('',#6719);
#6719=AXIS2_PLACEMENT_3D('',#6720,#6721,#6722);
#6720=CARTESIAN_POINT('',(-0.746820217897,5.239836874268,-2.857310419734));
#6721=DIRECTION('',(-0.827754402212,-0.342867126071,-0.444145002761));
#6722=DIRECTION('',(0.472804566008,-1.053601650369E-13,-0.881167318029));
#6723=ADVANCED_FACE('',(#6724),#6739,.T.);
#6724=FACE_BOUND('',#6725,.T.);
#6725=EDGE_LOOP('',(#6726,#6727,#6734));
#6726=ORIENTED_EDGE('',*,*,#5885,.F.);
#6727=ORIENTED_EDGE('',*,*,#6728,.T.);
#6728=EDGE_CURVE('',#5886,#6729,#6731,.T.);
#6729=VERTEX_POINT('',#6730);
#6730=CARTESIAN_POINT('',(-0.512652397156,4.987347602844,-3.));
#6731=LINE('',#5887,#6732);
#6732=VECTOR('',#6733,1.);
#6733=DIRECTION('',(0.608762015901,-0.793352889952,0.));
#6734=ORIENTED_EDGE('',*,*,#6735,.T.);
#6735=EDGE_CURVE('',#6729,#5131,#6736,.T.);
#6736=LINE('',#6730,#6737);
#6737=VECTOR('',#6738,1.);
#6738=DIRECTION('',(-0.600140966203,0.140946570779,0.787378488956));
#6739=PLANE('',#6740);
#6740=AXIS2_PLACEMENT_3D('',#6741,#6742,#6743);
#6741=CARTESIAN_POINT('',(-0.6540378141,5.055410636285,-2.857310400297));
#6742=DIRECTION('',(-0.710808630051,-0.54542348056,-0.444144479081));
#6743=DIRECTION('',(0.608762015901,-0.793352889952,2.239319840669E-13));
#6744=ADVANCED_FACE('',(#6745),#6756,.T.);
#6745=FACE_BOUND('',#6746,.T.);
#6746=EDGE_LOOP('',(#6747,#6748,#6753));
#6747=ORIENTED_EDGE('',*,*,#5906,.F.);
#6748=ORIENTED_EDGE('',*,*,#6749,.T.);
#6749=EDGE_CURVE('',#5131,#6750,#6752,.T.);
#6750=VERTEX_POINT('',#6751);
#6751=CARTESIAN_POINT('',(-0.636396110058,4.863604068756,-2.64999999851));
#6752=LINE('',#5132,#5353);
#6753=ORIENTED_EDGE('',*,*,#6754,.T.);
#6754=EDGE_CURVE('',#6750,#5149,#6755,.T.);
#6755=LINE('',#6751,#6120);
#6756=PLANE('',#6757);
#6757=AXIS2_PLACEMENT_3D('',#6758,#6125,#5354);
#6758=CARTESIAN_POINT('',(-0.742084207878,5.001339484919,-1.381138057589));
#6759=ADVANCED_FACE('',(#6760),#6767,.T.);
#6760=FACE_BOUND('',#6761,.T.);
#6761=EDGE_LOOP('',(#6762,#6765,#6766));
#6762=ORIENTED_EDGE('',*,*,#6763,.T.);
#6763=EDGE_CURVE('',#6750,#5919,#6764,.T.);
#6764=LINE('',#6751,#82);
#6765=ORIENTED_EDGE('',*,*,#5918,.F.);
#6766=ORIENTED_EDGE('',*,*,#6754,.F.);
#6767=PLANE('',#6768);
#6768=AXIS2_PLACEMENT_3D('',#6769,#6125,#5354);
#6769=CARTESIAN_POINT('',(-0.673734781399,4.912264774571,-1.268861844063));
#6770=ADVANCED_FACE('',(#6771),#6784,.T.);
#6771=FACE_BOUND('',#6772,.T.);
#6772=EDGE_LOOP('',(#6773,#6774,#6779));
#6773=ORIENTED_EDGE('',*,*,#5923,.F.);
#6774=ORIENTED_EDGE('',*,*,#6775,.T.);
#6775=EDGE_CURVE('',#5919,#6776,#6778,.T.);
#6776=VERTEX_POINT('',#6777);
#6777=CARTESIAN_POINT('',(-0.449999988079,4.72057723999,9.6858000731E-08));
#6778=LINE('',#5920,#4989);
#6779=ORIENTED_EDGE('',*,*,#6780,.T.);
#6780=EDGE_CURVE('',#6776,#4526,#6781,.T.);
#6781=LINE('',#6777,#6782);
#6782=VECTOR('',#6783,1.);
#6783=DIRECTION('',(-0.104376280875,-0.99453787861,0.));
#6784=PLANE('',#6785);
#6785=AXIS2_PLACEMENT_3D('',#6786,#55,#199);
#6786=CARTESIAN_POINT('',(-0.668179398508,3.146116586364,9.6858000731E-08));
#6787=ADVANCED_FACE('',(#6788),#6800,.T.);
#6788=FACE_BOUND('',#6789,.T.);
#6789=EDGE_LOOP('',(#6790,#6796,#6799));
#6790=ORIENTED_EDGE('',*,*,#6791,.T.);
#6791=EDGE_CURVE('',#4526,#6792,#6794,.T.);
#6792=VERTEX_POINT('',#6793);
#6793=CARTESIAN_POINT('',(-0.414110481739,1.545481324196,9.6858000731E-08));
#6794=LINE('',#4527,#6795);
#6795=VECTOR('',#5949,1.);
#6796=ORIENTED_EDGE('',*,*,#6797,.T.);
#6797=EDGE_CURVE('',#6792,#5935,#6798,.T.);
#6798=LINE('',#6793,#54);
#6799=ORIENTED_EDGE('',*,*,#5941,.F.);
#6800=PLANE('',#6801);
#6801=AXIS2_PLACEMENT_3D('',#6802,#5948,#5949);
#6802=CARTESIAN_POINT('',(-0.518139043933,1.502391275843,-1.228757744036));
#6803=ADVANCED_FACE('',(#6804),#6813,.T.);
#6804=FACE_BOUND('',#6805,.T.);
#6805=EDGE_LOOP('',(#6806,#6807,#6812));
#6806=ORIENTED_EDGE('',*,*,#5934,.F.);
#6807=ORIENTED_EDGE('',*,*,#6808,.T.);
#6808=EDGE_CURVE('',#5935,#5955,#6809,.T.);
#6809=LINE('',#5936,#6810);
#6810=VECTOR('',#6811,1.);
#6811=DIRECTION('',(0.115747395438,-0.431975087434,-0.894427226937));
#6812=ORIENTED_EDGE('',*,*,#5962,.F.);
#6813=PLANE('',#6814);
#6814=AXIS2_PLACEMENT_3D('',#6815,#6816,#6817);
#6815=CARTESIAN_POINT('',(-0.536005505772,1.429836458172,-2.771428277781));
#6816=DIRECTION('',(-0.34286717297,0.827754444269,-0.444144888176));
#6817=DIRECTION('',(-6.075695502261E-14,0.472804452644,0.881167378856));
#6818=ADVANCED_FACE('',(#6819),#6828,.T.);
#6819=FACE_BOUND('',#6820,.T.);
#6820=EDGE_LOOP('',(#6821,#6822,#6823));
#6821=ORIENTED_EDGE('',*,*,#5977,.F.);
#6822=ORIENTED_EDGE('',*,*,#5954,.F.);
#6823=ORIENTED_EDGE('',*,*,#6824,.T.);
#6824=EDGE_CURVE('',#5955,#5243,#6825,.T.);
#6825=LINE('',#5956,#6826);
#6826=VECTOR('',#6827,1.);
#6827=DIRECTION('',(-0.130526179447,-0.991444863055,0.));
#6828=PLANE('',#6829);
#6829=AXIS2_PLACEMENT_3D('',#6830,#55,#199);
#6830=CARTESIAN_POINT('',(-0.618151072264,0.122957917557,-3.));
#6831=ADVANCED_FACE('',(#6832),#6847,.T.);
#6832=FACE_BOUND('',#6833,.T.);
#6833=EDGE_LOOP('',(#6834,#6841,#6846));
#6834=ORIENTED_EDGE('',*,*,#6835,.T.);
#6835=EDGE_CURVE('',#5243,#6836,#6838,.T.);
#6836=VERTEX_POINT('',#6837);
#6837=CARTESIAN_POINT('',(-0.368817150593,-1.376444339752,-3.));
#6838=LINE('',#5244,#6839);
#6839=VECTOR('',#6840,1.);
#6840=DIRECTION('',(0.923879440932,-0.382683653456,0.));
#6841=ORIENTED_EDGE('',*,*,#6842,.T.);
#6842=EDGE_CURVE('',#6836,#5987,#6843,.T.);
#6843=LINE('',#6837,#6844);
#6844=VECTOR('',#6845,1.);
#6845=DIRECTION('',(-0.115747395438,-0.431975087434,0.894427226937));
#6846=ORIENTED_EDGE('',*,*,#5992,.F.);
#6847=PLANE('',#6848);
#6848=AXIS2_PLACEMENT_3D('',#6849,#6850,#6851);
#6849=CARTESIAN_POINT('',(-0.505926207003,-1.387063250178,-2.874365173073));
#6850=DIRECTION('',(-0.342867325014,-0.827754385867,-0.444144879646));
#6851=DIRECTION('',(-3.955169525227E-14,0.472804471495,-0.881167368741));
#6852=ADVANCED_FACE('',(#6853),#6867,.T.);
#6853=FACE_BOUND('',#6854,.T.);
#6854=EDGE_LOOP('',(#6855,#6861,#6862));
#6855=ORIENTED_EDGE('',*,*,#6856,.T.);
#6856=EDGE_CURVE('',#6857,#5264,#6859,.T.);
#6857=VERTEX_POINT('',#6858);
#6858=CARTESIAN_POINT('',(-1.7763568394E-15,-1.600000023842,9.6858000731E-08));
#6859=LINE('',#6858,#6860);
#6860=VECTOR('',#2973,1.);
#6861=ORIENTED_EDGE('',*,*,#6006,.F.);
#6862=ORIENTED_EDGE('',*,*,#6863,.T.);
#6863=EDGE_CURVE('',#5987,#6857,#6864,.T.);
#6864=LINE('',#5988,#6865);
#6865=VECTOR('',#6866,1.);
#6866=DIRECTION('',(0.154362452573,-2.032221003702E-02,0.987805264723));
#6867=PLANE('',#6868);
#6868=AXIS2_PLACEMENT_3D('',#6869,#2748,#2973);
#6869=CARTESIAN_POINT('',(-0.302474081593,-1.560178540609,-1.228757744072));
#6870=ADVANCED_FACE('',(#6871),#6884,.T.);
#6871=FACE_BOUND('',#6872,.T.);
#6872=EDGE_LOOP('',(#6873,#6878,#6879));
#6873=ORIENTED_EDGE('',*,*,#6874,.T.);
#6874=EDGE_CURVE('',#6875,#6017,#6877,.T.);
#6875=VERTEX_POINT('',#6876);
#6876=CARTESIAN_POINT('',(-0.232937142253,-4.630666732788,9.6858000731E-08));
#6877=LINE('',#6876,#5460);
#6878=ORIENTED_EDGE('',*,*,#6024,.F.);
#6879=ORIENTED_EDGE('',*,*,#6880,.T.);
#6880=EDGE_CURVE('',#5264,#6875,#6881,.T.);
#6881=LINE('',#5265,#6882);
#6882=VECTOR('',#6883,1.);
#6883=DIRECTION('',(5.862265505572E-02,-0.998280213324,0.));
#6884=PLANE('',#6885);
#6885=AXIS2_PLACEMENT_3D('',#6886,#55,#199);
#6886=CARTESIAN_POINT('',(-0.377184690635,-3.167408962142,9.6858000731E-08));
#6887=ADVANCED_FACE('',(#6888),#6895,.T.);
#6888=FACE_BOUND('',#6889,.T.);
#6889=EDGE_LOOP('',(#6890,#6893,#6894));
#6890=ORIENTED_EDGE('',*,*,#6891,.T.);
#6891=EDGE_CURVE('',#6017,#6036,#6892,.T.);
#6892=LINE('',#6018,#5804);
#6893=ORIENTED_EDGE('',*,*,#6041,.F.);
#6894=ORIENTED_EDGE('',*,*,#6016,.F.);
#6895=PLANE('',#6896);
#6896=AXIS2_PLACEMENT_3D('',#6897,#55,#199);
#6897=CARTESIAN_POINT('',(-0.668179398508,-3.146116586364,9.6858000731E-08));
#6898=ADVANCED_FACE('',(#6899),#6910,.T.);
#6899=FACE_BOUND('',#6900,.T.);
#6900=EDGE_LOOP('',(#6901,#6906,#6907));
#6901=ORIENTED_EDGE('',*,*,#6902,.T.);
#6902=EDGE_CURVE('',#6903,#5282,#6905,.T.);
#6903=VERTEX_POINT('',#6904);
#6904=CARTESIAN_POINT('',(-0.779422879219,-5.050000190735,-2.64999999851));
#6905=LINE('',#6904,#82);
#6906=ORIENTED_EDGE('',*,*,#6035,.F.);
#6907=ORIENTED_EDGE('',*,*,#6908,.T.);
#6908=EDGE_CURVE('',#6036,#6903,#6909,.T.);
#6909=LINE('',#6037,#5822);
#6910=PLANE('',#6911);
#6911=AXIS2_PLACEMENT_3D('',#6912,#5827,#5077);
#6912=CARTESIAN_POINT('',(-0.742084207878,-5.001339484919,-1.268861844063));
#6913=ADVANCED_FACE('',(#6914),#6921,.T.);
#6914=FACE_BOUND('',#6915,.T.);
#6915=EDGE_LOOP('',(#6916,#6917,#6920));
#6916=ORIENTED_EDGE('',*,*,#6902,.F.);
#6917=ORIENTED_EDGE('',*,*,#6918,.T.);
#6918=EDGE_CURVE('',#6903,#5299,#6919,.T.);
#6919=LINE('',#6904,#4476);
#6920=ORIENTED_EDGE('',*,*,#6054,.F.);
#6921=PLANE('',#6922);
#6922=AXIS2_PLACEMENT_3D('',#6923,#5102,#4477);
#6923=CARTESIAN_POINT('',(-0.80289494827,-5.106666672498,-1.381137972316));
#6924=ADVANCED_FACE('',(#6925),#6940,.T.);
#6925=FACE_BOUND('',#6926,.T.);
#6926=EDGE_LOOP('',(#6927,#6934,#6935));
#6927=ORIENTED_EDGE('',*,*,#6928,.T.);
#6928=EDGE_CURVE('',#6929,#6065,#6931,.T.);
#6929=VERTEX_POINT('',#6930);
#6930=CARTESIAN_POINT('',(-0.627868413925,-5.137499809265,-3.));
#6931=LINE('',#6930,#6932);
#6932=VECTOR('',#6933,1.);
#6933=DIRECTION('',(-0.382683457478,-0.923879522109,0.));
#6934=ORIENTED_EDGE('',*,*,#6064,.F.);
#6935=ORIENTED_EDGE('',*,*,#6936,.T.);
#6936=EDGE_CURVE('',#5299,#6929,#6937,.T.);
#6937=LINE('',#5300,#6938);
#6938=VECTOR('',#6939,1.);
#6939=DIRECTION('',(0.543212125875,0.291471461848,-0.787378545066));
#6940=PLANE('',#6941);
#6941=AXIS2_PLACEMENT_3D('',#6942,#6943,#6944);
#6942=CARTESIAN_POINT('',(-0.746820217897,-5.239836874268,-2.857310419734));
#6943=DIRECTION('',(-0.827754402212,0.342867126071,-0.444145002761));
#6944=DIRECTION('',(0.472804566008,1.053601650369E-13,-0.881167318029));
#6945=ADVANCED_FACE('',(#6946),#6957,.T.);
#6946=FACE_BOUND('',#6947,.T.);
#6947=EDGE_LOOP('',(#6948,#6953,#6956));
#6948=ORIENTED_EDGE('',*,*,#6949,.T.);
#6949=EDGE_CURVE('',#6065,#6950,#6952,.T.);
#6950=VERTEX_POINT('',#6951);
#6951=CARTESIAN_POINT('',(-0.725000023842,-5.5,-3.));
#6952=LINE('',#6066,#6685);
#6953=ORIENTED_EDGE('',*,*,#6954,.T.);
#6954=EDGE_CURVE('',#6950,#4698,#6955,.T.);
#6955=LINE('',#6951,#5847);
#6956=ORIENTED_EDGE('',*,*,#6071,.F.);
#6957=PLANE('',#6958);
#6958=AXIS2_PLACEMENT_3D('',#6959,#6960,#6961);
#6959=CARTESIAN_POINT('',(-0.788708031208,-5.441993127251,-2.857310447181));
#6960=DIRECTION('',(-0.888289970119,0.116945587402,-0.444144862149));
#6961=DIRECTION('',(0.447213496492,-6.211003933387E-14,-0.894427240504));
#6962=ADVANCED_FACE('',(#6963),#6970,.T.);
#6963=FACE_BOUND('',#6964,.T.);
#6964=EDGE_LOOP('',(#6965,#6966,#6969));
#6965=ORIENTED_EDGE('',*,*,#6954,.F.);
#6966=ORIENTED_EDGE('',*,*,#6967,.T.);
#6967=EDGE_CURVE('',#6950,#6085,#6968,.T.);
#6968=LINE('',#6951,#6700);
#6969=ORIENTED_EDGE('',*,*,#6090,.F.);
#6970=PLANE('',#6971);
#6971=AXIS2_PLACEMENT_3D('',#6972,#6706,#6707);
#6972=CARTESIAN_POINT('',(-0.788708031208,-5.558006872749,-2.857310447181));
#6973=ADVANCED_FACE('',(#6974),#6981,.T.);
#6974=FACE_BOUND('',#6975,.T.);
#6975=EDGE_LOOP('',(#6976,#6977,#6980));
#6976=ORIENTED_EDGE('',*,*,#6084,.F.);
#6977=ORIENTED_EDGE('',*,*,#6978,.T.);
#6978=EDGE_CURVE('',#6085,#6100,#6979,.T.);
#6979=LINE('',#6086,#6715);
#6980=ORIENTED_EDGE('',*,*,#6105,.F.);
#6981=PLANE('',#6982);
#6982=AXIS2_PLACEMENT_3D('',#6983,#6721,#6722);
#6983=CARTESIAN_POINT('',(-0.746820217897,-5.760163125732,-2.857310419734));
#6984=ADVANCED_FACE('',(#6985),#6994,.T.);
#6985=FACE_BOUND('',#6986,.T.);
#6986=EDGE_LOOP('',(#6987,#6988,#6991));
#6987=ORIENTED_EDGE('',*,*,#6099,.F.);
#6988=ORIENTED_EDGE('',*,*,#6989,.T.);
#6989=EDGE_CURVE('',#6100,#6460,#6990,.T.);
#6990=LINE('',#6101,#6732);
#6991=ORIENTED_EDGE('',*,*,#6992,.T.);
#6992=EDGE_CURVE('',#6460,#5326,#6993,.T.);
#6993=LINE('',#6461,#6737);
#6994=PLANE('',#6995);
#6995=AXIS2_PLACEMENT_3D('',#6996,#6742,#6743);
#6996=CARTESIAN_POINT('',(-0.6540378141,-5.944589363715,-2.857310400297));
#6997=ADVANCED_FACE('',(#6998),#7003,.T.);
#6998=FACE_BOUND('',#6999,.T.);
#6999=EDGE_LOOP('',(#7000,#7001,#7002));
#7000=ORIENTED_EDGE('',*,*,#6511,.F.);
#7001=ORIENTED_EDGE('',*,*,#6115,.F.);
#7002=ORIENTED_EDGE('',*,*,#6992,.F.);
#7003=PLANE('',#7004);
#7004=AXIS2_PLACEMENT_3D('',#7005,#7006,#7007);
#7005=CARTESIAN_POINT('',(-0.633479019484,-6.028960987124,-2.786601766906));
#7006=DIRECTION('',(-0.710808913912,-0.545422841251,-0.444144809881));
#7007=DIRECTION('',(0.608761413772,-0.793353351983,-1.892097589717E-13));
#7008=ADVANCED_FACE('',(#7009),#7024,.T.);
#7009=FACE_BOUND('',#7010,.T.);
#7010=EDGE_LOOP('',(#7011,#7018,#7023));
#7011=ORIENTED_EDGE('',*,*,#7012,.T.);
#7012=EDGE_CURVE('',#6140,#7013,#7015,.T.);
#7013=VERTEX_POINT('',#7014);
#7014=CARTESIAN_POINT('',(5.475736141205,0.424264073372,9.6858000731E-08));
#7015=LINE('',#6141,#7016);
#7016=VECTOR('',#7017,1.);
#7017=DIRECTION('',(-0.793352661112,-0.608762314132,0.));
#7018=ORIENTED_EDGE('',*,*,#7019,.T.);
#7019=EDGE_CURVE('',#7013,#2622,#7020,.T.);
#7020=LINE('',#7014,#7021);
#7021=VECTOR('',#7022,1.);
#7022=DIRECTION('',(-7.326696672948E-02,0.9973123641,0.));
#7023=ORIENTED_EDGE('',*,*,#6146,.F.);
#7024=PLANE('',#7025);
#7025=AXIS2_PLACEMENT_3D('',#7026,#55,#199);
#7026=CARTESIAN_POINT('',(5.271958406909,3.647263974747,9.6858000731E-08));
#7027=ADVANCED_FACE('',(#7028),#7041,.T.);
#7028=FACE_BOUND('',#7029,.T.);
#7029=EDGE_LOOP('',(#7030,#7031,#7036));
#7030=ORIENTED_EDGE('',*,*,#6175,.F.);
#7031=ORIENTED_EDGE('',*,*,#7032,.T.);
#7032=EDGE_CURVE('',#5383,#7033,#7035,.T.);
#7033=VERTEX_POINT('',#7034);
#7034=CARTESIAN_POINT('',(6.,0.40000000596,-2.64999999851));
#7035=LINE('',#5384,#54);
#7036=ORIENTED_EDGE('',*,*,#7037,.T.);
#7037=EDGE_CURVE('',#7033,#5754,#7038,.T.);
#7038=LINE('',#7034,#7039);
#7039=VECTOR('',#7040,1.);
#7040=DIRECTION('',(-7.525759541284E-02,0.,0.997164126076));
#7041=PLANE('',#7042);
#7042=AXIS2_PLACEMENT_3D('',#7043,#190,#13);
#7043=CARTESIAN_POINT('',(5.948115938044,0.40000000596,-1.276884108149));
#7044=ADVANCED_FACE('',(#7045),#7058,.T.);
#7045=FACE_BOUND('',#7046,.T.);
#7046=EDGE_LOOP('',(#7047,#7048,#7053));
#7047=ORIENTED_EDGE('',*,*,#6187,.F.);
#7048=ORIENTED_EDGE('',*,*,#7049,.T.);
#7049=EDGE_CURVE('',#5400,#7050,#7052,.T.);
#7050=VERTEX_POINT('',#7051);
#7051=CARTESIAN_POINT('',(0.779422879219,5.949999809265,-2.64999999851));
#7052=LINE('',#5401,#5353);
#7053=ORIENTED_EDGE('',*,*,#7054,.T.);
#7054=EDGE_CURVE('',#7050,#6188,#7055,.T.);
#7055=LINE('',#7051,#7056);
#7056=VECTOR('',#7057,1.);
#7057=DIRECTION('',(-0.600140966203,0.140946570779,-0.787378488956));
#7058=PLANE('',#7059);
#7059=AXIS2_PLACEMENT_3D('',#7060,#7061,#7062);
#7060=CARTESIAN_POINT('',(0.633479019484,6.028960987124,-2.786601766906));
#7061=DIRECTION('',(0.710808913912,0.545422841251,-0.444144809881));
#7062=DIRECTION('',(-0.608761413772,0.793353351983,-1.892097589717E-13));
#7063=ADVANCED_FACE('',(#7064),#7073,.T.);
#7064=FACE_BOUND('',#7065,.T.);
#7065=EDGE_LOOP('',(#7066,#7071,#7072));
#7066=ORIENTED_EDGE('',*,*,#7067,.T.);
#7067=EDGE_CURVE('',#6188,#6209,#7068,.T.);
#7068=LINE('',#6189,#7069);
#7069=VECTOR('',#7070,1.);
#7070=DIRECTION('',(-0.793352631685,0.608762352481,0.));
#7071=ORIENTED_EDGE('',*,*,#6208,.F.);
#7072=ORIENTED_EDGE('',*,*,#6194,.F.);
#7073=PLANE('',#7074);
#7074=AXIS2_PLACEMENT_3D('',#7075,#7076,#7077);
#7075=CARTESIAN_POINT('',(0.444589382737,6.154037807482,-2.857310445141));
#7076=DIRECTION('',(0.545423829067,0.710808459837,-0.444144323514));
#7077=DIRECTION('',(0.793352631685,-0.608762352481,1.967315199636E-13));
#7078=ADVANCED_FACE('',(#7079),#7088,.T.);
#7079=FACE_BOUND('',#7080,.T.);
#7080=EDGE_LOOP('',(#7081,#7086,#7087));
#7081=ORIENTED_EDGE('',*,*,#7082,.T.);
#7082=EDGE_CURVE('',#6209,#6290,#7083,.T.);
#7083=LINE('',#6210,#7084);
#7084=VECTOR('',#7085,1.);
#7085=DIRECTION('',(-0.923879644984,0.382683160832,0.));
#7086=ORIENTED_EDGE('',*,*,#6289,.F.);
#7087=ORIENTED_EDGE('',*,*,#6215,.F.);
#7088=PLANE('',#7089);
#7089=AXIS2_PLACEMENT_3D('',#7090,#7091,#7092);
#7090=CARTESIAN_POINT('',(0.260162935664,6.246820339887,-2.857310424856));
#7091=DIRECTION('',(0.34286692183,0.827754660875,-0.444144678358));
#7092=DIRECTION('',(1.365851876045E-13,0.472804183152,0.881167523456));
#7093=ADVANCED_FACE('',(#7094),#7101,.T.);
#7094=FACE_BOUND('',#7095,.T.);
#7095=EDGE_LOOP('',(#7096,#7099,#7100));
#7096=ORIENTED_EDGE('',*,*,#7097,.T.);
#7097=EDGE_CURVE('',#5440,#7050,#7098,.T.);
#7098=LINE('',#5441,#54);
#7099=ORIENTED_EDGE('',*,*,#7049,.F.);
#7100=ORIENTED_EDGE('',*,*,#6230,.F.);
#7101=PLANE('',#7102);
#7102=AXIS2_PLACEMENT_3D('',#7103,#6237,#5447);
#7103=CARTESIAN_POINT('',(0.742084207878,5.998660515081,-1.381138057589));
#7104=ADVANCED_FACE('',(#7105),#7114,.T.);
#7105=FACE_BOUND('',#7106,.T.);
#7106=EDGE_LOOP('',(#7107,#7108,#7109));
#7107=ORIENTED_EDGE('',*,*,#7097,.F.);
#7108=ORIENTED_EDGE('',*,*,#6247,.F.);
#7109=ORIENTED_EDGE('',*,*,#7110,.T.);
#7110=EDGE_CURVE('',#6243,#7050,#7111,.T.);
#7111=LINE('',#6244,#7112);
#7112=VECTOR('',#7113,1.);
#7113=DIRECTION('',(-3.379588170043E-02,8.159032379812E-02,-0.996092795598));
#7114=PLANE('',#7115);
#7115=AXIS2_PLACEMENT_3D('',#7116,#7117,#6250);
#7116=CARTESIAN_POINT('',(0.80289494827,5.893333327502,-1.268861929336));
#7117=DIRECTION('',(0.923879280196,0.382684041508,0.));
#7118=ADVANCED_FACE('',(#7119),#7130,.T.);
#7119=FACE_BOUND('',#7120,.T.);
#7120=EDGE_LOOP('',(#7121,#7126,#7129));
#7121=ORIENTED_EDGE('',*,*,#7122,.T.);
#7122=EDGE_CURVE('',#3070,#7123,#7125,.T.);
#7123=VERTEX_POINT('',#7124);
#7124=CARTESIAN_POINT('',(0.899999976158,5.5,9.6858000731E-08));
#7125=LINE('',#3071,#3700);
#7126=ORIENTED_EDGE('',*,*,#7127,.T.);
#7127=EDGE_CURVE('',#7123,#6243,#7128,.T.);
#7128=LINE('',#7124,#6410);
#7129=ORIENTED_EDGE('',*,*,#6242,.F.);
#7130=PLANE('',#7131);
#7131=AXIS2_PLACEMENT_3D('',#7132,#55,#199);
#7132=CARTESIAN_POINT('',(1.40666904188,6.214327253907,9.6858000731E-08));
#7133=ADVANCED_FACE('',(#7134),#7141,.T.);
#7134=FACE_BOUND('',#7135,.T.);
#7135=EDGE_LOOP('',(#7136,#7139,#7140));
#7136=ORIENTED_EDGE('',*,*,#7137,.T.);
#7137=EDGE_CURVE('',#6261,#6626,#7138,.T.);
#7138=LINE('',#6262,#5460);
#7139=ORIENTED_EDGE('',*,*,#6625,.F.);
#7140=ORIENTED_EDGE('',*,*,#6265,.F.);
#7141=PLANE('',#7142);
#7142=AXIS2_PLACEMENT_3D('',#7143,#6272,#4294);
#7143=CARTESIAN_POINT('',(-0.393333405096,6.302894861825,-1.381138061158));
#7144=ADVANCED_FACE('',(#7145),#7160,.T.);
#7145=FACE_BOUND('',#7146,.T.);
#7146=EDGE_LOOP('',(#7147,#7148,#7155));
#7147=ORIENTED_EDGE('',*,*,#6277,.F.);
#7148=ORIENTED_EDGE('',*,*,#7149,.T.);
#7149=EDGE_CURVE('',#5476,#7150,#7152,.T.);
#7150=VERTEX_POINT('',#7151);
#7151=CARTESIAN_POINT('',(-4.440892098501E-15,6.224999904633,-3.));
#7152=LINE('',#5477,#7153);
#7153=VECTOR('',#7154,1.);
#7154=DIRECTION('',(-2.269745009044E-15,-0.447213983916,-0.894426996792));
#7155=ORIENTED_EDGE('',*,*,#7156,.T.);
#7156=EDGE_CURVE('',#7150,#6261,#7157,.T.);
#7157=LINE('',#7151,#7158);
#7158=VECTOR('',#7159,1.);
#7159=DIRECTION('',(-0.524027704753,0.324699959741,0.787378499069));
#7160=PLANE('',#7161);
#7161=AXIS2_PLACEMENT_3D('',#7162,#7163,#7164);
#7162=CARTESIAN_POINT('',(-7.390531740519E-02,6.32196929194,-2.786601772387));
#7163=DIRECTION('',(-0.116945830936,0.88828970243,-0.444145333403));
#7164=DIRECTION('',(1.048883202515E-13,0.447213983916,0.894426996792));
#7165=ADVANCED_FACE('',(#7166),#7175,.T.);
#7166=FACE_BOUND('',#7167,.T.);
#7167=EDGE_LOOP('',(#7168,#7173,#7174));
#7168=ORIENTED_EDGE('',*,*,#7169,.T.);
#7169=EDGE_CURVE('',#6290,#7150,#7170,.T.);
#7170=LINE('',#6291,#7171);
#7171=VECTOR('',#7172,1.);
#7172=DIRECTION('',(-0.99144504854,0.130524770545,0.));
#7173=ORIENTED_EDGE('',*,*,#7149,.F.);
#7174=ORIENTED_EDGE('',*,*,#6296,.F.);
#7175=PLANE('',#7176);
#7176=AXIS2_PLACEMENT_3D('',#7177,#7178,#7179);
#7177=CARTESIAN_POINT('',(5.800679497008E-02,6.288708119727,-2.857310415093));
#7178=DIRECTION('',(0.116944283529,0.888289865405,-0.444145414891));
#7179=DIRECTION('',(-1.939420846142E-14,0.447213983916,0.894426996792));
#7180=ADVANCED_FACE('',(#7181),#7194,.T.);
#7181=FACE_BOUND('',#7182,.T.);
#7182=EDGE_LOOP('',(#7183,#7184,#7191));
#7183=ORIENTED_EDGE('',*,*,#6309,.F.);
#7184=ORIENTED_EDGE('',*,*,#7185,.T.);
#7185=EDGE_CURVE('',#5706,#7186,#7188,.T.);
#7186=VERTEX_POINT('',#7187);
#7187=CARTESIAN_POINT('',(0.187643811107,-4.799703598022,-3.));
#7188=LINE('',#5707,#7189);
#7189=VECTOR('',#7190,1.);
#7190=DIRECTION('',(0.130526187119,0.991444862045,0.));
#7191=ORIENTED_EDGE('',*,*,#7192,.T.);
#7192=EDGE_CURVE('',#7186,#5505,#7193,.T.);
#7193=LINE('',#7187,#345);
#7194=PLANE('',#7195);
#7195=AXIS2_PLACEMENT_3D('',#7196,#55,#199);
#7196=CARTESIAN_POINT('',(0.137226832968,-5.550416906103,-3.));
#7197=ADVANCED_FACE('',(#7198),#7211,.T.);
#7198=FACE_BOUND('',#7199,.T.);
#7199=EDGE_LOOP('',(#7200,#7201,#7208));
#7200=ORIENTED_EDGE('',*,*,#6324,.F.);
#7201=ORIENTED_EDGE('',*,*,#7202,.T.);
#7202=EDGE_CURVE('',#5505,#7203,#7205,.T.);
#7203=VERTEX_POINT('',#7204);
#7204=CARTESIAN_POINT('',(0.362500011921,-4.872131347656,-3.));
#7205=LINE('',#5506,#7206);
#7206=VECTOR('',#7207,1.);
#7207=DIRECTION('',(0.130526158617,0.991444865798,0.));
#7208=ORIENTED_EDGE('',*,*,#7209,.T.);
#7209=EDGE_CURVE('',#7203,#5526,#7210,.T.);
#7210=LINE('',#7204,#345);
#7211=PLANE('',#7212);
#7212=AXIS2_PLACEMENT_3D('',#7213,#55,#199);
#7213=CARTESIAN_POINT('',(0.314497933927,-5.562557509152,-3.));
#7214=ADVANCED_FACE('',(#7215),#7228,.T.);
#7215=FACE_BOUND('',#7216,.T.);
#7216=EDGE_LOOP('',(#7217,#7218,#7225));
#7217=ORIENTED_EDGE('',*,*,#6339,.F.);
#7218=ORIENTED_EDGE('',*,*,#7219,.T.);
#7219=EDGE_CURVE('',#5526,#7220,#7222,.T.);
#7220=VERTEX_POINT('',#7221);
#7221=CARTESIAN_POINT('',(0.512652397156,-4.987347602844,-3.));
#7222=LINE('',#5527,#7223);
#7223=VECTOR('',#7224,1.);
#7224=DIRECTION('',(0.130526141393,0.991444868065,0.));
#7225=ORIENTED_EDGE('',*,*,#7226,.T.);
#7226=EDGE_CURVE('',#7220,#5547,#7227,.T.);
#7227=LINE('',#7221,#345);
#7228=PLANE('',#7229);
#7229=AXIS2_PLACEMENT_3D('',#7230,#55,#199);
#7230=CARTESIAN_POINT('',(0.470125144843,-5.573659465077,-3.));
#7231=ADVANCED_FACE('',(#7232),#7245,.T.);
#7232=FACE_BOUND('',#7233,.T.);
#7233=EDGE_LOOP('',(#7234,#7235,#7242));
#7234=ORIENTED_EDGE('',*,*,#6354,.F.);
#7235=ORIENTED_EDGE('',*,*,#7236,.T.);
#7236=EDGE_CURVE('',#5547,#7237,#7239,.T.);
#7237=VERTEX_POINT('',#7238);
#7238=CARTESIAN_POINT('',(0.627868413925,-5.137499809265,-3.));
#7239=LINE('',#5548,#7240);
#7240=VECTOR('',#7241,1.);
#7241=DIRECTION('',(0.130526184206,0.991444862429,0.));
#7242=ORIENTED_EDGE('',*,*,#7243,.T.);
#7243=EDGE_CURVE('',#7237,#5568,#7244,.T.);
#7244=LINE('',#7238,#345);
#7245=PLANE('',#7246);
#7246=AXIS2_PLACEMENT_3D('',#7247,#55,#199);
#7247=CARTESIAN_POINT('',(0.593502801011,-5.582965842927,-3.));
#7248=ADVANCED_FACE('',(#7249),#7262,.T.);
#7249=FACE_BOUND('',#7250,.T.);
#7250=EDGE_LOOP('',(#7251,#7252,#7259));
#7251=ORIENTED_EDGE('',*,*,#6369,.F.);
#7252=ORIENTED_EDGE('',*,*,#7253,.T.);
#7253=EDGE_CURVE('',#5568,#7254,#7256,.T.);
#7254=VERTEX_POINT('',#7255);
#7255=CARTESIAN_POINT('',(0.700296223164,-5.312355995178,-3.));
#7256=LINE('',#5569,#7257);
#7257=VECTOR('',#7258,1.);
#7258=DIRECTION('',(0.130526106943,0.991444872601,0.));
#7259=ORIENTED_EDGE('',*,*,#7260,.T.);
#7260=EDGE_CURVE('',#7254,#6370,#7261,.T.);
#7261=LINE('',#7255,#345);
#7262=PLANE('',#7263);
#7263=AXIS2_PLACEMENT_3D('',#7264,#55,#199);
#7264=CARTESIAN_POINT('',(0.676222867132,-5.589842998389,-3.));
#7265=ADVANCED_FACE('',(#7266),#7281,.T.);
#7266=FACE_BOUND('',#7267,.T.);
#7267=EDGE_LOOP('',(#7268,#7275,#7280));
#7268=ORIENTED_EDGE('',*,*,#7269,.T.);
#7269=EDGE_CURVE('',#6370,#7270,#7272,.T.);
#7270=VERTEX_POINT('',#7271);
#7271=CARTESIAN_POINT('',(0.725000023842,-5.5,-3.));
#7272=LINE('',#6371,#7273);
#7273=VECTOR('',#7274,1.);
#7274=DIRECTION('',(0.130526185916,0.991444862204,0.));
#7275=ORIENTED_EDGE('',*,*,#7276,.T.);
#7276=EDGE_CURVE('',#7270,#5589,#7277,.T.);
#7277=LINE('',#7271,#7278);
#7278=VECTOR('',#7279,1.);
#7279=DIRECTION('',(0.447213496492,0.,0.894427240504));
#7280=ORIENTED_EDGE('',*,*,#6392,.F.);
#7281=PLANE('',#7282);
#7282=AXIS2_PLACEMENT_3D('',#7283,#7284,#7285);
#7283=CARTESIAN_POINT('',(0.788708031208,-5.558006872749,-2.857310447181));
#7284=DIRECTION('',(0.888289970119,-0.116945587402,-0.444144862149));
#7285=DIRECTION('',(0.447213496492,-6.211003933387E-14,0.894427240504));
#7286=ADVANCED_FACE('',(#7287),#7300,.T.);
#7287=FACE_BOUND('',#7288,.T.);
#7288=EDGE_LOOP('',(#7289,#7294,#7295));
#7289=ORIENTED_EDGE('',*,*,#7290,.T.);
#7290=EDGE_CURVE('',#7254,#6407,#7291,.T.);
#7291=LINE('',#7255,#7292);
#7292=VECTOR('',#7293,1.);
#7293=DIRECTION('',(0.431975211331,0.115747387822,0.894427168085));
#7294=ORIENTED_EDGE('',*,*,#6406,.F.);
#7295=ORIENTED_EDGE('',*,*,#7296,.T.);
#7296=EDGE_CURVE('',#5589,#7254,#7297,.T.);
#7297=LINE('',#5590,#7298);
#7298=VECTOR('',#7299,1.);
#7299=DIRECTION('',(-0.449264082285,0.422133837539,-0.787378439871));
#7300=PLANE('',#7301);
#7301=AXIS2_PLACEMENT_3D('',#7302,#7303,#7304);
#7302=CARTESIAN_POINT('',(0.813089485187,-5.358645622889,-2.786601748382));
#7303=DIRECTION('',(0.888289940727,0.116945310458,-0.444144993854));
#7304=DIRECTION('',(0.447213614422,-4.116151863798E-14,0.894427181539));
#7305=ADVANCED_FACE('',(#7306),#7317,.T.);
#7306=FACE_BOUND('',#7307,.T.);
#7307=EDGE_LOOP('',(#7308,#7313,#7316));
#7308=ORIENTED_EDGE('',*,*,#7309,.T.);
#7309=EDGE_CURVE('',#6407,#7310,#7312,.T.);
#7310=VERTEX_POINT('',#7311);
#7311=CARTESIAN_POINT('',(0.869333267212,-5.267062664032,9.6858000731E-08));
#7312=LINE('',#6408,#82);
#7313=ORIENTED_EDGE('',*,*,#7314,.T.);
#7314=EDGE_CURVE('',#7310,#4925,#7315,.T.);
#7315=LINE('',#7311,#4005);
#7316=ORIENTED_EDGE('',*,*,#6413,.F.);
#7317=PLANE('',#7318);
#7318=AXIS2_PLACEMENT_3D('',#7319,#6420,#6411);
#7319=CARTESIAN_POINT('',(0.877339140571,-5.327873454508,-1.268861805968));
#7320=ADVANCED_FACE('',(#7321),#7334,.T.);
#7321=FACE_BOUND('',#7322,.T.);
#7322=EDGE_LOOP('',(#7323,#7328,#7329));
#7323=ORIENTED_EDGE('',*,*,#7324,.T.);
#7324=EDGE_CURVE('',#7325,#5618,#7327,.T.);
#7325=VERTEX_POINT('',#7326);
#7326=CARTESIAN_POINT('',(1.600000023842,0.,-2.64999999851));
#7327=LINE('',#7326,#82);
#7328=ORIENTED_EDGE('',*,*,#6432,.F.);
#7329=ORIENTED_EDGE('',*,*,#7330,.T.);
#7330=EDGE_CURVE('',#6426,#7325,#7331,.T.);
#7331=LINE('',#6427,#7332);
#7332=VECTOR('',#7333,1.);
#7333=DIRECTION('',(2.032221003702E-02,0.154362452573,-0.987805264723));
#7334=PLANE('',#7335);
#7335=AXIS2_PLACEMENT_3D('',#7336,#7337,#6435);
#7336=CARTESIAN_POINT('',(1.585302807429,-0.111636400146,-1.228757744072));
#7337=DIRECTION('',(0.991444855038,-0.130526240342,0.));
#7338=ADVANCED_FACE('',(#7339),#7354,.T.);
#7339=FACE_BOUND('',#7340,.T.);
#7340=EDGE_LOOP('',(#7341,#7348,#7353));
#7341=ORIENTED_EDGE('',*,*,#7342,.T.);
#7342=EDGE_CURVE('',#4925,#7343,#7345,.T.);
#7343=VERTEX_POINT('',#7344);
#7344=CARTESIAN_POINT('',(1.385640621185,-0.800000011921,9.6858000731E-08));
#7345=LINE('',#4926,#7346);
#7346=VECTOR('',#7347,1.);
#7347=DIRECTION('',(0.10278057852,0.994704052811,0.));
#7348=ORIENTED_EDGE('',*,*,#7349,.T.);
#7349=EDGE_CURVE('',#7343,#6426,#7350,.T.);
#7350=LINE('',#7344,#7351);
#7351=VECTOR('',#7352,1.);
#7352=DIRECTION('',(0.382683485561,0.923879510477,0.));
#7353=ORIENTED_EDGE('',*,*,#6425,.F.);
#7354=PLANE('',#7355);
#7355=AXIS2_PLACEMENT_3D('',#7356,#55,#199);
#7356=CARTESIAN_POINT('',(1.195844865507,-2.950249732273,9.6858000731E-08));
#7357=ADVANCED_FACE('',(#7358),#7367,.T.);
#7358=FACE_BOUND('',#7359,.T.);
#7359=EDGE_LOOP('',(#7360,#7361,#7366));
#7360=ORIENTED_EDGE('',*,*,#6445,.F.);
#7361=ORIENTED_EDGE('',*,*,#7362,.T.);
#7362=EDGE_CURVE('',#5618,#7123,#7363,.T.);
#7363=LINE('',#5619,#7364);
#7364=VECTOR('',#7365,1.);
#7365=DIRECTION('',(-0.126254288137,0.991997910646,0.));
#7366=ORIENTED_EDGE('',*,*,#7122,.F.);
#7367=PLANE('',#7368);
#7368=AXIS2_PLACEMENT_3D('',#7369,#55,#199);
#7369=CARTESIAN_POINT('',(1.542030380338,3.521308747925,9.6858000731E-08));
#7370=ADVANCED_FACE('',(#7371),#7386,.T.);
#7371=FACE_BOUND('',#7372,.T.);
#7372=EDGE_LOOP('',(#7373,#7380,#7381));
#7373=ORIENTED_EDGE('',*,*,#7374,.T.);
#7374=EDGE_CURVE('',#7375,#2846,#7377,.T.);
#7375=VERTEX_POINT('',#7376);
#7376=CARTESIAN_POINT('',(3.200000047684,-5.,9.6858000731E-08));
#7377=LINE('',#7376,#7378);
#7378=VECTOR('',#7379,1.);
#7379=DIRECTION('',(-0.533992987396,-0.845488905552,0.));
#7380=ORIENTED_EDGE('',*,*,#6450,.F.);
#7381=ORIENTED_EDGE('',*,*,#7382,.T.);
#7382=EDGE_CURVE('',#3070,#7375,#7383,.T.);
#7383=LINE('',#3071,#7384);
#7384=VECTOR('',#7385,1.);
#7385=DIRECTION('',(0.100331505412,-0.994954063775,0.));
#7386=PLANE('',#7387);
#7387=AXIS2_PLACEMENT_3D('',#7388,#55,#199);
#7388=CARTESIAN_POINT('',(2.304365670976,-7.171733660894E-02,9.6858000731E-08));
#7389=ADVANCED_FACE('',(#7390),#7401,.T.);
#7390=FACE_BOUND('',#7391,.T.);
#7391=EDGE_LOOP('',(#7392,#7393,#7398));
#7392=ORIENTED_EDGE('',*,*,#6459,.F.);
#7393=ORIENTED_EDGE('',*,*,#7394,.T.);
#7394=EDGE_CURVE('',#6460,#7395,#7397,.T.);
#7395=VERTEX_POINT('',#7396);
#7396=CARTESIAN_POINT('',(-0.362500011921,-4.872131347656,-3.));
#7397=LINE('',#6461,#7223);
#7398=ORIENTED_EDGE('',*,*,#7399,.T.);
#7399=EDGE_CURVE('',#7395,#5635,#7400,.T.);
#7400=LINE('',#7396,#345);
#7401=PLANE('',#7402);
#7402=AXIS2_PLACEMENT_3D('',#7403,#55,#199);
#7403=CARTESIAN_POINT('',(-0.401251429548,-5.516051337483,-3.));
#7404=ADVANCED_FACE('',(#7405),#7416,.T.);
#7405=FACE_BOUND('',#7406,.T.);
#7406=EDGE_LOOP('',(#7407,#7408,#7413));
#7407=ORIENTED_EDGE('',*,*,#6480,.F.);
#7408=ORIENTED_EDGE('',*,*,#7409,.T.);
#7409=EDGE_CURVE('',#5635,#7410,#7412,.T.);
#7410=VERTEX_POINT('',#7411);
#7411=CARTESIAN_POINT('',(-0.187643811107,-4.799703598022,-3.));
#7412=LINE('',#5636,#7206);
#7413=ORIENTED_EDGE('',*,*,#7414,.T.);
#7414=EDGE_CURVE('',#7410,#5656,#7415,.T.);
#7415=LINE('',#7411,#345);
#7416=PLANE('',#7417);
#7417=AXIS2_PLACEMENT_3D('',#7418,#55,#199);
#7418=CARTESIAN_POINT('',(-0.23327230696,-5.526343634335,-3.));
#7419=ADVANCED_FACE('',(#7420),#7431,.T.);
#7420=FACE_BOUND('',#7421,.T.);
#7421=EDGE_LOOP('',(#7422,#7423,#7428));
#7422=ORIENTED_EDGE('',*,*,#6495,.F.);
#7423=ORIENTED_EDGE('',*,*,#7424,.T.);
#7424=EDGE_CURVE('',#5656,#7425,#7427,.T.);
#7425=VERTEX_POINT('',#7426);
#7426=CARTESIAN_POINT('',(-4.440892098501E-15,-4.775000095367,-3.));
#7427=LINE('',#5657,#7189);
#7428=ORIENTED_EDGE('',*,*,#7429,.T.);
#7429=EDGE_CURVE('',#7425,#5706,#7430,.T.);
#7430=LINE('',#7426,#345);
#7431=PLANE('',#7432);
#7432=AXIS2_PLACEMENT_3D('',#7433,#55,#199);
#7433=CARTESIAN_POINT('',(-4.960740161632E-02,-5.538065154775,-3.));
#7434=ADVANCED_FACE('',(#7435),#7444,.T.);
#7435=FACE_BOUND('',#7436,.T.);
#7436=EDGE_LOOP('',(#7437,#7438,#7443));
#7437=ORIENTED_EDGE('',*,*,#6562,.F.);
#7438=ORIENTED_EDGE('',*,*,#7439,.T.);
#7439=EDGE_CURVE('',#6558,#6526,#7440,.T.);
#7440=LINE('',#6559,#7441);
#7441=VECTOR('',#7442,1.);
#7442=DIRECTION('',(0.,0.650791377449,-0.759256598943));
#7443=ORIENTED_EDGE('',*,*,#6533,.F.);
#7444=PLANE('',#7445);
#7445=AXIS2_PLACEMENT_3D('',#7446,#14,#13);
#7446=CARTESIAN_POINT('',(6.,-0.314888006773,-1.52400358635));
#7447=ADVANCED_FACE('',(#7448),#7461,.T.);
#7448=FACE_BOUND('',#7449,.T.);
#7449=EDGE_LOOP('',(#7450,#7455,#7460));
#7450=ORIENTED_EDGE('',*,*,#7451,.T.);
#7451=EDGE_CURVE('',#6526,#7452,#7454,.T.);
#7452=VERTEX_POINT('',#7453);
#7453=CARTESIAN_POINT('',(6.,0.10000000149,-3.));
#7454=LINE('',#6527,#189);
#7455=ORIENTED_EDGE('',*,*,#7456,.T.);
#7456=EDGE_CURVE('',#7452,#5383,#7457,.T.);
#7457=LINE('',#7453,#7458);
#7458=VECTOR('',#7459,1.);
#7459=DIRECTION('',(0.,9.950371730835E-02,0.995037190381));
#7460=ORIENTED_EDGE('',*,*,#6525,.F.);
#7461=PLANE('',#7462);
#7462=AXIS2_PLACEMENT_3D('',#7463,#14,#13);
#7463=CARTESIAN_POINT('',(6.,0.193395358291,-1.547951280184));
#7464=ADVANCED_FACE('',(#7465),#7480,.T.);
#7465=FACE_BOUND('',#7466,.T.);
#7466=EDGE_LOOP('',(#7467,#7474,#7479));
#7467=ORIENTED_EDGE('',*,*,#7468,.T.);
#7468=EDGE_CURVE('',#5754,#7469,#7471,.T.);
#7469=VERTEX_POINT('',#7470);
#7470=CARTESIAN_POINT('',(5.800000190735,-0.10000000149,-3.));
#7471=LINE('',#5755,#7472);
#7472=VECTOR('',#7473,1.);
#7473=DIRECTION('',(0.,-0.164398984525,-0.986393924296));
#7474=ORIENTED_EDGE('',*,*,#7475,.T.);
#7475=EDGE_CURVE('',#7469,#5738,#7476,.T.);
#7476=LINE('',#7470,#7477);
#7477=VECTOR('',#7478,1.);
#7478=DIRECTION('',(0.,-0.650791377449,0.759256598943));
#7479=ORIENTED_EDGE('',*,*,#6546,.F.);
#7480=PLANE('',#7481);
#7481=AXIS2_PLACEMENT_3D('',#7482,#199,#55);
#7482=CARTESIAN_POINT('',(5.800000190735,5.437587866427E-02,-1.520153662978));
#7483=ADVANCED_FACE('',(#7484),#7493,.T.);
#7484=FACE_BOUND('',#7485,.T.);
#7485=EDGE_LOOP('',(#7486,#7487,#7488));
#7486=ORIENTED_EDGE('',*,*,#6557,.F.);
#7487=ORIENTED_EDGE('',*,*,#7475,.F.);
#7488=ORIENTED_EDGE('',*,*,#7489,.T.);
#7489=EDGE_CURVE('',#7469,#6558,#7490,.T.);
#7490=LINE('',#7470,#7491);
#7491=VECTOR('',#7492,1.);
#7492=DIRECTION('',(0.398014553702,-0.597022408815,0.696526136203));
#7493=PLANE('',#7494);
#7494=AXIS2_PLACEMENT_3D('',#7495,#7496,#7442);
#7495=CARTESIAN_POINT('',(5.860379263537,-0.275784899448,-2.794917621232));
#7496=DIRECTION('',(-3.951652900397E-16,-0.759256598943,-0.650791377449));
#7497=ADVANCED_FACE('',(#7498),#7505,.T.);
#7498=FACE_BOUND('',#7499,.T.);
#7499=EDGE_LOOP('',(#7500,#7503,#7504));
#7500=ORIENTED_EDGE('',*,*,#7501,.T.);
#7501=EDGE_CURVE('',#5784,#7013,#7502,.T.);
#7502=LINE('',#5785,#189);
#7503=ORIENTED_EDGE('',*,*,#7012,.F.);
#7504=ORIENTED_EDGE('',*,*,#6593,.F.);
#7505=PLANE('',#7506);
#7506=AXIS2_PLACEMENT_3D('',#7507,#55,#199);
#7507=CARTESIAN_POINT('',(5.5109310208,6.095942049126E-02,9.6858000731E-08));
#7508=ADVANCED_FACE('',(#7509),#7516,.T.);
#7509=FACE_BOUND('',#7510,.T.);
#7510=EDGE_LOOP('',(#7511,#7512,#7515));
#7511=ORIENTED_EDGE('',*,*,#6612,.F.);
#7512=ORIENTED_EDGE('',*,*,#7513,.T.);
#7513=EDGE_CURVE('',#6606,#7013,#7514,.T.);
#7514=LINE('',#6607,#3108);
#7515=ORIENTED_EDGE('',*,*,#7501,.F.);
#7516=PLANE('',#7517);
#7517=AXIS2_PLACEMENT_3D('',#7518,#55,#199);
#7518=CARTESIAN_POINT('',(5.451367968445,-6.529434828072E-03,9.6858000731E-08));
#7519=ADVANCED_FACE('',(#7520),#7535,.T.);
#7520=FACE_BOUND('',#7521,.T.);
#7521=EDGE_LOOP('',(#7522,#7529,#7534));
#7522=ORIENTED_EDGE('',*,*,#7523,.T.);
#7523=EDGE_CURVE('',#2177,#7524,#7526,.T.);
#7524=VERTEX_POINT('',#7525);
#7525=CARTESIAN_POINT('',(5.320444583893,-0.155291423202,9.6858000731E-08));
#7526=LINE('',#2178,#7527);
#7527=VECTOR('',#7528,1.);
#7528=DIRECTION('',(4.745698427528E-02,0.998873282576,0.));
#7529=ORIENTED_EDGE('',*,*,#7530,.T.);
#7530=EDGE_CURVE('',#7524,#6606,#7531,.T.);
#7531=LINE('',#7525,#7532);
#7532=VECTOR('',#7533,1.);
#7533=DIRECTION('',(0.382683857941,-0.923879356232,0.));
#7534=ORIENTED_EDGE('',*,*,#6605,.F.);
#7535=PLANE('',#7536);
#7536=AXIS2_PLACEMENT_3D('',#7537,#55,#199);
#7537=CARTESIAN_POINT('',(5.177080514344,-3.524794179533,9.6858000731E-08));
#7538=ADVANCED_FACE('',(#7539),#7546,.T.);
#7539=FACE_BOUND('',#7540,.T.);
#7540=EDGE_LOOP('',(#7541,#7544,#7545));
#7541=ORIENTED_EDGE('',*,*,#7542,.T.);
#7542=EDGE_CURVE('',#6626,#6643,#7543,.T.);
#7543=LINE('',#6627,#5804);
#7544=ORIENTED_EDGE('',*,*,#6642,.F.);
#7545=ORIENTED_EDGE('',*,*,#6630,.F.);
#7546=PLANE('',#7547);
#7547=AXIS2_PLACEMENT_3D('',#7548,#6637,#3818);
#7548=CARTESIAN_POINT('',(-0.587735403925,6.173734618389,-1.381138065859));
#7549=ADVANCED_FACE('',(#7550),#7565,.T.);
#7550=FACE_BOUND('',#7551,.T.);
#7551=EDGE_LOOP('',(#7552,#7553,#7560));
#7552=ORIENTED_EDGE('',*,*,#6647,.F.);
#7553=ORIENTED_EDGE('',*,*,#7554,.T.);
#7554=EDGE_CURVE('',#6643,#7555,#7557,.T.);
#7555=VERTEX_POINT('',#7556);
#7556=CARTESIAN_POINT('',(-0.512652397156,6.012652397156,-3.));
#7557=LINE('',#6644,#7558);
#7558=VECTOR('',#7559,1.);
#7559=DIRECTION('',(0.316227864188,-0.316227407228,-0.894427283142));
#7560=ORIENTED_EDGE('',*,*,#7561,.T.);
#7561=EDGE_CURVE('',#7555,#5815,#7562,.T.);
#7562=LINE('',#7556,#7563);
#7563=VECTOR('',#7564,1.);
#7564=DIRECTION('',(-0.600140966203,-0.140946570779,0.787378488956));
#7565=PLANE('',#7566);
#7566=AXIS2_PLACEMENT_3D('',#7567,#7568,#7569);
#7567=CARTESIAN_POINT('',(-0.633479019484,6.028960987124,-2.786601766906));
#7568=DIRECTION('',(-0.710808913912,0.545422841251,-0.444144809881));
#7569=DIRECTION('',(-0.608761413772,-0.793353351983,1.892097589717E-13));
#7570=ADVANCED_FACE('',(#7571),#7580,.T.);
#7571=FACE_BOUND('',#7572,.T.);
#7572=EDGE_LOOP('',(#7573,#7578,#7579));
#7573=ORIENTED_EDGE('',*,*,#7574,.T.);
#7574=EDGE_CURVE('',#7555,#6659,#7575,.T.);
#7575=LINE('',#7556,#7576);
#7576=VECTOR('',#7577,1.);
#7577=DIRECTION('',(-0.608762015901,-0.793352889952,0.));
#7578=ORIENTED_EDGE('',*,*,#6658,.F.);
#7579=ORIENTED_EDGE('',*,*,#7561,.F.);
#7580=PLANE('',#7581);
#7581=AXIS2_PLACEMENT_3D('',#7582,#7583,#7584);
#7582=CARTESIAN_POINT('',(-0.6540378141,5.944589363715,-2.857310400297));
#7583=DIRECTION('',(-0.710808630051,0.54542348056,-0.444144479081));
#7584=DIRECTION('',(-0.608762015901,-0.793352889952,-2.239319840669E-13));
#7585=ADVANCED_FACE('',(#7586),#7593,.T.);
#7586=FACE_BOUND('',#7587,.T.);
#7587=EDGE_LOOP('',(#7588,#7591,#7592));
#7588=ORIENTED_EDGE('',*,*,#7589,.T.);
#7589=EDGE_CURVE('',#6659,#6679,#7590,.T.);
#7590=LINE('',#6660,#6932);
#7591=ORIENTED_EDGE('',*,*,#6678,.F.);
#7592=ORIENTED_EDGE('',*,*,#6665,.F.);
#7593=PLANE('',#7594);
#7594=AXIS2_PLACEMENT_3D('',#7595,#6943,#6944);
#7595=CARTESIAN_POINT('',(-0.746820217897,5.760163125732,-2.857310419734));
#7596=ADVANCED_FACE('',(#7597),#7604,.T.);
#7597=FACE_BOUND('',#7598,.T.);
#7598=EDGE_LOOP('',(#7599,#7600,#7601));
#7599=ORIENTED_EDGE('',*,*,#6698,.F.);
#7600=ORIENTED_EDGE('',*,*,#6683,.F.);
#7601=ORIENTED_EDGE('',*,*,#7602,.T.);
#7602=EDGE_CURVE('',#6679,#5865,#7603,.T.);
#7603=LINE('',#6680,#345);
#7604=PLANE('',#7605);
#7605=AXIS2_PLACEMENT_3D('',#7606,#55,#199);
#7606=CARTESIAN_POINT('',(-0.706498704876,5.5,-3.));
#7607=ADVANCED_FACE('',(#7608),#7617,.T.);
#7608=FACE_BOUND('',#7609,.T.);
#7609=EDGE_LOOP('',(#7610,#7611,#7614));
#7610=ORIENTED_EDGE('',*,*,#6713,.F.);
#7611=ORIENTED_EDGE('',*,*,#7612,.T.);
#7612=EDGE_CURVE('',#5865,#6659,#7613,.T.);
#7613=LINE('',#5866,#7257);
#7614=ORIENTED_EDGE('',*,*,#7615,.T.);
#7615=EDGE_CURVE('',#6659,#5886,#7616,.T.);
#7616=LINE('',#6660,#345);
#7617=PLANE('',#7618);
#7618=AXIS2_PLACEMENT_3D('',#7619,#55,#199);
#7619=CARTESIAN_POINT('',(-0.646211433773,5.497585094568,-3.));
#7620=ADVANCED_FACE('',(#7621),#7630,.T.);
#7621=FACE_BOUND('',#7622,.T.);
#7622=EDGE_LOOP('',(#7623,#7624,#7627));
#7623=ORIENTED_EDGE('',*,*,#6728,.F.);
#7624=ORIENTED_EDGE('',*,*,#7625,.T.);
#7625=EDGE_CURVE('',#5886,#7555,#7626,.T.);
#7626=LINE('',#5887,#7240);
#7627=ORIENTED_EDGE('',*,*,#7628,.T.);
#7628=EDGE_CURVE('',#7555,#6729,#7629,.T.);
#7629=LINE('',#7556,#345);
#7630=PLANE('',#7631);
#7631=AXIS2_PLACEMENT_3D('',#7632,#55,#199);
#7632=CARTESIAN_POINT('',(-0.542097262595,5.492110260284,-3.));
#7633=ADVANCED_FACE('',(#7634),#7643,.T.);
#7634=FACE_BOUND('',#7635,.T.);
#7635=EDGE_LOOP('',(#7636,#7641,#7642));
#7636=ORIENTED_EDGE('',*,*,#7637,.T.);
#7637=EDGE_CURVE('',#6729,#6750,#7638,.T.);
#7638=LINE('',#6730,#7639);
#7639=VECTOR('',#7640,1.);
#7640=DIRECTION('',(-0.316227864188,-0.316227407228,0.894427283142));
#7641=ORIENTED_EDGE('',*,*,#6749,.F.);
#7642=ORIENTED_EDGE('',*,*,#6735,.F.);
#7643=PLANE('',#7644);
#7644=AXIS2_PLACEMENT_3D('',#7645,#7006,#7007);
#7645=CARTESIAN_POINT('',(-0.633479019484,4.971039012876,-2.786601766906));
#7646=ADVANCED_FACE('',(#7647),#7656,.T.);
#7647=FACE_BOUND('',#7648,.T.);
#7648=EDGE_LOOP('',(#7649,#7650,#7651));
#7649=ORIENTED_EDGE('',*,*,#6775,.F.);
#7650=ORIENTED_EDGE('',*,*,#6763,.F.);
#7651=ORIENTED_EDGE('',*,*,#7652,.T.);
#7652=EDGE_CURVE('',#6750,#6776,#7653,.T.);
#7653=LINE('',#6751,#7654);
#7654=VECTOR('',#7655,1.);
#7655=DIRECTION('',(7.006333019598E-02,-5.376150439357E-02,0.996092782027));
#7656=PLANE('',#7657);
#7657=AXIS2_PLACEMENT_3D('',#7658,#5688,#4793);
#7658=CARTESIAN_POINT('',(-0.587735403925,4.826265381611,-1.268861835793));
#7659=ADVANCED_FACE('',(#7660),#7669,.T.);
#7660=FACE_BOUND('',#7661,.T.);
#7661=EDGE_LOOP('',(#7662,#7663,#7664));
#7662=ORIENTED_EDGE('',*,*,#6791,.F.);
#7663=ORIENTED_EDGE('',*,*,#6780,.F.);
#7664=ORIENTED_EDGE('',*,*,#7665,.T.);
#7665=EDGE_CURVE('',#6776,#6792,#7666,.T.);
#7666=LINE('',#6777,#7667);
#7667=VECTOR('',#7668,1.);
#7668=DIRECTION('',(1.130271801249E-02,-0.999936122243,0.));
#7669=PLANE('',#7670);
#7670=AXIS2_PLACEMENT_3D('',#7671,#55,#199);
#7671=CARTESIAN_POINT('',(-0.535721059949,2.994181740284,9.6858000731E-08));
#7672=ADVANCED_FACE('',(#7673),#7687,.T.);
#7673=FACE_BOUND('',#7674,.T.);
#7674=EDGE_LOOP('',(#7675,#7681,#7682));
#7675=ORIENTED_EDGE('',*,*,#7676,.T.);
#7676=EDGE_CURVE('',#7677,#5935,#7679,.T.);
#7677=VERTEX_POINT('',#7678);
#7678=CARTESIAN_POINT('',(-3.552713678801E-15,1.600000023842,-2.64999999851));
#7679=LINE('',#7678,#7680);
#7680=VECTOR('',#2991,1.);
#7681=ORIENTED_EDGE('',*,*,#6797,.F.);
#7682=ORIENTED_EDGE('',*,*,#7683,.T.);
#7683=EDGE_CURVE('',#6792,#7677,#7684,.T.);
#7684=LINE('',#6793,#7685);
#7685=VECTOR('',#7686,1.);
#7686=DIRECTION('',(0.154362452573,2.032221003702E-02,-0.987805264723));
#7687=PLANE('',#7688);
#7688=AXIS2_PLACEMENT_3D('',#7689,#7690,#7691);
#7689=CARTESIAN_POINT('',(-0.302474081593,1.560178540609,-1.42124215758));
#7690=DIRECTION('',(-0.130526240342,0.991444855038,0.));
#7691=DIRECTION('',(0.991444855038,0.130526240342,0.));
#7692=ADVANCED_FACE('',(#7693),#7708,.T.);
#7693=FACE_BOUND('',#7694,.T.);
#7694=EDGE_LOOP('',(#7695,#7702,#7703));
#7695=ORIENTED_EDGE('',*,*,#7696,.T.);
#7696=EDGE_CURVE('',#7697,#5955,#7699,.T.);
#7697=VERTEX_POINT('',#7698);
#7698=CARTESIAN_POINT('',(-4.440892098501E-15,1.424999952316,-3.));
#7699=LINE('',#7698,#7700);
#7700=VECTOR('',#7701,1.);
#7701=DIRECTION('',(-0.991444891453,-0.130525963748,0.));
#7702=ORIENTED_EDGE('',*,*,#6808,.F.);
#7703=ORIENTED_EDGE('',*,*,#7704,.T.);
#7704=EDGE_CURVE('',#5935,#7697,#7705,.T.);
#7705=LINE('',#5936,#7706);
#7706=VECTOR('',#7707,1.);
#7707=DIRECTION('',(0.745566437091,-0.216915222215,-0.630141630314));
#7708=PLANE('',#7709);
#7709=AXIS2_PLACEMENT_3D('',#7710,#7711,#7712);
#7710=CARTESIAN_POINT('',(-0.255386684269,1.454195114156,-2.874365172834));
#7711=DIRECTION('',(-0.116945387448,0.888289989475,-0.444144876086));
#7712=DIRECTION('',(5.579564588132E-14,0.447213499923,0.894427238788));
#7713=ADVANCED_FACE('',(#7714),#7721,.T.);
#7714=FACE_BOUND('',#7715,.T.);
#7715=EDGE_LOOP('',(#7716,#7717,#7718));
#7716=ORIENTED_EDGE('',*,*,#6835,.F.);
#7717=ORIENTED_EDGE('',*,*,#6824,.F.);
#7718=ORIENTED_EDGE('',*,*,#7719,.T.);
#7719=EDGE_CURVE('',#5955,#6836,#7720,.T.);
#7720=LINE('',#5956,#345);
#7721=PLANE('',#7722);
#7722=AXIS2_PLACEMENT_3D('',#7723,#55,#199);
#7723=CARTESIAN_POINT('',(-0.458500730782,-5.177882562636E-02,-3.));
#7724=ADVANCED_FACE('',(#7725),#7738,.T.);
#7725=FACE_BOUND('',#7726,.T.);
#7726=EDGE_LOOP('',(#7727,#7732,#7733));
#7727=ORIENTED_EDGE('',*,*,#7728,.T.);
#7728=EDGE_CURVE('',#7729,#5987,#7731,.T.);
#7729=VERTEX_POINT('',#7730);
#7730=CARTESIAN_POINT('',(-3.552713678801E-15,-1.600000023842,-2.64999999851));
#7731=LINE('',#7730,#6860);
#7732=ORIENTED_EDGE('',*,*,#6842,.F.);
#7733=ORIENTED_EDGE('',*,*,#7734,.T.);
#7734=EDGE_CURVE('',#6836,#7729,#7735,.T.);
#7735=LINE('',#6837,#7736);
#7736=VECTOR('',#7737,1.);
#7737=DIRECTION('',(0.664020132001,-0.402490704731,0.630141648284));
#7738=PLANE('',#7739);
#7739=AXIS2_PLACEMENT_3D('',#7740,#7741,#7742);
#7740=CARTESIAN_POINT('',(-0.250723858352,-1.506277461369,-2.771428277901));
#7741=DIRECTION('',(-0.116945634416,-0.888289950413,-0.444144889181));
#7742=DIRECTION('',(2.93029489562E-14,0.447213526204,-0.894427225648));
#7743=ADVANCED_FACE('',(#7744),#7753,.T.);
#7744=FACE_BOUND('',#7745,.T.);
#7745=EDGE_LOOP('',(#7746,#7747,#7752));
#7746=ORIENTED_EDGE('',*,*,#7728,.F.);
#7747=ORIENTED_EDGE('',*,*,#7748,.T.);
#7748=EDGE_CURVE('',#7729,#6857,#7749,.T.);
#7749=LINE('',#7730,#7750);
#7750=VECTOR('',#7751,1.);
#7751=DIRECTION('',(6.703233114993E-16,0.,1.));
#7752=ORIENTED_EDGE('',*,*,#6863,.F.);
#7753=PLANE('',#7754);
#7754=AXIS2_PLACEMENT_3D('',#7755,#2748,#2973);
#7755=CARTESIAN_POINT('',(-0.111636400146,-1.585302807429,-1.42124215758));
#7756=ADVANCED_FACE('',(#7757),#7766,.T.);
#7757=FACE_BOUND('',#7758,.T.);
#7758=EDGE_LOOP('',(#7759,#7760,#7761));
#7759=ORIENTED_EDGE('',*,*,#6880,.F.);
#7760=ORIENTED_EDGE('',*,*,#6856,.F.);
#7761=ORIENTED_EDGE('',*,*,#7762,.T.);
#7762=EDGE_CURVE('',#6857,#6875,#7763,.T.);
#7763=LINE('',#6858,#7764);
#7764=VECTOR('',#7765,1.);
#7765=DIRECTION('',(-7.663400963112E-02,-0.997059290397,0.));
#7766=PLANE('',#7767);
#7767=AXIS2_PLACEMENT_3D('',#7768,#55,#199);
#7768=CARTESIAN_POINT('',(-0.219975394199,-3.004065132455,9.6858000731E-08));
#7769=ADVANCED_FACE('',(#7770),#7781,.T.);
#7770=FACE_BOUND('',#7771,.T.);
#7771=EDGE_LOOP('',(#7772,#7773,#7778));
#7772=ORIENTED_EDGE('',*,*,#6874,.F.);
#7773=ORIENTED_EDGE('',*,*,#7774,.T.);
#7774=EDGE_CURVE('',#6875,#7775,#7777,.T.);
#7775=VERTEX_POINT('',#7776);
#7776=CARTESIAN_POINT('',(-0.232937142253,-4.630666732788,-2.64999999851));
#7777=LINE('',#6876,#54);
#7778=ORIENTED_EDGE('',*,*,#7779,.T.);
#7779=EDGE_CURVE('',#7775,#6017,#7780,.T.);
#7780=LINE('',#7776,#6267);
#7781=PLANE('',#7782);
#7782=AXIS2_PLACEMENT_3D('',#7783,#6272,#4294);
#7783=CARTESIAN_POINT('',(-0.289603725236,-4.654138834603,-1.268861840494));
#7784=ADVANCED_FACE('',(#7785),#7796,.T.);
#7785=FACE_BOUND('',#7786,.T.);
#7786=EDGE_LOOP('',(#7787,#7788,#7793));
#7787=ORIENTED_EDGE('',*,*,#6891,.F.);
#7788=ORIENTED_EDGE('',*,*,#7789,.T.);
#7789=EDGE_CURVE('',#6017,#7790,#7792,.T.);
#7790=VERTEX_POINT('',#7791);
#7791=CARTESIAN_POINT('',(-0.449999988079,-4.72057723999,-2.64999999851));
#7792=LINE('',#6018,#54);
#7793=ORIENTED_EDGE('',*,*,#7794,.T.);
#7794=EDGE_CURVE('',#7790,#6036,#7795,.T.);
#7795=LINE('',#7791,#6632);
#7796=PLANE('',#7797);
#7797=AXIS2_PLACEMENT_3D('',#7798,#6637,#3818);
#7798=CARTESIAN_POINT('',(-0.498660694212,-4.757915927135,-1.268861835793));
#7799=ADVANCED_FACE('',(#7800),#7811,.T.);
#7800=FACE_BOUND('',#7801,.T.);
#7801=EDGE_LOOP('',(#7802,#7807,#7810));
#7802=ORIENTED_EDGE('',*,*,#7803,.T.);
#7803=EDGE_CURVE('',#6036,#7804,#7806,.T.);
#7804=VERTEX_POINT('',#7805);
#7805=CARTESIAN_POINT('',(-0.636396110058,-4.863604068756,-2.64999999851));
#7806=LINE('',#6037,#54);
#7807=ORIENTED_EDGE('',*,*,#7808,.T.);
#7808=EDGE_CURVE('',#7804,#6903,#7809,.T.);
#7809=LINE('',#7805,#5076);
#7810=ORIENTED_EDGE('',*,*,#6908,.F.);
#7811=PLANE('',#7812);
#7812=AXIS2_PLACEMENT_3D('',#7813,#5827,#5077);
#7813=CARTESIAN_POINT('',(-0.673734781399,-4.912264774571,-1.381138057589));
#7814=ADVANCED_FACE('',(#7815),#7822,.T.);
#7815=FACE_BOUND('',#7816,.T.);
#7816=EDGE_LOOP('',(#7817,#7818,#7821));
#7817=ORIENTED_EDGE('',*,*,#6918,.F.);
#7818=ORIENTED_EDGE('',*,*,#7819,.T.);
#7819=EDGE_CURVE('',#6903,#6929,#7820,.T.);
#7820=LINE('',#6904,#6662);
#7821=ORIENTED_EDGE('',*,*,#6936,.F.);
#7822=PLANE('',#7823);
#7823=AXIS2_PLACEMENT_3D('',#7824,#6672,#6673);
#7824=CARTESIAN_POINT('',(-0.748798939738,-5.153019160288,-2.786601812147));
#7825=ADVANCED_FACE('',(#7826),#7837,.T.);
#7826=FACE_BOUND('',#7827,.T.);
#7827=EDGE_LOOP('',(#7828,#7831,#7832));
#7828=ORIENTED_EDGE('',*,*,#7829,.T.);
#7829=EDGE_CURVE('',#6085,#6065,#7830,.T.);
#7830=LINE('',#6086,#189);
#7831=ORIENTED_EDGE('',*,*,#6928,.F.);
#7832=ORIENTED_EDGE('',*,*,#7833,.T.);
#7833=EDGE_CURVE('',#6929,#6085,#7834,.T.);
#7834=LINE('',#6930,#7835);
#7835=VECTOR('',#7836,1.);
#7836=DIRECTION('',(-0.130526106943,-0.991444872601,0.));
#7837=PLANE('',#7838);
#7838=AXIS2_PLACEMENT_3D('',#7839,#55,#199);
#7839=CARTESIAN_POINT('',(-0.676222867132,-5.410157001611,-3.));
#7840=ADVANCED_FACE('',(#7841),#7846,.T.);
#7841=FACE_BOUND('',#7842,.T.);
#7842=EDGE_LOOP('',(#7843,#7844,#7845));
#7843=ORIENTED_EDGE('',*,*,#6967,.F.);
#7844=ORIENTED_EDGE('',*,*,#6949,.F.);
#7845=ORIENTED_EDGE('',*,*,#7829,.F.);
#7846=PLANE('',#7847);
#7847=AXIS2_PLACEMENT_3D('',#7848,#55,#199);
#7848=CARTESIAN_POINT('',(-0.706498704876,-5.5,-3.));
#7849=ADVANCED_FACE('',(#7850),#7857,.T.);
#7850=FACE_BOUND('',#7851,.T.);
#7851=EDGE_LOOP('',(#7852,#7853,#7854));
#7852=ORIENTED_EDGE('',*,*,#6978,.F.);
#7853=ORIENTED_EDGE('',*,*,#7833,.F.);
#7854=ORIENTED_EDGE('',*,*,#7855,.T.);
#7855=EDGE_CURVE('',#6929,#6100,#7856,.T.);
#7856=LINE('',#6930,#345);
#7857=PLANE('',#7858);
#7858=AXIS2_PLACEMENT_3D('',#7859,#55,#199);
#7859=CARTESIAN_POINT('',(-0.646211433773,-5.502414905432,-3.));
#7860=ADVANCED_FACE('',(#7861),#7872,.T.);
#7861=FACE_BOUND('',#7862,.T.);
#7862=EDGE_LOOP('',(#7863,#7864,#7869));
#7863=ORIENTED_EDGE('',*,*,#6989,.F.);
#7864=ORIENTED_EDGE('',*,*,#7865,.T.);
#7865=EDGE_CURVE('',#6100,#7866,#7868,.T.);
#7866=VERTEX_POINT('',#7867);
#7867=CARTESIAN_POINT('',(-0.512652397156,-4.987347602844,-3.));
#7868=LINE('',#6101,#7240);
#7869=ORIENTED_EDGE('',*,*,#7870,.T.);
#7870=EDGE_CURVE('',#7866,#6460,#7871,.T.);
#7871=LINE('',#7867,#345);
#7872=PLANE('',#7873);
#7873=AXIS2_PLACEMENT_3D('',#7874,#55,#199);
#7874=CARTESIAN_POINT('',(-0.542097262595,-5.507889739716,-3.));
#7875=ADVANCED_FACE('',(#7876),#7891,.T.);
#7876=FACE_BOUND('',#7877,.T.);
#7877=EDGE_LOOP('',(#7878,#7885,#7890));
#7878=ORIENTED_EDGE('',*,*,#7879,.T.);
#7879=EDGE_CURVE('',#7013,#7880,#7882,.T.);
#7880=VERTEX_POINT('',#7881);
#7881=CARTESIAN_POINT('',(5.380384922028,0.300000011921,9.6858000731E-08));
#7882=LINE('',#7014,#7883);
#7883=VECTOR('',#7884,1.);
#7884=DIRECTION('',(-0.608761634711,-0.79335318245,0.));
#7885=ORIENTED_EDGE('',*,*,#7886,.T.);
#7886=EDGE_CURVE('',#7880,#2622,#7887,.T.);
#7887=LINE('',#7881,#7888);
#7888=VECTOR('',#7889,1.);
#7889=DIRECTION('',(-5.753859499098E-02,0.998343282687,0.));
#7890=ORIENTED_EDGE('',*,*,#7019,.F.);
#7891=PLANE('',#7892);
#7892=AXIS2_PLACEMENT_3D('',#7893,#55,#199);
#7893=CARTESIAN_POINT('',(5.216346617274,3.592178709647,9.6858000731E-08));
#7894=ADVANCED_FACE('',(#7895),#7904,.T.);
#7895=FACE_BOUND('',#7896,.T.);
#7896=EDGE_LOOP('',(#7897,#7902,#7903));
#7897=ORIENTED_EDGE('',*,*,#7898,.T.);
#7898=EDGE_CURVE('',#7452,#7033,#7899,.T.);
#7899=LINE('',#7453,#7900);
#7900=VECTOR('',#7901,1.);
#7901=DIRECTION('',(0.,0.650791377449,0.759256598943));
#7902=ORIENTED_EDGE('',*,*,#7032,.F.);
#7903=ORIENTED_EDGE('',*,*,#7456,.F.);
#7904=PLANE('',#7905);
#7905=AXIS2_PLACEMENT_3D('',#7906,#14,#13);
#7906=CARTESIAN_POINT('',(6.,0.314888006773,-1.52400358635));
#7907=ADVANCED_FACE('',(#7908),#7919,.T.);
#7908=FACE_BOUND('',#7909,.T.);
#7909=EDGE_LOOP('',(#7910,#7915,#7918));
#7910=ORIENTED_EDGE('',*,*,#7911,.T.);
#7911=EDGE_CURVE('',#7033,#7912,#7914,.T.);
#7912=VERTEX_POINT('',#7913);
#7913=CARTESIAN_POINT('',(5.800000190735,0.40000000596,-2.64999999851));
#7914=LINE('',#7034,#228);
#7915=ORIENTED_EDGE('',*,*,#7916,.T.);
#7916=EDGE_CURVE('',#7912,#5754,#7917,.T.);
#7917=LINE('',#7913,#82);
#7918=ORIENTED_EDGE('',*,*,#7037,.F.);
#7919=PLANE('',#7920);
#7920=AXIS2_PLACEMENT_3D('',#7921,#190,#13);
#7921=CARTESIAN_POINT('',(5.851884252691,0.40000000596,-1.373115793503));
#7922=ADVANCED_FACE('',(#7923),#7938,.T.);
#7923=FACE_BOUND('',#7924,.T.);
#7924=EDGE_LOOP('',(#7925,#7932,#7937));
#7925=ORIENTED_EDGE('',*,*,#7926,.T.);
#7926=EDGE_CURVE('',#7050,#7927,#7929,.T.);
#7927=VERTEX_POINT('',#7928);
#7928=CARTESIAN_POINT('',(0.627868413925,5.862500190735,-3.));
#7929=LINE('',#7051,#7930);
#7930=VECTOR('',#7931,1.);
#7931=DIRECTION('',(-0.387298460369,-0.223605866537,-0.894427369352));
#7932=ORIENTED_EDGE('',*,*,#7933,.T.);
#7933=EDGE_CURVE('',#7927,#6188,#7934,.T.);
#7934=LINE('',#7928,#7935);
#7935=VECTOR('',#7936,1.);
#7936=DIRECTION('',(-0.608762015901,0.793352889952,0.));
#7937=ORIENTED_EDGE('',*,*,#7054,.F.);
#7938=PLANE('',#7939);
#7939=AXIS2_PLACEMENT_3D('',#7940,#7941,#7942);
#7940=CARTESIAN_POINT('',(0.6540378141,5.944589363715,-2.857310400297));
#7941=DIRECTION('',(0.710808630051,0.54542348056,-0.444144479081));
#7942=DIRECTION('',(-0.608762015901,0.793352889952,2.239319840669E-13));
#7943=ADVANCED_FACE('',(#7944),#7957,.T.);
#7944=FACE_BOUND('',#7945,.T.);
#7945=EDGE_LOOP('',(#7946,#7951,#7952));
#7946=ORIENTED_EDGE('',*,*,#7947,.T.);
#7947=EDGE_CURVE('',#7948,#6209,#7950,.T.);
#7948=VERTEX_POINT('',#7949);
#7949=CARTESIAN_POINT('',(0.362500011921,4.872131347656,-3.));
#7950=LINE('',#7949,#189);
#7951=ORIENTED_EDGE('',*,*,#7067,.F.);
#7952=ORIENTED_EDGE('',*,*,#7953,.T.);
#7953=EDGE_CURVE('',#6188,#7948,#7954,.T.);
#7954=LINE('',#6189,#7955);
#7955=VECTOR('',#7956,1.);
#7956=DIRECTION('',(-0.130526141393,-0.991444868065,0.));
#7957=PLANE('',#7958);
#7958=AXIS2_PLACEMENT_3D('',#7959,#55,#199);
#7959=CARTESIAN_POINT('',(0.401251429548,5.516051337483,-3.));
#7960=ADVANCED_FACE('',(#7961),#7974,.T.);
#7961=FACE_BOUND('',#7962,.T.);
#7962=EDGE_LOOP('',(#7963,#7968,#7969));
#7963=ORIENTED_EDGE('',*,*,#7964,.T.);
#7964=EDGE_CURVE('',#7965,#6290,#7967,.T.);
#7965=VERTEX_POINT('',#7966);
#7966=CARTESIAN_POINT('',(0.187643811107,4.799703598022,-3.));
#7967=LINE('',#7966,#189);
#7968=ORIENTED_EDGE('',*,*,#7082,.F.);
#7969=ORIENTED_EDGE('',*,*,#7970,.T.);
#7970=EDGE_CURVE('',#6209,#7965,#7971,.T.);
#7971=LINE('',#6210,#7972);
#7972=VECTOR('',#7973,1.);
#7973=DIRECTION('',(-0.130526158617,-0.991444865798,0.));
#7974=PLANE('',#7975);
#7975=AXIS2_PLACEMENT_3D('',#7976,#55,#199);
#7976=CARTESIAN_POINT('',(0.23327230696,5.526343634335,-3.));
#7977=ADVANCED_FACE('',(#7978),#7989,.T.);
#7978=FACE_BOUND('',#7979,.T.);
#7979=EDGE_LOOP('',(#7980,#7985,#7988));
#7980=ORIENTED_EDGE('',*,*,#7981,.T.);
#7981=EDGE_CURVE('',#6243,#7982,#7984,.T.);
#7982=VERTEX_POINT('',#7983);
#7983=CARTESIAN_POINT('',(0.869333267212,5.732937335968,-2.64999999851));
#7984=LINE('',#6244,#54);
#7985=ORIENTED_EDGE('',*,*,#7986,.T.);
#7986=EDGE_CURVE('',#7982,#7050,#7987,.T.);
#7987=LINE('',#7983,#6249);
#7988=ORIENTED_EDGE('',*,*,#7110,.F.);
#7989=PLANE('',#7990);
#7990=AXIS2_PLACEMENT_3D('',#7991,#7117,#6250);
#7991=CARTESIAN_POINT('',(0.845861198161,5.789603817731,-1.381137972316));
#7992=ADVANCED_FACE('',(#7993),#8002,.T.);
#7993=FACE_BOUND('',#7994,.T.);
#7994=EDGE_LOOP('',(#7995,#7996,#7997));
#7995=ORIENTED_EDGE('',*,*,#7981,.F.);
#7996=ORIENTED_EDGE('',*,*,#7127,.F.);
#7997=ORIENTED_EDGE('',*,*,#7998,.T.);
#7998=EDGE_CURVE('',#7123,#7982,#7999,.T.);
#7999=LINE('',#7124,#8000);
#8000=VECTOR('',#8001,1.);
#8001=DIRECTION('',(-1.15271268671E-02,8.755743006196E-02,-0.996092777701));
#8002=PLANE('',#8003);
#8003=AXIS2_PLACEMENT_3D('',#8004,#6420,#6411);
#8004=CARTESIAN_POINT('',(0.877339140571,5.672126545492,-1.268861805968));
#8005=ADVANCED_FACE('',(#8006),#8021,.T.);
#8006=FACE_BOUND('',#8007,.T.);
#8007=EDGE_LOOP('',(#8008,#8009,#8016));
#8008=ORIENTED_EDGE('',*,*,#7137,.F.);
#8009=ORIENTED_EDGE('',*,*,#8010,.T.);
#8010=EDGE_CURVE('',#6261,#8011,#8013,.T.);
#8011=VERTEX_POINT('',#8012);
#8012=CARTESIAN_POINT('',(-0.187643811107,6.200296401978,-3.));
#8013=LINE('',#6262,#8014);
#8014=VECTOR('',#8015,1.);
#8015=DIRECTION('',(0.11574741067,-0.431974839641,-0.89442734464));
#8016=ORIENTED_EDGE('',*,*,#8017,.T.);
#8017=EDGE_CURVE('',#8011,#6626,#8018,.T.);
#8018=LINE('',#8012,#8019);
#8019=VECTOR('',#8020,1.);
#8020=DIRECTION('',(-0.59021045083,0.178006875941,0.787378673732));
#8021=PLANE('',#8022);
#8022=AXIS2_PLACEMENT_3D('',#8023,#8024,#8025);
#8023=CARTESIAN_POINT('',(-0.28412836867,6.274833312237,-2.786601760203));
#8024=DIRECTION('',(-0.342867603894,0.827754398887,-0.444144640093));
#8025=DIRECTION('',(5.134781488891E-14,0.472804267716,0.881167478082));
#8026=ADVANCED_FACE('',(#8027),#8036,.T.);
#8027=FACE_BOUND('',#8028,.T.);
#8028=EDGE_LOOP('',(#8029,#8034,#8035));
#8029=ORIENTED_EDGE('',*,*,#8030,.T.);
#8030=EDGE_CURVE('',#7150,#8011,#8031,.T.);
#8031=LINE('',#7151,#8032);
#8032=VECTOR('',#8033,1.);
#8033=DIRECTION('',(-0.99144504854,-0.130524770545,0.));
#8034=ORIENTED_EDGE('',*,*,#8010,.F.);
#8035=ORIENTED_EDGE('',*,*,#7156,.F.);
#8036=PLANE('',#8037);
#8037=AXIS2_PLACEMENT_3D('',#8038,#8039,#8040);
#8038=CARTESIAN_POINT('',(-0.148102394851,6.276846771475,-2.857310417521));
#8039=DIRECTION('',(-0.116944337761,0.888290277347,-0.444144576728));
#8040=DIRECTION('',(9.185707749992E-14,0.447213142838,0.894427417331));
#8041=ADVANCED_FACE('',(#8042),#8055,.T.);
#8042=FACE_BOUND('',#8043,.T.);
#8043=EDGE_LOOP('',(#8044,#8049,#8050));
#8044=ORIENTED_EDGE('',*,*,#8045,.T.);
#8045=EDGE_CURVE('',#8046,#7150,#8048,.T.);
#8046=VERTEX_POINT('',#8047);
#8047=CARTESIAN_POINT('',(-4.440892098501E-15,4.775000095367,-3.));
#8048=LINE('',#8047,#189);
#8049=ORIENTED_EDGE('',*,*,#7169,.F.);
#8050=ORIENTED_EDGE('',*,*,#8051,.T.);
#8051=EDGE_CURVE('',#6290,#8046,#8052,.T.);
#8052=LINE('',#6291,#8053);
#8053=VECTOR('',#8054,1.);
#8054=DIRECTION('',(-0.130526187119,-0.991444862045,0.));
#8055=PLANE('',#8056);
#8056=AXIS2_PLACEMENT_3D('',#8057,#55,#199);
#8057=CARTESIAN_POINT('',(4.960740161631E-02,5.538065154775,-3.));
#8058=ADVANCED_FACE('',(#8059),#8066,.T.);
#8059=FACE_BOUND('',#8060,.T.);
#8060=EDGE_LOOP('',(#8061,#8062,#8065));
#8061=ORIENTED_EDGE('',*,*,#7429,.F.);
#8062=ORIENTED_EDGE('',*,*,#8063,.T.);
#8063=EDGE_CURVE('',#7425,#7186,#8064,.T.);
#8064=LINE('',#7426,#6497);
#8065=ORIENTED_EDGE('',*,*,#7185,.F.);
#8066=PLANE('',#8067);
#8067=AXIS2_PLACEMENT_3D('',#8068,#55,#199);
#8068=CARTESIAN_POINT('',(4.960740161631E-02,-5.461934845225,-3.));
#8069=ADVANCED_FACE('',(#8070),#8077,.T.);
#8070=FACE_BOUND('',#8071,.T.);
#8071=EDGE_LOOP('',(#8072,#8073,#8076));
#8072=ORIENTED_EDGE('',*,*,#7192,.F.);
#8073=ORIENTED_EDGE('',*,*,#8074,.T.);
#8074=EDGE_CURVE('',#7186,#7203,#8075,.T.);
#8075=LINE('',#7187,#6482);
#8076=ORIENTED_EDGE('',*,*,#7202,.F.);
#8077=PLANE('',#8078);
#8078=AXIS2_PLACEMENT_3D('',#8079,#55,#199);
#8079=CARTESIAN_POINT('',(0.23327230696,-5.473656365665,-3.));
#8080=ADVANCED_FACE('',(#8081),#8088,.T.);
#8081=FACE_BOUND('',#8082,.T.);
#8082=EDGE_LOOP('',(#8083,#8084,#8087));
#8083=ORIENTED_EDGE('',*,*,#7209,.F.);
#8084=ORIENTED_EDGE('',*,*,#8085,.T.);
#8085=EDGE_CURVE('',#7203,#7220,#8086,.T.);
#8086=LINE('',#7204,#6463);
#8087=ORIENTED_EDGE('',*,*,#7219,.F.);
#8088=PLANE('',#8089);
#8089=AXIS2_PLACEMENT_3D('',#8090,#55,#199);
#8090=CARTESIAN_POINT('',(0.401251429548,-5.483948662517,-3.));
#8091=ADVANCED_FACE('',(#8092),#8099,.T.);
#8092=FACE_BOUND('',#8093,.T.);
#8093=EDGE_LOOP('',(#8094,#8095,#8098));
#8094=ORIENTED_EDGE('',*,*,#7226,.F.);
#8095=ORIENTED_EDGE('',*,*,#8096,.T.);
#8096=EDGE_CURVE('',#7220,#7237,#8097,.T.);
#8097=LINE('',#7221,#6732);
#8098=ORIENTED_EDGE('',*,*,#7236,.F.);
#8099=PLANE('',#8100);
#8100=AXIS2_PLACEMENT_3D('',#8101,#55,#199);
#8101=CARTESIAN_POINT('',(0.542097262595,-5.492110260284,-3.));
#8102=ADVANCED_FACE('',(#8103),#8110,.T.);
#8103=FACE_BOUND('',#8104,.T.);
#8104=EDGE_LOOP('',(#8105,#8106,#8109));
#8105=ORIENTED_EDGE('',*,*,#7243,.F.);
#8106=ORIENTED_EDGE('',*,*,#8107,.T.);
#8107=EDGE_CURVE('',#7237,#7254,#8108,.T.);
#8108=LINE('',#7238,#6715);
#8109=ORIENTED_EDGE('',*,*,#7253,.F.);
#8110=PLANE('',#8111);
#8111=AXIS2_PLACEMENT_3D('',#8112,#55,#199);
#8112=CARTESIAN_POINT('',(0.646211433773,-5.497585094568,-3.));
#8113=ADVANCED_FACE('',(#8114),#8121,.T.);
#8114=FACE_BOUND('',#8115,.T.);
#8115=EDGE_LOOP('',(#8116,#8119,#8120));
#8116=ORIENTED_EDGE('',*,*,#8117,.T.);
#8117=EDGE_CURVE('',#7254,#7270,#8118,.T.);
#8118=LINE('',#7255,#6700);
#8119=ORIENTED_EDGE('',*,*,#7269,.F.);
#8120=ORIENTED_EDGE('',*,*,#7260,.F.);
#8121=PLANE('',#8122);
#8122=AXIS2_PLACEMENT_3D('',#8123,#55,#199);
#8123=CARTESIAN_POINT('',(0.706498704876,-5.5,-3.));
#8124=ADVANCED_FACE('',(#8125),#8130,.T.);
#8125=FACE_BOUND('',#8126,.T.);
#8126=EDGE_LOOP('',(#8127,#8128,#8129));
#8127=ORIENTED_EDGE('',*,*,#7276,.F.);
#8128=ORIENTED_EDGE('',*,*,#8117,.F.);
#8129=ORIENTED_EDGE('',*,*,#7296,.F.);
#8130=PLANE('',#8131);
#8131=AXIS2_PLACEMENT_3D('',#8132,#8133,#8134);
#8132=CARTESIAN_POINT('',(0.788708031208,-5.441993127251,-2.857310447181));
#8133=DIRECTION('',(0.888289970119,0.116945587402,-0.444144862149));
#8134=DIRECTION('',(0.447213496492,6.211003933387E-14,0.894427240504));
#8135=ADVANCED_FACE('',(#8136),#8145,.T.);
#8136=FACE_BOUND('',#8137,.T.);
#8137=EDGE_LOOP('',(#8138,#8139,#8140));
#8138=ORIENTED_EDGE('',*,*,#7290,.F.);
#8139=ORIENTED_EDGE('',*,*,#8107,.F.);
#8140=ORIENTED_EDGE('',*,*,#8141,.T.);
#8141=EDGE_CURVE('',#7237,#6407,#8142,.T.);
#8142=LINE('',#7238,#8143);
#8143=VECTOR('',#8144,1.);
#8144=DIRECTION('',(0.543212125875,-0.291471461848,0.787378545066));
#8145=PLANE('',#8146);
#8146=AXIS2_PLACEMENT_3D('',#8147,#8148,#8149);
#8147=CARTESIAN_POINT('',(0.746820217897,-5.239836874268,-2.857310419734));
#8148=DIRECTION('',(0.827754402212,0.342867126071,-0.444145002761));
#8149=DIRECTION('',(0.472804566008,-1.053601650369E-13,0.881167318029));
#8150=ADVANCED_FACE('',(#8151),#8166,.T.);
#8151=FACE_BOUND('',#8152,.T.);
#8152=EDGE_LOOP('',(#8153,#8154,#8161));
#8153=ORIENTED_EDGE('',*,*,#7314,.F.);
#8154=ORIENTED_EDGE('',*,*,#8155,.T.);
#8155=EDGE_CURVE('',#7310,#8156,#8158,.T.);
#8156=VERTEX_POINT('',#8157);
#8157=CARTESIAN_POINT('',(0.800000011921,-1.385640621185,9.6858000731E-08));
#8158=LINE('',#7311,#8159);
#8159=VECTOR('',#8160,1.);
#8160=DIRECTION('',(-1.785999968495E-02,0.999840497485,0.));
#8161=ORIENTED_EDGE('',*,*,#8162,.T.);
#8162=EDGE_CURVE('',#8156,#4925,#8163,.T.);
#8163=LINE('',#8157,#8164);
#8164=VECTOR('',#8165,1.);
#8165=DIRECTION('',(2.429793588762E-02,-0.999704761573,0.));
#8166=PLANE('',#8167);
#8167=AXIS2_PLACEMENT_3D('',#8168,#55,#199);
#8168=CARTESIAN_POINT('',(0.843758938551,-3.443285379311,9.6858000731E-08));
#8169=ADVANCED_FACE('',(#8170),#8183,.T.);
#8170=FACE_BOUND('',#8171,.T.);
#8171=EDGE_LOOP('',(#8172,#8173,#8178));
#8172=ORIENTED_EDGE('',*,*,#7309,.F.);
#8173=ORIENTED_EDGE('',*,*,#8174,.T.);
#8174=EDGE_CURVE('',#6407,#8175,#8177,.T.);
#8175=VERTEX_POINT('',#8176);
#8176=CARTESIAN_POINT('',(0.779422879219,-5.050000190735,-2.64999999851));
#8177=LINE('',#6408,#6249);
#8178=ORIENTED_EDGE('',*,*,#8179,.T.);
#8179=EDGE_CURVE('',#8175,#7310,#8180,.T.);
#8180=LINE('',#8176,#8181);
#8181=VECTOR('',#8182,1.);
#8182=DIRECTION('',(3.379588170043E-02,-8.159032379812E-02,0.996092795598));
#8183=PLANE('',#8184);
#8184=AXIS2_PLACEMENT_3D('',#8185,#7117,#6250);
#8185=CARTESIAN_POINT('',(0.845861198161,-5.210396182269,-1.381137972316));
#8186=ADVANCED_FACE('',(#8187),#8198,.T.);
#8187=FACE_BOUND('',#8188,.T.);
#8188=EDGE_LOOP('',(#8189,#8194,#8197));
#8189=ORIENTED_EDGE('',*,*,#8190,.T.);
#8190=EDGE_CURVE('',#6426,#8191,#8193,.T.);
#8191=VERTEX_POINT('',#8192);
#8192=CARTESIAN_POINT('',(1.545481324196,-0.414110481739,-2.64999999851));
#8193=LINE('',#6427,#54);
#8194=ORIENTED_EDGE('',*,*,#8195,.T.);
#8195=EDGE_CURVE('',#8191,#7325,#8196,.T.);
#8196=LINE('',#8192,#6434);
#8197=ORIENTED_EDGE('',*,*,#7330,.F.);
#8198=PLANE('',#8199);
#8199=AXIS2_PLACEMENT_3D('',#8200,#7337,#6435);
#8200=CARTESIAN_POINT('',(1.560178540609,-0.302474081593,-1.42124215758));
#8201=ADVANCED_FACE('',(#8202),#8216,.T.);
#8202=FACE_BOUND('',#8203,.T.);
#8203=EDGE_LOOP('',(#8204,#8205,#8211));
#8204=ORIENTED_EDGE('',*,*,#7324,.F.);
#8205=ORIENTED_EDGE('',*,*,#8206,.T.);
#8206=EDGE_CURVE('',#7325,#8207,#8209,.T.);
#8207=VERTEX_POINT('',#8208);
#8208=CARTESIAN_POINT('',(1.545481324196,0.414110481739,-2.64999999851));
#8209=LINE('',#7326,#8210);
#8210=VECTOR('',#7690,1.);
#8211=ORIENTED_EDGE('',*,*,#8212,.T.);
#8212=EDGE_CURVE('',#8207,#5618,#8213,.T.);
#8213=LINE('',#8208,#8214);
#8214=VECTOR('',#8215,1.);
#8215=DIRECTION('',(2.032221003702E-02,-0.154362452573,0.987805264723));
#8216=PLANE('',#8217);
#8217=AXIS2_PLACEMENT_3D('',#8218,#7691,#7690);
#8218=CARTESIAN_POINT('',(1.585302807429,0.111636400146,-1.42124215758));
#8219=ADVANCED_FACE('',(#8220),#8229,.T.);
#8220=FACE_BOUND('',#8221,.T.);
#8221=EDGE_LOOP('',(#8222,#8223,#8224));
#8222=ORIENTED_EDGE('',*,*,#8190,.F.);
#8223=ORIENTED_EDGE('',*,*,#7349,.F.);
#8224=ORIENTED_EDGE('',*,*,#8225,.T.);
#8225=EDGE_CURVE('',#7343,#8191,#8226,.T.);
#8226=LINE('',#7344,#8227);
#8227=VECTOR('',#8228,1.);
#8228=DIRECTION('',(5.958169142158E-02,0.143842904073,-0.987805264713));
#8229=PLANE('',#8230);
#8230=AXIS2_PLACEMENT_3D('',#8231,#8232,#7352);
#8231=CARTESIAN_POINT('',(1.502391275843,-0.518139043933,-1.228757744036));
#8232=DIRECTION('',(0.923879510477,-0.382683485561,0.));
#8233=ADVANCED_FACE('',(#8234),#8249,.T.);
#8234=FACE_BOUND('',#8235,.T.);
#8235=EDGE_LOOP('',(#8236,#8243,#8248));
#8236=ORIENTED_EDGE('',*,*,#8237,.T.);
#8237=EDGE_CURVE('',#4925,#8238,#8240,.T.);
#8238=VERTEX_POINT('',#8239);
#8239=CARTESIAN_POINT('',(1.131370902061,-1.131370902061,9.6858000731E-08));
#8240=LINE('',#4926,#8241);
#8241=VECTOR('',#8242,1.);
#8242=DIRECTION('',(5.288778430721E-02,0.998600461782,0.));
#8243=ORIENTED_EDGE('',*,*,#8244,.T.);
#8244=EDGE_CURVE('',#8238,#7343,#8245,.T.);
#8245=LINE('',#8239,#8246);
#8246=VECTOR('',#8247,1.);
#8247=DIRECTION('',(0.608761266396,0.793353465068,0.));
#8248=ORIENTED_EDGE('',*,*,#7342,.F.);
#8249=PLANE('',#8250);
#8250=AXIS2_PLACEMENT_3D('',#8251,#55,#199);
#8251=CARTESIAN_POINT('',(1.089459049265,-3.130297256082,9.6858000731E-08));
#8252=ADVANCED_FACE('',(#8253),#8266,.T.);
#8253=FACE_BOUND('',#8254,.T.);
#8254=EDGE_LOOP('',(#8255,#8260,#8265));
#8255=ORIENTED_EDGE('',*,*,#8256,.T.);
#8256=EDGE_CURVE('',#5618,#8257,#8259,.T.);
#8257=VERTEX_POINT('',#8258);
#8258=CARTESIAN_POINT('',(1.545481324196,0.414110481739,9.6858000731E-08));
#8259=LINE('',#5619,#8210);
#8260=ORIENTED_EDGE('',*,*,#8261,.T.);
#8261=EDGE_CURVE('',#8257,#7123,#8262,.T.);
#8262=LINE('',#8258,#8263);
#8263=VECTOR('',#8264,1.);
#8264=DIRECTION('',(-0.125906138444,0.992042158531,0.));
#8265=ORIENTED_EDGE('',*,*,#7362,.F.);
#8266=PLANE('',#8267);
#8267=AXIS2_PLACEMENT_3D('',#8268,#55,#199);
#8268=CARTESIAN_POINT('',(1.249553908529,2.74994232768,9.6858000731E-08));
#8269=ADVANCED_FACE('',(#8270),#8285,.T.);
#8270=FACE_BOUND('',#8271,.T.);
#8271=EDGE_LOOP('',(#8272,#8279,#8280));
#8272=ORIENTED_EDGE('',*,*,#8273,.T.);
#8273=EDGE_CURVE('',#8274,#7375,#8276,.T.);
#8274=VERTEX_POINT('',#8275);
#8275=CARTESIAN_POINT('',(3.220444440842,-4.844708442688,9.6858000731E-08));
#8276=LINE('',#8275,#8277);
#8277=VECTOR('',#8278,1.);
#8278=DIRECTION('',(-0.13052538758,-0.991444967306,0.));
#8279=ORIENTED_EDGE('',*,*,#7382,.F.);
#8280=ORIENTED_EDGE('',*,*,#8281,.T.);
#8281=EDGE_CURVE('',#3070,#8274,#8282,.T.);
#8282=LINE('',#3071,#8283);
#8283=VECTOR('',#8284,1.);
#8284=DIRECTION('',(0.103357867204,-0.994644233526,0.));
#8285=PLANE('',#8286);
#8286=AXIS2_PLACEMENT_3D('',#8287,#55,#199);
#8287=CARTESIAN_POINT('',(2.609040100827,0.949876389353,9.6858000731E-08));
#8288=ADVANCED_FACE('',(#8289),#8304,.T.);
#8289=FACE_BOUND('',#8290,.T.);
#8290=EDGE_LOOP('',(#8291,#8292,#8299));
#8291=ORIENTED_EDGE('',*,*,#7374,.F.);
#8292=ORIENTED_EDGE('',*,*,#8293,.T.);
#8293=EDGE_CURVE('',#7375,#8294,#8296,.T.);
#8294=VERTEX_POINT('',#8295);
#8295=CARTESIAN_POINT('',(3.220444440842,-5.155291557312,9.6858000731E-08));
#8296=LINE('',#7376,#8297);
#8297=VECTOR('',#8298,1.);
#8298=DIRECTION('',(0.13052538758,-0.991444967306,0.));
#8299=ORIENTED_EDGE('',*,*,#8300,.T.);
#8300=EDGE_CURVE('',#8294,#2846,#8301,.T.);
#8301=LINE('',#8295,#8302);
#8302=VECTOR('',#8303,1.);
#8303=DIRECTION('',(-0.573193902658,-0.819419764196,0.));
#8304=PLANE('',#8305);
#8305=AXIS2_PLACEMENT_3D('',#8306,#55,#199);
#8306=CARTESIAN_POINT('',(2.625886589166,-5.956328056194,9.6858000731E-08));
#8307=ADVANCED_FACE('',(#8308),#8315,.T.);
#8308=FACE_BOUND('',#8309,.T.);
#8309=EDGE_LOOP('',(#8310,#8311,#8314));
#8310=ORIENTED_EDGE('',*,*,#7870,.F.);
#8311=ORIENTED_EDGE('',*,*,#8312,.T.);
#8312=EDGE_CURVE('',#7866,#7395,#8313,.T.);
#8313=LINE('',#7867,#6341);
#8314=ORIENTED_EDGE('',*,*,#7394,.F.);
#8315=PLANE('',#8316);
#8316=AXIS2_PLACEMENT_3D('',#8317,#55,#199);
#8317=CARTESIAN_POINT('',(-0.470125144843,-5.426340534923,-3.));
#8318=ADVANCED_FACE('',(#8319),#8326,.T.);
#8319=FACE_BOUND('',#8320,.T.);
#8320=EDGE_LOOP('',(#8321,#8322,#8325));
#8321=ORIENTED_EDGE('',*,*,#7399,.F.);
#8322=ORIENTED_EDGE('',*,*,#8323,.T.);
#8323=EDGE_CURVE('',#7395,#7410,#8324,.T.);
#8324=LINE('',#7396,#6326);
#8325=ORIENTED_EDGE('',*,*,#7409,.F.);
#8326=PLANE('',#8327);
#8327=AXIS2_PLACEMENT_3D('',#8328,#55,#199);
#8328=CARTESIAN_POINT('',(-0.314497933927,-5.437442490848,-3.));
#8329=ADVANCED_FACE('',(#8330),#8337,.T.);
#8330=FACE_BOUND('',#8331,.T.);
#8331=EDGE_LOOP('',(#8332,#8333,#8336));
#8332=ORIENTED_EDGE('',*,*,#7414,.F.);
#8333=ORIENTED_EDGE('',*,*,#8334,.T.);
#8334=EDGE_CURVE('',#7410,#7425,#8335,.T.);
#8335=LINE('',#7411,#6311);
#8336=ORIENTED_EDGE('',*,*,#7424,.F.);
#8337=PLANE('',#8338);
#8338=AXIS2_PLACEMENT_3D('',#8339,#55,#199);
#8339=CARTESIAN_POINT('',(-0.137226832968,-5.449583093897,-3.));
#8340=ADVANCED_FACE('',(#8341),#8348,.T.);
#8341=FACE_BOUND('',#8342,.T.);
#8342=EDGE_LOOP('',(#8343,#8346,#8347));
#8343=ORIENTED_EDGE('',*,*,#8344,.T.);
#8344=EDGE_CURVE('',#7469,#6526,#8345,.T.);
#8345=LINE('',#7470,#34);
#8346=ORIENTED_EDGE('',*,*,#7439,.F.);
#8347=ORIENTED_EDGE('',*,*,#7489,.F.);
#8348=PLANE('',#8349);
#8349=AXIS2_PLACEMENT_3D('',#8350,#7496,#7442);
#8350=CARTESIAN_POINT('',(5.939620927198,-0.224215108003,-2.855082377278));
#8351=ADVANCED_FACE('',(#8352),#8361,.T.);
#8352=FACE_BOUND('',#8353,.T.);
#8353=EDGE_LOOP('',(#8354,#8355,#8356));
#8354=ORIENTED_EDGE('',*,*,#7451,.F.);
#8355=ORIENTED_EDGE('',*,*,#8344,.F.);
#8356=ORIENTED_EDGE('',*,*,#8357,.T.);
#8357=EDGE_CURVE('',#7469,#7452,#8358,.T.);
#8358=LINE('',#7470,#8359);
#8359=VECTOR('',#8360,1.);
#8360=DIRECTION('',(0.707106438743,0.70710712363,0.));
#8361=PLANE('',#8362);
#8362=AXIS2_PLACEMENT_3D('',#8363,#55,#199);
#8363=CARTESIAN_POINT('',(5.929289403501,-2.928930813332E-02,-3.));
#8364=ADVANCED_FACE('',(#8365),#8378,.T.);
#8365=FACE_BOUND('',#8366,.T.);
#8366=EDGE_LOOP('',(#8367,#8374,#8377));
#8367=ORIENTED_EDGE('',*,*,#8368,.T.);
#8368=EDGE_CURVE('',#5754,#8369,#8371,.T.);
#8369=VERTEX_POINT('',#8370);
#8370=CARTESIAN_POINT('',(5.800000190735,0.10000000149,-3.));
#8371=LINE('',#5755,#8372);
#8372=VECTOR('',#8373,1.);
#8373=DIRECTION('',(0.,-9.950371730835E-02,-0.995037190381));
#8374=ORIENTED_EDGE('',*,*,#8375,.T.);
#8375=EDGE_CURVE('',#8369,#7469,#8376,.T.);
#8376=LINE('',#8370,#345);
#8377=ORIENTED_EDGE('',*,*,#7468,.F.);
#8378=PLANE('',#8379);
#8379=AXIS2_PLACEMENT_3D('',#8380,#199,#55);
#8380=CARTESIAN_POINT('',(5.800000190735,0.193395358291,-1.547951280184));
#8381=ADVANCED_FACE('',(#8382),#8389,.T.);
#8382=FACE_BOUND('',#8383,.T.);
#8383=EDGE_LOOP('',(#8384,#8387,#8388));
#8384=ORIENTED_EDGE('',*,*,#8385,.T.);
#8385=EDGE_CURVE('',#6606,#7880,#8386,.T.);
#8386=LINE('',#6607,#189);
#8387=ORIENTED_EDGE('',*,*,#7879,.F.);
#8388=ORIENTED_EDGE('',*,*,#7513,.F.);
#8389=PLANE('',#8390);
#8390=AXIS2_PLACEMENT_3D('',#8391,#55,#199);
#8391=CARTESIAN_POINT('',(5.408825445072,6.866146555355E-02,9.6858000731E-08));
#8392=ADVANCED_FACE('',(#8393),#8400,.T.);
#8393=FACE_BOUND('',#8394,.T.);
#8394=EDGE_LOOP('',(#8395,#8396,#8399));
#8395=ORIENTED_EDGE('',*,*,#7530,.F.);
#8396=ORIENTED_EDGE('',*,*,#8397,.T.);
#8397=EDGE_CURVE('',#7524,#7880,#8398,.T.);
#8398=LINE('',#7525,#2862);
#8399=ORIENTED_EDGE('',*,*,#8385,.F.);
#8400=PLANE('',#8401);
#8401=AXIS2_PLACEMENT_3D('',#8402,#55,#199);
#8402=CARTESIAN_POINT('',(5.365204470367,-1.998546539318E-03,9.6858000731E-08));
#8403=ADVANCED_FACE('',(#8404),#8417,.T.);
#8404=FACE_BOUND('',#8405,.T.);
#8405=EDGE_LOOP('',(#8406,#8413,#8416));
#8406=ORIENTED_EDGE('',*,*,#8407,.T.);
#8407=EDGE_CURVE('',#2177,#8408,#8410,.T.);
#8408=VERTEX_POINT('',#8409);
#8409=CARTESIAN_POINT('',(5.300000190735,0.,9.6858000731E-08));
#8410=LINE('',#2178,#8411);
#8411=VECTOR('',#8412,1.);
#8412=DIRECTION('',(4.343725124159E-02,0.999056157183,0.));
#8413=ORIENTED_EDGE('',*,*,#8414,.T.);
#8414=EDGE_CURVE('',#8408,#7524,#8415,.T.);
#8415=LINE('',#8409,#2895);
#8416=ORIENTED_EDGE('',*,*,#7523,.F.);
#8417=PLANE('',#8418);
#8418=AXIS2_PLACEMENT_3D('',#8419,#55,#199);
#8419=CARTESIAN_POINT('',(5.156812702798,-3.449715714673,9.6858000731E-08));
#8420=ADVANCED_FACE('',(#8421),#8436,.T.);
#8421=FACE_BOUND('',#8422,.T.);
#8422=EDGE_LOOP('',(#8423,#8424,#8431));
#8423=ORIENTED_EDGE('',*,*,#7542,.F.);
#8424=ORIENTED_EDGE('',*,*,#8425,.T.);
#8425=EDGE_CURVE('',#6626,#8426,#8428,.T.);
#8426=VERTEX_POINT('',#8427);
#8427=CARTESIAN_POINT('',(-0.362500011921,6.127868652344,-3.));
#8428=LINE('',#6627,#8429);
#8429=VECTOR('',#8430,1.);
#8430=DIRECTION('',(0.22360681391,-0.387297604389,-0.894427503159));
#8431=ORIENTED_EDGE('',*,*,#8432,.T.);
#8432=EDGE_CURVE('',#8426,#6643,#8433,.T.);
#8433=LINE('',#8427,#8434);
#8434=VECTOR('',#8435,1.);
#8435=DIRECTION('',(-0.616171206132,1.918341940852E-02,0.787378588199));
#8436=PLANE('',#8437);
#8437=AXIS2_PLACEMENT_3D('',#8438,#8439,#8440);
#8438=CARTESIAN_POINT('',(-0.474988548155,6.174893635401,-2.786601756816));
#8439=DIRECTION('',(-0.54542311718,0.710808977289,-0.444144369604));
#8440=DIRECTION('',(0.793353229458,0.608761573449,2.594313652793E-13));
#8441=ADVANCED_FACE('',(#8442),#8451,.T.);
#8442=FACE_BOUND('',#8443,.T.);
#8443=EDGE_LOOP('',(#8444,#8449,#8450));
#8444=ORIENTED_EDGE('',*,*,#8445,.T.);
#8445=EDGE_CURVE('',#8426,#7555,#8446,.T.);
#8446=LINE('',#8427,#8447);
#8447=VECTOR('',#8448,1.);
#8448=DIRECTION('',(-0.793352631685,-0.608762352481,0.));
#8449=ORIENTED_EDGE('',*,*,#7554,.F.);
#8450=ORIENTED_EDGE('',*,*,#8432,.F.);
#8451=PLANE('',#8452);
#8452=AXIS2_PLACEMENT_3D('',#8453,#8454,#8455);
#8453=CARTESIAN_POINT('',(-0.516683796316,6.098717806182,-2.857310440824));
#8454=DIRECTION('',(-0.545423686002,0.710808273391,-0.444144797592));
#8455=DIRECTION('',(0.793352631685,0.608762352481,-4.460043445675E-13));
#8456=ADVANCED_FACE('',(#8457),#8462,.T.);
#8457=FACE_BOUND('',#8458,.T.);
#8458=EDGE_LOOP('',(#8459,#8460,#8461));
#8459=ORIENTED_EDGE('',*,*,#7615,.F.);
#8460=ORIENTED_EDGE('',*,*,#7574,.F.);
#8461=ORIENTED_EDGE('',*,*,#7625,.F.);
#8462=PLANE('',#8463);
#8463=AXIS2_PLACEMENT_3D('',#8464,#55,#199);
#8464=CARTESIAN_POINT('',(-0.593502801011,5.582965842927,-3.));
#8465=ADVANCED_FACE('',(#8466),#8471,.T.);
#8466=FACE_BOUND('',#8467,.T.);
#8467=EDGE_LOOP('',(#8468,#8469,#8470));
#8468=ORIENTED_EDGE('',*,*,#7602,.F.);
#8469=ORIENTED_EDGE('',*,*,#7589,.F.);
#8470=ORIENTED_EDGE('',*,*,#7612,.F.);
#8471=PLANE('',#8472);
#8472=AXIS2_PLACEMENT_3D('',#8473,#55,#199);
#8473=CARTESIAN_POINT('',(-0.676222867132,5.589842998389,-3.));
#8474=ADVANCED_FACE('',(#8475),#8482,.T.);
#8475=FACE_BOUND('',#8476,.T.);
#8476=EDGE_LOOP('',(#8477,#8478,#8479));
#8477=ORIENTED_EDGE('',*,*,#7628,.F.);
#8478=ORIENTED_EDGE('',*,*,#8445,.F.);
#8479=ORIENTED_EDGE('',*,*,#8480,.T.);
#8480=EDGE_CURVE('',#8426,#6729,#8481,.T.);
#8481=LINE('',#8427,#7955);
#8482=PLANE('',#8483);
#8483=AXIS2_PLACEMENT_3D('',#8484,#55,#199);
#8484=CARTESIAN_POINT('',(-0.470125144843,5.573659465077,-3.));
#8485=ADVANCED_FACE('',(#8486),#8499,.T.);
#8486=FACE_BOUND('',#8487,.T.);
#8487=EDGE_LOOP('',(#8488,#8493,#8494));
#8488=ORIENTED_EDGE('',*,*,#8489,.T.);
#8489=EDGE_CURVE('',#8490,#6750,#8492,.T.);
#8490=VERTEX_POINT('',#8491);
#8491=CARTESIAN_POINT('',(-0.449999988079,4.72057723999,-2.64999999851));
#8492=LINE('',#8491,#4792);
#8493=ORIENTED_EDGE('',*,*,#7637,.F.);
#8494=ORIENTED_EDGE('',*,*,#8495,.T.);
#8495=EDGE_CURVE('',#6729,#8490,#8496,.T.);
#8496=LINE('',#6730,#8497);
#8497=VECTOR('',#8498,1.);
#8498=DIRECTION('',(0.140946199185,-0.60014082864,0.787378660325));
#8499=PLANE('',#8500);
#8500=AXIS2_PLACEMENT_3D('',#8501,#6519,#6520);
#8501=CARTESIAN_POINT('',(-0.528961100935,4.866521069242,-2.786601758808));
#8502=ADVANCED_FACE('',(#8503),#8510,.T.);
#8503=FACE_BOUND('',#8504,.T.);
#8504=EDGE_LOOP('',(#8505,#8506,#8509));
#8505=ORIENTED_EDGE('',*,*,#8489,.F.);
#8506=ORIENTED_EDGE('',*,*,#8507,.T.);
#8507=EDGE_CURVE('',#8490,#6776,#8508,.T.);
#8508=LINE('',#8491,#82);
#8509=ORIENTED_EDGE('',*,*,#7652,.F.);
#8510=PLANE('',#8511);
#8511=AXIS2_PLACEMENT_3D('',#8512,#5688,#4793);
#8512=CARTESIAN_POINT('',(-0.498660694212,4.757915927135,-1.381138065859));
#8513=ADVANCED_FACE('',(#8514),#8527,.T.);
#8514=FACE_BOUND('',#8515,.T.);
#8515=EDGE_LOOP('',(#8516,#8517,#8522));
#8516=ORIENTED_EDGE('',*,*,#7665,.F.);
#8517=ORIENTED_EDGE('',*,*,#8518,.T.);
#8518=EDGE_CURVE('',#6776,#8519,#8521,.T.);
#8519=VERTEX_POINT('',#8520);
#8520=CARTESIAN_POINT('',(-0.232937142253,4.630666732788,9.6858000731E-08));
#8521=LINE('',#6777,#4365);
#8522=ORIENTED_EDGE('',*,*,#8523,.T.);
#8523=EDGE_CURVE('',#8519,#6792,#8524,.T.);
#8524=LINE('',#8520,#8525);
#8525=VECTOR('',#8526,1.);
#8526=DIRECTION('',(-5.862265505572E-02,-0.998280213324,0.));
#8527=PLANE('',#8528);
#8528=AXIS2_PLACEMENT_3D('',#8529,#55,#199);
#8529=CARTESIAN_POINT('',(-0.377184690635,3.167408962142,9.6858000731E-08));
#8530=ADVANCED_FACE('',(#8531),#8543,.T.);
#8531=FACE_BOUND('',#8532,.T.);
#8532=EDGE_LOOP('',(#8533,#8539,#8542));
#8533=ORIENTED_EDGE('',*,*,#8534,.T.);
#8534=EDGE_CURVE('',#6792,#8535,#8537,.T.);
#8535=VERTEX_POINT('',#8536);
#8536=CARTESIAN_POINT('',(-1.7763568394E-15,1.600000023842,9.6858000731E-08));
#8537=LINE('',#6793,#8538);
#8538=VECTOR('',#7691,1.);
#8539=ORIENTED_EDGE('',*,*,#8540,.T.);
#8540=EDGE_CURVE('',#8535,#7677,#8541,.T.);
#8541=LINE('',#8536,#4380);
#8542=ORIENTED_EDGE('',*,*,#7683,.F.);
#8543=PLANE('',#8544);
#8544=AXIS2_PLACEMENT_3D('',#8545,#7690,#7691);
#8545=CARTESIAN_POINT('',(-0.111636400146,1.585302807429,-1.228757744072));
#8546=ADVANCED_FACE('',(#8547),#8556,.T.);
#8547=FACE_BOUND('',#8548,.T.);
#8548=EDGE_LOOP('',(#8549,#8550,#8555));
#8549=ORIENTED_EDGE('',*,*,#7676,.F.);
#8550=ORIENTED_EDGE('',*,*,#8551,.T.);
#8551=EDGE_CURVE('',#7677,#7697,#8552,.T.);
#8552=LINE('',#7678,#8553);
#8553=VECTOR('',#8554,1.);
#8554=DIRECTION('',(-2.269745318273E-15,-0.447213740204,-0.894427118648));
#8555=ORIENTED_EDGE('',*,*,#7704,.F.);
#8556=PLANE('',#8557);
#8557=AXIS2_PLACEMENT_3D('',#8558,#8559,#8560);
#8558=CARTESIAN_POINT('',(-0.147672643961,1.519844378654,-2.771428280383));
#8559=DIRECTION('',(-0.116945620617,0.888289845601,-0.444145102439));
#8560=DIRECTION('',(7.464168172433E-14,0.447213740204,0.894427118648));
#8561=ADVANCED_FACE('',(#8562),#8571,.T.);
#8562=FACE_BOUND('',#8563,.T.);
#8563=EDGE_LOOP('',(#8564,#8565,#8566));
#8564=ORIENTED_EDGE('',*,*,#7719,.F.);
#8565=ORIENTED_EDGE('',*,*,#7696,.F.);
#8566=ORIENTED_EDGE('',*,*,#8567,.T.);
#8567=EDGE_CURVE('',#7697,#6836,#8568,.T.);
#8568=LINE('',#7698,#8569);
#8569=VECTOR('',#8570,1.);
#8570=DIRECTION('',(-0.130526196635,-0.991444860793,0.));
#8571=PLANE('',#8572);
#8572=AXIS2_PLACEMENT_3D('',#8573,#55,#199);
#8573=CARTESIAN_POINT('',(-0.26972170069,9.909542662616E-02,-3.));
#8574=ADVANCED_FACE('',(#8575),#8590,.T.);
#8575=FACE_BOUND('',#8576,.T.);
#8576=EDGE_LOOP('',(#8577,#8584,#8589));
#8577=ORIENTED_EDGE('',*,*,#8578,.T.);
#8578=EDGE_CURVE('',#6836,#8579,#8581,.T.);
#8579=VERTEX_POINT('',#8580);
#8580=CARTESIAN_POINT('',(-4.440892098501E-15,-1.424999952316,-3.));
#8581=LINE('',#6837,#8582);
#8582=VECTOR('',#8583,1.);
#8583=DIRECTION('',(0.991444891453,-0.130525963748,0.));
#8584=ORIENTED_EDGE('',*,*,#8585,.T.);
#8585=EDGE_CURVE('',#8579,#7729,#8586,.T.);
#8586=LINE('',#8580,#8587);
#8587=VECTOR('',#8588,1.);
#8588=DIRECTION('',(2.269745318273E-15,-0.447213740204,0.894427118648));
#8589=ORIENTED_EDGE('',*,*,#7734,.F.);
#8590=PLANE('',#8591);
#8591=AXIS2_PLACEMENT_3D('',#8592,#8593,#8594);
#8592=CARTESIAN_POINT('',(-0.129688803311,-1.470743567436,-2.874365171653));
#8593=DIRECTION('',(-0.116945371954,-0.888289871791,-0.444145115534));
#8594=DIRECTION('',(-7.574496585505E-14,0.447213740204,-0.894427118648));
#8595=ADVANCED_FACE('',(#8596),#8609,.T.);
#8596=FACE_BOUND('',#8597,.T.);
#8597=EDGE_LOOP('',(#8598,#8603,#8604));
#8598=ORIENTED_EDGE('',*,*,#8599,.T.);
#8599=EDGE_CURVE('',#8600,#6857,#8602,.T.);
#8600=VERTEX_POINT('',#8601);
#8601=CARTESIAN_POINT('',(0.414110481739,-1.545481324196,9.6858000731E-08));
#8602=LINE('',#8601,#7680);
#8603=ORIENTED_EDGE('',*,*,#7748,.F.);
#8604=ORIENTED_EDGE('',*,*,#8605,.T.);
#8605=EDGE_CURVE('',#7729,#8600,#8606,.T.);
#8606=LINE('',#7730,#8607);
#8607=VECTOR('',#8608,1.);
#8608=DIRECTION('',(0.154362452573,2.032221003702E-02,0.987805264723));
#8609=PLANE('',#8610);
#8610=AXIS2_PLACEMENT_3D('',#8611,#2768,#2991);
#8611=CARTESIAN_POINT('',(0.111636400146,-1.585302807429,-1.228757744072));
#8612=ADVANCED_FACE('',(#8613),#8624,.T.);
#8613=FACE_BOUND('',#8614,.T.);
#8614=EDGE_LOOP('',(#8615,#8620,#8621));
#8615=ORIENTED_EDGE('',*,*,#8616,.T.);
#8616=EDGE_CURVE('',#8617,#6875,#8619,.T.);
#8617=VERTEX_POINT('',#8618);
#8618=CARTESIAN_POINT('',(-1.7763568394E-15,-4.599999904633,9.6858000731E-08));
#8619=LINE('',#8618,#4806);
#8620=ORIENTED_EDGE('',*,*,#7762,.F.);
#8621=ORIENTED_EDGE('',*,*,#8622,.T.);
#8622=EDGE_CURVE('',#6857,#8617,#8623,.T.);
#8623=LINE('',#6858,#345);
#8624=PLANE('',#8625);
#8625=AXIS2_PLACEMENT_3D('',#8626,#55,#199);
#8626=CARTESIAN_POINT('',(-6.078241530526E-02,-3.164168811403,9.6858000731E-08));
#8627=ADVANCED_FACE('',(#8628),#8641,.T.);
#8628=FACE_BOUND('',#8629,.T.);
#8629=EDGE_LOOP('',(#8630,#8635,#8636));
#8630=ORIENTED_EDGE('',*,*,#8631,.T.);
#8631=EDGE_CURVE('',#8632,#7775,#8634,.T.);
#8632=VERTEX_POINT('',#8633);
#8633=CARTESIAN_POINT('',(-3.552713678801E-15,-4.599999904633,-2.64999999851));
#8634=LINE('',#8633,#4806);
#8635=ORIENTED_EDGE('',*,*,#7774,.F.);
#8636=ORIENTED_EDGE('',*,*,#8637,.T.);
#8637=EDGE_CURVE('',#6875,#8632,#8638,.T.);
#8638=LINE('',#6876,#8639);
#8639=VECTOR('',#8640,1.);
#8640=DIRECTION('',(8.755735776054E-02,1.152717174351E-02,-0.996092783537));
#8641=PLANE('',#8642);
#8642=AXIS2_PLACEMENT_3D('',#8643,#5487,#3871);
#8643=CARTESIAN_POINT('',(-0.172126404276,-4.622660828562,-1.381138055457));
#8644=ADVANCED_FACE('',(#8645),#8652,.T.);
#8645=FACE_BOUND('',#8646,.T.);
#8646=EDGE_LOOP('',(#8647,#8650,#8651));
#8647=ORIENTED_EDGE('',*,*,#8648,.T.);
#8648=EDGE_CURVE('',#7775,#7790,#8649,.T.);
#8649=LINE('',#7776,#5460);
#8650=ORIENTED_EDGE('',*,*,#7789,.F.);
#8651=ORIENTED_EDGE('',*,*,#7779,.F.);
#8652=PLANE('',#8653);
#8653=AXIS2_PLACEMENT_3D('',#8654,#6272,#4294);
#8654=CARTESIAN_POINT('',(-0.393333405096,-4.697105138175,-1.381138061158));
#8655=ADVANCED_FACE('',(#8656),#8663,.T.);
#8656=FACE_BOUND('',#8657,.T.);
#8657=EDGE_LOOP('',(#8658,#8661,#8662));
#8658=ORIENTED_EDGE('',*,*,#8659,.T.);
#8659=EDGE_CURVE('',#7790,#7804,#8660,.T.);
#8660=LINE('',#7791,#5804);
#8661=ORIENTED_EDGE('',*,*,#7803,.F.);
#8662=ORIENTED_EDGE('',*,*,#7794,.F.);
#8663=PLANE('',#8664);
#8664=AXIS2_PLACEMENT_3D('',#8665,#6637,#3818);
#8665=CARTESIAN_POINT('',(-0.587735403925,-4.826265381611,-1.381138065859));
#8666=ADVANCED_FACE('',(#8667),#8676,.T.);
#8667=FACE_BOUND('',#8668,.T.);
#8668=EDGE_LOOP('',(#8669,#8670,#8673));
#8669=ORIENTED_EDGE('',*,*,#7808,.F.);
#8670=ORIENTED_EDGE('',*,*,#8671,.T.);
#8671=EDGE_CURVE('',#7804,#7866,#8672,.T.);
#8672=LINE('',#7805,#7558);
#8673=ORIENTED_EDGE('',*,*,#8674,.T.);
#8674=EDGE_CURVE('',#7866,#6903,#8675,.T.);
#8675=LINE('',#7867,#7563);
#8676=PLANE('',#8677);
#8677=AXIS2_PLACEMENT_3D('',#8678,#7568,#7569);
#8678=CARTESIAN_POINT('',(-0.633479019484,-4.971039012876,-2.786601766906));
#8679=ADVANCED_FACE('',(#8680),#8687,.T.);
#8680=FACE_BOUND('',#8681,.T.);
#8681=EDGE_LOOP('',(#8682,#8685,#8686));
#8682=ORIENTED_EDGE('',*,*,#8683,.T.);
#8683=EDGE_CURVE('',#7866,#6929,#8684,.T.);
#8684=LINE('',#7867,#7576);
#8685=ORIENTED_EDGE('',*,*,#7819,.F.);
#8686=ORIENTED_EDGE('',*,*,#8674,.F.);
#8687=PLANE('',#8688);
#8688=AXIS2_PLACEMENT_3D('',#8689,#7583,#7584);
#8689=CARTESIAN_POINT('',(-0.6540378141,-5.055410636285,-2.857310400297));
#8690=ADVANCED_FACE('',(#8691),#8696,.T.);
#8691=FACE_BOUND('',#8692,.T.);
#8692=EDGE_LOOP('',(#8693,#8694,#8695));
#8693=ORIENTED_EDGE('',*,*,#7855,.F.);
#8694=ORIENTED_EDGE('',*,*,#8683,.F.);
#8695=ORIENTED_EDGE('',*,*,#7865,.F.);
#8696=PLANE('',#8697);
#8697=AXIS2_PLACEMENT_3D('',#8698,#55,#199);
#8698=CARTESIAN_POINT('',(-0.593502801011,-5.417034157073,-3.));
#8699=ADVANCED_FACE('',(#8700),#8715,.T.);
#8700=FACE_BOUND('',#8701,.T.);
#8701=EDGE_LOOP('',(#8702,#8709,#8714));
#8702=ORIENTED_EDGE('',*,*,#8703,.T.);
#8703=EDGE_CURVE('',#7880,#8704,#8706,.T.);
#8704=VERTEX_POINT('',#8705);
#8705=CARTESIAN_POINT('',(5.320444583893,0.155291423202,9.6858000731E-08));
#8706=LINE('',#7881,#8707);
#8707=VECTOR('',#8708,1.);
#8708=DIRECTION('',(-0.382683857941,-0.923879356232,0.));
#8709=ORIENTED_EDGE('',*,*,#8710,.T.);
#8710=EDGE_CURVE('',#8704,#2622,#8711,.T.);
#8711=LINE('',#8705,#8712);
#8712=VECTOR('',#8713,1.);
#8713=DIRECTION('',(-4.745698427528E-02,0.998873282576,0.));
#8714=ORIENTED_EDGE('',*,*,#7886,.F.);
#8715=PLANE('',#8716);
#8716=AXIS2_PLACEMENT_3D('',#8717,#55,#199);
#8717=CARTESIAN_POINT('',(5.177080514344,3.524794179533,9.6858000731E-08));
#8718=ADVANCED_FACE('',(#8719),#8728,.T.);
#8719=FACE_BOUND('',#8720,.T.);
#8720=EDGE_LOOP('',(#8721,#8722,#8723));
#8721=ORIENTED_EDGE('',*,*,#7911,.F.);
#8722=ORIENTED_EDGE('',*,*,#7898,.F.);
#8723=ORIENTED_EDGE('',*,*,#8724,.T.);
#8724=EDGE_CURVE('',#7452,#7912,#8725,.T.);
#8725=LINE('',#7453,#8726);
#8726=VECTOR('',#8727,1.);
#8727=DIRECTION('',(-0.398014553702,0.597022408815,0.696526136203));
#8728=PLANE('',#8729);
#8729=AXIS2_PLACEMENT_3D('',#8730,#8731,#7901);
#8730=CARTESIAN_POINT('',(5.939620927198,0.275784899448,-2.794917621232));
#8731=DIRECTION('',(3.951652900397E-16,0.759256598943,-0.650791377449));
#8732=ADVANCED_FACE('',(#8733),#8742,.T.);
#8733=FACE_BOUND('',#8734,.T.);
#8734=EDGE_LOOP('',(#8735,#8736,#8741));
#8735=ORIENTED_EDGE('',*,*,#7916,.F.);
#8736=ORIENTED_EDGE('',*,*,#8737,.T.);
#8737=EDGE_CURVE('',#7912,#8369,#8738,.T.);
#8738=LINE('',#7913,#8739);
#8739=VECTOR('',#8740,1.);
#8740=DIRECTION('',(0.,-0.650791377449,-0.759256598943));
#8741=ORIENTED_EDGE('',*,*,#8368,.F.);
#8742=PLANE('',#8743);
#8743=AXIS2_PLACEMENT_3D('',#8744,#199,#55);
#8744=CARTESIAN_POINT('',(5.800000190735,0.314888006773,-1.52400358635));
#8745=ADVANCED_FACE('',(#8746),#8759,.T.);
#8746=FACE_BOUND('',#8747,.T.);
#8747=EDGE_LOOP('',(#8748,#8753,#8754));
#8748=ORIENTED_EDGE('',*,*,#8749,.T.);
#8749=EDGE_CURVE('',#8750,#6188,#8752,.T.);
#8750=VERTEX_POINT('',#8751);
#8751=CARTESIAN_POINT('',(0.512652397156,4.987347602844,-3.));
#8752=LINE('',#8751,#189);
#8753=ORIENTED_EDGE('',*,*,#7933,.F.);
#8754=ORIENTED_EDGE('',*,*,#8755,.T.);
#8755=EDGE_CURVE('',#7927,#8750,#8756,.T.);
#8756=LINE('',#7928,#8757);
#8757=VECTOR('',#8758,1.);
#8758=DIRECTION('',(-0.130526184206,-0.991444862429,0.));
#8759=PLANE('',#8760);
#8760=AXIS2_PLACEMENT_3D('',#8761,#55,#199);
#8761=CARTESIAN_POINT('',(0.542097262595,5.507889739716,-3.));
#8762=ADVANCED_FACE('',(#8763),#8772,.T.);
#8763=FACE_BOUND('',#8764,.T.);
#8764=EDGE_LOOP('',(#8765,#8766,#8767));
#8765=ORIENTED_EDGE('',*,*,#7926,.F.);
#8766=ORIENTED_EDGE('',*,*,#7986,.F.);
#8767=ORIENTED_EDGE('',*,*,#8768,.T.);
#8768=EDGE_CURVE('',#7982,#7927,#8769,.T.);
#8769=LINE('',#7983,#8770);
#8770=VECTOR('',#8771,1.);
#8771=DIRECTION('',(-0.543212125875,0.291471461848,-0.787378545066));
#8772=PLANE('',#8773);
#8773=AXIS2_PLACEMENT_3D('',#8774,#8775,#8776);
#8774=CARTESIAN_POINT('',(0.748798939738,5.846980839712,-2.786601812147));
#8775=DIRECTION('',(0.827754311656,0.342867701604,-0.444144727236));
#8776=DIRECTION('',(0.472804378432,1.154909501366E-13,0.881167418676));
#8777=ADVANCED_FACE('',(#8778),#8785,.T.);
#8778=FACE_BOUND('',#8779,.T.);
#8779=EDGE_LOOP('',(#8780,#8783,#8784));
#8780=ORIENTED_EDGE('',*,*,#8781,.T.);
#8781=EDGE_CURVE('',#8750,#7948,#8782,.T.);
#8782=LINE('',#8751,#8447);
#8783=ORIENTED_EDGE('',*,*,#7953,.F.);
#8784=ORIENTED_EDGE('',*,*,#8749,.F.);
#8785=PLANE('',#8786);
#8786=AXIS2_PLACEMENT_3D('',#8787,#55,#199);
#8787=CARTESIAN_POINT('',(0.470125144843,5.426340534923,-3.));
#8788=ADVANCED_FACE('',(#8789),#8798,.T.);
#8789=FACE_BOUND('',#8790,.T.);
#8790=EDGE_LOOP('',(#8791,#8796,#8797));
#8791=ORIENTED_EDGE('',*,*,#8792,.T.);
#8792=EDGE_CURVE('',#7948,#7965,#8793,.T.);
#8793=LINE('',#7949,#8794);
#8794=VECTOR('',#8795,1.);
#8795=DIRECTION('',(-0.923879644984,-0.382683160832,0.));
#8796=ORIENTED_EDGE('',*,*,#7970,.F.);
#8797=ORIENTED_EDGE('',*,*,#7947,.F.);
#8798=PLANE('',#8799);
#8799=AXIS2_PLACEMENT_3D('',#8800,#55,#199);
#8800=CARTESIAN_POINT('',(0.314497933927,5.437442490848,-3.));
#8801=ADVANCED_FACE('',(#8802),#8809,.T.);
#8802=FACE_BOUND('',#8803,.T.);
#8803=EDGE_LOOP('',(#8804,#8807,#8808));
#8804=ORIENTED_EDGE('',*,*,#8805,.T.);
#8805=EDGE_CURVE('',#7965,#8046,#8806,.T.);
#8806=LINE('',#7966,#8032);
#8807=ORIENTED_EDGE('',*,*,#8051,.F.);
#8808=ORIENTED_EDGE('',*,*,#7964,.F.);
#8809=PLANE('',#8810);
#8810=AXIS2_PLACEMENT_3D('',#8811,#55,#199);
#8811=CARTESIAN_POINT('',(0.137226832968,5.449583093897,-3.));
#8812=ADVANCED_FACE('',(#8813),#8824,.T.);
#8813=FACE_BOUND('',#8814,.T.);
#8814=EDGE_LOOP('',(#8815,#8820,#8823));
#8815=ORIENTED_EDGE('',*,*,#8816,.T.);
#8816=EDGE_CURVE('',#7123,#8817,#8819,.T.);
#8817=VERTEX_POINT('',#8818);
#8818=CARTESIAN_POINT('',(0.899999976158,5.5,-2.64999999851));
#8819=LINE('',#7124,#54);
#8820=ORIENTED_EDGE('',*,*,#8821,.T.);
#8821=EDGE_CURVE('',#8817,#7982,#8822,.T.);
#8822=LINE('',#8818,#6410);
#8823=ORIENTED_EDGE('',*,*,#7998,.F.);
#8824=PLANE('',#8825);
#8825=AXIS2_PLACEMENT_3D('',#8826,#6420,#6411);
#8826=CARTESIAN_POINT('',(0.891994102799,5.560810790476,-1.381138095684));
#8827=ADVANCED_FACE('',(#8828),#8835,.T.);
#8828=FACE_BOUND('',#8829,.T.);
#8829=EDGE_LOOP('',(#8830,#8833,#8834));
#8830=ORIENTED_EDGE('',*,*,#8831,.T.);
#8831=EDGE_CURVE('',#8011,#8426,#8832,.T.);
#8832=LINE('',#8012,#8794);
#8833=ORIENTED_EDGE('',*,*,#8425,.F.);
#8834=ORIENTED_EDGE('',*,*,#8017,.F.);
#8835=PLANE('',#8836);
#8836=AXIS2_PLACEMENT_3D('',#8837,#8838,#8839);
#8837=CARTESIAN_POINT('',(-0.34411865478,6.212044686495,-2.857310425386));
#8838=DIRECTION('',(-0.342866996495,0.827754841132,-0.444144284774));
#8839=DIRECTION('',(1.252609127533E-13,0.472803777887,0.881167740907));
#8840=ADVANCED_FACE('',(#8841),#8852,.T.);
#8841=FACE_BOUND('',#8842,.T.);
#8842=EDGE_LOOP('',(#8843,#8848,#8849));
#8843=ORIENTED_EDGE('',*,*,#8844,.T.);
#8844=EDGE_CURVE('',#8845,#8011,#8847,.T.);
#8845=VERTEX_POINT('',#8846);
#8846=CARTESIAN_POINT('',(-0.187643811107,4.799703598022,-3.));
#8847=LINE('',#8846,#189);
#8848=ORIENTED_EDGE('',*,*,#8030,.F.);
#8849=ORIENTED_EDGE('',*,*,#8850,.T.);
#8850=EDGE_CURVE('',#7150,#8845,#8851,.T.);
#8851=LINE('',#7151,#8053);
#8852=PLANE('',#8853);
#8853=AXIS2_PLACEMENT_3D('',#8854,#55,#199);
#8854=CARTESIAN_POINT('',(-0.137226832968,5.550416906103,-3.));
#8855=ADVANCED_FACE('',(#8856),#8863,.T.);
#8856=FACE_BOUND('',#8857,.T.);
#8857=EDGE_LOOP('',(#8858,#8861,#8862));
#8858=ORIENTED_EDGE('',*,*,#8859,.T.);
#8859=EDGE_CURVE('',#8046,#8845,#8860,.T.);
#8860=LINE('',#8047,#7171);
#8861=ORIENTED_EDGE('',*,*,#8850,.F.);
#8862=ORIENTED_EDGE('',*,*,#8045,.F.);
#8863=PLANE('',#8864);
#8864=AXIS2_PLACEMENT_3D('',#8865,#55,#199);
#8865=CARTESIAN_POINT('',(-4.960740161632E-02,5.461934845225,-3.));
#8866=ADVANCED_FACE('',(#8867),#8880,.T.);
#8867=FACE_BOUND('',#8868,.T.);
#8868=EDGE_LOOP('',(#8869,#8870,#8875));
#8869=ORIENTED_EDGE('',*,*,#8063,.F.);
#8870=ORIENTED_EDGE('',*,*,#8871,.T.);
#8871=EDGE_CURVE('',#7425,#8632,#8872,.T.);
#8872=LINE('',#7426,#8873);
#8873=VECTOR('',#8874,1.);
#8874=DIRECTION('',(2.269745009044E-15,0.447213983916,0.894426996792));
#8875=ORIENTED_EDGE('',*,*,#8876,.T.);
#8876=EDGE_CURVE('',#8632,#7186,#8877,.T.);
#8877=LINE('',#8633,#8878);
#8878=VECTOR('',#8879,1.);
#8879=DIRECTION('',(0.422133504834,-0.449264057907,-0.787378632152));
#8880=PLANE('',#8881);
#8881=AXIS2_PLACEMENT_3D('',#8882,#7178,#7179);
#8882=CARTESIAN_POINT('',(5.800679497008E-02,-4.711291880273,-2.857310415093));
#8883=ADVANCED_FACE('',(#8884),#8899,.T.);
#8884=FACE_BOUND('',#8885,.T.);
#8885=EDGE_LOOP('',(#8886,#8887,#8894));
#8886=ORIENTED_EDGE('',*,*,#8074,.F.);
#8887=ORIENTED_EDGE('',*,*,#8888,.T.);
#8888=EDGE_CURVE('',#7186,#8889,#8891,.T.);
#8889=VERTEX_POINT('',#8890);
#8890=CARTESIAN_POINT('',(0.232937142253,-4.630666732788,-2.64999999851));
#8891=LINE('',#7187,#8892);
#8892=VECTOR('',#8893,1.);
#8893=DIRECTION('',(0.11574741067,0.431974839641,0.89442734464));
#8894=ORIENTED_EDGE('',*,*,#8895,.T.);
#8895=EDGE_CURVE('',#8889,#7203,#8896,.T.);
#8896=LINE('',#8890,#8897);
#8897=VECTOR('',#8898,1.);
#8898=DIRECTION('',(0.291471577444,-0.543211742476,-0.787378766781));
#8899=PLANE('',#8900);
#8900=AXIS2_PLACEMENT_3D('',#8901,#7091,#7092);
#8901=CARTESIAN_POINT('',(0.260162935664,-4.753179660113,-2.857310424856));
#8902=ADVANCED_FACE('',(#8903),#8918,.T.);
#8903=FACE_BOUND('',#8904,.T.);
#8904=EDGE_LOOP('',(#8905,#8906,#8913));
#8905=ORIENTED_EDGE('',*,*,#8085,.F.);
#8906=ORIENTED_EDGE('',*,*,#8907,.T.);
#8907=EDGE_CURVE('',#7203,#8908,#8910,.T.);
#8908=VERTEX_POINT('',#8909);
#8909=CARTESIAN_POINT('',(0.449999988079,-4.72057723999,-2.64999999851));
#8910=LINE('',#7204,#8911);
#8911=VECTOR('',#8912,1.);
#8912=DIRECTION('',(0.22360681391,0.387297604389,0.894427503159));
#8913=ORIENTED_EDGE('',*,*,#8914,.T.);
#8914=EDGE_CURVE('',#8908,#7220,#8915,.T.);
#8915=LINE('',#8909,#8916);
#8916=VECTOR('',#8917,1.);
#8917=DIRECTION('',(0.140946199185,-0.60014082864,-0.787378660325));
#8918=PLANE('',#8919);
#8919=AXIS2_PLACEMENT_3D('',#8920,#7076,#7077);
#8920=CARTESIAN_POINT('',(0.444589382737,-4.845962192518,-2.857310445141));
#8921=ADVANCED_FACE('',(#8922),#8933,.T.);
#8922=FACE_BOUND('',#8923,.T.);
#8923=EDGE_LOOP('',(#8924,#8927,#8928));
#8924=ORIENTED_EDGE('',*,*,#8925,.T.);
#8925=EDGE_CURVE('',#8175,#7237,#8926,.T.);
#8926=LINE('',#8176,#7930);
#8927=ORIENTED_EDGE('',*,*,#8096,.F.);
#8928=ORIENTED_EDGE('',*,*,#8929,.T.);
#8929=EDGE_CURVE('',#7220,#8175,#8930,.T.);
#8930=LINE('',#7221,#8931);
#8931=VECTOR('',#8932,1.);
#8932=DIRECTION('',(0.600140966203,-0.140946570779,0.787378488956));
#8933=PLANE('',#8934);
#8934=AXIS2_PLACEMENT_3D('',#8935,#7941,#7942);
#8935=CARTESIAN_POINT('',(0.6540378141,-5.055410636285,-2.857310400297));
#8936=ADVANCED_FACE('',(#8937),#8942,.T.);
#8937=FACE_BOUND('',#8938,.T.);
#8938=EDGE_LOOP('',(#8939,#8940,#8941));
#8939=ORIENTED_EDGE('',*,*,#8925,.F.);
#8940=ORIENTED_EDGE('',*,*,#8174,.F.);
#8941=ORIENTED_EDGE('',*,*,#8141,.F.);
#8942=PLANE('',#8943);
#8943=AXIS2_PLACEMENT_3D('',#8944,#8775,#8945);
#8944=CARTESIAN_POINT('',(0.748798939738,-5.153019160288,-2.786601812147));
#8945=DIRECTION('',(0.472804378432,1.155464612879E-13,0.881167418676));
#8946=ADVANCED_FACE('',(#8947),#8960,.T.);
#8947=FACE_BOUND('',#8948,.T.);
#8948=EDGE_LOOP('',(#8949,#8954,#8959));
#8949=ORIENTED_EDGE('',*,*,#8950,.T.);
#8950=EDGE_CURVE('',#7310,#8951,#8953,.T.);
#8951=VERTEX_POINT('',#8952);
#8952=CARTESIAN_POINT('',(0.779422879219,-5.050000190735,9.6858000731E-08));
#8953=LINE('',#7311,#6249);
#8954=ORIENTED_EDGE('',*,*,#8955,.T.);
#8955=EDGE_CURVE('',#8951,#8156,#8956,.T.);
#8956=LINE('',#8952,#8957);
#8957=VECTOR('',#8958,1.);
#8958=DIRECTION('',(5.615390052058E-03,0.999984233573,0.));
#8959=ORIENTED_EDGE('',*,*,#8155,.F.);
#8960=PLANE('',#8961);
#8961=AXIS2_PLACEMENT_3D('',#8962,#55,#199);
#8962=CARTESIAN_POINT('',(0.813185705184,-3.330561809755,9.6858000731E-08));
#8963=ADVANCED_FACE('',(#8964),#8972,.T.);
#8964=FACE_BOUND('',#8965,.T.);
#8965=EDGE_LOOP('',(#8966,#8970,#8971));
#8966=ORIENTED_EDGE('',*,*,#8967,.T.);
#8967=EDGE_CURVE('',#8156,#8238,#8968,.T.);
#8968=LINE('',#8157,#8969);
#8969=VECTOR('',#4578,1.);
#8970=ORIENTED_EDGE('',*,*,#8237,.F.);
#8971=ORIENTED_EDGE('',*,*,#8162,.F.);
#8972=PLANE('',#8973);
#8973=AXIS2_PLACEMENT_3D('',#8974,#55,#199);
#8974=CARTESIAN_POINT('',(0.936792962681,-3.277964607598,9.6858000731E-08));
#8975=ADVANCED_FACE('',(#8976),#8983,.T.);
#8976=FACE_BOUND('',#8977,.T.);
#8977=EDGE_LOOP('',(#8978,#8981,#8982));
#8978=ORIENTED_EDGE('',*,*,#8979,.T.);
#8979=EDGE_CURVE('',#8175,#8951,#8980,.T.);
#8980=LINE('',#8176,#82);
#8981=ORIENTED_EDGE('',*,*,#8950,.F.);
#8982=ORIENTED_EDGE('',*,*,#8179,.F.);
#8983=PLANE('',#8984);
#8984=AXIS2_PLACEMENT_3D('',#8985,#7117,#6250);
#8985=CARTESIAN_POINT('',(0.80289494827,-5.106666672498,-1.268861929336));
#8986=ADVANCED_FACE('',(#8987),#9002,.T.);
#8987=FACE_BOUND('',#8988,.T.);
#8988=EDGE_LOOP('',(#8989,#8990,#8997));
#8989=ORIENTED_EDGE('',*,*,#8195,.F.);
#8990=ORIENTED_EDGE('',*,*,#8991,.T.);
#8991=EDGE_CURVE('',#8191,#8992,#8994,.T.);
#8992=VERTEX_POINT('',#8993);
#8993=CARTESIAN_POINT('',(1.376444339752,-0.368817150593,-3.));
#8994=LINE('',#8192,#8995);
#8995=VECTOR('',#8996,1.);
#8996=DIRECTION('',(-0.431975087434,0.115747395438,-0.894427226937));
#8997=ORIENTED_EDGE('',*,*,#8998,.T.);
#8998=EDGE_CURVE('',#8992,#7325,#8999,.T.);
#8999=LINE('',#8993,#9000);
#9000=VECTOR('',#9001,1.);
#9001=DIRECTION('',(0.402490704731,0.664020132001,0.630141648284));
#9002=PLANE('',#9003);
#9003=AXIS2_PLACEMENT_3D('',#9004,#9005,#9006);
#9004=CARTESIAN_POINT('',(1.506277461369,-0.250723858352,-2.771428277901));
#9005=DIRECTION('',(0.888289950413,-0.116945634416,-0.444144889181));
#9006=DIRECTION('',(0.447213526204,-2.93029489562E-14,0.894427225648));
#9007=ADVANCED_FACE('',(#9008),#9023,.T.);
#9008=FACE_BOUND('',#9009,.T.);
#9009=EDGE_LOOP('',(#9010,#9017,#9018));
#9010=ORIENTED_EDGE('',*,*,#9011,.T.);
#9011=EDGE_CURVE('',#9012,#8207,#9014,.T.);
#9012=VERTEX_POINT('',#9013);
#9013=CARTESIAN_POINT('',(1.376444339752,0.368817150593,-3.));
#9014=LINE('',#9013,#9015);
#9015=VECTOR('',#9016,1.);
#9016=DIRECTION('',(0.431975087434,0.115747395438,0.894427226937));
#9017=ORIENTED_EDGE('',*,*,#8206,.F.);
#9018=ORIENTED_EDGE('',*,*,#9019,.T.);
#9019=EDGE_CURVE('',#7325,#9012,#9020,.T.);
#9020=LINE('',#7326,#9021);
#9021=VECTOR('',#9022,1.);
#9022=DIRECTION('',(-0.402490704731,0.664020132001,-0.630141648284));
#9023=PLANE('',#9024);
#9024=AXIS2_PLACEMENT_3D('',#9025,#9026,#9027);
#9025=CARTESIAN_POINT('',(1.506277461369,0.250723858352,-2.771428277901));
#9026=DIRECTION('',(0.888289950413,0.116945634416,-0.444144889181));
#9027=DIRECTION('',(0.447213526204,2.93029489562E-14,0.894427225648));
#9028=ADVANCED_FACE('',(#9029),#9036,.T.);
#9029=FACE_BOUND('',#9030,.T.);
#9030=EDGE_LOOP('',(#9031,#9034,#9035));
#9031=ORIENTED_EDGE('',*,*,#9032,.T.);
#9032=EDGE_CURVE('',#8207,#8257,#9033,.T.);
#9033=LINE('',#8208,#82);
#9034=ORIENTED_EDGE('',*,*,#8256,.F.);
#9035=ORIENTED_EDGE('',*,*,#8212,.F.);
#9036=PLANE('',#9037);
#9037=AXIS2_PLACEMENT_3D('',#9038,#7691,#7690);
#9038=CARTESIAN_POINT('',(1.560178540609,0.302474081593,-1.228757744072));
#9039=ADVANCED_FACE('',(#9040),#9051,.T.);
#9040=FACE_BOUND('',#9041,.T.);
#9041=EDGE_LOOP('',(#9042,#9047,#9050));
#9042=ORIENTED_EDGE('',*,*,#9043,.T.);
#9043=EDGE_CURVE('',#7343,#9044,#9046,.T.);
#9044=VERTEX_POINT('',#9045);
#9045=CARTESIAN_POINT('',(1.385640621185,-0.800000011921,-2.64999999851));
#9046=LINE('',#7344,#54);
#9047=ORIENTED_EDGE('',*,*,#9048,.T.);
#9048=EDGE_CURVE('',#9044,#8191,#9049,.T.);
#9049=LINE('',#9045,#7351);
#9050=ORIENTED_EDGE('',*,*,#8225,.F.);
#9051=PLANE('',#9052);
#9052=AXIS2_PLACEMENT_3D('',#9053,#8232,#7352);
#9053=CARTESIAN_POINT('',(1.428730669538,-0.695971449727,-1.421242157616));
#9054=ADVANCED_FACE('',(#9055),#9064,.T.);
#9055=FACE_BOUND('',#9056,.T.);
#9056=EDGE_LOOP('',(#9057,#9058,#9059));
#9057=ORIENTED_EDGE('',*,*,#9043,.F.);
#9058=ORIENTED_EDGE('',*,*,#8244,.F.);
#9059=ORIENTED_EDGE('',*,*,#9060,.T.);
#9060=EDGE_CURVE('',#8238,#9044,#9061,.T.);
#9061=LINE('',#8239,#9062);
#9062=VECTOR('',#9063,1.);
#9063=DIRECTION('',(9.478073908268E-02,0.123520716451,-0.987805266288));
#9064=PLANE('',#9065);
#9065=AXIS2_PLACEMENT_3D('',#9066,#9067,#8247);
#9066=CARTESIAN_POINT('',(1.31709428578,-0.889331373348,-1.228757749834));
#9067=DIRECTION('',(0.793353465068,-0.608761266396,0.));
#9068=ADVANCED_FACE('',(#9069),#9083,.T.);
#9069=FACE_BOUND('',#9070,.T.);
#9070=EDGE_LOOP('',(#9071,#9077,#9082));
#9071=ORIENTED_EDGE('',*,*,#9072,.T.);
#9072=EDGE_CURVE('',#8257,#9073,#9075,.T.);
#9073=VERTEX_POINT('',#9074);
#9074=CARTESIAN_POINT('',(1.385640621185,0.800000011921,9.6858000731E-08));
#9075=LINE('',#8258,#9076);
#9076=VECTOR('',#5948,1.);
#9077=ORIENTED_EDGE('',*,*,#9078,.T.);
#9078=EDGE_CURVE('',#9073,#7123,#9079,.T.);
#9079=LINE('',#9074,#9080);
#9080=VECTOR('',#9081,1.);
#9081=DIRECTION('',(-0.10278057852,0.994704052811,0.));
#9082=ORIENTED_EDGE('',*,*,#8261,.F.);
#9083=PLANE('',#9084);
#9084=AXIS2_PLACEMENT_3D('',#9085,#55,#199);
#9085=CARTESIAN_POINT('',(1.195844865507,2.950249732273,9.6858000731E-08));
#9086=ADVANCED_FACE('',(#9087),#9102,.T.);
#9087=FACE_BOUND('',#9088,.T.);
#9088=EDGE_LOOP('',(#9089,#9096,#9097));
#9089=ORIENTED_EDGE('',*,*,#9090,.T.);
#9090=EDGE_CURVE('',#9091,#8274,#9093,.T.);
#9091=VERTEX_POINT('',#9092);
#9092=CARTESIAN_POINT('',(3.280384778976,-4.699999809265,9.6858000731E-08));
#9093=LINE('',#9092,#9094);
#9094=VECTOR('',#9095,1.);
#9095=DIRECTION('',(-0.382683757035,-0.923879398029,0.));
#9096=ORIENTED_EDGE('',*,*,#8281,.F.);
#9097=ORIENTED_EDGE('',*,*,#9098,.T.);
#9098=EDGE_CURVE('',#3070,#9091,#9099,.T.);
#9099=LINE('',#3071,#9100);
#9100=VECTOR('',#9101,1.);
#9101=DIRECTION('',(0.109711696985,-0.993963451815,0.));
#9102=PLANE('',#9103);
#9103=AXIS2_PLACEMENT_3D('',#9104,#55,#199);
#9104=CARTESIAN_POINT('',(2.629263433554,1.024935635995,9.6858000731E-08));
#9105=ADVANCED_FACE('',(#9106),#9113,.T.);
#9106=FACE_BOUND('',#9107,.T.);
#9107=EDGE_LOOP('',(#9108,#9109,#9110));
#9108=ORIENTED_EDGE('',*,*,#8293,.F.);
#9109=ORIENTED_EDGE('',*,*,#8273,.F.);
#9110=ORIENTED_EDGE('',*,*,#9111,.T.);
#9111=EDGE_CURVE('',#8274,#8294,#9112,.T.);
#9112=LINE('',#8275,#345);
#9113=PLANE('',#9114);
#9114=AXIS2_PLACEMENT_3D('',#9115,#55,#199);
#9115=CARTESIAN_POINT('',(3.215311385825,-5.,9.6858000731E-08));
#9116=ADVANCED_FACE('',(#9117),#9132,.T.);
#9117=FACE_BOUND('',#9118,.T.);
#9118=EDGE_LOOP('',(#9119,#9120,#9127));
#9119=ORIENTED_EDGE('',*,*,#8300,.F.);
#9120=ORIENTED_EDGE('',*,*,#9121,.T.);
#9121=EDGE_CURVE('',#8294,#9122,#9124,.T.);
#9122=VERTEX_POINT('',#9123);
#9123=CARTESIAN_POINT('',(3.280384778976,-5.300000190735,9.6858000731E-08));
#9124=LINE('',#8295,#9125);
#9125=VECTOR('',#9126,1.);
#9126=DIRECTION('',(0.382683757035,-0.923879398029,0.));
#9127=ORIENTED_EDGE('',*,*,#9128,.T.);
#9128=EDGE_CURVE('',#9122,#2846,#9129,.T.);
#9129=LINE('',#9123,#9130);
#9130=VECTOR('',#9131,1.);
#9131=DIRECTION('',(-0.624809555408,-0.780777189389,0.));
#9132=PLANE('',#9133);
#9133=AXIS2_PLACEMENT_3D('',#9134,#55,#199);
#9134=CARTESIAN_POINT('',(2.64752042311,-6.032943583771,9.6858000731E-08));
#9135=ADVANCED_FACE('',(#9136),#9145,.T.);
#9136=FACE_BOUND('',#9137,.T.);
#9137=EDGE_LOOP('',(#9138,#9139,#9140));
#9138=ORIENTED_EDGE('',*,*,#8312,.F.);
#9139=ORIENTED_EDGE('',*,*,#8671,.F.);
#9140=ORIENTED_EDGE('',*,*,#9141,.T.);
#9141=EDGE_CURVE('',#7804,#7395,#9142,.T.);
#9142=LINE('',#7805,#9143);
#9143=VECTOR('',#9144,1.);
#9144=DIRECTION('',(0.616171206132,-1.918341940852E-02,-0.787378588199));
#9145=PLANE('',#9146);
#9146=AXIS2_PLACEMENT_3D('',#9147,#8454,#8455);
#9147=CARTESIAN_POINT('',(-0.516683796316,-4.901282193818,-2.857310440824));
#9148=ADVANCED_FACE('',(#9149),#9162,.T.);
#9149=FACE_BOUND('',#9150,.T.);
#9150=EDGE_LOOP('',(#9151,#9152,#9157));
#9151=ORIENTED_EDGE('',*,*,#8323,.F.);
#9152=ORIENTED_EDGE('',*,*,#9153,.T.);
#9153=EDGE_CURVE('',#7395,#7790,#9154,.T.);
#9154=LINE('',#7396,#9155);
#9155=VECTOR('',#9156,1.);
#9156=DIRECTION('',(-0.22360681391,0.387297604389,0.894427503159));
#9157=ORIENTED_EDGE('',*,*,#9158,.T.);
#9158=EDGE_CURVE('',#7790,#7410,#9159,.T.);
#9159=LINE('',#7791,#9160);
#9160=VECTOR('',#9161,1.);
#9161=DIRECTION('',(0.59021045083,-0.178006875941,-0.787378673732));
#9162=PLANE('',#9163);
#9163=AXIS2_PLACEMENT_3D('',#9164,#8838,#9165);
#9164=CARTESIAN_POINT('',(-0.34411865478,-4.787955313505,-2.857310425386));
#9165=DIRECTION('',(1.252331571777E-13,0.472803777887,0.881167740907));
#9166=ADVANCED_FACE('',(#9167),#9180,.T.);
#9167=FACE_BOUND('',#9168,.T.);
#9168=EDGE_LOOP('',(#9169,#9170,#9175));
#9169=ORIENTED_EDGE('',*,*,#8334,.F.);
#9170=ORIENTED_EDGE('',*,*,#9171,.T.);
#9171=EDGE_CURVE('',#7410,#7775,#9172,.T.);
#9172=LINE('',#7411,#9173);
#9173=VECTOR('',#9174,1.);
#9174=DIRECTION('',(-0.11574741067,0.431974839641,0.89442734464));
#9175=ORIENTED_EDGE('',*,*,#9176,.T.);
#9176=EDGE_CURVE('',#7775,#7425,#9177,.T.);
#9177=LINE('',#7776,#9178);
#9178=VECTOR('',#9179,1.);
#9179=DIRECTION('',(0.524027704753,-0.324699959741,-0.787378499069));
#9180=PLANE('',#9181);
#9181=AXIS2_PLACEMENT_3D('',#9182,#8039,#8040);
#9182=CARTESIAN_POINT('',(-0.148102394851,-4.723153228525,-2.857310417521));
#9183=ADVANCED_FACE('',(#9184),#9191,.T.);
#9184=FACE_BOUND('',#9185,.T.);
#9185=EDGE_LOOP('',(#9186,#9187,#9190));
#9186=ORIENTED_EDGE('',*,*,#8375,.F.);
#9187=ORIENTED_EDGE('',*,*,#9188,.T.);
#9188=EDGE_CURVE('',#8369,#7452,#9189,.T.);
#9189=LINE('',#8370,#34);
#9190=ORIENTED_EDGE('',*,*,#8357,.F.);
#9191=PLANE('',#9192);
#9192=AXIS2_PLACEMENT_3D('',#9193,#55,#199);
#9193=CARTESIAN_POINT('',(5.870710787234,2.928930813332E-02,-3.));
#9194=ADVANCED_FACE('',(#9195),#9202,.T.);
#9195=FACE_BOUND('',#9196,.T.);
#9196=EDGE_LOOP('',(#9197,#9200,#9201));
#9197=ORIENTED_EDGE('',*,*,#9198,.T.);
#9198=EDGE_CURVE('',#7524,#8704,#9199,.T.);
#9199=LINE('',#7525,#189);
#9200=ORIENTED_EDGE('',*,*,#8703,.F.);
#9201=ORIENTED_EDGE('',*,*,#8397,.F.);
#9202=PLANE('',#9203);
#9203=AXIS2_PLACEMENT_3D('',#9204,#55,#199);
#9204=CARTESIAN_POINT('',(5.34036739311,7.4352840899E-02,9.6858000731E-08));
#9205=ADVANCED_FACE('',(#9206),#9213,.T.);
#9206=FACE_BOUND('',#9207,.T.);
#9207=EDGE_LOOP('',(#9208,#9209,#9212));
#9208=ORIENTED_EDGE('',*,*,#8414,.F.);
#9209=ORIENTED_EDGE('',*,*,#9210,.T.);
#9210=EDGE_CURVE('',#8408,#8704,#9211,.T.);
#9211=LINE('',#8409,#2683);
#9212=ORIENTED_EDGE('',*,*,#9198,.F.);
#9213=PLANE('',#9214);
#9214=AXIS2_PLACEMENT_3D('',#9215,#55,#199);
#9215=CARTESIAN_POINT('',(5.315311528839,0.,9.6858000731E-08));
#9216=ADVANCED_FACE('',(#9217),#9228,.T.);
#9217=FACE_BOUND('',#9218,.T.);
#9218=EDGE_LOOP('',(#9219,#9220,#9223));
#9219=ORIENTED_EDGE('',*,*,#8407,.F.);
#9220=ORIENTED_EDGE('',*,*,#9221,.T.);
#9221=EDGE_CURVE('',#2177,#2622,#9222,.T.);
#9222=LINE('',#2178,#189);
#9223=ORIENTED_EDGE('',*,*,#9224,.T.);
#9224=EDGE_CURVE('',#2622,#8408,#9225,.T.);
#9225=LINE('',#2623,#9226);
#9226=VECTOR('',#9227,1.);
#9227=DIRECTION('',(4.343725124159E-02,-0.999056157183,0.));
#9228=PLANE('',#9229);
#9229=AXIS2_PLACEMENT_3D('',#9230,#55,#199);
#9230=CARTESIAN_POINT('',(5.075035458523,-2.573214664115E-16,9.6858000731E-08));
#9231=ADVANCED_FACE('',(#9232),#9243,.T.);
#9232=FACE_BOUND('',#9233,.T.);
#9233=EDGE_LOOP('',(#9234,#9239,#9240));
#9234=ORIENTED_EDGE('',*,*,#9235,.T.);
#9235=EDGE_CURVE('',#9236,#6729,#9238,.T.);
#9236=VERTEX_POINT('',#9237);
#9237=CARTESIAN_POINT('',(-0.362500011921,4.872131347656,-3.));
#9238=LINE('',#9237,#7069);
#9239=ORIENTED_EDGE('',*,*,#8480,.F.);
#9240=ORIENTED_EDGE('',*,*,#9241,.T.);
#9241=EDGE_CURVE('',#8426,#9236,#9242,.T.);
#9242=LINE('',#8427,#345);
#9243=PLANE('',#9244);
#9244=AXIS2_PLACEMENT_3D('',#9245,#55,#199);
#9245=CARTESIAN_POINT('',(-0.401251429548,5.483948662517,-3.));
#9246=ADVANCED_FACE('',(#9247),#9256,.T.);
#9247=FACE_BOUND('',#9248,.T.);
#9248=EDGE_LOOP('',(#9249,#9250,#9255));
#9249=ORIENTED_EDGE('',*,*,#9235,.F.);
#9250=ORIENTED_EDGE('',*,*,#9251,.T.);
#9251=EDGE_CURVE('',#9236,#8490,#9252,.T.);
#9252=LINE('',#9237,#9253);
#9253=VECTOR('',#9254,1.);
#9254=DIRECTION('',(-0.22360681391,-0.387297604389,0.894427503159));
#9255=ORIENTED_EDGE('',*,*,#8495,.F.);
#9256=PLANE('',#9257);
#9257=AXIS2_PLACEMENT_3D('',#9258,#6474,#6475);
#9258=CARTESIAN_POINT('',(-0.444589382737,4.845962192518,-2.857310445141));
#9259=ADVANCED_FACE('',(#9260),#9269,.T.);
#9260=FACE_BOUND('',#9261,.T.);
#9261=EDGE_LOOP('',(#9262,#9263,#9264));
#9262=ORIENTED_EDGE('',*,*,#8518,.F.);
#9263=ORIENTED_EDGE('',*,*,#8507,.F.);
#9264=ORIENTED_EDGE('',*,*,#9265,.T.);
#9265=EDGE_CURVE('',#8490,#8519,#9266,.T.);
#9266=LINE('',#8491,#9267);
#9267=VECTOR('',#9268,1.);
#9268=DIRECTION('',(8.159046277017E-02,-3.379592607203E-02,0.996092782709));
#9269=PLANE('',#9270);
#9270=AXIS2_PLACEMENT_3D('',#9271,#4953,#4243);
#9271=CARTESIAN_POINT('',(-0.393333405096,4.697105138175,-1.268861840494));
#9272=ADVANCED_FACE('',(#9273),#9286,.T.);
#9273=FACE_BOUND('',#9274,.T.);
#9274=EDGE_LOOP('',(#9275,#9276,#9281));
#9275=ORIENTED_EDGE('',*,*,#8523,.F.);
#9276=ORIENTED_EDGE('',*,*,#9277,.T.);
#9277=EDGE_CURVE('',#8519,#9278,#9280,.T.);
#9278=VERTEX_POINT('',#9279);
#9279=CARTESIAN_POINT('',(-1.7763568394E-15,4.599999904633,9.6858000731E-08));
#9280=LINE('',#8520,#3855);
#9281=ORIENTED_EDGE('',*,*,#9282,.T.);
#9282=EDGE_CURVE('',#9278,#6792,#9283,.T.);
#9283=LINE('',#9279,#9284);
#9284=VECTOR('',#9285,1.);
#9285=DIRECTION('',(-0.134344072269,-0.990934745705,0.));
#9286=PLANE('',#9287);
#9287=AXIS2_PLACEMENT_3D('',#9288,#55,#199);
#9288=CARTESIAN_POINT('',(-0.259906032385,3.136695277961,9.6858000731E-08));
#9289=ADVANCED_FACE('',(#9290),#9303,.T.);
#9290=FACE_BOUND('',#9291,.T.);
#9291=EDGE_LOOP('',(#9292,#9297,#9298));
#9292=ORIENTED_EDGE('',*,*,#9293,.T.);
#9293=EDGE_CURVE('',#9294,#7677,#9296,.T.);
#9294=VERTEX_POINT('',#9295);
#9295=CARTESIAN_POINT('',(0.414110481739,1.545481324196,-2.64999999851));
#9296=LINE('',#9295,#6860);
#9297=ORIENTED_EDGE('',*,*,#8540,.F.);
#9298=ORIENTED_EDGE('',*,*,#9299,.T.);
#9299=EDGE_CURVE('',#8535,#9294,#9300,.T.);
#9300=LINE('',#8536,#9301);
#9301=VECTOR('',#9302,1.);
#9302=DIRECTION('',(0.154362452573,-2.032221003702E-02,-0.987805264723));
#9303=PLANE('',#9304);
#9304=AXIS2_PLACEMENT_3D('',#9305,#6435,#7337);
#9305=CARTESIAN_POINT('',(0.111636400146,1.585302807429,-1.42124215758));
#9306=ADVANCED_FACE('',(#9307),#9314,.T.);
#9307=FACE_BOUND('',#9308,.T.);
#9308=EDGE_LOOP('',(#9309,#9310,#9311));
#9309=ORIENTED_EDGE('',*,*,#8534,.F.);
#9310=ORIENTED_EDGE('',*,*,#9282,.F.);
#9311=ORIENTED_EDGE('',*,*,#9312,.T.);
#9312=EDGE_CURVE('',#9278,#8535,#9313,.T.);
#9313=LINE('',#9279,#345);
#9314=PLANE('',#9315);
#9315=AXIS2_PLACEMENT_3D('',#9316,#55,#199);
#9316=CARTESIAN_POINT('',(-0.111493427772,2.98893515767,9.6858000731E-08));
#9317=ADVANCED_FACE('',(#9318),#9333,.T.);
#9318=FACE_BOUND('',#9319,.T.);
#9319=EDGE_LOOP('',(#9320,#9327,#9328));
#9320=ORIENTED_EDGE('',*,*,#9321,.T.);
#9321=EDGE_CURVE('',#9322,#7697,#9324,.T.);
#9322=VERTEX_POINT('',#9323);
#9323=CARTESIAN_POINT('',(0.368817150593,1.376444339752,-3.));
#9324=LINE('',#9323,#9325);
#9325=VECTOR('',#9326,1.);
#9326=DIRECTION('',(-0.991444891453,0.130525963748,0.));
#9327=ORIENTED_EDGE('',*,*,#8551,.F.);
#9328=ORIENTED_EDGE('',*,*,#9329,.T.);
#9329=EDGE_CURVE('',#7677,#9322,#9330,.T.);
#9330=LINE('',#7678,#9331);
#9331=VECTOR('',#9332,1.);
#9332=DIRECTION('',(0.664020132001,-0.402490704731,-0.630141648284));
#9333=PLANE('',#9334);
#9334=AXIS2_PLACEMENT_3D('',#9335,#9336,#9337);
#9335=CARTESIAN_POINT('',(0.129688803311,1.470743567436,-2.874365171653));
#9336=DIRECTION('',(0.116945371954,0.888289871791,-0.444145115534));
#9337=DIRECTION('',(-7.574496585505E-14,0.447213740204,0.894427118648));
#9338=ADVANCED_FACE('',(#9339),#9346,.T.);
#9339=FACE_BOUND('',#9340,.T.);
#9340=EDGE_LOOP('',(#9341,#9342,#9343));
#9341=ORIENTED_EDGE('',*,*,#8578,.F.);
#9342=ORIENTED_EDGE('',*,*,#8567,.F.);
#9343=ORIENTED_EDGE('',*,*,#9344,.T.);
#9344=EDGE_CURVE('',#7697,#8579,#9345,.T.);
#9345=LINE('',#7698,#345);
#9346=PLANE('',#9347);
#9347=AXIS2_PLACEMENT_3D('',#9348,#55,#199);
#9348=CARTESIAN_POINT('',(-9.750419835571E-02,-7.481762034411E-02,-3.));
#9349=ADVANCED_FACE('',(#9350),#9363,.T.);
#9350=FACE_BOUND('',#9351,.T.);
#9351=EDGE_LOOP('',(#9352,#9357,#9358));
#9352=ORIENTED_EDGE('',*,*,#9353,.T.);
#9353=EDGE_CURVE('',#9354,#7729,#9356,.T.);
#9354=VERTEX_POINT('',#9355);
#9355=CARTESIAN_POINT('',(0.414110481739,-1.545481324196,-2.64999999851));
#9356=LINE('',#9355,#7680);
#9357=ORIENTED_EDGE('',*,*,#8585,.F.);
#9358=ORIENTED_EDGE('',*,*,#9359,.T.);
#9359=EDGE_CURVE('',#8579,#9354,#9360,.T.);
#9360=LINE('',#8580,#9361);
#9361=VECTOR('',#9362,1.);
#9362=DIRECTION('',(0.745566437091,-0.216915222215,0.630141630314));
#9363=PLANE('',#9364);
#9364=AXIS2_PLACEMENT_3D('',#9365,#9366,#9367);
#9365=CARTESIAN_POINT('',(0.147672643961,-1.519844378654,-2.771428280383));
#9366=DIRECTION('',(0.116945620617,-0.888289845601,-0.444145102439));
#9367=DIRECTION('',(7.464168172433E-14,0.447213740204,-0.894427118648));
#9368=ADVANCED_FACE('',(#9369),#9376,.T.);
#9369=FACE_BOUND('',#9370,.T.);
#9370=EDGE_LOOP('',(#9371,#9372,#9375));
#9371=ORIENTED_EDGE('',*,*,#9353,.F.);
#9372=ORIENTED_EDGE('',*,*,#9373,.T.);
#9373=EDGE_CURVE('',#9354,#8600,#9374,.T.);
#9374=LINE('',#9355,#82);
#9375=ORIENTED_EDGE('',*,*,#8605,.F.);
#9376=PLANE('',#9377);
#9377=AXIS2_PLACEMENT_3D('',#9378,#2768,#2991);
#9378=CARTESIAN_POINT('',(0.302474081593,-1.560178540609,-1.42124215758));
#9379=ADVANCED_FACE('',(#9380),#9393,.T.);
#9380=FACE_BOUND('',#9381,.T.);
#9381=EDGE_LOOP('',(#9382,#9389,#9390));
#9382=ORIENTED_EDGE('',*,*,#9383,.T.);
#9383=EDGE_CURVE('',#9384,#6857,#9386,.T.);
#9384=VERTEX_POINT('',#9385);
#9385=CARTESIAN_POINT('',(0.232937142253,-4.630666732788,9.6858000731E-08));
#9386=LINE('',#9385,#9387);
#9387=VECTOR('',#9388,1.);
#9388=DIRECTION('',(-7.663400963112E-02,0.997059290397,0.));
#9389=ORIENTED_EDGE('',*,*,#8599,.F.);
#9390=ORIENTED_EDGE('',*,*,#9391,.T.);
#9391=EDGE_CURVE('',#8600,#9384,#9392,.T.);
#9392=LINE('',#8601,#8525);
#9393=PLANE('',#9394);
#9394=AXIS2_PLACEMENT_3D('',#9395,#55,#199);
#9395=CARTESIAN_POINT('',(0.219975394199,-3.004065132455,9.6858000731E-08));
#9396=ADVANCED_FACE('',(#9397),#9404,.T.);
#9397=FACE_BOUND('',#9398,.T.);
#9398=EDGE_LOOP('',(#9399,#9402,#9403));
#9399=ORIENTED_EDGE('',*,*,#9400,.T.);
#9400=EDGE_CURVE('',#9384,#8617,#9401,.T.);
#9401=LINE('',#9385,#4256);
#9402=ORIENTED_EDGE('',*,*,#8622,.F.);
#9403=ORIENTED_EDGE('',*,*,#9383,.F.);
#9404=PLANE('',#9405);
#9405=AXIS2_PLACEMENT_3D('',#9406,#55,#199);
#9406=CARTESIAN_POINT('',(6.078241530526E-02,-3.164168811403,9.6858000731E-08));
#9407=ADVANCED_FACE('',(#9408),#9415,.T.);
#9408=FACE_BOUND('',#9409,.T.);
#9409=EDGE_LOOP('',(#9410,#9411,#9414));
#9410=ORIENTED_EDGE('',*,*,#8616,.F.);
#9411=ORIENTED_EDGE('',*,*,#9412,.T.);
#9412=EDGE_CURVE('',#8617,#8632,#9413,.T.);
#9413=LINE('',#8618,#4380);
#9414=ORIENTED_EDGE('',*,*,#8637,.F.);
#9415=PLANE('',#9416);
#9416=AXIS2_PLACEMENT_3D('',#9417,#5487,#3871);
#9417=CARTESIAN_POINT('',(-6.081073797709E-02,-4.608005808859,-1.268861846195));
#9418=ADVANCED_FACE('',(#9419),#9424,.T.);
#9419=FACE_BOUND('',#9420,.T.);
#9420=EDGE_LOOP('',(#9421,#9422,#9423));
#9421=ORIENTED_EDGE('',*,*,#8631,.F.);
#9422=ORIENTED_EDGE('',*,*,#8871,.F.);
#9423=ORIENTED_EDGE('',*,*,#9176,.F.);
#9424=PLANE('',#9425);
#9425=AXIS2_PLACEMENT_3D('',#9426,#7163,#9427);
#9426=CARTESIAN_POINT('',(-7.390531740519E-02,-4.67803070806,-2.786601772387));
#9427=DIRECTION('',(1.048952591454E-13,0.447213983916,0.894426996792));
#9428=ADVANCED_FACE('',(#9429),#9434,.T.);
#9429=FACE_BOUND('',#9430,.T.);
#9430=EDGE_LOOP('',(#9431,#9432,#9433));
#9431=ORIENTED_EDGE('',*,*,#8648,.F.);
#9432=ORIENTED_EDGE('',*,*,#9171,.F.);
#9433=ORIENTED_EDGE('',*,*,#9158,.F.);
#9434=PLANE('',#9435);
#9435=AXIS2_PLACEMENT_3D('',#9436,#8024,#9437);
#9436=CARTESIAN_POINT('',(-0.28412836867,-4.725166687763,-2.786601760203));
#9437=DIRECTION('',(5.137557046453E-14,0.472804267716,0.881167478082));
#9438=ADVANCED_FACE('',(#9439),#9444,.T.);
#9439=FACE_BOUND('',#9440,.T.);
#9440=EDGE_LOOP('',(#9441,#9442,#9443));
#9441=ORIENTED_EDGE('',*,*,#8659,.F.);
#9442=ORIENTED_EDGE('',*,*,#9153,.F.);
#9443=ORIENTED_EDGE('',*,*,#9141,.F.);
#9444=PLANE('',#9445);
#9445=AXIS2_PLACEMENT_3D('',#9446,#8439,#8440);
#9446=CARTESIAN_POINT('',(-0.474988548155,-4.825106364599,-2.786601756816));
#9447=ADVANCED_FACE('',(#9448),#9453,.T.);
#9448=FACE_BOUND('',#9449,.T.);
#9449=EDGE_LOOP('',(#9450,#9451,#9452));
#9450=ORIENTED_EDGE('',*,*,#9210,.F.);
#9451=ORIENTED_EDGE('',*,*,#9224,.F.);
#9452=ORIENTED_EDGE('',*,*,#8710,.F.);
#9453=PLANE('',#9454);
#9454=AXIS2_PLACEMENT_3D('',#9455,#55,#199);
#9455=CARTESIAN_POINT('',(5.156812702798,3.449715714673,9.6858000731E-08));
#9456=ADVANCED_FACE('',(#9457),#9462,.T.);
#9457=FACE_BOUND('',#9458,.T.);
#9458=EDGE_LOOP('',(#9459,#9460,#9461));
#9459=ORIENTED_EDGE('',*,*,#9188,.F.);
#9460=ORIENTED_EDGE('',*,*,#8737,.F.);
#9461=ORIENTED_EDGE('',*,*,#8724,.F.);
#9462=PLANE('',#9463);
#9463=AXIS2_PLACEMENT_3D('',#9464,#8731,#7901);
#9464=CARTESIAN_POINT('',(5.860379263537,0.224215108003,-2.855082377278));
#9465=ADVANCED_FACE('',(#9466),#9477,.T.);
#9466=FACE_BOUND('',#9467,.T.);
#9467=EDGE_LOOP('',(#9468,#9473,#9474));
#9468=ORIENTED_EDGE('',*,*,#9469,.T.);
#9469=EDGE_CURVE('',#9470,#8750,#9472,.T.);
#9470=VERTEX_POINT('',#9471);
#9471=CARTESIAN_POINT('',(0.627868413925,5.137499809265,-3.));
#9472=LINE('',#9471,#7576);
#9473=ORIENTED_EDGE('',*,*,#8755,.F.);
#9474=ORIENTED_EDGE('',*,*,#9475,.T.);
#9475=EDGE_CURVE('',#7927,#9470,#9476,.T.);
#9476=LINE('',#7928,#345);
#9477=PLANE('',#9478);
#9478=AXIS2_PLACEMENT_3D('',#9479,#55,#199);
#9479=CARTESIAN_POINT('',(0.593502801011,5.417034157073,-3.));
#9480=ADVANCED_FACE('',(#9481),#9496,.T.);
#9481=FACE_BOUND('',#9482,.T.);
#9482=EDGE_LOOP('',(#9483,#9490,#9495));
#9483=ORIENTED_EDGE('',*,*,#9484,.T.);
#9484=EDGE_CURVE('',#7982,#9485,#9487,.T.);
#9485=VERTEX_POINT('',#9486);
#9486=CARTESIAN_POINT('',(0.700296223164,5.687644004822,-3.));
#9487=LINE('',#7983,#9488);
#9488=VECTOR('',#9489,1.);
#9489=DIRECTION('',(-0.431975211331,-0.115747387822,-0.894427168085));
#9490=ORIENTED_EDGE('',*,*,#9491,.T.);
#9491=EDGE_CURVE('',#9485,#7927,#9492,.T.);
#9492=LINE('',#9486,#9493);
#9493=VECTOR('',#9494,1.);
#9494=DIRECTION('',(-0.382683457478,0.923879522109,0.));
#9495=ORIENTED_EDGE('',*,*,#8768,.F.);
#9496=PLANE('',#9497);
#9497=AXIS2_PLACEMENT_3D('',#9498,#8148,#8149);
#9498=CARTESIAN_POINT('',(0.746820217897,5.760163125732,-2.857310419734));
#9499=ADVANCED_FACE('',(#9500),#9515,.T.);
#9500=FACE_BOUND('',#9501,.T.);
#9501=EDGE_LOOP('',(#9502,#9503,#9510));
#9502=ORIENTED_EDGE('',*,*,#8781,.F.);
#9503=ORIENTED_EDGE('',*,*,#9504,.T.);
#9504=EDGE_CURVE('',#8750,#9505,#9507,.T.);
#9505=VERTEX_POINT('',#9506);
#9506=CARTESIAN_POINT('',(0.636396110058,4.863604068756,-2.64999999851));
#9507=LINE('',#8751,#9508);
#9508=VECTOR('',#9509,1.);
#9509=DIRECTION('',(0.316227864188,-0.316227407228,0.894427283142));
#9510=ORIENTED_EDGE('',*,*,#9511,.T.);
#9511=EDGE_CURVE('',#9505,#7948,#9512,.T.);
#9512=LINE('',#9506,#9513);
#9513=VECTOR('',#9514,1.);
#9514=DIRECTION('',(-0.616171206132,1.918341940852E-02,-0.787378588199));
#9515=PLANE('',#9516);
#9516=AXIS2_PLACEMENT_3D('',#9517,#6348,#6349);
#9517=CARTESIAN_POINT('',(0.516683796316,4.901282193818,-2.857310440824));
#9518=ADVANCED_FACE('',(#9519),#9534,.T.);
#9519=FACE_BOUND('',#9520,.T.);
#9520=EDGE_LOOP('',(#9521,#9522,#9529));
#9521=ORIENTED_EDGE('',*,*,#8792,.F.);
#9522=ORIENTED_EDGE('',*,*,#9523,.T.);
#9523=EDGE_CURVE('',#7948,#9524,#9526,.T.);
#9524=VERTEX_POINT('',#9525);
#9525=CARTESIAN_POINT('',(0.449999988079,4.72057723999,-2.64999999851));
#9526=LINE('',#7949,#9527);
#9527=VECTOR('',#9528,1.);
#9528=DIRECTION('',(0.22360681391,-0.387297604389,0.894427503159));
#9529=ORIENTED_EDGE('',*,*,#9530,.T.);
#9530=EDGE_CURVE('',#9524,#7965,#9531,.T.);
#9531=LINE('',#9525,#9532);
#9532=VECTOR('',#9533,1.);
#9533=DIRECTION('',(-0.59021045083,0.178006875941,-0.787378673732));
#9534=PLANE('',#9535);
#9535=AXIS2_PLACEMENT_3D('',#9536,#6333,#9537);
#9536=CARTESIAN_POINT('',(0.34411865478,4.787955313505,-2.857310425386));
#9537=DIRECTION('',(1.252331571777E-13,0.472803777887,-0.881167740907));
#9538=ADVANCED_FACE('',(#9539),#9554,.T.);
#9539=FACE_BOUND('',#9540,.T.);
#9540=EDGE_LOOP('',(#9541,#9542,#9549));
#9541=ORIENTED_EDGE('',*,*,#8805,.F.);
#9542=ORIENTED_EDGE('',*,*,#9543,.T.);
#9543=EDGE_CURVE('',#7965,#9544,#9546,.T.);
#9544=VERTEX_POINT('',#9545);
#9545=CARTESIAN_POINT('',(0.232937142253,4.630666732788,-2.64999999851));
#9546=LINE('',#7966,#9547);
#9547=VECTOR('',#9548,1.);
#9548=DIRECTION('',(0.11574741067,-0.431974839641,0.89442734464));
#9549=ORIENTED_EDGE('',*,*,#9550,.T.);
#9550=EDGE_CURVE('',#9544,#8046,#9551,.T.);
#9551=LINE('',#9545,#9552);
#9552=VECTOR('',#9553,1.);
#9553=DIRECTION('',(-0.524027704753,0.324699959741,-0.787378499069));
#9554=PLANE('',#9555);
#9555=AXIS2_PLACEMENT_3D('',#9556,#6318,#9557);
#9556=CARTESIAN_POINT('',(0.148102394851,4.723153228525,-2.857310417521));
#9557=DIRECTION('',(9.183626081821E-14,0.447213142838,-0.894427417331));
#9558=ADVANCED_FACE('',(#9559),#9566,.T.);
#9559=FACE_BOUND('',#9560,.T.);
#9560=EDGE_LOOP('',(#9561,#9562,#9563));
#9561=ORIENTED_EDGE('',*,*,#9484,.F.);
#9562=ORIENTED_EDGE('',*,*,#8821,.F.);
#9563=ORIENTED_EDGE('',*,*,#9564,.T.);
#9564=EDGE_CURVE('',#8817,#9485,#9565,.T.);
#9565=LINE('',#8818,#7298);
#9566=PLANE('',#9567);
#9567=AXIS2_PLACEMENT_3D('',#9568,#7303,#7304);
#9568=CARTESIAN_POINT('',(0.813089485187,5.641354377111,-2.786601748382));
#9569=ADVANCED_FACE('',(#9570),#9583,.T.);
#9570=FACE_BOUND('',#9571,.T.);
#9571=EDGE_LOOP('',(#9572,#9573,#9578));
#9572=ORIENTED_EDGE('',*,*,#8816,.F.);
#9573=ORIENTED_EDGE('',*,*,#9574,.T.);
#9574=EDGE_CURVE('',#7123,#9575,#9577,.T.);
#9575=VERTEX_POINT('',#9576);
#9576=CARTESIAN_POINT('',(0.869333267212,5.267062664032,9.6858000731E-08));
#9577=LINE('',#7124,#3985);
#9578=ORIENTED_EDGE('',*,*,#9579,.T.);
#9579=EDGE_CURVE('',#9575,#8817,#9580,.T.);
#9580=LINE('',#9576,#9581);
#9581=VECTOR('',#9582,1.);
#9582=DIRECTION('',(1.15271268671E-02,8.755743006196E-02,-0.996092777701));
#9583=PLANE('',#9584);
#9584=AXIS2_PLACEMENT_3D('',#9585,#5600,#4929);
#9585=CARTESIAN_POINT('',(0.891994102799,5.439189209524,-1.268861805968));
#9586=ADVANCED_FACE('',(#9587),#9596,.T.);
#9587=FACE_BOUND('',#9588,.T.);
#9588=EDGE_LOOP('',(#9589,#9594,#9595));
#9589=ORIENTED_EDGE('',*,*,#9590,.T.);
#9590=EDGE_CURVE('',#8845,#8426,#9591,.T.);
#9591=LINE('',#8846,#9592);
#9592=VECTOR('',#9593,1.);
#9593=DIRECTION('',(-0.130526158617,0.991444865798,0.));
#9594=ORIENTED_EDGE('',*,*,#8831,.F.);
#9595=ORIENTED_EDGE('',*,*,#8844,.F.);
#9596=PLANE('',#9597);
#9597=AXIS2_PLACEMENT_3D('',#9598,#55,#199);
#9598=CARTESIAN_POINT('',(-0.23327230696,5.526343634335,-3.));
#9599=ADVANCED_FACE('',(#9600),#9615,.T.);
#9600=FACE_BOUND('',#9601,.T.);
#9601=EDGE_LOOP('',(#9602,#9603,#9610));
#9602=ORIENTED_EDGE('',*,*,#8859,.F.);
#9603=ORIENTED_EDGE('',*,*,#9604,.T.);
#9604=EDGE_CURVE('',#8046,#9605,#9607,.T.);
#9605=VERTEX_POINT('',#9606);
#9606=CARTESIAN_POINT('',(-3.552713678801E-15,4.599999904633,-2.64999999851));
#9607=LINE('',#8047,#9608);
#9608=VECTOR('',#9609,1.);
#9609=DIRECTION('',(2.269745009044E-15,-0.447213983916,0.894426996792));
#9610=ORIENTED_EDGE('',*,*,#9611,.T.);
#9611=EDGE_CURVE('',#9605,#8845,#9612,.T.);
#9612=LINE('',#9606,#9613);
#9613=VECTOR('',#9614,1.);
#9614=DIRECTION('',(-0.422133504834,0.449264057907,-0.787378632152));
#9615=PLANE('',#9616);
#9616=AXIS2_PLACEMENT_3D('',#9617,#6504,#6505);
#9617=CARTESIAN_POINT('',(-5.800679497008E-02,4.711291880273,-2.857310415093));
#9618=ADVANCED_FACE('',(#9619),#9626,.T.);
#9619=FACE_BOUND('',#9620,.T.);
#9620=EDGE_LOOP('',(#9621,#9624,#9625));
#9621=ORIENTED_EDGE('',*,*,#9622,.T.);
#9622=EDGE_CURVE('',#8632,#8889,#9623,.T.);
#9623=LINE('',#8633,#3855);
#9624=ORIENTED_EDGE('',*,*,#8888,.F.);
#9625=ORIENTED_EDGE('',*,*,#8876,.F.);
#9626=PLANE('',#9627);
#9627=AXIS2_PLACEMENT_3D('',#9628,#6303,#6304);
#9628=CARTESIAN_POINT('',(0.141354248805,-4.686910415648,-2.786601764235));
#9629=ADVANCED_FACE('',(#9630),#9637,.T.);
#9630=FACE_BOUND('',#9631,.T.);
#9631=EDGE_LOOP('',(#9632,#9635,#9636));
#9632=ORIENTED_EDGE('',*,*,#9633,.T.);
#9633=EDGE_CURVE('',#8889,#8908,#9634,.T.);
#9634=LINE('',#8890,#4365);
#9635=ORIENTED_EDGE('',*,*,#8907,.F.);
#9636=ORIENTED_EDGE('',*,*,#8895,.F.);
#9637=PLANE('',#9638);
#9638=AXIS2_PLACEMENT_3D('',#9639,#6222,#6223);
#9639=CARTESIAN_POINT('',(0.346980761264,-4.751200972066,-2.786601755832));
#9640=ADVANCED_FACE('',(#9641),#9652,.T.);
#9641=FACE_BOUND('',#9642,.T.);
#9642=EDGE_LOOP('',(#9643,#9648,#9651));
#9643=ORIENTED_EDGE('',*,*,#9644,.T.);
#9644=EDGE_CURVE('',#8908,#9645,#9647,.T.);
#9645=VERTEX_POINT('',#9646);
#9646=CARTESIAN_POINT('',(0.636396110058,-4.863604068756,-2.64999999851));
#9647=LINE('',#8909,#4989);
#9648=ORIENTED_EDGE('',*,*,#9649,.T.);
#9649=EDGE_CURVE('',#9645,#7220,#9650,.T.);
#9650=LINE('',#9646,#6191);
#9651=ORIENTED_EDGE('',*,*,#8914,.F.);
#9652=PLANE('',#9653);
#9653=AXIS2_PLACEMENT_3D('',#9654,#6201,#6202);
#9654=CARTESIAN_POINT('',(0.528961100935,-4.866521069242,-2.786601758808));
#9655=ADVANCED_FACE('',(#9656),#9663,.T.);
#9656=FACE_BOUND('',#9657,.T.);
#9657=EDGE_LOOP('',(#9658,#9659,#9662));
#9658=ORIENTED_EDGE('',*,*,#9649,.F.);
#9659=ORIENTED_EDGE('',*,*,#9660,.T.);
#9660=EDGE_CURVE('',#9645,#8175,#9661,.T.);
#9661=LINE('',#9646,#5353);
#9662=ORIENTED_EDGE('',*,*,#8929,.F.);
#9663=PLANE('',#9664);
#9664=AXIS2_PLACEMENT_3D('',#9665,#7061,#7062);
#9665=CARTESIAN_POINT('',(0.633479019484,-4.971039012876,-2.786601766906));
#9666=ADVANCED_FACE('',(#9667),#9678,.T.);
#9667=FACE_BOUND('',#9668,.T.);
#9668=EDGE_LOOP('',(#9669,#9674,#9677));
#9669=ORIENTED_EDGE('',*,*,#9670,.T.);
#9670=EDGE_CURVE('',#8951,#8600,#9671,.T.);
#9671=LINE('',#8952,#9672);
#9672=VECTOR('',#9673,1.);
#9673=DIRECTION('',(-0.103678618441,0.994610850573,0.));
#9674=ORIENTED_EDGE('',*,*,#9675,.T.);
#9675=EDGE_CURVE('',#8600,#8156,#9676,.T.);
#9676=LINE('',#8601,#6795);
#9677=ORIENTED_EDGE('',*,*,#8955,.F.);
#9678=PLANE('',#9679);
#9679=AXIS2_PLACEMENT_3D('',#9680,#55,#199);
#9680=CARTESIAN_POINT('',(0.690293383614,-3.158615353735,9.6858000731E-08));
#9681=ADVANCED_FACE('',(#9682),#9695,.T.);
#9682=FACE_BOUND('',#9683,.T.);
#9683=EDGE_LOOP('',(#9684,#9685,#9690));
#9684=ORIENTED_EDGE('',*,*,#8967,.F.);
#9685=ORIENTED_EDGE('',*,*,#9686,.T.);
#9686=EDGE_CURVE('',#8156,#9687,#9689,.T.);
#9687=VERTEX_POINT('',#9688);
#9688=CARTESIAN_POINT('',(0.800000011921,-1.385640621185,-2.64999999851));
#9689=LINE('',#8157,#54);
#9690=ORIENTED_EDGE('',*,*,#9691,.T.);
#9691=EDGE_CURVE('',#9687,#8238,#9692,.T.);
#9692=LINE('',#9688,#9693);
#9693=VECTOR('',#9694,1.);
#9694=DIRECTION('',(0.123520716451,9.478073908268E-02,0.987805266288));
#9695=PLANE('',#9696);
#9696=AXIS2_PLACEMENT_3D('',#9697,#3292,#3674);
#9697=CARTESIAN_POINT('',(0.889331373348,-1.31709428578,-1.228757749834));
#9698=ADVANCED_FACE('',(#9699),#9708,.T.);
#9699=FACE_BOUND('',#9700,.T.);
#9700=EDGE_LOOP('',(#9701,#9702,#9703));
#9701=ORIENTED_EDGE('',*,*,#8979,.F.);
#9702=ORIENTED_EDGE('',*,*,#9660,.F.);
#9703=ORIENTED_EDGE('',*,*,#9704,.T.);
#9704=EDGE_CURVE('',#9645,#8951,#9705,.T.);
#9705=LINE('',#9646,#9706);
#9706=VECTOR('',#9707,1.);
#9707=DIRECTION('',(5.376148205387E-02,-7.006333028035E-02,0.996092783227));
#9708=PLANE('',#9709);
#9709=AXIS2_PLACEMENT_3D('',#9710,#6237,#5447);
#9710=CARTESIAN_POINT('',(0.742084207878,-5.001339484919,-1.381138057589));
#9711=ADVANCED_FACE('',(#9712),#9727,.T.);
#9712=FACE_BOUND('',#9713,.T.);
#9713=EDGE_LOOP('',(#9714,#9721,#9722));
#9714=ORIENTED_EDGE('',*,*,#9715,.T.);
#9715=EDGE_CURVE('',#9716,#8992,#9718,.T.);
#9716=VERTEX_POINT('',#9717);
#9717=CARTESIAN_POINT('',(1.234086155891,-0.712499976158,-3.));
#9718=LINE('',#9717,#9719);
#9719=VECTOR('',#9720,1.);
#9720=DIRECTION('',(0.382683653456,0.923879440932,0.));
#9721=ORIENTED_EDGE('',*,*,#8991,.F.);
#9722=ORIENTED_EDGE('',*,*,#9723,.T.);
#9723=EDGE_CURVE('',#8191,#9716,#9724,.T.);
#9724=LINE('',#8192,#9725);
#9725=VECTOR('',#9726,1.);
#9726=DIRECTION('',(-0.560637318963,-0.537221842807,-0.630141641377));
#9727=PLANE('',#9728);
#9728=AXIS2_PLACEMENT_3D('',#9729,#9730,#9731);
#9729=CARTESIAN_POINT('',(1.387063250178,-0.505926207003,-2.874365173073));
#9730=DIRECTION('',(0.827754385867,-0.342867325014,-0.444144879646));
#9731=DIRECTION('',(0.472804471495,3.955169525227E-14,0.881167368741));
#9732=ADVANCED_FACE('',(#9733),#9748,.T.);
#9733=FACE_BOUND('',#9734,.T.);
#9734=EDGE_LOOP('',(#9735,#9742,#9747));
#9735=ORIENTED_EDGE('',*,*,#9736,.T.);
#9736=EDGE_CURVE('',#8992,#9737,#9739,.T.);
#9737=VERTEX_POINT('',#9738);
#9738=CARTESIAN_POINT('',(1.424999952316,0.,-3.));
#9739=LINE('',#8993,#9740);
#9740=VECTOR('',#9741,1.);
#9741=DIRECTION('',(0.130525963748,0.991444891453,0.));
#9742=ORIENTED_EDGE('',*,*,#9743,.T.);
#9743=EDGE_CURVE('',#9737,#7325,#9744,.T.);
#9744=LINE('',#9738,#9745);
#9745=VECTOR('',#9746,1.);
#9746=DIRECTION('',(0.447213740204,0.,0.894427118648));
#9747=ORIENTED_EDGE('',*,*,#8998,.F.);
#9748=PLANE('',#9749);
#9749=AXIS2_PLACEMENT_3D('',#9750,#9751,#9752);
#9750=CARTESIAN_POINT('',(1.470743567436,-0.129688803311,-2.874365171653));
#9751=DIRECTION('',(0.888289871791,-0.116945371954,-0.444145115534));
#9752=DIRECTION('',(0.447213740204,7.576578253676E-14,0.894427118648));
#9753=ADVANCED_FACE('',(#9754),#9763,.T.);
#9754=FACE_BOUND('',#9755,.T.);
#9755=EDGE_LOOP('',(#9756,#9757,#9762));
#9756=ORIENTED_EDGE('',*,*,#9743,.F.);
#9757=ORIENTED_EDGE('',*,*,#9758,.T.);
#9758=EDGE_CURVE('',#9737,#9012,#9759,.T.);
#9759=LINE('',#9738,#9760);
#9760=VECTOR('',#9761,1.);
#9761=DIRECTION('',(-0.130525963748,0.991444891453,0.));
#9762=ORIENTED_EDGE('',*,*,#9019,.F.);
#9763=PLANE('',#9764);
#9764=AXIS2_PLACEMENT_3D('',#9765,#9766,#9767);
#9765=CARTESIAN_POINT('',(1.470743567436,0.129688803311,-2.874365171653));
#9766=DIRECTION('',(0.888289871791,0.116945371954,-0.444145115534));
#9767=DIRECTION('',(0.447213740204,-7.574496585505E-14,0.894427118648));
#9768=ADVANCED_FACE('',(#9769),#9784,.T.);
#9769=FACE_BOUND('',#9770,.T.);
#9770=EDGE_LOOP('',(#9771,#9772,#9779));
#9771=ORIENTED_EDGE('',*,*,#9011,.F.);
#9772=ORIENTED_EDGE('',*,*,#9773,.T.);
#9773=EDGE_CURVE('',#9012,#9774,#9776,.T.);
#9774=VERTEX_POINT('',#9775);
#9775=CARTESIAN_POINT('',(1.234086155891,0.712499976158,-3.));
#9776=LINE('',#9013,#9777);
#9777=VECTOR('',#9778,1.);
#9778=DIRECTION('',(-0.382683653456,0.923879440932,0.));
#9779=ORIENTED_EDGE('',*,*,#9780,.T.);
#9780=EDGE_CURVE('',#9774,#8207,#9781,.T.);
#9781=LINE('',#9775,#9782);
#9782=VECTOR('',#9783,1.);
#9783=DIRECTION('',(0.560637318963,-0.537221842807,0.630141641377));
#9784=PLANE('',#9785);
#9785=AXIS2_PLACEMENT_3D('',#9786,#9787,#9788);
#9786=CARTESIAN_POINT('',(1.387063250178,0.505926207003,-2.874365173073));
#9787=DIRECTION('',(0.827754385867,0.342867325014,-0.444144879646));
#9788=DIRECTION('',(0.472804471495,-3.955169525227E-14,0.881167368741));
#9789=ADVANCED_FACE('',(#9790),#9803,.T.);
#9790=FACE_BOUND('',#9791,.T.);
#9791=EDGE_LOOP('',(#9792,#9793,#9798));
#9792=ORIENTED_EDGE('',*,*,#9032,.F.);
#9793=ORIENTED_EDGE('',*,*,#9794,.T.);
#9794=EDGE_CURVE('',#8207,#9795,#9797,.T.);
#9795=VERTEX_POINT('',#9796);
#9796=CARTESIAN_POINT('',(1.385640621185,0.800000011921,-2.64999999851));
#9797=LINE('',#8208,#9076);
#9798=ORIENTED_EDGE('',*,*,#9799,.T.);
#9799=EDGE_CURVE('',#9795,#8257,#9800,.T.);
#9800=LINE('',#9796,#9801);
#9801=VECTOR('',#9802,1.);
#9802=DIRECTION('',(5.958169142158E-02,-0.143842904073,0.987805264713));
#9803=PLANE('',#9804);
#9804=AXIS2_PLACEMENT_3D('',#9805,#5949,#5948);
#9805=CARTESIAN_POINT('',(1.502391275843,0.518139043933,-1.421242157616));
#9806=ADVANCED_FACE('',(#9807),#9816,.T.);
#9807=FACE_BOUND('',#9808,.T.);
#9808=EDGE_LOOP('',(#9809,#9810,#9815));
#9809=ORIENTED_EDGE('',*,*,#9048,.F.);
#9810=ORIENTED_EDGE('',*,*,#9811,.T.);
#9811=EDGE_CURVE('',#9044,#9716,#9812,.T.);
#9812=LINE('',#9045,#9813);
#9813=VECTOR('',#9814,1.);
#9814=DIRECTION('',(-0.38729836803,0.223606879466,-0.894427156104));
#9815=ORIENTED_EDGE('',*,*,#9723,.F.);
#9816=PLANE('',#9817);
#9817=AXIS2_PLACEMENT_3D('',#9818,#9819,#9820);
#9818=CARTESIAN_POINT('',(1.390060148457,-0.6320339332,-2.771428279342));
#9819=DIRECTION('',(0.827754380647,-0.342867146616,-0.444145027093));
#9820=DIRECTION('',(0.472804595684,8.365530490551E-14,0.881167302106));
#9821=ADVANCED_FACE('',(#9822),#9833,.T.);
#9822=FACE_BOUND('',#9823,.T.);
#9823=EDGE_LOOP('',(#9824,#9829,#9832));
#9824=ORIENTED_EDGE('',*,*,#9825,.T.);
#9825=EDGE_CURVE('',#8238,#9826,#9828,.T.);
#9826=VERTEX_POINT('',#9827);
#9827=CARTESIAN_POINT('',(1.131370902061,-1.131370902061,-2.64999999851));
#9828=LINE('',#8239,#54);
#9829=ORIENTED_EDGE('',*,*,#9830,.T.);
#9830=EDGE_CURVE('',#9826,#9044,#9831,.T.);
#9831=LINE('',#9827,#8246);
#9832=ORIENTED_EDGE('',*,*,#9060,.F.);
#9833=PLANE('',#9834);
#9834=AXIS2_PLACEMENT_3D('',#9835,#9067,#8247);
#9835=CARTESIAN_POINT('',(1.199917237467,-1.042039540634,-1.421242151818));
#9836=ADVANCED_FACE('',(#9837),#9851,.T.);
#9837=FACE_BOUND('',#9838,.T.);
#9838=EDGE_LOOP('',(#9839,#9845,#9850));
#9839=ORIENTED_EDGE('',*,*,#9840,.T.);
#9840=EDGE_CURVE('',#9073,#9841,#9843,.T.);
#9841=VERTEX_POINT('',#9842);
#9842=CARTESIAN_POINT('',(1.131370902061,1.131370902061,9.6858000731E-08));
#9843=LINE('',#9074,#9844);
#9844=VECTOR('',#4577,1.);
#9845=ORIENTED_EDGE('',*,*,#9846,.T.);
#9846=EDGE_CURVE('',#9841,#7123,#9847,.T.);
#9847=LINE('',#9842,#9848);
#9848=VECTOR('',#9849,1.);
#9849=DIRECTION('',(-5.288778430721E-02,0.998600461782,0.));
#9850=ORIENTED_EDGE('',*,*,#9078,.F.);
#9851=PLANE('',#9852);
#9852=AXIS2_PLACEMENT_3D('',#9853,#55,#199);
#9853=CARTESIAN_POINT('',(1.089459049265,3.130297256082,9.6858000731E-08));
#9854=ADVANCED_FACE('',(#9855),#9862,.T.);
#9855=FACE_BOUND('',#9856,.T.);
#9856=EDGE_LOOP('',(#9857,#9860,#9861));
#9857=ORIENTED_EDGE('',*,*,#9858,.T.);
#9858=EDGE_CURVE('',#9795,#9073,#9859,.T.);
#9859=LINE('',#9796,#82);
#9860=ORIENTED_EDGE('',*,*,#9072,.F.);
#9861=ORIENTED_EDGE('',*,*,#9799,.F.);
#9862=PLANE('',#9863);
#9863=AXIS2_PLACEMENT_3D('',#9864,#5949,#5948);
#9864=CARTESIAN_POINT('',(1.428730669538,0.695971449727,-1.228757744036));
#9865=ADVANCED_FACE('',(#9866),#9881,.T.);
#9866=FACE_BOUND('',#9867,.T.);
#9867=EDGE_LOOP('',(#9868,#9875,#9876));
#9868=ORIENTED_EDGE('',*,*,#9869,.T.);
#9869=EDGE_CURVE('',#9870,#9091,#9872,.T.);
#9870=VERTEX_POINT('',#9871);
#9871=CARTESIAN_POINT('',(3.375735998154,-4.575736045837,9.6858000731E-08));
#9872=LINE('',#9871,#9873);
#9873=VECTOR('',#9874,1.);
#9874=DIRECTION('',(-0.608762553648,-0.793352477324,0.));
#9875=ORIENTED_EDGE('',*,*,#9098,.F.);
#9876=ORIENTED_EDGE('',*,*,#9877,.T.);
#9877=EDGE_CURVE('',#3070,#9870,#9878,.T.);
#9878=LINE('',#3071,#9879);
#9879=VECTOR('',#9880,1.);
#9880=DIRECTION('',(0.119029875248,-0.992890673135,0.));
#9881=PLANE('',#9882);
#9882=AXIS2_PLACEMENT_3D('',#9883,#55,#199);
#9883=CARTESIAN_POINT('',(2.668363104979,1.092276603316,9.6858000731E-08));
#9884=ADVANCED_FACE('',(#9885),#9894,.T.);
#9885=FACE_BOUND('',#9886,.T.);
#9886=EDGE_LOOP('',(#9887,#9888,#9889));
#9887=ORIENTED_EDGE('',*,*,#9111,.F.);
#9888=ORIENTED_EDGE('',*,*,#9090,.F.);
#9889=ORIENTED_EDGE('',*,*,#9890,.T.);
#9890=EDGE_CURVE('',#9091,#8294,#9891,.T.);
#9891=LINE('',#9092,#9892);
#9892=VECTOR('',#9893,1.);
#9893=DIRECTION('',(-0.130526282921,-0.991444849433,0.));
#9894=PLANE('',#9895);
#9895=AXIS2_PLACEMENT_3D('',#9896,#55,#199);
#9896=CARTESIAN_POINT('',(3.240367248104,-4.925647136931,9.6858000731E-08));
#9897=ADVANCED_FACE('',(#9898),#9905,.T.);
#9898=FACE_BOUND('',#9899,.T.);
#9899=EDGE_LOOP('',(#9900,#9901,#9902));
#9900=ORIENTED_EDGE('',*,*,#9121,.F.);
#9901=ORIENTED_EDGE('',*,*,#9890,.F.);
#9902=ORIENTED_EDGE('',*,*,#9903,.T.);
#9903=EDGE_CURVE('',#9091,#9122,#9904,.T.);
#9904=LINE('',#9092,#345);
#9905=PLANE('',#9906);
#9906=AXIS2_PLACEMENT_3D('',#9907,#55,#199);
#9907=CARTESIAN_POINT('',(3.265204327505,-5.001998546358,9.6858000731E-08));
#9908=ADVANCED_FACE('',(#9909),#9924,.T.);
#9909=FACE_BOUND('',#9910,.T.);
#9910=EDGE_LOOP('',(#9911,#9912,#9919));
#9911=ORIENTED_EDGE('',*,*,#9128,.F.);
#9912=ORIENTED_EDGE('',*,*,#9913,.T.);
#9913=EDGE_CURVE('',#9122,#9914,#9916,.T.);
#9914=VERTEX_POINT('',#9915);
#9915=CARTESIAN_POINT('',(3.375735998154,-5.424263954163,9.6858000731E-08));
#9916=LINE('',#9123,#9917);
#9917=VECTOR('',#9918,1.);
#9918=DIRECTION('',(0.608762553648,-0.793352477324,0.));
#9919=ORIENTED_EDGE('',*,*,#9920,.T.);
#9920=EDGE_CURVE('',#9914,#2846,#9921,.T.);
#9921=LINE('',#9915,#9922);
#9922=VECTOR('',#9923,1.);
#9923=DIRECTION('',(-0.68188959803,-0.731455108738,0.));
#9924=PLANE('',#9925);
#9925=AXIS2_PLACEMENT_3D('',#9926,#55,#199);
#9926=CARTESIAN_POINT('',(2.688477777738,-6.102315823903,9.6858000731E-08));
#9927=ADVANCED_FACE('',(#9928),#9943,.T.);
#9928=FACE_BOUND('',#9929,.T.);
#9929=EDGE_LOOP('',(#9930,#9937,#9942));
#9930=ORIENTED_EDGE('',*,*,#9931,.T.);
#9931=EDGE_CURVE('',#2177,#9932,#9934,.T.);
#9932=VERTEX_POINT('',#9933);
#9933=CARTESIAN_POINT('',(4.400000095367,-5.,9.6858000731E-08));
#9934=LINE('',#2178,#9935);
#9935=VECTOR('',#9936,1.);
#9936=DIRECTION('',(-0.30113131067,0.953582683219,0.));
#9937=ORIENTED_EDGE('',*,*,#9938,.T.);
#9938=EDGE_CURVE('',#9932,#2622,#9939,.T.);
#9939=LINE('',#9933,#9940);
#9940=VECTOR('',#9941,1.);
#9941=DIRECTION('',(5.035619270968E-02,0.998731322156,0.));
#9942=ORIENTED_EDGE('',*,*,#9221,.F.);
#9943=PLANE('',#9944);
#9944=AXIS2_PLACEMENT_3D('',#9945,#55,#199);
#9945=CARTESIAN_POINT('',(4.849417499905,-1.934235175289E-02,9.6858000731E-08));
#9946=ADVANCED_FACE('',(#9947),#9954,.T.);
#9947=FACE_BOUND('',#9948,.T.);
#9948=EDGE_LOOP('',(#9949,#9952,#9953));
#9949=ORIENTED_EDGE('',*,*,#9950,.T.);
#9950=EDGE_CURVE('',#8845,#9236,#9951,.T.);
#9951=LINE('',#8846,#7084);
#9952=ORIENTED_EDGE('',*,*,#9241,.F.);
#9953=ORIENTED_EDGE('',*,*,#9590,.F.);
#9954=PLANE('',#9955);
#9955=AXIS2_PLACEMENT_3D('',#9956,#55,#199);
#9956=CARTESIAN_POINT('',(-0.314497933927,5.437442490848,-3.));
#9957=ADVANCED_FACE('',(#9958),#9969,.T.);
#9958=FACE_BOUND('',#9959,.T.);
#9959=EDGE_LOOP('',(#9960,#9965,#9966));
#9960=ORIENTED_EDGE('',*,*,#9961,.T.);
#9961=EDGE_CURVE('',#9962,#8490,#9964,.T.);
#9962=VERTEX_POINT('',#9963);
#9963=CARTESIAN_POINT('',(-0.232937142253,4.630666732788,-2.64999999851));
#9964=LINE('',#9963,#4242);
#9965=ORIENTED_EDGE('',*,*,#9251,.F.);
#9966=ORIENTED_EDGE('',*,*,#9967,.T.);
#9967=EDGE_CURVE('',#9236,#9962,#9968,.T.);
#9968=LINE('',#9237,#5643);
#9969=PLANE('',#9970);
#9970=AXIS2_PLACEMENT_3D('',#9971,#5648,#9972);
#9971=CARTESIAN_POINT('',(-0.346980761264,4.751200972066,-2.786601755832));
#9972=DIRECTION('',(-1.638966740103E-13,0.472803941252,-0.881167653251));
#9973=ADVANCED_FACE('',(#9974),#9981,.T.);
#9974=FACE_BOUND('',#9975,.T.);
#9975=EDGE_LOOP('',(#9976,#9977,#9980));
#9976=ORIENTED_EDGE('',*,*,#9961,.F.);
#9977=ORIENTED_EDGE('',*,*,#9978,.T.);
#9978=EDGE_CURVE('',#9962,#8519,#9979,.T.);
#9979=LINE('',#9963,#82);
#9980=ORIENTED_EDGE('',*,*,#9265,.F.);
#9981=PLANE('',#9982);
#9982=AXIS2_PLACEMENT_3D('',#9983,#4953,#4243);
#9983=CARTESIAN_POINT('',(-0.289603725236,4.654138834603,-1.381138061158));
#9984=ADVANCED_FACE('',(#9985),#9992,.T.);
#9985=FACE_BOUND('',#9986,.T.);
#9986=EDGE_LOOP('',(#9987,#9988,#9989));
#9987=ORIENTED_EDGE('',*,*,#9277,.F.);
#9988=ORIENTED_EDGE('',*,*,#9978,.F.);
#9989=ORIENTED_EDGE('',*,*,#9990,.T.);
#9990=EDGE_CURVE('',#9962,#9278,#9991,.T.);
#9991=LINE('',#9963,#4346);
#9992=PLANE('',#9993);
#9993=AXIS2_PLACEMENT_3D('',#9994,#4351,#4257);
#9994=CARTESIAN_POINT('',(-0.172126404276,4.622660828562,-1.268861846195));
#9995=ADVANCED_FACE('',(#9996),#10008,.T.);
#9996=FACE_BOUND('',#9997,.T.);
#9997=EDGE_LOOP('',(#9998,#10004,#10007));
#9998=ORIENTED_EDGE('',*,*,#9999,.T.);
#9999=EDGE_CURVE('',#8535,#10000,#10002,.T.);
#10000=VERTEX_POINT('',#10001);
#10001=CARTESIAN_POINT('',(0.414110481739,1.545481324196,9.6858000731E-08));
#10002=LINE('',#8536,#10003);
#10003=VECTOR('',#7337,1.);
#10004=ORIENTED_EDGE('',*,*,#10005,.T.);
#10005=EDGE_CURVE('',#10000,#9294,#10006,.T.);
#10006=LINE('',#10001,#54);
#10007=ORIENTED_EDGE('',*,*,#9299,.F.);
#10008=PLANE('',#10009);
#10009=AXIS2_PLACEMENT_3D('',#10010,#6435,#7337);
#10010=CARTESIAN_POINT('',(0.302474081593,1.560178540609,-1.228757744072));
#10011=ADVANCED_FACE('',(#10012),#10021,.T.);
#10012=FACE_BOUND('',#10013,.T.);
#10013=EDGE_LOOP('',(#10014,#10015,#10020));
#10014=ORIENTED_EDGE('',*,*,#9293,.F.);
#10015=ORIENTED_EDGE('',*,*,#10016,.T.);
#10016=EDGE_CURVE('',#9294,#9322,#10017,.T.);
#10017=LINE('',#9295,#10018);
#10018=VECTOR('',#10019,1.);
#10019=DIRECTION('',(-0.115747395438,-0.431975087434,-0.894427226937));
#10020=ORIENTED_EDGE('',*,*,#9329,.F.);
#10021=PLANE('',#10022);
#10022=AXIS2_PLACEMENT_3D('',#10023,#10024,#10025);
#10023=CARTESIAN_POINT('',(0.250723858352,1.506277461369,-2.771428277901));
#10024=DIRECTION('',(0.116945634416,0.888289950413,-0.444144889181));
#10025=DIRECTION('',(2.93029489562E-14,0.447213526204,0.894427225648));
#10026=ADVANCED_FACE('',(#10027),#10038,.T.);
#10027=FACE_BOUND('',#10028,.T.);
#10028=EDGE_LOOP('',(#10029,#10030,#10035));
#10029=ORIENTED_EDGE('',*,*,#9312,.F.);
#10030=ORIENTED_EDGE('',*,*,#10031,.T.);
#10031=EDGE_CURVE('',#9278,#10032,#10034,.T.);
#10032=VERTEX_POINT('',#10033);
#10033=CARTESIAN_POINT('',(0.232937142253,4.630666732788,9.6858000731E-08));
#10034=LINE('',#9279,#3870);
#10035=ORIENTED_EDGE('',*,*,#10036,.T.);
#10036=EDGE_CURVE('',#10032,#8535,#10037,.T.);
#10037=LINE('',#10033,#7764);
#10038=PLANE('',#10039);
#10039=AXIS2_PLACEMENT_3D('',#10040,#55,#199);
#10040=CARTESIAN_POINT('',(6.078241530526E-02,3.164168811403,9.6858000731E-08));
#10041=ADVANCED_FACE('',(#10042),#10049,.T.);
#10042=FACE_BOUND('',#10043,.T.);
#10043=EDGE_LOOP('',(#10044,#10045,#10046));
#10044=ORIENTED_EDGE('',*,*,#9344,.F.);
#10045=ORIENTED_EDGE('',*,*,#9321,.F.);
#10046=ORIENTED_EDGE('',*,*,#10047,.T.);
#10047=EDGE_CURVE('',#9322,#8579,#10048,.T.);
#10048=LINE('',#9323,#8569);
#10049=PLANE('',#10050);
#10050=AXIS2_PLACEMENT_3D('',#10051,#55,#199);
#10051=CARTESIAN_POINT('',(9.75041983557E-02,7.481762034412E-02,-3.));
#10052=ADVANCED_FACE('',(#10053),#10068,.T.);
#10053=FACE_BOUND('',#10054,.T.);
#10054=EDGE_LOOP('',(#10055,#10062,#10067));
#10055=ORIENTED_EDGE('',*,*,#10056,.T.);
#10056=EDGE_CURVE('',#8579,#10057,#10059,.T.);
#10057=VERTEX_POINT('',#10058);
#10058=CARTESIAN_POINT('',(0.368817150593,-1.376444339752,-3.));
#10059=LINE('',#8580,#10060);
#10060=VECTOR('',#10061,1.);
#10061=DIRECTION('',(0.991444891453,0.130525963748,0.));
#10062=ORIENTED_EDGE('',*,*,#10063,.T.);
#10063=EDGE_CURVE('',#10057,#9354,#10064,.T.);
#10064=LINE('',#10058,#10065);
#10065=VECTOR('',#10066,1.);
#10066=DIRECTION('',(0.115747395438,-0.431975087434,0.894427226937));
#10067=ORIENTED_EDGE('',*,*,#9359,.F.);
#10068=PLANE('',#10069);
#10069=AXIS2_PLACEMENT_3D('',#10070,#10071,#10072);
#10070=CARTESIAN_POINT('',(0.255386684269,-1.454195114156,-2.874365172834));
#10071=DIRECTION('',(0.116945387448,-0.888289989475,-0.444144876086));
#10072=DIRECTION('',(5.579564588132E-14,0.447213499923,-0.894427238788));
#10073=ADVANCED_FACE('',(#10074),#10083,.T.);
#10074=FACE_BOUND('',#10075,.T.);
#10075=EDGE_LOOP('',(#10076,#10077,#10078));
#10076=ORIENTED_EDGE('',*,*,#9675,.F.);
#10077=ORIENTED_EDGE('',*,*,#9373,.F.);
#10078=ORIENTED_EDGE('',*,*,#10079,.T.);
#10079=EDGE_CURVE('',#9354,#8156,#10080,.T.);
#10080=LINE('',#9355,#10081);
#10081=VECTOR('',#10082,1.);
#10082=DIRECTION('',(0.143842904073,5.958169142158E-02,0.987805264713));
#10083=PLANE('',#10084);
#10084=AXIS2_PLACEMENT_3D('',#10085,#3002,#3270);
#10085=CARTESIAN_POINT('',(0.518139043933,-1.502391275843,-1.228757744036));
#10086=ADVANCED_FACE('',(#10087),#10098,.T.);
#10087=FACE_BOUND('',#10088,.T.);
#10088=EDGE_LOOP('',(#10089,#10094,#10095));
#10089=ORIENTED_EDGE('',*,*,#10090,.T.);
#10090=EDGE_CURVE('',#10091,#9384,#10093,.T.);
#10091=VERTEX_POINT('',#10092);
#10092=CARTESIAN_POINT('',(0.449999988079,-4.72057723999,9.6858000731E-08));
#10093=LINE('',#10092,#4242);
#10094=ORIENTED_EDGE('',*,*,#9391,.F.);
#10095=ORIENTED_EDGE('',*,*,#10096,.T.);
#10096=EDGE_CURVE('',#8600,#10091,#10097,.T.);
#10097=LINE('',#8601,#7667);
#10098=PLANE('',#10099);
#10099=AXIS2_PLACEMENT_3D('',#10100,#55,#199);
#10100=CARTESIAN_POINT('',(0.377184690635,-3.167408962142,9.6858000731E-08));
#10101=ADVANCED_FACE('',(#10102),#10111,.T.);
#10102=FACE_BOUND('',#10103,.T.);
#10103=EDGE_LOOP('',(#10104,#10105,#10108));
#10104=ORIENTED_EDGE('',*,*,#9400,.F.);
#10105=ORIENTED_EDGE('',*,*,#10106,.T.);
#10106=EDGE_CURVE('',#9384,#8889,#10107,.T.);
#10107=LINE('',#9385,#54);
#10108=ORIENTED_EDGE('',*,*,#10109,.T.);
#10109=EDGE_CURVE('',#8889,#8617,#10110,.T.);
#10110=LINE('',#8890,#4828);
#10111=PLANE('',#10112);
#10112=AXIS2_PLACEMENT_3D('',#10113,#4833,#3856);
#10113=CARTESIAN_POINT('',(0.172126404276,-4.622660828562,-1.268861846195));
#10114=ADVANCED_FACE('',(#10115),#10120,.T.);
#10115=FACE_BOUND('',#10116,.T.);
#10116=EDGE_LOOP('',(#10117,#10118,#10119));
#10117=ORIENTED_EDGE('',*,*,#9622,.F.);
#10118=ORIENTED_EDGE('',*,*,#9412,.F.);
#10119=ORIENTED_EDGE('',*,*,#10109,.F.);
#10120=PLANE('',#10121);
#10121=AXIS2_PLACEMENT_3D('',#10122,#4833,#3856);
#10122=CARTESIAN_POINT('',(6.081073797709E-02,-4.608005808859,-1.381138055457));
#10123=ADVANCED_FACE('',(#10124),#10131,.T.);
#10124=FACE_BOUND('',#10125,.T.);
#10125=EDGE_LOOP('',(#10126,#10127,#10128));
#10126=ORIENTED_EDGE('',*,*,#9475,.F.);
#10127=ORIENTED_EDGE('',*,*,#9491,.F.);
#10128=ORIENTED_EDGE('',*,*,#10129,.T.);
#10129=EDGE_CURVE('',#9485,#9470,#10130,.T.);
#10130=LINE('',#9486,#7835);
#10131=PLANE('',#10132);
#10132=AXIS2_PLACEMENT_3D('',#10133,#55,#199);
#10133=CARTESIAN_POINT('',(0.646211433773,5.502414905432,-3.));
#10134=ADVANCED_FACE('',(#10135),#10150,.T.);
#10135=FACE_BOUND('',#10136,.T.);
#10136=EDGE_LOOP('',(#10137,#10138,#10145));
#10137=ORIENTED_EDGE('',*,*,#9469,.F.);
#10138=ORIENTED_EDGE('',*,*,#10139,.T.);
#10139=EDGE_CURVE('',#9470,#10140,#10142,.T.);
#10140=VERTEX_POINT('',#10141);
#10141=CARTESIAN_POINT('',(0.779422879219,5.050000190735,-2.64999999851));
#10142=LINE('',#9471,#10143);
#10143=VECTOR('',#10144,1.);
#10144=DIRECTION('',(0.387298460369,-0.223605866537,0.894427369352));
#10145=ORIENTED_EDGE('',*,*,#10146,.T.);
#10146=EDGE_CURVE('',#10140,#8750,#10147,.T.);
#10147=LINE('',#10141,#10148);
#10148=VECTOR('',#10149,1.);
#10149=DIRECTION('',(-0.600140966203,-0.140946570779,-0.787378488956));
#10150=PLANE('',#10151);
#10151=AXIS2_PLACEMENT_3D('',#10152,#6363,#6364);
#10152=CARTESIAN_POINT('',(0.6540378141,5.055410636285,-2.857310400297));
#10153=ADVANCED_FACE('',(#10154),#10161,.T.);
#10154=FACE_BOUND('',#10155,.T.);
#10155=EDGE_LOOP('',(#10156,#10159,#10160));
#10156=ORIENTED_EDGE('',*,*,#10157,.T.);
#10157=EDGE_CURVE('',#10140,#9505,#10158,.T.);
#10158=LINE('',#10141,#5076);
#10159=ORIENTED_EDGE('',*,*,#9504,.F.);
#10160=ORIENTED_EDGE('',*,*,#10146,.F.);
#10161=PLANE('',#10162);
#10162=AXIS2_PLACEMENT_3D('',#10163,#5560,#5561);
#10163=CARTESIAN_POINT('',(0.633479019484,4.971039012876,-2.786601766906));
#10164=ADVANCED_FACE('',(#10165),#10172,.T.);
#10165=FACE_BOUND('',#10166,.T.);
#10166=EDGE_LOOP('',(#10167,#10170,#10171));
#10167=ORIENTED_EDGE('',*,*,#10168,.T.);
#10168=EDGE_CURVE('',#9505,#9524,#10169,.T.);
#10169=LINE('',#9506,#5804);
#10170=ORIENTED_EDGE('',*,*,#9523,.F.);
#10171=ORIENTED_EDGE('',*,*,#9511,.F.);
#10172=PLANE('',#10173);
#10173=AXIS2_PLACEMENT_3D('',#10174,#5539,#5540);
#10174=CARTESIAN_POINT('',(0.474988548155,4.825106364599,-2.786601756816));
#10175=ADVANCED_FACE('',(#10176),#10183,.T.);
#10176=FACE_BOUND('',#10177,.T.);
#10177=EDGE_LOOP('',(#10178,#10181,#10182));
#10178=ORIENTED_EDGE('',*,*,#10179,.T.);
#10179=EDGE_CURVE('',#9524,#9544,#10180,.T.);
#10180=LINE('',#9525,#5460);
#10181=ORIENTED_EDGE('',*,*,#9543,.F.);
#10182=ORIENTED_EDGE('',*,*,#9530,.F.);
#10183=PLANE('',#10184);
#10184=AXIS2_PLACEMENT_3D('',#10185,#5518,#10186);
#10185=CARTESIAN_POINT('',(0.28412836867,4.725166687763,-2.786601760203));
#10186=DIRECTION('',(5.137557046453E-14,0.472804267716,-0.881167478082));
#10187=ADVANCED_FACE('',(#10188),#10195,.T.);
#10188=FACE_BOUND('',#10189,.T.);
#10189=EDGE_LOOP('',(#10190,#10193,#10194));
#10190=ORIENTED_EDGE('',*,*,#10191,.T.);
#10191=EDGE_CURVE('',#9544,#9605,#10192,.T.);
#10192=LINE('',#9545,#4806);
#10193=ORIENTED_EDGE('',*,*,#9604,.F.);
#10194=ORIENTED_EDGE('',*,*,#9550,.F.);
#10195=PLANE('',#10196);
#10196=AXIS2_PLACEMENT_3D('',#10197,#5719,#5720);
#10197=CARTESIAN_POINT('',(7.390531740519E-02,4.67803070806,-2.786601772387));
#10198=ADVANCED_FACE('',(#10199),#10214,.T.);
#10199=FACE_BOUND('',#10200,.T.);
#10200=EDGE_LOOP('',(#10201,#10208,#10213));
#10201=ORIENTED_EDGE('',*,*,#10202,.T.);
#10202=EDGE_CURVE('',#8817,#10203,#10205,.T.);
#10203=VERTEX_POINT('',#10204);
#10204=CARTESIAN_POINT('',(0.725000023842,5.5,-3.));
#10205=LINE('',#8818,#10206);
#10206=VECTOR('',#10207,1.);
#10207=DIRECTION('',(-0.447213496492,0.,-0.894427240504));
#10208=ORIENTED_EDGE('',*,*,#10209,.T.);
#10209=EDGE_CURVE('',#10203,#9485,#10210,.T.);
#10210=LINE('',#10204,#10211);
#10211=VECTOR('',#10212,1.);
#10212=DIRECTION('',(-0.130526185916,0.991444862204,0.));
#10213=ORIENTED_EDGE('',*,*,#9564,.F.);
#10214=PLANE('',#10215);
#10215=AXIS2_PLACEMENT_3D('',#10216,#8133,#8134);
#10216=CARTESIAN_POINT('',(0.788708031208,5.558006872749,-2.857310447181));
#10217=ADVANCED_FACE('',(#10218),#10233,.T.);
#10218=FACE_BOUND('',#10219,.T.);
#10219=EDGE_LOOP('',(#10220,#10227,#10228));
#10220=ORIENTED_EDGE('',*,*,#10221,.T.);
#10221=EDGE_CURVE('',#10222,#9575,#10224,.T.);
#10222=VERTEX_POINT('',#10223);
#10223=CARTESIAN_POINT('',(0.800000011921,1.385640621185,9.6858000731E-08));
#10224=LINE('',#10223,#10225);
#10225=VECTOR('',#10226,1.);
#10226=DIRECTION('',(1.785999968495E-02,0.999840497485,0.));
#10227=ORIENTED_EDGE('',*,*,#9574,.F.);
#10228=ORIENTED_EDGE('',*,*,#10229,.T.);
#10229=EDGE_CURVE('',#7123,#10222,#10230,.T.);
#10230=LINE('',#7124,#10231);
#10231=VECTOR('',#10232,1.);
#10232=DIRECTION('',(-2.429793588762E-02,-0.999704761573,0.));
#10233=PLANE('',#10234);
#10234=AXIS2_PLACEMENT_3D('',#10235,#55,#199);
#10235=CARTESIAN_POINT('',(0.843758938551,3.443285379311,9.6858000731E-08));
#10236=ADVANCED_FACE('',(#10237),#10248,.T.);
#10237=FACE_BOUND('',#10238,.T.);
#10238=EDGE_LOOP('',(#10239,#10244,#10247));
#10239=ORIENTED_EDGE('',*,*,#10240,.T.);
#10240=EDGE_CURVE('',#9575,#10241,#10243,.T.);
#10241=VERTEX_POINT('',#10242);
#10242=CARTESIAN_POINT('',(0.869333267212,5.267062664032,-2.64999999851));
#10243=LINE('',#9576,#54);
#10244=ORIENTED_EDGE('',*,*,#10245,.T.);
#10245=EDGE_CURVE('',#10241,#8817,#10246,.T.);
#10246=LINE('',#10242,#4928);
#10247=ORIENTED_EDGE('',*,*,#9579,.F.);
#10248=PLANE('',#10249);
#10249=AXIS2_PLACEMENT_3D('',#10250,#5600,#4929);
#10250=CARTESIAN_POINT('',(0.877339140571,5.327873454508,-1.381138095684));
#10251=ADVANCED_FACE('',(#10252),#10261,.T.);
#10252=FACE_BOUND('',#10253,.T.);
#10253=EDGE_LOOP('',(#10254,#10257,#10260));
#10254=ORIENTED_EDGE('',*,*,#10255,.T.);
#10255=EDGE_CURVE('',#9605,#9962,#10256,.T.);
#10256=LINE('',#9606,#4256);
#10257=ORIENTED_EDGE('',*,*,#10258,.T.);
#10258=EDGE_CURVE('',#9962,#8845,#10259,.T.);
#10259=LINE('',#9963,#5659);
#10260=ORIENTED_EDGE('',*,*,#9611,.F.);
#10261=PLANE('',#10262);
#10262=AXIS2_PLACEMENT_3D('',#10263,#5669,#5670);
#10263=CARTESIAN_POINT('',(-0.141354248805,4.686910415648,-2.786601764235));
#10264=ADVANCED_FACE('',(#10265),#10274,.T.);
#10265=FACE_BOUND('',#10266,.T.);
#10266=EDGE_LOOP('',(#10267,#10268,#10269));
#10267=ORIENTED_EDGE('',*,*,#9633,.F.);
#10268=ORIENTED_EDGE('',*,*,#10106,.F.);
#10269=ORIENTED_EDGE('',*,*,#10270,.T.);
#10270=EDGE_CURVE('',#9384,#8908,#10271,.T.);
#10271=LINE('',#9385,#10272);
#10272=VECTOR('',#10273,1.);
#10273=DIRECTION('',(8.159046277017E-02,-3.379592607203E-02,-0.996092782709));
#10274=PLANE('',#10275);
#10275=AXIS2_PLACEMENT_3D('',#10276,#4778,#4366);
#10276=CARTESIAN_POINT('',(0.289603725236,-4.654138834603,-1.381138061158));
#10277=ADVANCED_FACE('',(#10278),#10287,.T.);
#10278=FACE_BOUND('',#10279,.T.);
#10279=EDGE_LOOP('',(#10280,#10281,#10284));
#10280=ORIENTED_EDGE('',*,*,#9644,.F.);
#10281=ORIENTED_EDGE('',*,*,#10282,.T.);
#10282=EDGE_CURVE('',#8908,#10091,#10283,.T.);
#10283=LINE('',#8909,#82);
#10284=ORIENTED_EDGE('',*,*,#10285,.T.);
#10285=EDGE_CURVE('',#10091,#9645,#10286,.T.);
#10286=LINE('',#10092,#5407);
#10287=PLANE('',#10288);
#10288=AXIS2_PLACEMENT_3D('',#10289,#5412,#4990);
#10289=CARTESIAN_POINT('',(0.498660694212,-4.757915927135,-1.381138065859));
#10290=ADVANCED_FACE('',(#10291),#10304,.T.);
#10291=FACE_BOUND('',#10292,.T.);
#10292=EDGE_LOOP('',(#10293,#10298,#10303));
#10293=ORIENTED_EDGE('',*,*,#10294,.T.);
#10294=EDGE_CURVE('',#8951,#10295,#10297,.T.);
#10295=VERTEX_POINT('',#10296);
#10296=CARTESIAN_POINT('',(0.636396110058,-4.863604068756,9.6858000731E-08));
#10297=LINE('',#8952,#5446);
#10298=ORIENTED_EDGE('',*,*,#10299,.T.);
#10299=EDGE_CURVE('',#10295,#8600,#10300,.T.);
#10300=LINE('',#10296,#10301);
#10301=VECTOR('',#10302,1.);
#10302=DIRECTION('',(-6.684156261282E-02,0.997763602016,0.));
#10303=ORIENTED_EDGE('',*,*,#9670,.F.);
#10304=PLANE('',#10305);
#10305=AXIS2_PLACEMENT_3D('',#10306,#55,#199);
#10306=CARTESIAN_POINT('',(0.566881174796,-3.309013464446,9.6858000731E-08));
#10307=ADVANCED_FACE('',(#10308),#10315,.T.);
#10308=FACE_BOUND('',#10309,.T.);
#10309=EDGE_LOOP('',(#10310,#10313,#10314));
#10310=ORIENTED_EDGE('',*,*,#10311,.T.);
#10311=EDGE_CURVE('',#9354,#9687,#10312,.T.);
#10312=LINE('',#9355,#6795);
#10313=ORIENTED_EDGE('',*,*,#9686,.F.);
#10314=ORIENTED_EDGE('',*,*,#10079,.F.);
#10315=PLANE('',#10316);
#10316=AXIS2_PLACEMENT_3D('',#10317,#3002,#3270);
#10317=CARTESIAN_POINT('',(0.695971449727,-1.428730669538,-1.421242157616));
#10318=ADVANCED_FACE('',(#10319),#10326,.T.);
#10319=FACE_BOUND('',#10320,.T.);
#10320=EDGE_LOOP('',(#10321,#10324,#10325));
#10321=ORIENTED_EDGE('',*,*,#10322,.T.);
#10322=EDGE_CURVE('',#9687,#9826,#10323,.T.);
#10323=LINE('',#9688,#8969);
#10324=ORIENTED_EDGE('',*,*,#9825,.F.);
#10325=ORIENTED_EDGE('',*,*,#9691,.F.);
#10326=PLANE('',#10327);
#10327=AXIS2_PLACEMENT_3D('',#10328,#3292,#3674);
#10328=CARTESIAN_POINT('',(1.042039540634,-1.199917237467,-1.421242151818));
#10329=ADVANCED_FACE('',(#10330),#10337,.T.);
#10330=FACE_BOUND('',#10331,.T.);
#10331=EDGE_LOOP('',(#10332,#10335,#10336));
#10332=ORIENTED_EDGE('',*,*,#10333,.T.);
#10333=EDGE_CURVE('',#9645,#10295,#10334,.T.);
#10334=LINE('',#9646,#82);
#10335=ORIENTED_EDGE('',*,*,#10294,.F.);
#10336=ORIENTED_EDGE('',*,*,#9704,.F.);
#10337=PLANE('',#10338);
#10338=AXIS2_PLACEMENT_3D('',#10339,#6237,#5447);
#10339=CARTESIAN_POINT('',(0.673734781399,-4.912264774571,-1.268861844063));
#10340=ADVANCED_FACE('',(#10341),#10350,.T.);
#10341=FACE_BOUND('',#10342,.T.);
#10342=EDGE_LOOP('',(#10343,#10344,#10347));
#10343=ORIENTED_EDGE('',*,*,#9715,.F.);
#10344=ORIENTED_EDGE('',*,*,#10345,.T.);
#10345=EDGE_CURVE('',#9716,#9012,#10346,.T.);
#10346=LINE('',#9717,#4627);
#10347=ORIENTED_EDGE('',*,*,#10348,.T.);
#10348=EDGE_CURVE('',#9012,#8992,#10349,.T.);
#10349=LINE('',#9013,#345);
#10350=PLANE('',#10351);
#10351=AXIS2_PLACEMENT_3D('',#10352,#55,#199);
#10352=CARTESIAN_POINT('',(1.329127710096,-0.176587954613,-3.));
#10353=ADVANCED_FACE('',(#10354),#10359,.T.);
#10354=FACE_BOUND('',#10355,.T.);
#10355=EDGE_LOOP('',(#10356,#10357,#10358));
#10356=ORIENTED_EDGE('',*,*,#9758,.F.);
#10357=ORIENTED_EDGE('',*,*,#9736,.F.);
#10358=ORIENTED_EDGE('',*,*,#10348,.F.);
#10359=PLANE('',#10360);
#10360=AXIS2_PLACEMENT_3D('',#10361,#55,#199);
#10361=CARTESIAN_POINT('',(1.388635390776,0.,-3.));
#10362=ADVANCED_FACE('',(#10363),#10370,.T.);
#10363=FACE_BOUND('',#10364,.T.);
#10364=EDGE_LOOP('',(#10365,#10368,#10369));
#10365=ORIENTED_EDGE('',*,*,#10366,.T.);
#10366=EDGE_CURVE('',#9716,#9774,#10367,.T.);
#10367=LINE('',#9717,#189);
#10368=ORIENTED_EDGE('',*,*,#9773,.F.);
#10369=ORIENTED_EDGE('',*,*,#10345,.F.);
#10370=PLANE('',#10371);
#10371=AXIS2_PLACEMENT_3D('',#10372,#55,#199);
#10372=CARTESIAN_POINT('',(1.270139697754,4.746541830688E-03,-3.));
#10373=ADVANCED_FACE('',(#10374),#10383,.T.);
#10374=FACE_BOUND('',#10375,.T.);
#10375=EDGE_LOOP('',(#10376,#10381,#10382));
#10376=ORIENTED_EDGE('',*,*,#10377,.T.);
#10377=EDGE_CURVE('',#9774,#9795,#10378,.T.);
#10378=LINE('',#9775,#10379);
#10379=VECTOR('',#10380,1.);
#10380=DIRECTION('',(0.38729836803,0.223606879466,0.894427156104));
#10381=ORIENTED_EDGE('',*,*,#9794,.F.);
#10382=ORIENTED_EDGE('',*,*,#9780,.F.);
#10383=PLANE('',#10384);
#10384=AXIS2_PLACEMENT_3D('',#10385,#10386,#10387);
#10385=CARTESIAN_POINT('',(1.390060148457,0.6320339332,-2.771428279342));
#10386=DIRECTION('',(0.827754380647,0.342867146616,-0.444145027093));
#10387=DIRECTION('',(0.472804595684,-8.365530490551E-14,0.881167302106));
#10388=ADVANCED_FACE('',(#10389),#10404,.T.);
#10389=FACE_BOUND('',#10390,.T.);
#10390=EDGE_LOOP('',(#10391,#10398,#10399));
#10391=ORIENTED_EDGE('',*,*,#10392,.T.);
#10392=EDGE_CURVE('',#10393,#9716,#10395,.T.);
#10393=VERTEX_POINT('',#10394);
#10394=CARTESIAN_POINT('',(1.007627129555,-1.007627129555,-3.));
#10395=LINE('',#10394,#10396);
#10396=VECTOR('',#10397,1.);
#10397=DIRECTION('',(0.608761423341,0.79335334464,0.));
#10398=ORIENTED_EDGE('',*,*,#9811,.F.);
#10399=ORIENTED_EDGE('',*,*,#10400,.T.);
#10400=EDGE_CURVE('',#9044,#10393,#10401,.T.);
#10401=LINE('',#9045,#10402);
#10402=VECTOR('',#10403,1.);
#10403=DIRECTION('',(-0.68057728378,-0.373812847655,-0.630141663224));
#10404=PLANE('',#10405);
#10405=AXIS2_PLACEMENT_3D('',#10406,#10407,#10408);
#10406=CARTESIAN_POINT('',(1.208856851573,-0.847685560579,-2.874365171376));
#10407=DIRECTION('',(0.710808818376,-0.545422781565,-0.444145036074));
#10408=DIRECTION('',(0.608761423341,0.79335334464,3.708977569516E-13));
#10409=ADVANCED_FACE('',(#10410),#10419,.T.);
#10410=FACE_BOUND('',#10411,.T.);
#10411=EDGE_LOOP('',(#10412,#10413,#10418));
#10412=ORIENTED_EDGE('',*,*,#9830,.F.);
#10413=ORIENTED_EDGE('',*,*,#10414,.T.);
#10414=EDGE_CURVE('',#9826,#10393,#10415,.T.);
#10415=LINE('',#9827,#10416);
#10416=VECTOR('',#10417,1.);
#10417=DIRECTION('',(-0.316227940348,0.316227940348,-0.894427067729));
#10418=ORIENTED_EDGE('',*,*,#10400,.F.);
#10419=PLANE('',#10420);
#10420=AXIS2_PLACEMENT_3D('',#10421,#10422,#10423);
#10421=CARTESIAN_POINT('',(1.179112589358,-0.970271958301,-2.771428282548));
#10422=DIRECTION('',(0.710808863149,-0.545422592512,-0.444145196581));
#10423=DIRECTION('',(0.608761266396,0.793353465068,2.556843625712E-13));
#10424=ADVANCED_FACE('',(#10425),#10432,.T.);
#10425=FACE_BOUND('',#10426,.T.);
#10426=EDGE_LOOP('',(#10427,#10428,#10431));
#10427=ORIENTED_EDGE('',*,*,#9846,.F.);
#10428=ORIENTED_EDGE('',*,*,#10429,.T.);
#10429=EDGE_CURVE('',#9841,#10222,#10430,.T.);
#10430=LINE('',#9842,#4146);
#10431=ORIENTED_EDGE('',*,*,#10229,.F.);
#10432=PLANE('',#10433);
#10433=AXIS2_PLACEMENT_3D('',#10434,#55,#199);
#10434=CARTESIAN_POINT('',(0.936792962681,3.277964607598,9.6858000731E-08));
#10435=ADVANCED_FACE('',(#10436),#10449,.T.);
#10436=FACE_BOUND('',#10437,.T.);
#10437=EDGE_LOOP('',(#10438,#10443,#10444));
#10438=ORIENTED_EDGE('',*,*,#10439,.T.);
#10439=EDGE_CURVE('',#10440,#9841,#10442,.T.);
#10440=VERTEX_POINT('',#10441);
#10441=CARTESIAN_POINT('',(1.131370902061,1.131370902061,-2.64999999851));
#10442=LINE('',#10441,#82);
#10443=ORIENTED_EDGE('',*,*,#9840,.F.);
#10444=ORIENTED_EDGE('',*,*,#10445,.T.);
#10445=EDGE_CURVE('',#9073,#10440,#10446,.T.);
#10446=LINE('',#9074,#10447);
#10447=VECTOR('',#10448,1.);
#10448=DIRECTION('',(-9.478073908268E-02,0.123520716451,-0.987805266288));
#10449=PLANE('',#10450);
#10450=AXIS2_PLACEMENT_3D('',#10451,#4578,#4577);
#10451=CARTESIAN_POINT('',(1.199917237467,1.042039540634,-1.228757749834));
#10452=ADVANCED_FACE('',(#10453),#10460,.T.);
#10453=FACE_BOUND('',#10454,.T.);
#10454=EDGE_LOOP('',(#10455,#10456,#10459));
#10455=ORIENTED_EDGE('',*,*,#9858,.F.);
#10456=ORIENTED_EDGE('',*,*,#10457,.T.);
#10457=EDGE_CURVE('',#9795,#10440,#10458,.T.);
#10458=LINE('',#9796,#9844);
#10459=ORIENTED_EDGE('',*,*,#10445,.F.);
#10460=PLANE('',#10461);
#10461=AXIS2_PLACEMENT_3D('',#10462,#4578,#4577);
#10462=CARTESIAN_POINT('',(1.31709428578,0.889331373348,-1.421242151818));
#10463=ADVANCED_FACE('',(#10464),#10479,.T.);
#10464=FACE_BOUND('',#10465,.T.);
#10465=EDGE_LOOP('',(#10466,#10473,#10474));
#10466=ORIENTED_EDGE('',*,*,#10467,.T.);
#10467=EDGE_CURVE('',#10468,#9870,#10470,.T.);
#10468=VERTEX_POINT('',#10469);
#10469=CARTESIAN_POINT('',(3.5,-4.48038482666,9.6858000731E-08));
#10470=LINE('',#10469,#10471);
#10471=VECTOR('',#10472,1.);
#10472=DIRECTION('',(-0.793353041425,-0.608761818498,0.));
#10473=ORIENTED_EDGE('',*,*,#9877,.F.);
#10474=ORIENTED_EDGE('',*,*,#10475,.T.);
#10475=EDGE_CURVE('',#3070,#10468,#10476,.T.);
#10476=LINE('',#3071,#10477);
#10477=VECTOR('',#10478,1.);
#10478=DIRECTION('',(0.130675525903,-0.99142518978,0.));
#10479=PLANE('',#10480);
#10480=AXIS2_PLACEMENT_3D('',#10481,#55,#199);
#10481=CARTESIAN_POINT('',(2.723683230938,1.147300040288,9.6858000731E-08));
#10482=ADVANCED_FACE('',(#10483),#10492,.T.);
#10483=FACE_BOUND('',#10484,.T.);
#10484=EDGE_LOOP('',(#10485,#10486,#10487));
#10485=ORIENTED_EDGE('',*,*,#9903,.F.);
#10486=ORIENTED_EDGE('',*,*,#9869,.F.);
#10487=ORIENTED_EDGE('',*,*,#10488,.T.);
#10488=EDGE_CURVE('',#9870,#9122,#10489,.T.);
#10489=LINE('',#9871,#10490);
#10490=VECTOR('',#10491,1.);
#10491=DIRECTION('',(-0.130526240107,-0.991444855069,0.));
#10492=PLANE('',#10493);
#10493=AXIS2_PLACEMENT_3D('',#10494,#55,#199);
#10494=CARTESIAN_POINT('',(3.308825292888,-4.931338667934,9.6858000731E-08));
#10495=ADVANCED_FACE('',(#10496),#10503,.T.);
#10496=FACE_BOUND('',#10497,.T.);
#10497=EDGE_LOOP('',(#10498,#10499,#10500));
#10498=ORIENTED_EDGE('',*,*,#9913,.F.);
#10499=ORIENTED_EDGE('',*,*,#10488,.F.);
#10500=ORIENTED_EDGE('',*,*,#10501,.T.);
#10501=EDGE_CURVE('',#9870,#9914,#10502,.T.);
#10502=LINE('',#9871,#345);
#10503=PLANE('',#10504);
#10504=AXIS2_PLACEMENT_3D('',#10505,#55,#199);
#10505=CARTESIAN_POINT('',(3.351367824428,-5.006529450352,9.6858000731E-08));
#10506=ADVANCED_FACE('',(#10507),#10522,.T.);
#10507=FACE_BOUND('',#10508,.T.);
#10508=EDGE_LOOP('',(#10509,#10510,#10517));
#10509=ORIENTED_EDGE('',*,*,#9920,.F.);
#10510=ORIENTED_EDGE('',*,*,#10511,.T.);
#10511=EDGE_CURVE('',#9914,#10512,#10514,.T.);
#10512=VERTEX_POINT('',#10513);
#10513=CARTESIAN_POINT('',(3.5,-5.51961517334,9.6858000731E-08));
#10514=LINE('',#9915,#10515);
#10515=VECTOR('',#10516,1.);
#10516=DIRECTION('',(0.793353041425,-0.608761818498,0.));
#10517=ORIENTED_EDGE('',*,*,#10518,.T.);
#10518=EDGE_CURVE('',#10512,#2846,#10519,.T.);
#10519=LINE('',#10513,#10520);
#10520=VECTOR('',#10521,1.);
#10521=DIRECTION('',(-0.735836918632,-0.677158791701,0.));
#10522=PLANE('',#10523);
#10523=AXIS2_PLACEMENT_3D('',#10524,#55,#199);
#10524=CARTESIAN_POINT('',(2.745819330948,-6.15954000167,9.6858000731E-08));
#10525=ADVANCED_FACE('',(#10526),#10541,.T.);
#10526=FACE_BOUND('',#10527,.T.);
#10527=EDGE_LOOP('',(#10528,#10529,#10536));
#10528=ORIENTED_EDGE('',*,*,#9938,.F.);
#10529=ORIENTED_EDGE('',*,*,#10530,.T.);
#10530=EDGE_CURVE('',#9932,#10531,#10533,.T.);
#10531=VERTEX_POINT('',#10532);
#10532=CARTESIAN_POINT('',(4.379555702209,-4.844708442688,9.6858000731E-08));
#10533=LINE('',#9933,#10534);
#10534=VECTOR('',#10535,1.);
#10535=DIRECTION('',(-0.13052538758,0.991444967306,0.));
#10536=ORIENTED_EDGE('',*,*,#10537,.T.);
#10537=EDGE_CURVE('',#10531,#2622,#10538,.T.);
#10538=LINE('',#10532,#10539);
#10539=VECTOR('',#10540,1.);
#10540=DIRECTION('',(5.275399988388E-02,0.998607538273,0.));
#10541=PLANE('',#10542);
#10542=AXIS2_PLACEMENT_3D('',#10543,#55,#199);
#10543=CARTESIAN_POINT('',(4.692916764799,0.949723232505,9.6858000731E-08));
#10544=ADVANCED_FACE('',(#10545),#10560,.T.);
#10545=FACE_BOUND('',#10546,.T.);
#10546=EDGE_LOOP('',(#10547,#10554,#10559));
#10547=ORIENTED_EDGE('',*,*,#10548,.T.);
#10548=EDGE_CURVE('',#2177,#10549,#10551,.T.);
#10549=VERTEX_POINT('',#10550);
#10550=CARTESIAN_POINT('',(4.379555702209,-5.155291557312,9.6858000731E-08));
#10551=LINE('',#2178,#10552);
#10552=VECTOR('',#10553,1.);
#10553=DIRECTION('',(-0.335059279894,0.942197048901,0.));
#10554=ORIENTED_EDGE('',*,*,#10555,.T.);
#10555=EDGE_CURVE('',#10549,#9932,#10556,.T.);
#10556=LINE('',#10550,#10557);
#10557=VECTOR('',#10558,1.);
#10558=DIRECTION('',(0.13052538758,0.991444967306,0.));
#10559=ORIENTED_EDGE('',*,*,#9931,.F.);
#10560=PLANE('',#10561);
#10561=AXIS2_PLACEMENT_3D('',#10562,#55,#199);
#10562=CARTESIAN_POINT('',(4.683123817354,-5.951785156327,9.6858000731E-08));
#10563=ADVANCED_FACE('',(#10564),#10569,.T.);
#10564=FACE_BOUND('',#10565,.T.);
#10565=EDGE_LOOP('',(#10566,#10567,#10568));
#10566=ORIENTED_EDGE('',*,*,#9950,.F.);
#10567=ORIENTED_EDGE('',*,*,#10258,.F.);
#10568=ORIENTED_EDGE('',*,*,#9967,.F.);
#10569=PLANE('',#10570);
#10570=AXIS2_PLACEMENT_3D('',#10571,#6489,#6490);
#10571=CARTESIAN_POINT('',(-0.260162935664,4.753179660113,-2.857310424856));
#10572=ADVANCED_FACE('',(#10573),#10580,.T.);
#10573=FACE_BOUND('',#10574,.T.);
#10574=EDGE_LOOP('',(#10575,#10576,#10579));
#10575=ORIENTED_EDGE('',*,*,#10255,.F.);
#10576=ORIENTED_EDGE('',*,*,#10577,.T.);
#10577=EDGE_CURVE('',#9605,#9278,#10578,.T.);
#10578=LINE('',#9606,#7750);
#10579=ORIENTED_EDGE('',*,*,#9990,.F.);
#10580=PLANE('',#10581);
#10581=AXIS2_PLACEMENT_3D('',#10582,#4351,#4257);
#10582=CARTESIAN_POINT('',(-6.081073797709E-02,4.608005808859,-1.381138055457));
#10583=ADVANCED_FACE('',(#10584),#10597,.T.);
#10584=FACE_BOUND('',#10585,.T.);
#10585=EDGE_LOOP('',(#10586,#10591,#10592));
#10586=ORIENTED_EDGE('',*,*,#10587,.T.);
#10587=EDGE_CURVE('',#10588,#9294,#10590,.T.);
#10588=VERTEX_POINT('',#10589);
#10589=CARTESIAN_POINT('',(0.800000011921,1.385640621185,-2.64999999851));
#10590=LINE('',#10589,#5267);
#10591=ORIENTED_EDGE('',*,*,#10005,.F.);
#10592=ORIENTED_EDGE('',*,*,#10593,.T.);
#10593=EDGE_CURVE('',#10000,#10588,#10594,.T.);
#10594=LINE('',#10001,#10595);
#10595=VECTOR('',#10596,1.);
#10596=DIRECTION('',(0.143842904073,-5.958169142158E-02,-0.987805264713));
#10597=PLANE('',#10598);
#10598=AXIS2_PLACEMENT_3D('',#10599,#7352,#8232);
#10599=CARTESIAN_POINT('',(0.518139043933,1.502391275843,-1.421242157616));
#10600=ADVANCED_FACE('',(#10601),#10608,.T.);
#10601=FACE_BOUND('',#10602,.T.);
#10602=EDGE_LOOP('',(#10603,#10604,#10605));
#10603=ORIENTED_EDGE('',*,*,#9999,.F.);
#10604=ORIENTED_EDGE('',*,*,#10036,.F.);
#10605=ORIENTED_EDGE('',*,*,#10606,.T.);
#10606=EDGE_CURVE('',#10032,#10000,#10607,.T.);
#10607=LINE('',#10033,#6882);
#10608=PLANE('',#10609);
#10609=AXIS2_PLACEMENT_3D('',#10610,#55,#199);
#10610=CARTESIAN_POINT('',(0.219975394199,3.004065132455,9.6858000731E-08));
#10611=ADVANCED_FACE('',(#10612),#10627,.T.);
#10612=FACE_BOUND('',#10613,.T.);
#10613=EDGE_LOOP('',(#10614,#10621,#10622));
#10614=ORIENTED_EDGE('',*,*,#10615,.T.);
#10615=EDGE_CURVE('',#10616,#9322,#10618,.T.);
#10616=VERTEX_POINT('',#10617);
#10617=CARTESIAN_POINT('',(0.712499976158,1.234086155891,-3.));
#10618=LINE('',#10617,#10619);
#10619=VECTOR('',#10620,1.);
#10620=DIRECTION('',(-0.923879440932,0.382683653456,0.));
#10621=ORIENTED_EDGE('',*,*,#10016,.F.);
#10622=ORIENTED_EDGE('',*,*,#10623,.T.);
#10623=EDGE_CURVE('',#9294,#10616,#10624,.T.);
#10624=LINE('',#9295,#10625);
#10625=VECTOR('',#10626,1.);
#10626=DIRECTION('',(0.537221842807,-0.560637318963,-0.630141641377));
#10627=PLANE('',#10628);
#10628=AXIS2_PLACEMENT_3D('',#10629,#10630,#10631);
#10629=CARTESIAN_POINT('',(0.505926207003,1.387063250178,-2.874365173073));
#10630=DIRECTION('',(0.342867325014,0.827754385867,-0.444144879646));
#10631=DIRECTION('',(-3.955169525227E-14,0.472804471495,0.881167368741));
#10632=ADVANCED_FACE('',(#10633),#10640,.T.);
#10633=FACE_BOUND('',#10634,.T.);
#10634=EDGE_LOOP('',(#10635,#10636,#10637));
#10635=ORIENTED_EDGE('',*,*,#10031,.F.);
#10636=ORIENTED_EDGE('',*,*,#10577,.F.);
#10637=ORIENTED_EDGE('',*,*,#10638,.T.);
#10638=EDGE_CURVE('',#9605,#10032,#10639,.T.);
#10639=LINE('',#9606,#4385);
#10640=PLANE('',#10641);
#10641=AXIS2_PLACEMENT_3D('',#10642,#4390,#4391);
#10642=CARTESIAN_POINT('',(6.081073797709E-02,4.608005808859,-1.268861846195));
#10643=ADVANCED_FACE('',(#10644),#10651,.T.);
#10644=FACE_BOUND('',#10645,.T.);
#10645=EDGE_LOOP('',(#10646,#10647,#10648));
#10646=ORIENTED_EDGE('',*,*,#10056,.F.);
#10647=ORIENTED_EDGE('',*,*,#10047,.F.);
#10648=ORIENTED_EDGE('',*,*,#10649,.T.);
#10649=EDGE_CURVE('',#9322,#10057,#10650,.T.);
#10650=LINE('',#9323,#345);
#10651=PLANE('',#10652);
#10652=AXIS2_PLACEMENT_3D('',#10653,#55,#199);
#10653=CARTESIAN_POINT('',(0.26972170069,-9.909542662616E-02,-3.));
#10654=ADVANCED_FACE('',(#10655),#10664,.T.);
#10655=FACE_BOUND('',#10656,.T.);
#10656=EDGE_LOOP('',(#10657,#10658,#10659));
#10657=ORIENTED_EDGE('',*,*,#10311,.F.);
#10658=ORIENTED_EDGE('',*,*,#10063,.F.);
#10659=ORIENTED_EDGE('',*,*,#10660,.T.);
#10660=EDGE_CURVE('',#10057,#9687,#10661,.T.);
#10661=LINE('',#10058,#10662);
#10662=VECTOR('',#10663,1.);
#10663=DIRECTION('',(0.776303654566,-1.655702841004E-02,0.630141651312));
#10664=PLANE('',#10665);
#10665=AXIS2_PLACEMENT_3D('',#10666,#10667,#10668);
#10666=CARTESIAN_POINT('',(0.536005505772,-1.429836458172,-2.771428277781));
#10667=DIRECTION('',(0.34286717297,-0.827754444269,-0.444144888176));
#10668=DIRECTION('',(-6.075695502261E-14,0.472804452644,-0.881167378856));
#10669=ADVANCED_FACE('',(#10670),#10677,.T.);
#10670=FACE_BOUND('',#10671,.T.);
#10671=EDGE_LOOP('',(#10672,#10675,#10676));
#10672=ORIENTED_EDGE('',*,*,#10673,.T.);
#10673=EDGE_CURVE('',#10295,#10091,#10674,.T.);
#10674=LINE('',#10296,#4792);
#10675=ORIENTED_EDGE('',*,*,#10096,.F.);
#10676=ORIENTED_EDGE('',*,*,#10299,.F.);
#10677=PLANE('',#10678);
#10678=AXIS2_PLACEMENT_3D('',#10679,#55,#199);
#10679=CARTESIAN_POINT('',(0.481945098184,-3.226205062847,9.6858000731E-08));
#10680=ADVANCED_FACE('',(#10681),#10686,.T.);
#10681=FACE_BOUND('',#10682,.T.);
#10682=EDGE_LOOP('',(#10683,#10684,#10685));
#10683=ORIENTED_EDGE('',*,*,#10090,.F.);
#10684=ORIENTED_EDGE('',*,*,#10282,.F.);
#10685=ORIENTED_EDGE('',*,*,#10270,.F.);
#10686=PLANE('',#10687);
#10687=AXIS2_PLACEMENT_3D('',#10688,#4778,#4366);
#10688=CARTESIAN_POINT('',(0.393333405096,-4.697105138175,-1.268861840494));
#10689=ADVANCED_FACE('',(#10690),#10701,.T.);
#10690=FACE_BOUND('',#10691,.T.);
#10691=EDGE_LOOP('',(#10692,#10697,#10698));
#10692=ORIENTED_EDGE('',*,*,#10693,.T.);
#10693=EDGE_CURVE('',#10694,#9470,#10696,.T.);
#10694=VERTEX_POINT('',#10695);
#10695=CARTESIAN_POINT('',(0.700296223164,5.312355995178,-3.));
#10696=LINE('',#10695,#6932);
#10697=ORIENTED_EDGE('',*,*,#10129,.F.);
#10698=ORIENTED_EDGE('',*,*,#10699,.T.);
#10699=EDGE_CURVE('',#9485,#10694,#10700,.T.);
#10700=LINE('',#9486,#345);
#10701=PLANE('',#10702);
#10702=AXIS2_PLACEMENT_3D('',#10703,#55,#199);
#10703=CARTESIAN_POINT('',(0.676222867132,5.410157001611,-3.));
#10704=ADVANCED_FACE('',(#10705),#10714,.T.);
#10705=FACE_BOUND('',#10706,.T.);
#10706=EDGE_LOOP('',(#10707,#10710,#10711));
#10707=ORIENTED_EDGE('',*,*,#10708,.T.);
#10708=EDGE_CURVE('',#10241,#10140,#10709,.T.);
#10709=LINE('',#10242,#4476);
#10710=ORIENTED_EDGE('',*,*,#10139,.F.);
#10711=ORIENTED_EDGE('',*,*,#10712,.T.);
#10712=EDGE_CURVE('',#9470,#10241,#10713,.T.);
#10713=LINE('',#9471,#5576);
#10714=PLANE('',#10715);
#10715=AXIS2_PLACEMENT_3D('',#10716,#5581,#5582);
#10716=CARTESIAN_POINT('',(0.748798939738,5.153019160288,-2.786601812147));
#10717=ADVANCED_FACE('',(#10718),#10731,.T.);
#10718=FACE_BOUND('',#10719,.T.);
#10719=EDGE_LOOP('',(#10720,#10725,#10726));
#10720=ORIENTED_EDGE('',*,*,#10721,.T.);
#10721=EDGE_CURVE('',#10722,#9505,#10724,.T.);
#10722=VERTEX_POINT('',#10723);
#10723=CARTESIAN_POINT('',(0.636396110058,4.863604068756,9.6858000731E-08));
#10724=LINE('',#10723,#54);
#10725=ORIENTED_EDGE('',*,*,#10157,.F.);
#10726=ORIENTED_EDGE('',*,*,#10727,.T.);
#10727=EDGE_CURVE('',#10140,#10722,#10728,.T.);
#10728=LINE('',#10141,#10729);
#10729=VECTOR('',#10730,1.);
#10730=DIRECTION('',(-5.376148205387E-02,-7.006333028035E-02,0.996092783227));
#10731=PLANE('',#10732);
#10732=AXIS2_PLACEMENT_3D('',#10733,#4316,#3833);
#10733=CARTESIAN_POINT('',(0.673734781399,4.912264774571,-1.381138057589));
#10734=ADVANCED_FACE('',(#10735),#10744,.T.);
#10735=FACE_BOUND('',#10736,.T.);
#10736=EDGE_LOOP('',(#10737,#10738,#10739));
#10737=ORIENTED_EDGE('',*,*,#10168,.F.);
#10738=ORIENTED_EDGE('',*,*,#10721,.F.);
#10739=ORIENTED_EDGE('',*,*,#10740,.T.);
#10740=EDGE_CURVE('',#10722,#9524,#10741,.T.);
#10741=LINE('',#10723,#10742);
#10742=VECTOR('',#10743,1.);
#10743=DIRECTION('',(-7.006333019598E-02,-5.376150439357E-02,-0.996092782027));
#10744=PLANE('',#10745);
#10745=AXIS2_PLACEMENT_3D('',#10746,#4284,#4285);
#10746=CARTESIAN_POINT('',(0.587735403925,4.826265381611,-1.381138065859));
#10747=ADVANCED_FACE('',(#10748),#10759,.T.);
#10748=FACE_BOUND('',#10749,.T.);
#10749=EDGE_LOOP('',(#10750,#10751,#10756));
#10750=ORIENTED_EDGE('',*,*,#10179,.F.);
#10751=ORIENTED_EDGE('',*,*,#10752,.T.);
#10752=EDGE_CURVE('',#9524,#10753,#10755,.T.);
#10753=VERTEX_POINT('',#10754);
#10754=CARTESIAN_POINT('',(0.449999988079,4.72057723999,9.6858000731E-08));
#10755=LINE('',#9525,#82);
#10756=ORIENTED_EDGE('',*,*,#10757,.T.);
#10757=EDGE_CURVE('',#10753,#9544,#10758,.T.);
#10758=LINE('',#10754,#4846);
#10759=PLANE('',#10760);
#10760=AXIS2_PLACEMENT_3D('',#10761,#4851,#4852);
#10761=CARTESIAN_POINT('',(0.393333405096,4.697105138175,-1.381138061158));
#10762=ADVANCED_FACE('',(#10763),#10770,.T.);
#10763=FACE_BOUND('',#10764,.T.);
#10764=EDGE_LOOP('',(#10765,#10766,#10769));
#10765=ORIENTED_EDGE('',*,*,#10191,.F.);
#10766=ORIENTED_EDGE('',*,*,#10767,.T.);
#10767=EDGE_CURVE('',#9544,#10032,#10768,.T.);
#10768=LINE('',#9545,#82);
#10769=ORIENTED_EDGE('',*,*,#10638,.F.);
#10770=PLANE('',#10771);
#10771=AXIS2_PLACEMENT_3D('',#10772,#4390,#4391);
#10772=CARTESIAN_POINT('',(0.172126404276,4.622660828562,-1.381138055457));
#10773=ADVANCED_FACE('',(#10774),#10781,.T.);
#10774=FACE_BOUND('',#10775,.T.);
#10775=EDGE_LOOP('',(#10776,#10777,#10780));
#10776=ORIENTED_EDGE('',*,*,#10209,.F.);
#10777=ORIENTED_EDGE('',*,*,#10778,.T.);
#10778=EDGE_CURVE('',#10203,#10694,#10779,.T.);
#10779=LINE('',#10204,#6685);
#10780=ORIENTED_EDGE('',*,*,#10699,.F.);
#10781=PLANE('',#10782);
#10782=AXIS2_PLACEMENT_3D('',#10783,#55,#199);
#10783=CARTESIAN_POINT('',(0.706498704876,5.5,-3.));
#10784=ADVANCED_FACE('',(#10785),#10794,.T.);
#10785=FACE_BOUND('',#10786,.T.);
#10786=EDGE_LOOP('',(#10787,#10788,#10789));
#10787=ORIENTED_EDGE('',*,*,#10778,.F.);
#10788=ORIENTED_EDGE('',*,*,#10202,.F.);
#10789=ORIENTED_EDGE('',*,*,#10790,.T.);
#10790=EDGE_CURVE('',#8817,#10694,#10791,.T.);
#10791=LINE('',#8818,#10792);
#10792=VECTOR('',#10793,1.);
#10793=DIRECTION('',(-0.449264082285,-0.422133837539,-0.787378439871));
#10794=PLANE('',#10795);
#10795=AXIS2_PLACEMENT_3D('',#10796,#7284,#7285);
#10796=CARTESIAN_POINT('',(0.788708031208,5.441993127251,-2.857310447181));
#10797=ADVANCED_FACE('',(#10798),#10811,.T.);
#10798=FACE_BOUND('',#10799,.T.);
#10799=EDGE_LOOP('',(#10800,#10807,#10810));
#10800=ORIENTED_EDGE('',*,*,#10801,.T.);
#10801=EDGE_CURVE('',#10222,#10802,#10804,.T.);
#10802=VERTEX_POINT('',#10803);
#10803=CARTESIAN_POINT('',(0.779422879219,5.050000190735,9.6858000731E-08));
#10804=LINE('',#10223,#10805);
#10805=VECTOR('',#10806,1.);
#10806=DIRECTION('',(-5.615390052058E-03,0.999984233573,0.));
#10807=ORIENTED_EDGE('',*,*,#10808,.T.);
#10808=EDGE_CURVE('',#10802,#9575,#10809,.T.);
#10809=LINE('',#10803,#4326);
#10810=ORIENTED_EDGE('',*,*,#10221,.F.);
#10811=PLANE('',#10812);
#10812=AXIS2_PLACEMENT_3D('',#10813,#55,#199);
#10813=CARTESIAN_POINT('',(0.813185705184,3.330561809755,9.6858000731E-08));
#10814=ADVANCED_FACE('',(#10815),#10824,.T.);
#10815=FACE_BOUND('',#10816,.T.);
#10816=EDGE_LOOP('',(#10817,#10818,#10823));
#10817=ORIENTED_EDGE('',*,*,#10245,.F.);
#10818=ORIENTED_EDGE('',*,*,#10819,.T.);
#10819=EDGE_CURVE('',#10241,#10694,#10820,.T.);
#10820=LINE('',#10242,#10821);
#10821=VECTOR('',#10822,1.);
#10822=DIRECTION('',(-0.431975211331,0.115747387822,-0.894427168085));
#10823=ORIENTED_EDGE('',*,*,#10790,.F.);
#10824=PLANE('',#10825);
#10825=AXIS2_PLACEMENT_3D('',#10826,#6399,#6400);
#10826=CARTESIAN_POINT('',(0.813089485187,5.358645622889,-2.786601748382));
#10827=ADVANCED_FACE('',(#10828),#10837,.T.);
#10828=FACE_BOUND('',#10829,.T.);
#10829=EDGE_LOOP('',(#10830,#10831,#10832));
#10830=ORIENTED_EDGE('',*,*,#10240,.F.);
#10831=ORIENTED_EDGE('',*,*,#10808,.F.);
#10832=ORIENTED_EDGE('',*,*,#10833,.T.);
#10833=EDGE_CURVE('',#10802,#10241,#10834,.T.);
#10834=LINE('',#10803,#10835);
#10835=VECTOR('',#10836,1.);
#10836=DIRECTION('',(3.379588170043E-02,8.159032379812E-02,-0.996092795598));
#10837=PLANE('',#10838);
#10838=AXIS2_PLACEMENT_3D('',#10839,#4907,#4327);
#10839=CARTESIAN_POINT('',(0.845861198161,5.210396182269,-1.268861929336));
#10840=ADVANCED_FACE('',(#10841),#10846,.T.);
#10841=FACE_BOUND('',#10842,.T.);
#10842=EDGE_LOOP('',(#10843,#10844,#10845));
#10843=ORIENTED_EDGE('',*,*,#10673,.F.);
#10844=ORIENTED_EDGE('',*,*,#10333,.F.);
#10845=ORIENTED_EDGE('',*,*,#10285,.F.);
#10846=PLANE('',#10847);
#10847=AXIS2_PLACEMENT_3D('',#10848,#5412,#4990);
#10848=CARTESIAN_POINT('',(0.587735403925,-4.826265381611,-1.268861835793));
#10849=ADVANCED_FACE('',(#10850),#10865,.T.);
#10850=FACE_BOUND('',#10851,.T.);
#10851=EDGE_LOOP('',(#10852,#10853,#10860));
#10852=ORIENTED_EDGE('',*,*,#10322,.F.);
#10853=ORIENTED_EDGE('',*,*,#10854,.T.);
#10854=EDGE_CURVE('',#9687,#10855,#10857,.T.);
#10855=VERTEX_POINT('',#10856);
#10856=CARTESIAN_POINT('',(0.712499976158,-1.234086155891,-3.));
#10857=LINE('',#9688,#10858);
#10858=VECTOR('',#10859,1.);
#10859=DIRECTION('',(-0.223606879466,0.38729836803,-0.894427156104));
#10860=ORIENTED_EDGE('',*,*,#10861,.T.);
#10861=EDGE_CURVE('',#10855,#9826,#10862,.T.);
#10862=LINE('',#10856,#10863);
#10863=VECTOR('',#10864,1.);
#10864=DIRECTION('',(0.754137133715,0.184929013502,0.630141605925));
#10865=PLANE('',#10866);
#10866=AXIS2_PLACEMENT_3D('',#10867,#10868,#10869);
#10867=CARTESIAN_POINT('',(0.887810466265,-1.242387522703,-2.771428283013));
#10868=DIRECTION('',(0.545422638147,-0.710808922622,-0.44414504536));
#10869=DIRECTION('',(-0.793353465068,-0.608761266396,3.945177518005E-13));
#10870=ADVANCED_FACE('',(#10871),#10878,.T.);
#10871=FACE_BOUND('',#10872,.T.);
#10872=EDGE_LOOP('',(#10873,#10874,#10877));
#10873=ORIENTED_EDGE('',*,*,#10392,.F.);
#10874=ORIENTED_EDGE('',*,*,#10875,.T.);
#10875=EDGE_CURVE('',#10393,#9774,#10876,.T.);
#10876=LINE('',#10394,#4642);
#10877=ORIENTED_EDGE('',*,*,#10366,.F.);
#10878=PLANE('',#10879);
#10879=AXIS2_PLACEMENT_3D('',#10880,#55,#199);
#10880=CARTESIAN_POINT('',(1.166539949529,-0.16307096957,-3.));
#10881=ADVANCED_FACE('',(#10882),#10897,.T.);
#10882=FACE_BOUND('',#10883,.T.);
#10883=EDGE_LOOP('',(#10884,#10885,#10892));
#10884=ORIENTED_EDGE('',*,*,#10377,.F.);
#10885=ORIENTED_EDGE('',*,*,#10886,.T.);
#10886=EDGE_CURVE('',#9774,#10887,#10889,.T.);
#10887=VERTEX_POINT('',#10888);
#10888=CARTESIAN_POINT('',(1.007627129555,1.007627129555,-3.));
#10889=LINE('',#9775,#10890);
#10890=VECTOR('',#10891,1.);
#10891=DIRECTION('',(-0.608761423341,0.79335334464,0.));
#10892=ORIENTED_EDGE('',*,*,#10893,.T.);
#10893=EDGE_CURVE('',#10887,#9795,#10894,.T.);
#10894=LINE('',#10888,#10895);
#10895=VECTOR('',#10896,1.);
#10896=DIRECTION('',(0.68057728378,-0.373812847655,0.630141663224));
#10897=PLANE('',#10898);
#10898=AXIS2_PLACEMENT_3D('',#10899,#10900,#10901);
#10899=CARTESIAN_POINT('',(1.208856851573,0.847685560579,-2.874365171376));
#10900=DIRECTION('',(0.710808818376,0.545422781565,-0.444145036074));
#10901=DIRECTION('',(-0.608761423341,0.79335334464,-3.708977569516E-13));
#10902=ADVANCED_FACE('',(#10903),#10912,.T.);
#10903=FACE_BOUND('',#10904,.T.);
#10904=EDGE_LOOP('',(#10905,#10910,#10911));
#10905=ORIENTED_EDGE('',*,*,#10906,.T.);
#10906=EDGE_CURVE('',#10855,#10393,#10907,.T.);
#10907=LINE('',#10856,#10908);
#10908=VECTOR('',#10909,1.);
#10909=DIRECTION('',(0.79335334464,0.608761423341,0.));
#10910=ORIENTED_EDGE('',*,*,#10414,.F.);
#10911=ORIENTED_EDGE('',*,*,#10861,.F.);
#10912=PLANE('',#10913);
#10913=AXIS2_PLACEMENT_3D('',#10914,#10915,#10916);
#10914=CARTESIAN_POINT('',(0.948268917784,-1.131676567661,-2.874365168038));
#10915=DIRECTION('',(0.545422730325,-0.710808751599,-0.444145205866));
#10916=DIRECTION('',(-0.79335334464,-0.608761423341,5.020983628867E-13));
#10917=ADVANCED_FACE('',(#10918),#10927,.T.);
#10918=FACE_BOUND('',#10919,.T.);
#10919=EDGE_LOOP('',(#10920,#10921,#10922));
#10920=ORIENTED_EDGE('',*,*,#10429,.F.);
#10921=ORIENTED_EDGE('',*,*,#10439,.F.);
#10922=ORIENTED_EDGE('',*,*,#10923,.T.);
#10923=EDGE_CURVE('',#10440,#10222,#10924,.T.);
#10924=LINE('',#10441,#10925);
#10925=VECTOR('',#10926,1.);
#10926=DIRECTION('',(-0.123520716451,9.478073908268E-02,0.987805266288));
#10927=PLANE('',#10928);
#10928=AXIS2_PLACEMENT_3D('',#10929,#8247,#9067);
#10929=CARTESIAN_POINT('',(1.042039540634,1.199917237467,-1.228757749834));
#10930=ADVANCED_FACE('',(#10931),#10940,.T.);
#10931=FACE_BOUND('',#10932,.T.);
#10932=EDGE_LOOP('',(#10933,#10938,#10939));
#10933=ORIENTED_EDGE('',*,*,#10934,.T.);
#10934=EDGE_CURVE('',#10887,#10440,#10935,.T.);
#10935=LINE('',#10888,#10936);
#10936=VECTOR('',#10937,1.);
#10937=DIRECTION('',(0.316227940348,0.316227940348,0.894427067729));
#10938=ORIENTED_EDGE('',*,*,#10457,.F.);
#10939=ORIENTED_EDGE('',*,*,#10893,.F.);
#10940=PLANE('',#10941);
#10941=AXIS2_PLACEMENT_3D('',#10942,#10943,#10944);
#10942=CARTESIAN_POINT('',(1.179112589358,0.970271958301,-2.771428282548));
#10943=DIRECTION('',(0.710808863149,0.545422592512,-0.444145196581));
#10944=DIRECTION('',(-0.608761266396,0.793353465068,-2.556843625712E-13));
#10945=ADVANCED_FACE('',(#10946),#10961,.T.);
#10946=FACE_BOUND('',#10947,.T.);
#10947=EDGE_LOOP('',(#10948,#10955,#10956));
#10948=ORIENTED_EDGE('',*,*,#10949,.T.);
#10949=EDGE_CURVE('',#10950,#10468,#10952,.T.);
#10950=VERTEX_POINT('',#10951);
#10951=CARTESIAN_POINT('',(3.644708633423,-4.420444488525,9.6858000731E-08));
#10952=LINE('',#10951,#10953);
#10953=VECTOR('',#10954,1.);
#10954=DIRECTION('',(-0.923879398029,-0.382683757035,0.));
#10955=ORIENTED_EDGE('',*,*,#10475,.F.);
#10956=ORIENTED_EDGE('',*,*,#10957,.T.);
#10957=EDGE_CURVE('',#3070,#10950,#10958,.T.);
#10958=LINE('',#3071,#10959);
#10959=VECTOR('',#10960,1.);
#10960=DIRECTION('',(0.143777063533,-0.989610103021,0.));
#10961=PLANE('',#10962);
#10962=AXIS2_PLACEMENT_3D('',#10963,#55,#199);
#10963=CARTESIAN_POINT('',(2.791451780567,1.186243708484,9.6858000731E-08));
#10964=ADVANCED_FACE('',(#10965),#10974,.T.);
#10965=FACE_BOUND('',#10966,.T.);
#10966=EDGE_LOOP('',(#10967,#10968,#10969));
#10967=ORIENTED_EDGE('',*,*,#10501,.F.);
#10968=ORIENTED_EDGE('',*,*,#10467,.F.);
#10969=ORIENTED_EDGE('',*,*,#10970,.T.);
#10970=EDGE_CURVE('',#10468,#9914,#10971,.T.);
#10971=LINE('',#10469,#10972);
#10972=VECTOR('',#10973,1.);
#10973=DIRECTION('',(-0.130526148122,-0.991444867179,0.));
#10974=PLANE('',#10975);
#10975=AXIS2_PLACEMENT_3D('',#10976,#55,#199);
#10976=CARTESIAN_POINT('',(3.410930950654,-4.939040516411,9.6858000731E-08));
#10977=ADVANCED_FACE('',(#10978),#10985,.T.);
#10978=FACE_BOUND('',#10979,.T.);
#10979=EDGE_LOOP('',(#10980,#10981,#10982));
#10980=ORIENTED_EDGE('',*,*,#10511,.F.);
#10981=ORIENTED_EDGE('',*,*,#10970,.F.);
#10982=ORIENTED_EDGE('',*,*,#10983,.T.);
#10983=EDGE_CURVE('',#10468,#10512,#10984,.T.);
#10984=LINE('',#10469,#345);
#10985=PLANE('',#10986);
#10986=AXIS2_PLACEMENT_3D('',#10987,#55,#199);
#10987=CARTESIAN_POINT('',(3.467929870979,-5.013283874,9.6858000731E-08));
#10988=ADVANCED_FACE('',(#10989),#11004,.T.);
#10989=FACE_BOUND('',#10990,.T.);
#10990=EDGE_LOOP('',(#10991,#10992,#10999));
#10991=ORIENTED_EDGE('',*,*,#10518,.F.);
#10992=ORIENTED_EDGE('',*,*,#10993,.T.);
#10993=EDGE_CURVE('',#10512,#10994,#10996,.T.);
#10994=VERTEX_POINT('',#10995);
#10995=CARTESIAN_POINT('',(3.644708633423,-5.579555511475,9.6858000731E-08));
#10996=LINE('',#10513,#10997);
#10997=VECTOR('',#10998,1.);
#10998=DIRECTION('',(0.923879398029,-0.382683757035,0.));
#10999=ORIENTED_EDGE('',*,*,#11000,.T.);
#11000=EDGE_CURVE('',#10994,#2846,#11001,.T.);
#11001=LINE('',#10995,#11002);
#11002=VECTOR('',#11003,1.);
#11003=DIRECTION('',(-0.779785799247,-0.626046409855,0.));
#11004=PLANE('',#11005);
#11005=AXIS2_PLACEMENT_3D('',#11006,#55,#199);
#11006=CARTESIAN_POINT('',(2.815379840327,-6.200468351372,9.6858000731E-08));
#11007=ADVANCED_FACE('',(#11008),#11015,.T.);
#11008=FACE_BOUND('',#11009,.T.);
#11009=EDGE_LOOP('',(#11010,#11011,#11012));
#11010=ORIENTED_EDGE('',*,*,#10530,.F.);
#11011=ORIENTED_EDGE('',*,*,#10555,.F.);
#11012=ORIENTED_EDGE('',*,*,#11013,.T.);
#11013=EDGE_CURVE('',#10549,#10531,#11014,.T.);
#11014=LINE('',#10550,#189);
#11015=PLANE('',#11016);
#11016=AXIS2_PLACEMENT_3D('',#11017,#55,#199);
#11017=CARTESIAN_POINT('',(4.384688757226,-5.,9.6858000731E-08));
#11018=ADVANCED_FACE('',(#11019),#11030,.T.);
#11019=FACE_BOUND('',#11020,.T.);
#11020=EDGE_LOOP('',(#11021,#11026,#11029));
#11021=ORIENTED_EDGE('',*,*,#11022,.T.);
#11022=EDGE_CURVE('',#10531,#3070,#11023,.T.);
#11023=LINE('',#10532,#11024);
#11024=VECTOR('',#11025,1.);
#11025=DIRECTION('',(-0.198571974361,0.980086307933,0.));
#11026=ORIENTED_EDGE('',*,*,#11027,.T.);
#11027=EDGE_CURVE('',#3070,#2622,#11028,.T.);
#11028=LINE('',#3071,#34);
#11029=ORIENTED_EDGE('',*,*,#10537,.F.);
#11030=PLANE('',#11031);
#11031=AXIS2_PLACEMENT_3D('',#11032,#55,#199);
#11032=CARTESIAN_POINT('',(3.884213925263,1.686364860967,9.6858000731E-08));
#11033=ADVANCED_FACE('',(#11034),#11049,.T.);
#11034=FACE_BOUND('',#11035,.T.);
#11035=EDGE_LOOP('',(#11036,#11043,#11048));
#11036=ORIENTED_EDGE('',*,*,#11037,.T.);
#11037=EDGE_CURVE('',#2177,#11038,#11040,.T.);
#11038=VERTEX_POINT('',#11039);
#11039=CARTESIAN_POINT('',(4.319615364075,-5.300000190735,9.6858000731E-08));
#11040=LINE('',#2178,#11041);
#11041=VECTOR('',#11042,1.);
#11042=DIRECTION('',(-0.391328032455,0.920251254286,0.));
#11043=ORIENTED_EDGE('',*,*,#11044,.T.);
#11044=EDGE_CURVE('',#11038,#10549,#11045,.T.);
#11045=LINE('',#11039,#11046);
#11046=VECTOR('',#11047,1.);
#11047=DIRECTION('',(0.382683757035,0.923879398029,0.));
#11048=ORIENTED_EDGE('',*,*,#10548,.F.);
#11049=PLANE('',#11050);
#11050=AXIS2_PLACEMENT_3D('',#11051,#55,#199);
#11051=CARTESIAN_POINT('',(4.661650884932,-6.027777670167,9.6858000731E-08));
#11052=ADVANCED_FACE('',(#11053),#11063,.T.);
#11053=FACE_BOUND('',#11054,.T.);
#11054=EDGE_LOOP('',(#11055,#11059,#11062));
#11055=ORIENTED_EDGE('',*,*,#11056,.T.);
#11056=EDGE_CURVE('',#10000,#10222,#11057,.T.);
#11057=LINE('',#10001,#11058);
#11058=VECTOR('',#8232,1.);
#11059=ORIENTED_EDGE('',*,*,#11060,.T.);
#11060=EDGE_CURVE('',#10222,#10588,#11061,.T.);
#11061=LINE('',#10223,#54);
#11062=ORIENTED_EDGE('',*,*,#10593,.F.);
#11063=PLANE('',#11064);
#11064=AXIS2_PLACEMENT_3D('',#11065,#7352,#8232);
#11065=CARTESIAN_POINT('',(0.695971449727,1.428730669538,-1.228757744036));
#11066=ADVANCED_FACE('',(#11067),#11076,.T.);
#11067=FACE_BOUND('',#11068,.T.);
#11068=EDGE_LOOP('',(#11069,#11070,#11075));
#11069=ORIENTED_EDGE('',*,*,#10587,.F.);
#11070=ORIENTED_EDGE('',*,*,#11071,.T.);
#11071=EDGE_CURVE('',#10588,#10616,#11072,.T.);
#11072=LINE('',#10589,#11073);
#11073=VECTOR('',#11074,1.);
#11074=DIRECTION('',(-0.223606879466,-0.38729836803,-0.894427156104));
#11075=ORIENTED_EDGE('',*,*,#10623,.F.);
#11076=PLANE('',#11077);
#11077=AXIS2_PLACEMENT_3D('',#11078,#11079,#11080);
#11078=CARTESIAN_POINT('',(0.6320339332,1.390060148457,-2.771428279342));
#11079=DIRECTION('',(0.342867146616,0.827754380647,-0.444145027093));
#11080=DIRECTION('',(-8.365530490551E-14,0.472804595684,0.881167302106));
#11081=ADVANCED_FACE('',(#11082),#11091,.T.);
#11082=FACE_BOUND('',#11083,.T.);
#11083=EDGE_LOOP('',(#11084,#11085,#11088));
#11084=ORIENTED_EDGE('',*,*,#10606,.F.);
#11085=ORIENTED_EDGE('',*,*,#11086,.T.);
#11086=EDGE_CURVE('',#10032,#10753,#11087,.T.);
#11087=LINE('',#10033,#4293);
#11088=ORIENTED_EDGE('',*,*,#11089,.T.);
#11089=EDGE_CURVE('',#10753,#10000,#11090,.T.);
#11090=LINE('',#10754,#6026);
#11091=PLANE('',#11092);
#11092=AXIS2_PLACEMENT_3D('',#11093,#55,#199);
#11093=CARTESIAN_POINT('',(0.377184690635,3.167408962142,9.6858000731E-08));
#11094=ADVANCED_FACE('',(#11095),#11102,.T.);
#11095=FACE_BOUND('',#11096,.T.);
#11096=EDGE_LOOP('',(#11097,#11098,#11099));
#11097=ORIENTED_EDGE('',*,*,#10649,.F.);
#11098=ORIENTED_EDGE('',*,*,#10615,.F.);
#11099=ORIENTED_EDGE('',*,*,#11100,.T.);
#11100=EDGE_CURVE('',#10616,#10057,#11101,.T.);
#11101=LINE('',#10617,#6826);
#11102=PLANE('',#11103);
#11103=AXIS2_PLACEMENT_3D('',#11104,#55,#199);
#11104=CARTESIAN_POINT('',(0.458500730782,5.177882562636E-02,-3.));
#11105=ADVANCED_FACE('',(#11106),#11115,.T.);
#11106=FACE_BOUND('',#11107,.T.);
#11107=EDGE_LOOP('',(#11108,#11113,#11114));
#11108=ORIENTED_EDGE('',*,*,#11109,.T.);
#11109=EDGE_CURVE('',#10057,#10855,#11110,.T.);
#11110=LINE('',#10058,#11111);
#11111=VECTOR('',#11112,1.);
#11112=DIRECTION('',(0.923879440932,0.382683653456,0.));
#11113=ORIENTED_EDGE('',*,*,#10854,.F.);
#11114=ORIENTED_EDGE('',*,*,#10660,.F.);
#11115=PLANE('',#11116);
#11116=AXIS2_PLACEMENT_3D('',#11117,#11118,#11119);
#11117=CARTESIAN_POINT('',(0.623057984842,-1.338545676311,-2.874365172241));
#11118=DIRECTION('',(0.342867295424,-0.827754314431,-0.444145035623));
#11119=DIRECTION('',(-5.787037515859E-14,0.472804632101,-0.881167282565));
#11120=ADVANCED_FACE('',(#11121),#11126,.T.);
#11121=FACE_BOUND('',#11122,.T.);
#11122=EDGE_LOOP('',(#11123,#11124,#11125));
#11123=ORIENTED_EDGE('',*,*,#10693,.F.);
#11124=ORIENTED_EDGE('',*,*,#10819,.F.);
#11125=ORIENTED_EDGE('',*,*,#10712,.F.);
#11126=PLANE('',#11127);
#11127=AXIS2_PLACEMENT_3D('',#11128,#6384,#6385);
#11128=CARTESIAN_POINT('',(0.746820217897,5.239836874268,-2.857310419734));
#11129=ADVANCED_FACE('',(#11130),#11137,.T.);
#11130=FACE_BOUND('',#11131,.T.);
#11131=EDGE_LOOP('',(#11132,#11135,#11136));
#11132=ORIENTED_EDGE('',*,*,#11133,.T.);
#11133=EDGE_CURVE('',#10802,#10140,#11134,.T.);
#11134=LINE('',#10803,#54);
#11135=ORIENTED_EDGE('',*,*,#10708,.F.);
#11136=ORIENTED_EDGE('',*,*,#10833,.F.);
#11137=PLANE('',#11138);
#11138=AXIS2_PLACEMENT_3D('',#11139,#4907,#4327);
#11139=CARTESIAN_POINT('',(0.80289494827,5.106666672498,-1.381137972316));
#11140=ADVANCED_FACE('',(#11141),#11148,.T.);
#11141=FACE_BOUND('',#11142,.T.);
#11142=EDGE_LOOP('',(#11143,#11144,#11147));
#11143=ORIENTED_EDGE('',*,*,#11133,.F.);
#11144=ORIENTED_EDGE('',*,*,#11145,.T.);
#11145=EDGE_CURVE('',#10802,#10722,#11146,.T.);
#11146=LINE('',#10803,#5076);
#11147=ORIENTED_EDGE('',*,*,#10727,.F.);
#11148=PLANE('',#11149);
#11149=AXIS2_PLACEMENT_3D('',#11150,#4316,#3833);
#11150=CARTESIAN_POINT('',(0.742084207878,5.001339484919,-1.268861844063));
#11151=ADVANCED_FACE('',(#11152),#11159,.T.);
#11152=FACE_BOUND('',#11153,.T.);
#11153=EDGE_LOOP('',(#11154,#11157,#11158));
#11154=ORIENTED_EDGE('',*,*,#11155,.T.);
#11155=EDGE_CURVE('',#10722,#10753,#11156,.T.);
#11156=LINE('',#10723,#5804);
#11157=ORIENTED_EDGE('',*,*,#10752,.F.);
#11158=ORIENTED_EDGE('',*,*,#10740,.F.);
#11159=PLANE('',#11160);
#11160=AXIS2_PLACEMENT_3D('',#11161,#4284,#4285);
#11161=CARTESIAN_POINT('',(0.498660694212,4.757915927135,-1.268861835793));
#11162=ADVANCED_FACE('',(#11163),#11168,.T.);
#11163=FACE_BOUND('',#11164,.T.);
#11164=EDGE_LOOP('',(#11165,#11166,#11167));
#11165=ORIENTED_EDGE('',*,*,#11086,.F.);
#11166=ORIENTED_EDGE('',*,*,#10767,.F.);
#11167=ORIENTED_EDGE('',*,*,#10757,.F.);
#11168=PLANE('',#11169);
#11169=AXIS2_PLACEMENT_3D('',#11170,#4851,#4852);
#11170=CARTESIAN_POINT('',(0.289603725236,4.654138834603,-1.268861840494));
#11171=ADVANCED_FACE('',(#11172),#11181,.T.);
#11172=FACE_BOUND('',#11173,.T.);
#11173=EDGE_LOOP('',(#11174,#11175,#11180));
#11174=ORIENTED_EDGE('',*,*,#11056,.F.);
#11175=ORIENTED_EDGE('',*,*,#11176,.T.);
#11176=EDGE_CURVE('',#10000,#10802,#11177,.T.);
#11177=LINE('',#10001,#11178);
#11178=VECTOR('',#11179,1.);
#11179=DIRECTION('',(0.103678618441,0.994610850573,0.));
#11180=ORIENTED_EDGE('',*,*,#10801,.F.);
#11181=PLANE('',#11182);
#11182=AXIS2_PLACEMENT_3D('',#11183,#55,#199);
#11183=CARTESIAN_POINT('',(0.690293383614,3.158615353735,9.6858000731E-08));
#11184=ADVANCED_FACE('',(#11185),#11192,.T.);
#11185=FACE_BOUND('',#11186,.T.);
#11186=EDGE_LOOP('',(#11187,#11190,#11191));
#11187=ORIENTED_EDGE('',*,*,#11188,.T.);
#11188=EDGE_CURVE('',#10393,#10887,#11189,.T.);
#11189=LINE('',#10394,#189);
#11190=ORIENTED_EDGE('',*,*,#10886,.F.);
#11191=ORIENTED_EDGE('',*,*,#10875,.F.);
#11192=PLANE('',#11193);
#11193=AXIS2_PLACEMENT_3D('',#11194,#55,#199);
#11194=CARTESIAN_POINT('',(1.065501508255,1.550739287208E-02,-3.));
#11195=ADVANCED_FACE('',(#11196),#11205,.T.);
#11196=FACE_BOUND('',#11197,.T.);
#11197=EDGE_LOOP('',(#11198,#11199,#11204));
#11198=ORIENTED_EDGE('',*,*,#10906,.F.);
#11199=ORIENTED_EDGE('',*,*,#11200,.T.);
#11200=EDGE_CURVE('',#10855,#10887,#11201,.T.);
#11201=LINE('',#10856,#11202);
#11202=VECTOR('',#11203,1.);
#11203=DIRECTION('',(0.130526192434,0.991444861346,0.));
#11204=ORIENTED_EDGE('',*,*,#11188,.F.);
#11205=PLANE('',#11206);
#11206=AXIS2_PLACEMENT_3D('',#11207,#55,#199);
#11207=CARTESIAN_POINT('',(0.924039077961,-0.144778751036,-3.));
#11208=ADVANCED_FACE('',(#11209),#11216,.T.);
#11209=FACE_BOUND('',#11210,.T.);
#11210=EDGE_LOOP('',(#11211,#11214,#11215));
#11211=ORIENTED_EDGE('',*,*,#11212,.T.);
#11212=EDGE_CURVE('',#10440,#10588,#11213,.T.);
#11213=LINE('',#10441,#4146);
#11214=ORIENTED_EDGE('',*,*,#11060,.F.);
#11215=ORIENTED_EDGE('',*,*,#10923,.F.);
#11216=PLANE('',#11217);
#11217=AXIS2_PLACEMENT_3D('',#11218,#8247,#9067);
#11218=CARTESIAN_POINT('',(0.889331373348,1.31709428578,-1.421242151818));
#11219=ADVANCED_FACE('',(#11220),#11229,.T.);
#11220=FACE_BOUND('',#11221,.T.);
#11221=EDGE_LOOP('',(#11222,#11223,#11224));
#11222=ORIENTED_EDGE('',*,*,#11212,.F.);
#11223=ORIENTED_EDGE('',*,*,#10934,.F.);
#11224=ORIENTED_EDGE('',*,*,#11225,.T.);
#11225=EDGE_CURVE('',#10887,#10588,#11226,.T.);
#11226=LINE('',#10888,#11227);
#11227=VECTOR('',#11228,1.);
#11228=DIRECTION('',(-0.373812847655,0.68057728378,0.630141663224));
#11229=PLANE('',#11230);
#11230=AXIS2_PLACEMENT_3D('',#11231,#11232,#11233);
#11231=CARTESIAN_POINT('',(0.970271958301,1.179112589358,-2.771428282548));
#11232=DIRECTION('',(0.545422592512,0.710808863149,-0.444145196581));
#11233=DIRECTION('',(0.793353465068,-0.608761266396,-2.556843625712E-13));
#11234=ADVANCED_FACE('',(#11235),#11250,.T.);
#11235=FACE_BOUND('',#11236,.T.);
#11236=EDGE_LOOP('',(#11237,#11244,#11245));
#11237=ORIENTED_EDGE('',*,*,#11238,.T.);
#11238=EDGE_CURVE('',#11239,#10950,#11241,.T.);
#11239=VERTEX_POINT('',#11240);
#11240=CARTESIAN_POINT('',(3.799999952316,-4.400000095367,9.6858000731E-08));
#11241=LINE('',#11240,#11242);
#11242=VECTOR('',#11243,1.);
#11243=DIRECTION('',(-0.991444941373,-0.130525584562,0.));
#11244=ORIENTED_EDGE('',*,*,#10957,.F.);
#11245=ORIENTED_EDGE('',*,*,#11246,.T.);
#11246=EDGE_CURVE('',#3070,#11239,#11247,.T.);
#11247=LINE('',#3071,#11248);
#11248=VECTOR('',#11249,1.);
#11249=DIRECTION('',(0.157308758221,-0.987549469438,0.));
#11250=PLANE('',#11251);
#11251=AXIS2_PLACEMENT_3D('',#11252,#55,#199);
#11252=CARTESIAN_POINT('',(2.867037375457,1.206442155747,9.6858000731E-08));
#11253=ADVANCED_FACE('',(#11254),#11265,.T.);
#11254=FACE_BOUND('',#11255,.T.);
#11255=EDGE_LOOP('',(#11256,#11261,#11262));
#11256=ORIENTED_EDGE('',*,*,#11257,.T.);
#11257=EDGE_CURVE('',#10994,#10468,#11258,.T.);
#11258=LINE('',#10995,#11259);
#11259=VECTOR('',#11260,1.);
#11260=DIRECTION('',(-0.13052625206,0.991444853496,0.));
#11261=ORIENTED_EDGE('',*,*,#10949,.F.);
#11262=ORIENTED_EDGE('',*,*,#11263,.T.);
#11263=EDGE_CURVE('',#10950,#10994,#11264,.T.);
#11264=LINE('',#10951,#345);
#11265=PLANE('',#11266);
#11266=AXIS2_PLACEMENT_3D('',#11267,#55,#199);
#11267=CARTESIAN_POINT('',(3.606947105631,-4.978198382131,9.6858000731E-08));
#11268=ADVANCED_FACE('',(#11269),#11274,.T.);
#11269=FACE_BOUND('',#11270,.T.);
#11270=EDGE_LOOP('',(#11271,#11272,#11273));
#11271=ORIENTED_EDGE('',*,*,#10993,.F.);
#11272=ORIENTED_EDGE('',*,*,#10983,.F.);
#11273=ORIENTED_EDGE('',*,*,#11257,.F.);
#11274=PLANE('',#11275);
#11275=AXIS2_PLACEMENT_3D('',#11276,#55,#199);
#11276=CARTESIAN_POINT('',(3.539725877362,-5.051771786937,9.6858000731E-08));
#11277=ADVANCED_FACE('',(#11278),#11293,.T.);
#11278=FACE_BOUND('',#11279,.T.);
#11279=EDGE_LOOP('',(#11280,#11281,#11288));
#11280=ORIENTED_EDGE('',*,*,#11000,.F.);
#11281=ORIENTED_EDGE('',*,*,#11282,.T.);
#11282=EDGE_CURVE('',#10994,#11283,#11285,.T.);
#11283=VERTEX_POINT('',#11284);
#11284=CARTESIAN_POINT('',(3.799999952316,-5.599999904633,9.6858000731E-08));
#11285=LINE('',#10995,#11286);
#11286=VECTOR('',#11287,1.);
#11287=DIRECTION('',(0.991444941373,-0.130525584562,0.));
#11288=ORIENTED_EDGE('',*,*,#11289,.T.);
#11289=EDGE_CURVE('',#11283,#2846,#11290,.T.);
#11290=LINE('',#11284,#11291);
#11291=VECTOR('',#11292,1.);
#11292=DIRECTION('',(-0.810679180265,-0.585490620493,0.));
#11293=PLANE('',#11294);
#11294=AXIS2_PLACEMENT_3D('',#11295,#55,#199);
#11295=CARTESIAN_POINT('',(2.892206640745,-6.222142855455,9.6858000731E-08));
#11296=ADVANCED_FACE('',(#11297),#11306,.T.);
#11297=FACE_BOUND('',#11298,.T.);
#11298=EDGE_LOOP('',(#11299,#11300,#11305));
#11299=ORIENTED_EDGE('',*,*,#11044,.F.);
#11300=ORIENTED_EDGE('',*,*,#11301,.T.);
#11301=EDGE_CURVE('',#11038,#10531,#11302,.T.);
#11302=LINE('',#11039,#11303);
#11303=VECTOR('',#11304,1.);
#11304=DIRECTION('',(0.130526282921,0.991444849433,0.));
#11305=ORIENTED_EDGE('',*,*,#11013,.F.);
#11306=PLANE('',#11307);
#11307=AXIS2_PLACEMENT_3D('',#11308,#55,#199);
#11308=CARTESIAN_POINT('',(4.359632894947,-5.074352863069,9.6858000731E-08));
#11309=ADVANCED_FACE('',(#11310),#11325,.T.);
#11310=FACE_BOUND('',#11311,.T.);
#11311=EDGE_LOOP('',(#11312,#11319,#11324));
#11312=ORIENTED_EDGE('',*,*,#11313,.T.);
#11313=EDGE_CURVE('',#10531,#11314,#11316,.T.);
#11314=VERTEX_POINT('',#11315);
#11315=CARTESIAN_POINT('',(4.319615364075,-4.699999809265,9.6858000731E-08));
#11316=LINE('',#10532,#11317);
#11317=VECTOR('',#11318,1.);
#11318=DIRECTION('',(-0.382683757035,0.923879398029,0.));
#11319=ORIENTED_EDGE('',*,*,#11320,.T.);
#11320=EDGE_CURVE('',#11314,#3070,#11321,.T.);
#11321=LINE('',#11315,#11322);
#11322=VECTOR('',#11323,1.);
#11323=DIRECTION('',(-0.196084872583,0.980586927684,0.));
#11324=ORIENTED_EDGE('',*,*,#11022,.F.);
#11325=PLANE('',#11326);
#11326=AXIS2_PLACEMENT_3D('',#11327,#55,#199);
#11327=CARTESIAN_POINT('',(3.182565632178,1.025454028035,9.6858000731E-08));
#11328=ADVANCED_FACE('',(#11329),#11344,.T.);
#11329=FACE_BOUND('',#11330,.T.);
#11330=EDGE_LOOP('',(#11331,#11338,#11343));
#11331=ORIENTED_EDGE('',*,*,#11332,.T.);
#11332=EDGE_CURVE('',#2177,#11333,#11335,.T.);
#11333=VERTEX_POINT('',#11334);
#11334=CARTESIAN_POINT('',(4.224264144897,-5.424263954163,9.6858000731E-08));
#11335=LINE('',#2178,#11336);
#11336=VECTOR('',#11337,1.);
#11337=DIRECTION('',(-0.465291997093,0.885157250121,0.));
#11338=ORIENTED_EDGE('',*,*,#11339,.T.);
#11339=EDGE_CURVE('',#11333,#11038,#11340,.T.);
#11340=LINE('',#11334,#11341);
#11341=VECTOR('',#11342,1.);
#11342=DIRECTION('',(0.608762553648,0.793352477324,0.));
#11343=ORIENTED_EDGE('',*,*,#11037,.F.);
#11344=PLANE('',#11345);
#11345=AXIS2_PLACEMENT_3D('',#11346,#55,#199);
#11346=CARTESIAN_POINT('',(4.620442757691,-6.096635427606,9.6858000731E-08));
#11347=ADVANCED_FACE('',(#11348),#11357,.T.);
#11348=FACE_BOUND('',#11349,.T.);
#11349=EDGE_LOOP('',(#11350,#11355,#11356));
#11350=ORIENTED_EDGE('',*,*,#11351,.T.);
#11351=EDGE_CURVE('',#10887,#10616,#11352,.T.);
#11352=LINE('',#10888,#11353);
#11353=VECTOR('',#11354,1.);
#11354=DIRECTION('',(-0.79335334464,0.608761423341,0.));
#11355=ORIENTED_EDGE('',*,*,#11071,.F.);
#11356=ORIENTED_EDGE('',*,*,#11225,.F.);
#11357=PLANE('',#11358);
#11358=AXIS2_PLACEMENT_3D('',#11359,#11360,#11361);
#11359=CARTESIAN_POINT('',(0.847685560579,1.208856851573,-2.874365171376));
#11360=DIRECTION('',(0.545422781565,0.710808818376,-0.444145036074));
#11361=DIRECTION('',(0.79335334464,-0.608761423341,-3.708977569516E-13));
#11362=ADVANCED_FACE('',(#11363),#11372,.T.);
#11363=FACE_BOUND('',#11364,.T.);
#11364=EDGE_LOOP('',(#11365,#11366,#11367));
#11365=ORIENTED_EDGE('',*,*,#11089,.F.);
#11366=ORIENTED_EDGE('',*,*,#11155,.F.);
#11367=ORIENTED_EDGE('',*,*,#11368,.T.);
#11368=EDGE_CURVE('',#10722,#10000,#11369,.T.);
#11369=LINE('',#10723,#11370);
#11370=VECTOR('',#11371,1.);
#11371=DIRECTION('',(-6.684156261282E-02,-0.997763602016,0.));
#11372=PLANE('',#11373);
#11373=AXIS2_PLACEMENT_3D('',#11374,#55,#199);
#11374=CARTESIAN_POINT('',(0.481945098184,3.226205062847,9.6858000731E-08));
#11375=ADVANCED_FACE('',(#11376),#11383,.T.);
#11376=FACE_BOUND('',#11377,.T.);
#11377=EDGE_LOOP('',(#11378,#11379,#11380));
#11378=ORIENTED_EDGE('',*,*,#11109,.F.);
#11379=ORIENTED_EDGE('',*,*,#11100,.F.);
#11380=ORIENTED_EDGE('',*,*,#11381,.T.);
#11381=EDGE_CURVE('',#10616,#10855,#11382,.T.);
#11382=LINE('',#10617,#345);
#11383=PLANE('',#11384);
#11384=AXIS2_PLACEMENT_3D('',#11385,#55,#199);
#11385=CARTESIAN_POINT('',(0.618151072264,-0.122957917557,-3.));
#11386=ADVANCED_FACE('',(#11387),#11392,.T.);
#11387=FACE_BOUND('',#11388,.T.);
#11388=EDGE_LOOP('',(#11389,#11390,#11391));
#11389=ORIENTED_EDGE('',*,*,#11368,.F.);
#11390=ORIENTED_EDGE('',*,*,#11145,.F.);
#11391=ORIENTED_EDGE('',*,*,#11176,.F.);
#11392=PLANE('',#11393);
#11393=AXIS2_PLACEMENT_3D('',#11394,#55,#199);
#11394=CARTESIAN_POINT('',(0.566881174796,3.309013464446,9.6858000731E-08));
#11395=ADVANCED_FACE('',(#11396),#11401,.T.);
#11396=FACE_BOUND('',#11397,.T.);
#11397=EDGE_LOOP('',(#11398,#11399,#11400));
#11398=ORIENTED_EDGE('',*,*,#11381,.F.);
#11399=ORIENTED_EDGE('',*,*,#11351,.F.);
#11400=ORIENTED_EDGE('',*,*,#11200,.F.);
#11401=PLANE('',#11402);
#11402=AXIS2_PLACEMENT_3D('',#11403,#55,#199);
#11403=CARTESIAN_POINT('',(0.788666573354,3.154923786734E-02,-3.));
#11404=ADVANCED_FACE('',(#11405),#11420,.T.);
#11405=FACE_BOUND('',#11406,.T.);
#11406=EDGE_LOOP('',(#11407,#11414,#11415));
#11407=ORIENTED_EDGE('',*,*,#11408,.T.);
#11408=EDGE_CURVE('',#11409,#11239,#11411,.T.);
#11409=VERTEX_POINT('',#11410);
#11410=CARTESIAN_POINT('',(3.955291509628,-4.420444488525,9.6858000731E-08));
#11411=LINE('',#11410,#11412);
#11412=VECTOR('',#11413,1.);
#11413=DIRECTION('',(-0.991444967306,0.13052538758,0.));
#11414=ORIENTED_EDGE('',*,*,#11246,.F.);
#11415=ORIENTED_EDGE('',*,*,#11416,.T.);
#11416=EDGE_CURVE('',#3070,#11409,#11417,.T.);
#11417=LINE('',#3071,#11418);
#11418=VECTOR('',#11419,1.);
#11419=DIRECTION('',(0.170201993228,-0.985409194955,0.));
#11420=PLANE('',#11421);
#11421=AXIS2_PLACEMENT_3D('',#11422,#55,#199);
#11422=CARTESIAN_POINT('',(2.945268854616,1.206512513096,9.6858000731E-08));
#11423=ADVANCED_FACE('',(#11424),#11439,.T.);
#11424=FACE_BOUND('',#11425,.T.);
#11425=EDGE_LOOP('',(#11426,#11433,#11434));
#11426=ORIENTED_EDGE('',*,*,#11427,.T.);
#11427=EDGE_CURVE('',#11428,#10950,#11430,.T.);
#11428=VERTEX_POINT('',#11429);
#11429=CARTESIAN_POINT('',(3.700000047684,-4.599999904633,9.6858000731E-08));
#11430=LINE('',#11429,#11431);
#11431=VECTOR('',#11432,1.);
#11432=DIRECTION('',(-0.294297809571,0.955713764305,0.));
#11433=ORIENTED_EDGE('',*,*,#11238,.F.);
#11434=ORIENTED_EDGE('',*,*,#11435,.T.);
#11435=EDGE_CURVE('',#11239,#11428,#11436,.T.);
#11436=LINE('',#11240,#11437);
#11437=VECTOR('',#11438,1.);
#11438=DIRECTION('',(-0.4472135955,-0.894427191,0.));
#11439=PLANE('',#11440);
#11440=AXIS2_PLACEMENT_3D('',#11441,#55,#199);
#11441=CARTESIAN_POINT('',(3.7167004676,-4.478628399415,9.6858000731E-08));
#11442=ADVANCED_FACE('',(#11443),#11452,.T.);
#11443=FACE_BOUND('',#11444,.T.);
#11444=EDGE_LOOP('',(#11445,#11446,#11447));
#11445=ORIENTED_EDGE('',*,*,#11263,.F.);
#11446=ORIENTED_EDGE('',*,*,#11427,.F.);
#11447=ORIENTED_EDGE('',*,*,#11448,.T.);
#11448=EDGE_CURVE('',#11428,#10994,#11449,.T.);
#11449=LINE('',#11429,#11450);
#11450=VECTOR('',#11451,1.);
#11451=DIRECTION('',(-5.635570074026E-02,-0.998410754647,0.));
#11452=PLANE('',#11453);
#11453=AXIS2_PLACEMENT_3D('',#11454,#55,#199);
#11454=CARTESIAN_POINT('',(3.658590145702,-4.998309730893,9.6858000731E-08));
#11455=ADVANCED_FACE('',(#11456),#11471,.T.);
#11456=FACE_BOUND('',#11457,.T.);
#11457=EDGE_LOOP('',(#11458,#11459,#11466));
#11458=ORIENTED_EDGE('',*,*,#11282,.F.);
#11459=ORIENTED_EDGE('',*,*,#11460,.T.);
#11460=EDGE_CURVE('',#10994,#11461,#11463,.T.);
#11461=VERTEX_POINT('',#11462);
#11462=CARTESIAN_POINT('',(3.700000047684,-5.400000095367,9.6858000731E-08));
#11463=LINE('',#10995,#11464);
#11464=VECTOR('',#11465,1.);
#11465=DIRECTION('',(0.294297809571,0.955713764305,0.));
#11466=ORIENTED_EDGE('',*,*,#11467,.T.);
#11467=EDGE_CURVE('',#11461,#11283,#11468,.T.);
#11468=LINE('',#11462,#11469);
#11469=VECTOR('',#11470,1.);
#11470=DIRECTION('',(0.4472135955,-0.894427191,0.));
#11471=PLANE('',#11472);
#11472=AXIS2_PLACEMENT_3D('',#11473,#55,#199);
#11473=CARTESIAN_POINT('',(3.7167004676,-5.521371600585,9.6858000731E-08));
#11474=ADVANCED_FACE('',(#11475),#11490,.T.);
#11475=FACE_BOUND('',#11476,.T.);
#11476=EDGE_LOOP('',(#11477,#11478,#11485));
#11477=ORIENTED_EDGE('',*,*,#11289,.F.);
#11478=ORIENTED_EDGE('',*,*,#11479,.T.);
#11479=EDGE_CURVE('',#11283,#11480,#11482,.T.);
#11480=VERTEX_POINT('',#11481);
#11481=CARTESIAN_POINT('',(3.955291509628,-5.579555511475,9.6858000731E-08));
#11482=LINE('',#11284,#11483);
#11483=VECTOR('',#11484,1.);
#11484=DIRECTION('',(0.991444967306,0.13052538758,0.));
#11485=ORIENTED_EDGE('',*,*,#11486,.T.);
#11486=EDGE_CURVE('',#11480,#2846,#11487,.T.);
#11487=LINE('',#11481,#11488);
#11488=VECTOR('',#11489,1.);
#11489=DIRECTION('',(-0.828726245382,-0.559654188062,0.));
#11490=PLANE('',#11491);
#11491=AXIS2_PLACEMENT_3D('',#11492,#55,#199);
#11492=CARTESIAN_POINT('',(2.971009212196,-6.223074442638,9.6858000731E-08));
#11493=ADVANCED_FACE('',(#11494),#11501,.T.);
#11494=FACE_BOUND('',#11495,.T.);
#11495=EDGE_LOOP('',(#11496,#11499,#11500));
#11496=ORIENTED_EDGE('',*,*,#11497,.T.);
#11497=EDGE_CURVE('',#11038,#11314,#11498,.T.);
#11498=LINE('',#11039,#189);
#11499=ORIENTED_EDGE('',*,*,#11313,.F.);
#11500=ORIENTED_EDGE('',*,*,#11301,.F.);
#11501=PLANE('',#11502);
#11502=AXIS2_PLACEMENT_3D('',#11503,#55,#199);
#11503=CARTESIAN_POINT('',(4.334795815546,-4.998001453642,9.6858000731E-08));
#11504=ADVANCED_FACE('',(#11505),#11520,.T.);
#11505=FACE_BOUND('',#11506,.T.);
#11506=EDGE_LOOP('',(#11507,#11514,#11519));
#11507=ORIENTED_EDGE('',*,*,#11508,.T.);
#11508=EDGE_CURVE('',#11314,#11509,#11511,.T.);
#11509=VERTEX_POINT('',#11510);
#11510=CARTESIAN_POINT('',(4.224264144897,-4.575736045837,9.6858000731E-08));
#11511=LINE('',#11315,#11512);
#11512=VECTOR('',#11513,1.);
#11513=DIRECTION('',(-0.608762553648,0.793352477324,0.));
#11514=ORIENTED_EDGE('',*,*,#11515,.T.);
#11515=EDGE_CURVE('',#11509,#3070,#11516,.T.);
#11516=LINE('',#11510,#11517);
#11517=VECTOR('',#11518,1.);
#11518=DIRECTION('',(-0.190281970184,0.98172947996,0.));
#11519=ORIENTED_EDGE('',*,*,#11320,.F.);
#11520=PLANE('',#11521);
#11521=AXIS2_PLACEMENT_3D('',#11522,#55,#199);
#11522=CARTESIAN_POINT('',(3.143626449212,1.092716239666,9.6858000731E-08));
#11523=ADVANCED_FACE('',(#11524),#11533,.T.);
#11524=FACE_BOUND('',#11525,.T.);
#11525=EDGE_LOOP('',(#11526,#11527,#11532));
#11526=ORIENTED_EDGE('',*,*,#11339,.F.);
#11527=ORIENTED_EDGE('',*,*,#11528,.T.);
#11528=EDGE_CURVE('',#11333,#11314,#11529,.T.);
#11529=LINE('',#11334,#11530);
#11530=VECTOR('',#11531,1.);
#11531=DIRECTION('',(0.130526240107,0.991444855069,0.));
#11532=ORIENTED_EDGE('',*,*,#11497,.F.);
#11533=PLANE('',#11534);
#11534=AXIS2_PLACEMENT_3D('',#11535,#55,#199);
#11535=CARTESIAN_POINT('',(4.291174850164,-5.068661332066,9.6858000731E-08));
#11536=ADVANCED_FACE('',(#11537),#11552,.T.);
#11537=FACE_BOUND('',#11538,.T.);
#11538=EDGE_LOOP('',(#11539,#11546,#11551));
#11539=ORIENTED_EDGE('',*,*,#11540,.T.);
#11540=EDGE_CURVE('',#2177,#11541,#11543,.T.);
#11541=VERTEX_POINT('',#11542);
#11542=CARTESIAN_POINT('',(4.099999904633,-5.51961517334,9.6858000731E-08));
#11543=LINE('',#2178,#11544);
#11544=VECTOR('',#11545,1.);
#11545=DIRECTION('',(-0.546160936178,0.837680268237,0.));
#11546=ORIENTED_EDGE('',*,*,#11547,.T.);
#11547=EDGE_CURVE('',#11541,#11333,#11548,.T.);
#11548=LINE('',#11542,#11549);
#11549=VECTOR('',#11550,1.);
#11550=DIRECTION('',(0.793353605524,0.60876108335,0.));
#11551=ORIENTED_EDGE('',*,*,#11332,.F.);
#11552=PLANE('',#11553);
#11553=AXIS2_PLACEMENT_3D('',#11554,#55,#199);
#11554=CARTESIAN_POINT('',(4.562338126157,-6.153622382471,9.6858000731E-08));
#11555=ADVANCED_FACE('',(#11556),#11571,.T.);
#11556=FACE_BOUND('',#11557,.T.);
#11557=EDGE_LOOP('',(#11558,#11565,#11566));
#11558=ORIENTED_EDGE('',*,*,#11559,.T.);
#11559=EDGE_CURVE('',#11560,#11409,#11562,.T.);
#11560=VERTEX_POINT('',#11561);
#11561=CARTESIAN_POINT('',(4.099999904633,-4.48038482666,9.6858000731E-08));
#11562=LINE('',#11561,#11563);
#11563=VECTOR('',#11564,1.);
#11564=DIRECTION('',(-0.923879175112,0.382684295201,0.));
#11565=ORIENTED_EDGE('',*,*,#11416,.F.);
#11566=ORIENTED_EDGE('',*,*,#11567,.T.);
#11567=EDGE_CURVE('',#3070,#11560,#11568,.T.);
#11568=LINE('',#3071,#11569);
#11569=VECTOR('',#11570,1.);
#11570=DIRECTION('',(0.181464397028,-0.983397515052,0.));
#11571=PLANE('',#11572);
#11572=AXIS2_PLACEMENT_3D('',#11573,#55,#199);
#11573=CARTESIAN_POINT('',(3.020794045294,1.186451311773,9.6858000731E-08));
#11574=ADVANCED_FACE('',(#11575),#11590,.T.);
#11575=FACE_BOUND('',#11576,.T.);
#11576=EDGE_LOOP('',(#11577,#11584,#11585));
#11577=ORIENTED_EDGE('',*,*,#11578,.T.);
#11578=EDGE_CURVE('',#11579,#11239,#11581,.T.);
#11579=VERTEX_POINT('',#11580);
#11580=CARTESIAN_POINT('',(3.900000095367,-4.599999904633,9.6858000731E-08));
#11581=LINE('',#11580,#11582);
#11582=VECTOR('',#11583,1.);
#11583=DIRECTION('',(-0.447214448492,0.894426764503,0.));
#11584=ORIENTED_EDGE('',*,*,#11408,.F.);
#11585=ORIENTED_EDGE('',*,*,#11586,.T.);
#11586=EDGE_CURVE('',#11409,#11579,#11587,.T.);
#11587=LINE('',#11410,#11588);
#11588=VECTOR('',#11589,1.);
#11589=DIRECTION('',(-0.294297809571,-0.955713764305,0.));
#11590=PLANE('',#11591);
#11591=AXIS2_PLACEMENT_3D('',#11592,#55,#199);
#11592=CARTESIAN_POINT('',(3.883299587063,-4.478628374964,9.6858000731E-08));
#11593=ADVANCED_FACE('',(#11594),#11601,.T.);
#11594=FACE_BOUND('',#11595,.T.);
#11595=EDGE_LOOP('',(#11596,#11599,#11600));
#11596=ORIENTED_EDGE('',*,*,#11597,.T.);
#11597=EDGE_CURVE('',#11579,#11428,#11598,.T.);
#11598=LINE('',#11580,#228);
#11599=ORIENTED_EDGE('',*,*,#11435,.F.);
#11600=ORIENTED_EDGE('',*,*,#11578,.F.);
#11601=PLANE('',#11602);
#11602=AXIS2_PLACEMENT_3D('',#11603,#55,#199);
#11603=CARTESIAN_POINT('',(3.800000038577,-4.530901690331,9.6858000731E-08));
#11604=ADVANCED_FACE('',(#11605),#11612,.T.);
#11605=FACE_BOUND('',#11606,.T.);
#11606=EDGE_LOOP('',(#11607,#11608,#11611));
#11607=ORIENTED_EDGE('',*,*,#11448,.F.);
#11608=ORIENTED_EDGE('',*,*,#11609,.T.);
#11609=EDGE_CURVE('',#11428,#11461,#11610,.T.);
#11610=LINE('',#11429,#345);
#11611=ORIENTED_EDGE('',*,*,#11460,.F.);
#11612=PLANE('',#11613);
#11613=AXIS2_PLACEMENT_3D('',#11614,#55,#199);
#11614=CARTESIAN_POINT('',(3.68358678079,-5.091467977161,9.6858000731E-08));
#11615=ADVANCED_FACE('',(#11616),#11629,.T.);
#11616=FACE_BOUND('',#11617,.T.);
#11617=EDGE_LOOP('',(#11618,#11619,#11624));
#11618=ORIENTED_EDGE('',*,*,#11467,.F.);
#11619=ORIENTED_EDGE('',*,*,#11620,.T.);
#11620=EDGE_CURVE('',#11461,#11621,#11623,.T.);
#11621=VERTEX_POINT('',#11622);
#11622=CARTESIAN_POINT('',(3.900000095367,-5.400000095367,9.6858000731E-08));
#11623=LINE('',#11462,#34);
#11624=ORIENTED_EDGE('',*,*,#11625,.T.);
#11625=EDGE_CURVE('',#11621,#11283,#11626,.T.);
#11626=LINE('',#11622,#11627);
#11627=VECTOR('',#11628,1.);
#11628=DIRECTION('',(-0.447214448492,-0.894426764503,0.));
#11629=PLANE('',#11630);
#11630=AXIS2_PLACEMENT_3D('',#11631,#55,#199);
#11631=CARTESIAN_POINT('',(3.800000038577,-5.469098309669,9.6858000731E-08));
#11632=ADVANCED_FACE('',(#11633),#11642,.T.);
#11633=FACE_BOUND('',#11634,.T.);
#11634=EDGE_LOOP('',(#11635,#11636,#11637));
#11635=ORIENTED_EDGE('',*,*,#11479,.F.);
#11636=ORIENTED_EDGE('',*,*,#11625,.F.);
#11637=ORIENTED_EDGE('',*,*,#11638,.T.);
#11638=EDGE_CURVE('',#11621,#11480,#11639,.T.);
#11639=LINE('',#11622,#11640);
#11640=VECTOR('',#11641,1.);
#11641=DIRECTION('',(0.294297809571,-0.955713764305,0.));
#11642=PLANE('',#11643);
#11643=AXIS2_PLACEMENT_3D('',#11644,#55,#199);
#11644=CARTESIAN_POINT('',(3.883299587063,-5.521371625036,9.6858000731E-08));
#11645=ADVANCED_FACE('',(#11646),#11659,.T.);
#11646=FACE_BOUND('',#11647,.T.);
#11647=EDGE_LOOP('',(#11648,#11649,#11654));
#11648=ORIENTED_EDGE('',*,*,#11486,.F.);
#11649=ORIENTED_EDGE('',*,*,#11650,.T.);
#11650=EDGE_CURVE('',#11480,#11541,#11651,.T.);
#11651=LINE('',#11481,#11652);
#11652=VECTOR('',#11653,1.);
#11653=DIRECTION('',(0.923879175112,0.382684295201,0.));
#11654=ORIENTED_EDGE('',*,*,#11655,.T.);
#11655=EDGE_CURVE('',#11541,#2846,#11656,.T.);
#11656=LINE('',#11542,#11657);
#11657=VECTOR('',#11658,1.);
#11658=DIRECTION('',(-0.835635164456,-0.549284873198,0.));
#11659=PLANE('',#11660);
#11660=AXIS2_PLACEMENT_3D('',#11661,#55,#199);
#11661=CARTESIAN_POINT('',(3.046503864722,-6.203305446257,9.6858000731E-08));
#11662=ADVANCED_FACE('',(#11663),#11672,.T.);
#11663=FACE_BOUND('',#11664,.T.);
#11664=EDGE_LOOP('',(#11665,#11670,#11671));
#11665=ORIENTED_EDGE('',*,*,#11666,.T.);
#11666=EDGE_CURVE('',#11509,#11560,#11667,.T.);
#11667=LINE('',#11510,#11668);
#11668=VECTOR('',#11669,1.);
#11669=DIRECTION('',(-0.793353605524,0.60876108335,0.));
#11670=ORIENTED_EDGE('',*,*,#11567,.F.);
#11671=ORIENTED_EDGE('',*,*,#11515,.F.);
#11672=PLANE('',#11673);
#11673=AXIS2_PLACEMENT_3D('',#11674,#55,#199);
#11674=CARTESIAN_POINT('',(3.08845152302,1.147633327263,9.6858000731E-08));
#11675=ADVANCED_FACE('',(#11676),#11683,.T.);
#11676=FACE_BOUND('',#11677,.T.);
#11677=EDGE_LOOP('',(#11678,#11681,#11682));
#11678=ORIENTED_EDGE('',*,*,#11679,.T.);
#11679=EDGE_CURVE('',#11333,#11509,#11680,.T.);
#11680=LINE('',#11334,#189);
#11681=ORIENTED_EDGE('',*,*,#11508,.F.);
#11682=ORIENTED_EDGE('',*,*,#11528,.F.);
#11683=PLANE('',#11684);
#11684=AXIS2_PLACEMENT_3D('',#11685,#55,#199);
#11685=CARTESIAN_POINT('',(4.248632318623,-4.993470549648,9.6858000731E-08));
#11686=ADVANCED_FACE('',(#11687),#11696,.T.);
#11687=FACE_BOUND('',#11688,.T.);
#11688=EDGE_LOOP('',(#11689,#11690,#11695));
#11689=ORIENTED_EDGE('',*,*,#11547,.F.);
#11690=ORIENTED_EDGE('',*,*,#11691,.T.);
#11691=EDGE_CURVE('',#11541,#11509,#11692,.T.);
#11692=LINE('',#11542,#11693);
#11693=VECTOR('',#11694,1.);
#11694=DIRECTION('',(0.130526394289,0.991444834771,0.));
#11695=ORIENTED_EDGE('',*,*,#11679,.F.);
#11696=PLANE('',#11697);
#11697=AXIS2_PLACEMENT_3D('',#11698,#55,#199);
#11698=CARTESIAN_POINT('',(4.189069121839,-5.060959523096,9.6858000731E-08));
#11699=ADVANCED_FACE('',(#11700),#11707,.T.);
#11700=FACE_BOUND('',#11701,.T.);
#11701=EDGE_LOOP('',(#11702,#11705,#11706));
#11702=ORIENTED_EDGE('',*,*,#11703,.T.);
#11703=EDGE_CURVE('',#2177,#2846,#11704,.T.);
#11704=LINE('',#2178,#228);
#11705=ORIENTED_EDGE('',*,*,#11655,.F.);
#11706=ORIENTED_EDGE('',*,*,#11540,.F.);
#11707=PLANE('',#11708);
#11708=AXIS2_PLACEMENT_3D('',#11709,#55,#199);
#11709=CARTESIAN_POINT('',(3.583701898285,-6.498957087555,9.6858000731E-08));
#11710=ADVANCED_FACE('',(#11711),#11722,.T.);
#11711=FACE_BOUND('',#11712,.T.);
#11712=EDGE_LOOP('',(#11713,#11716,#11717));
#11713=ORIENTED_EDGE('',*,*,#11714,.T.);
#11714=EDGE_CURVE('',#11480,#11409,#11715,.T.);
#11715=LINE('',#11481,#189);
#11716=ORIENTED_EDGE('',*,*,#11559,.F.);
#11717=ORIENTED_EDGE('',*,*,#11718,.T.);
#11718=EDGE_CURVE('',#11560,#11480,#11719,.T.);
#11719=LINE('',#11561,#11720);
#11720=VECTOR('',#11721,1.);
#11721=DIRECTION('',(-0.130526040672,-0.991444881325,0.));
#11722=PLANE('',#11723);
#11723=AXIS2_PLACEMENT_3D('',#11724,#55,#199);
#11724=CARTESIAN_POINT('',(3.993052971618,-4.978198429418,9.6858000731E-08));
#11725=ADVANCED_FACE('',(#11726),#11735,.T.);
#11726=FACE_BOUND('',#11727,.T.);
#11727=EDGE_LOOP('',(#11728,#11731,#11734));
#11728=ORIENTED_EDGE('',*,*,#11729,.T.);
#11729=EDGE_CURVE('',#11409,#11621,#11730,.T.);
#11730=LINE('',#11410,#11450);
#11731=ORIENTED_EDGE('',*,*,#11732,.T.);
#11732=EDGE_CURVE('',#11621,#11579,#11733,.T.);
#11733=LINE('',#11622,#189);
#11734=ORIENTED_EDGE('',*,*,#11586,.F.);
#11735=PLANE('',#11736);
#11736=AXIS2_PLACEMENT_3D('',#11737,#55,#199);
#11737=CARTESIAN_POINT('',(3.916413362261,-4.908532022839,9.6858000731E-08));
#11738=ADVANCED_FACE('',(#11739),#11752,.T.);
#11739=FACE_BOUND('',#11740,.T.);
#11740=EDGE_LOOP('',(#11741,#11742,#11747));
#11741=ORIENTED_EDGE('',*,*,#11597,.F.);
#11742=ORIENTED_EDGE('',*,*,#11743,.T.);
#11743=EDGE_CURVE('',#11579,#11744,#11746,.T.);
#11744=VERTEX_POINT('',#11745);
#11745=CARTESIAN_POINT('',(3.900000095367,-4.599999904633,-2.64999999851));
#11746=LINE('',#11580,#54);
#11747=ORIENTED_EDGE('',*,*,#11748,.T.);
#11748=EDGE_CURVE('',#11744,#11428,#11749,.T.);
#11749=LINE('',#11745,#11750);
#11750=VECTOR('',#11751,1.);
#11751=DIRECTION('',(-7.525768461894E-02,0.,0.997164119343));
#11752=PLANE('',#11753);
#11753=AXIS2_PLACEMENT_3D('',#11754,#190,#13);
#11754=CARTESIAN_POINT('',(3.848115969321,-4.599999904633,-1.276884053031));
#11755=ADVANCED_FACE('',(#11756),#11769,.T.);
#11756=FACE_BOUND('',#11757,.T.);
#11757=EDGE_LOOP('',(#11758,#11763,#11764));
#11758=ORIENTED_EDGE('',*,*,#11759,.T.);
#11759=EDGE_CURVE('',#11760,#11461,#11762,.T.);
#11760=VERTEX_POINT('',#11761);
#11761=CARTESIAN_POINT('',(3.700000047684,-5.400000095367,-2.64999999851));
#11762=LINE('',#11761,#82);
#11763=ORIENTED_EDGE('',*,*,#11609,.F.);
#11764=ORIENTED_EDGE('',*,*,#11765,.T.);
#11765=EDGE_CURVE('',#11428,#11760,#11766,.T.);
#11766=LINE('',#11429,#11767);
#11767=VECTOR('',#11768,1.);
#11768=DIRECTION('',(0.,-0.289004645553,-0.9573276946));
#11769=PLANE('',#11770);
#11770=AXIS2_PLACEMENT_3D('',#11771,#199,#55);
#11771=CARTESIAN_POINT('',(3.700000047684,-5.170469508137,-1.154530442689));
#11772=ADVANCED_FACE('',(#11773),#11782,.T.);
#11773=FACE_BOUND('',#11774,.T.);
#11774=EDGE_LOOP('',(#11775,#11776,#11777));
#11775=ORIENTED_EDGE('',*,*,#11620,.F.);
#11776=ORIENTED_EDGE('',*,*,#11759,.F.);
#11777=ORIENTED_EDGE('',*,*,#11778,.T.);
#11778=EDGE_CURVE('',#11760,#11621,#11779,.T.);
#11779=LINE('',#11761,#11780);
#11780=VECTOR('',#11781,1.);
#11781=DIRECTION('',(7.525768461894E-02,0.,0.997164119343));
#11782=PLANE('',#11783);
#11783=AXIS2_PLACEMENT_3D('',#11784,#64,#55);
#11784=CARTESIAN_POINT('',(3.75188417373,-5.400000095367,-1.276884053031));
#11785=ADVANCED_FACE('',(#11786),#11791,.T.);
#11786=FACE_BOUND('',#11787,.T.);
#11787=EDGE_LOOP('',(#11788,#11789,#11790));
#11788=ORIENTED_EDGE('',*,*,#11638,.F.);
#11789=ORIENTED_EDGE('',*,*,#11729,.F.);
#11790=ORIENTED_EDGE('',*,*,#11714,.F.);
#11791=PLANE('',#11792);
#11792=AXIS2_PLACEMENT_3D('',#11793,#55,#199);
#11793=CARTESIAN_POINT('',(3.941409997349,-5.001690269107,9.6858000731E-08));
#11794=ADVANCED_FACE('',(#11795),#11802,.T.);
#11795=FACE_BOUND('',#11796,.T.);
#11796=EDGE_LOOP('',(#11797,#11798,#11799));
#11797=ORIENTED_EDGE('',*,*,#11650,.F.);
#11798=ORIENTED_EDGE('',*,*,#11718,.F.);
#11799=ORIENTED_EDGE('',*,*,#11800,.T.);
#11800=EDGE_CURVE('',#11560,#11541,#11801,.T.);
#11801=LINE('',#11561,#345);
#11802=PLANE('',#11803);
#11803=AXIS2_PLACEMENT_3D('',#11804,#55,#199);
#11804=CARTESIAN_POINT('',(4.060274096281,-5.051771739649,9.6858000731E-08));
#11805=ADVANCED_FACE('',(#11806),#11811,.T.);
#11806=FACE_BOUND('',#11807,.T.);
#11807=EDGE_LOOP('',(#11808,#11809,#11810));
#11808=ORIENTED_EDGE('',*,*,#11800,.F.);
#11809=ORIENTED_EDGE('',*,*,#11666,.F.);
#11810=ORIENTED_EDGE('',*,*,#11691,.F.);
#11811=PLANE('',#11812);
#11812=AXIS2_PLACEMENT_3D('',#11813,#55,#199);
#11813=CARTESIAN_POINT('',(4.132070098268,-4.986716086492,9.6858000731E-08));
#11814=ADVANCED_FACE('',(#11815),#11830,.T.);
#11815=FACE_BOUND('',#11816,.T.);
#11816=EDGE_LOOP('',(#11817,#11824,#11825));
#11817=ORIENTED_EDGE('',*,*,#11818,.T.);
#11818=EDGE_CURVE('',#11819,#11579,#11821,.T.);
#11819=VERTEX_POINT('',#11820);
#11820=CARTESIAN_POINT('',(3.900000095367,-5.099999904633,-3.));
#11821=LINE('',#11820,#11822);
#11822=VECTOR('',#11823,1.);
#11823=DIRECTION('',(0.,0.164398982141,0.986393924693));
#11824=ORIENTED_EDGE('',*,*,#11732,.F.);
#11825=ORIENTED_EDGE('',*,*,#11826,.T.);
#11826=EDGE_CURVE('',#11621,#11819,#11827,.T.);
#11827=LINE('',#11622,#11828);
#11828=VECTOR('',#11829,1.);
#11829=DIRECTION('',(0.,9.950377847672E-02,-0.995037184264));
#11830=PLANE('',#11831);
#11831=AXIS2_PLACEMENT_3D('',#11832,#14,#13);
#11832=CARTESIAN_POINT('',(3.900000095367,-5.043395312567,-1.324979523331));
#11833=ADVANCED_FACE('',(#11834),#11849,.T.);
#11834=FACE_BOUND('',#11835,.T.);
#11835=EDGE_LOOP('',(#11836,#11843,#11844));
#11836=ORIENTED_EDGE('',*,*,#11837,.T.);
#11837=EDGE_CURVE('',#11838,#11744,#11840,.T.);
#11838=VERTEX_POINT('',#11839);
#11839=CARTESIAN_POINT('',(3.900000095367,-4.900000095367,-3.));
#11840=LINE('',#11839,#11841);
#11841=VECTOR('',#11842,1.);
#11842=DIRECTION('',(0.,0.65079161038,0.759256399287));
#11843=ORIENTED_EDGE('',*,*,#11743,.F.);
#11844=ORIENTED_EDGE('',*,*,#11845,.T.);
#11845=EDGE_CURVE('',#11579,#11838,#11846,.T.);
#11846=LINE('',#11580,#11847);
#11847=VECTOR('',#11848,1.);
#11848=DIRECTION('',(0.,-9.950377847672E-02,-0.995037184264));
#11849=PLANE('',#11850);
#11850=AXIS2_PLACEMENT_3D('',#11851,#14,#13);
#11851=CARTESIAN_POINT('',(3.900000095367,-4.685111958145,-1.524003612021));
#11852=ADVANCED_FACE('',(#11853),#11864,.T.);
#11853=FACE_BOUND('',#11854,.T.);
#11854=EDGE_LOOP('',(#11855,#11860,#11863));
#11855=ORIENTED_EDGE('',*,*,#11856,.T.);
#11856=EDGE_CURVE('',#11744,#11857,#11859,.T.);
#11857=VERTEX_POINT('',#11858);
#11858=CARTESIAN_POINT('',(3.700000047684,-4.599999904633,-2.64999999851));
#11859=LINE('',#11745,#228);
#11860=ORIENTED_EDGE('',*,*,#11861,.T.);
#11861=EDGE_CURVE('',#11857,#11428,#11862,.T.);
#11862=LINE('',#11858,#82);
#11863=ORIENTED_EDGE('',*,*,#11748,.F.);
#11864=PLANE('',#11865);
#11865=AXIS2_PLACEMENT_3D('',#11866,#190,#13);
#11866=CARTESIAN_POINT('',(3.75188417373,-4.599999904633,-1.373115848621));
#11867=ADVANCED_FACE('',(#11868),#11883,.T.);
#11868=FACE_BOUND('',#11869,.T.);
#11869=EDGE_LOOP('',(#11870,#11877,#11882));
#11870=ORIENTED_EDGE('',*,*,#11871,.T.);
#11871=EDGE_CURVE('',#11428,#11872,#11874,.T.);
#11872=VERTEX_POINT('',#11873);
#11873=CARTESIAN_POINT('',(3.700000047684,-5.099999904633,-3.));
#11874=LINE('',#11429,#11875);
#11875=VECTOR('',#11876,1.);
#11876=DIRECTION('',(0.,-0.164398982141,-0.986393924693));
#11877=ORIENTED_EDGE('',*,*,#11878,.T.);
#11878=EDGE_CURVE('',#11872,#11760,#11879,.T.);
#11879=LINE('',#11873,#11880);
#11880=VECTOR('',#11881,1.);
#11881=DIRECTION('',(0.,-0.65079161038,0.759256399287));
#11882=ORIENTED_EDGE('',*,*,#11765,.F.);
#11883=PLANE('',#11884);
#11884=AXIS2_PLACEMENT_3D('',#11885,#199,#55);
#11885=CARTESIAN_POINT('',(3.700000047684,-4.945624082241,-1.520153686599));
#11886=ADVANCED_FACE('',(#11887),#11898,.T.);
#11887=FACE_BOUND('',#11888,.T.);
#11888=EDGE_LOOP('',(#11889,#11894,#11897));
#11889=ORIENTED_EDGE('',*,*,#11890,.T.);
#11890=EDGE_CURVE('',#11760,#11891,#11893,.T.);
#11891=VERTEX_POINT('',#11892);
#11892=CARTESIAN_POINT('',(3.900000095367,-5.400000095367,-2.64999999851));
#11893=LINE('',#11761,#34);
#11894=ORIENTED_EDGE('',*,*,#11895,.T.);
#11895=EDGE_CURVE('',#11891,#11621,#11896,.T.);
#11896=LINE('',#11892,#82);
#11897=ORIENTED_EDGE('',*,*,#11778,.F.);
#11898=PLANE('',#11899);
#11899=AXIS2_PLACEMENT_3D('',#11900,#64,#55);
#11900=CARTESIAN_POINT('',(3.848115969321,-5.400000095367,-1.373115848621));
#11901=ADVANCED_FACE('',(#11902),#11911,.T.);
#11902=FACE_BOUND('',#11903,.T.);
#11903=EDGE_LOOP('',(#11904,#11905,#11910));
#11904=ORIENTED_EDGE('',*,*,#11895,.F.);
#11905=ORIENTED_EDGE('',*,*,#11906,.T.);
#11906=EDGE_CURVE('',#11891,#11819,#11907,.T.);
#11907=LINE('',#11892,#11908);
#11908=VECTOR('',#11909,1.);
#11909=DIRECTION('',(0.,0.65079161038,-0.759256399287));
#11910=ORIENTED_EDGE('',*,*,#11826,.F.);
#11911=PLANE('',#11912);
#11912=AXIS2_PLACEMENT_3D('',#11913,#14,#13);
#11913=CARTESIAN_POINT('',(3.900000095367,-5.314888041855,-1.524003612021));
#11914=ADVANCED_FACE('',(#11915),#11922,.T.);
#11915=FACE_BOUND('',#11916,.T.);
#11916=EDGE_LOOP('',(#11917,#11920,#11921));
#11917=ORIENTED_EDGE('',*,*,#11918,.T.);
#11918=EDGE_CURVE('',#11819,#11838,#11919,.T.);
#11919=LINE('',#11820,#189);
#11920=ORIENTED_EDGE('',*,*,#11845,.F.);
#11921=ORIENTED_EDGE('',*,*,#11818,.F.);
#11922=PLANE('',#11923);
#11923=AXIS2_PLACEMENT_3D('',#11924,#14,#13);
#11924=CARTESIAN_POINT('',(3.900000095367,-4.806604592065,-1.547951235091));
#11925=ADVANCED_FACE('',(#11926),#11935,.T.);
#11926=FACE_BOUND('',#11927,.T.);
#11927=EDGE_LOOP('',(#11928,#11929,#11930));
#11928=ORIENTED_EDGE('',*,*,#11856,.F.);
#11929=ORIENTED_EDGE('',*,*,#11837,.F.);
#11930=ORIENTED_EDGE('',*,*,#11931,.T.);
#11931=EDGE_CURVE('',#11838,#11857,#11932,.T.);
#11932=LINE('',#11839,#11933);
#11933=VECTOR('',#11934,1.);
#11934=DIRECTION('',(-0.398014864927,0.597022534626,0.696525850523));
#11935=PLANE('',#11936);
#11936=AXIS2_PLACEMENT_3D('',#11937,#11938,#11939);
#11937=CARTESIAN_POINT('',(3.839620941741,-4.724215070068,-2.794917599998));
#11938=DIRECTION('',(2.144216317771E-16,0.759256399287,-0.65079161038));
#11939=DIRECTION('',(1.232595164408E-32,0.65079161038,0.759256399287));
#11940=ADVANCED_FACE('',(#11941),#11956,.T.);
#11941=FACE_BOUND('',#11942,.T.);
#11942=EDGE_LOOP('',(#11943,#11944,#11951));
#11943=ORIENTED_EDGE('',*,*,#11861,.F.);
#11944=ORIENTED_EDGE('',*,*,#11945,.T.);
#11945=EDGE_CURVE('',#11857,#11946,#11948,.T.);
#11946=VERTEX_POINT('',#11947);
#11947=CARTESIAN_POINT('',(3.700000047684,-4.900000095367,-3.));
#11948=LINE('',#11858,#11949);
#11949=VECTOR('',#11950,1.);
#11950=DIRECTION('',(0.,-0.65079161038,-0.759256399287));
#11951=ORIENTED_EDGE('',*,*,#11952,.T.);
#11952=EDGE_CURVE('',#11946,#11428,#11953,.T.);
#11953=LINE('',#11947,#11954);
#11954=VECTOR('',#11955,1.);
#11955=DIRECTION('',(0.,9.950377847672E-02,0.995037184264));
#11956=PLANE('',#11957);
#11957=AXIS2_PLACEMENT_3D('',#11958,#199,#55);
#11958=CARTESIAN_POINT('',(3.700000047684,-4.685111958145,-1.524003612021));
#11959=ADVANCED_FACE('',(#11960),#11969,.T.);
#11960=FACE_BOUND('',#11961,.T.);
#11961=EDGE_LOOP('',(#11962,#11963,#11964));
#11962=ORIENTED_EDGE('',*,*,#11890,.F.);
#11963=ORIENTED_EDGE('',*,*,#11878,.F.);
#11964=ORIENTED_EDGE('',*,*,#11965,.T.);
#11965=EDGE_CURVE('',#11872,#11891,#11966,.T.);
#11966=LINE('',#11873,#11967);
#11967=VECTOR('',#11968,1.);
#11968=DIRECTION('',(0.398014864927,-0.597022534626,0.696525850523));
#11969=PLANE('',#11970);
#11970=AXIS2_PLACEMENT_3D('',#11971,#11972,#11973);
#11971=CARTESIAN_POINT('',(3.76037920131,-5.275784929932,-2.794917599998));
#11972=DIRECTION('',(-2.144216317771E-16,-0.759256399287,-0.65079161038));
#11973=DIRECTION('',(1.232595164408E-32,0.65079161038,-0.759256399287));
#11974=ADVANCED_FACE('',(#11975),#11982,.T.);
#11975=FACE_BOUND('',#11976,.T.);
#11976=EDGE_LOOP('',(#11977,#11978,#11981));
#11977=ORIENTED_EDGE('',*,*,#11952,.F.);
#11978=ORIENTED_EDGE('',*,*,#11979,.T.);
#11979=EDGE_CURVE('',#11946,#11872,#11980,.T.);
#11980=LINE('',#11947,#345);
#11981=ORIENTED_EDGE('',*,*,#11871,.F.);
#11982=PLANE('',#11983);
#11983=AXIS2_PLACEMENT_3D('',#11984,#199,#55);
#11984=CARTESIAN_POINT('',(3.700000047684,-4.806604592065,-1.547951235091));
#11985=ADVANCED_FACE('',(#11986),#11993,.T.);
#11986=FACE_BOUND('',#11987,.T.);
#11987=EDGE_LOOP('',(#11988,#11991,#11992));
#11988=ORIENTED_EDGE('',*,*,#11989,.T.);
#11989=EDGE_CURVE('',#11872,#11819,#11990,.T.);
#11990=LINE('',#11873,#34);
#11991=ORIENTED_EDGE('',*,*,#11906,.F.);
#11992=ORIENTED_EDGE('',*,*,#11965,.F.);
#11993=PLANE('',#11994);
#11994=AXIS2_PLACEMENT_3D('',#11995,#11996,#11909);
#11995=CARTESIAN_POINT('',(3.839620941741,-5.224215070068,-2.855082398511));
#11996=DIRECTION('',(0.,-0.759256399287,-0.65079161038));
#11997=ADVANCED_FACE('',(#11998),#12007,.T.);
#11998=FACE_BOUND('',#11999,.T.);
#11999=EDGE_LOOP('',(#12000,#12001,#12002));
#12000=ORIENTED_EDGE('',*,*,#11918,.F.);
#12001=ORIENTED_EDGE('',*,*,#11989,.F.);
#12002=ORIENTED_EDGE('',*,*,#12003,.T.);
#12003=EDGE_CURVE('',#11872,#11838,#12004,.T.);
#12004=LINE('',#11873,#12005);
#12005=VECTOR('',#12006,1.);
#12006=DIRECTION('',(0.707107202655,0.707106359718,0.));
#12007=PLANE('',#12008);
#12008=AXIS2_PLACEMENT_3D('',#12009,#55,#199);
#12009=CARTESIAN_POINT('',(3.829289382932,-5.029289311407,-3.));
#12010=ADVANCED_FACE('',(#12011),#12018,.T.);
#12011=FACE_BOUND('',#12012,.T.);
#12012=EDGE_LOOP('',(#12013,#12016,#12017));
#12013=ORIENTED_EDGE('',*,*,#12014,.T.);
#12014=EDGE_CURVE('',#11838,#11946,#12015,.T.);
#12015=LINE('',#11839,#228);
#12016=ORIENTED_EDGE('',*,*,#11945,.F.);
#12017=ORIENTED_EDGE('',*,*,#11931,.F.);
#12018=PLANE('',#12019);
#12019=AXIS2_PLACEMENT_3D('',#12020,#12021,#11842);
#12020=CARTESIAN_POINT('',(3.76037920131,-4.775784929932,-2.855082398511));
#12021=DIRECTION('',(0.,0.759256399287,-0.65079161038));
#12022=ADVANCED_FACE('',(#12023),#12028,.T.);
#12023=FACE_BOUND('',#12024,.T.);
#12024=EDGE_LOOP('',(#12025,#12026,#12027));
#12025=ORIENTED_EDGE('',*,*,#11979,.F.);
#12026=ORIENTED_EDGE('',*,*,#12014,.F.);
#12027=ORIENTED_EDGE('',*,*,#12003,.F.);
#12028=PLANE('',#12029);
#12029=AXIS2_PLACEMENT_3D('',#12030,#55,#199);
#12030=CARTESIAN_POINT('',(3.770710760119,-4.970710688593,-3.));
#12031=ADVANCED_FACE('',(#12032),#12037,.T.);
#12032=FACE_BOUND('',#12033,.T.);
#12033=EDGE_LOOP('',(#12034,#12035,#12036));
#12034=ORIENTED_EDGE('',*,*,#244,.F.);
#12035=ORIENTED_EDGE('',*,*,#78,.F.);
#12036=ORIENTED_EDGE('',*,*,#142,.F.);
#12037=PLANE('',#12038);
#12038=AXIS2_PLACEMENT_3D('',#12039,#64,#55);
#12039=CARTESIAN_POINT('',(-0.122735084338,-7.25,3.372735181195));
#12040=ADVANCED_FACE('',(#12041),#12056,.T.);
#12041=FACE_BOUND('',#12042,.T.);
#12042=EDGE_LOOP('',(#12043,#12044,#12051));
#12043=ORIENTED_EDGE('',*,*,#3386,.F.);
#12044=ORIENTED_EDGE('',*,*,#12045,.T.);
#12045=EDGE_CURVE('',#2015,#12046,#12048,.T.);
#12046=VERTEX_POINT('',#12047);
#12047=CARTESIAN_POINT('',(-2.,7.25,0.500000096858));
#12048=LINE('',#2016,#12049);
#12049=VECTOR('',#12050,1.);
#12050=DIRECTION('',(0.,0.573462239493,0.819231993928));
#12051=ORIENTED_EDGE('',*,*,#12052,.T.);
#12052=EDGE_CURVE('',#12046,#2409,#12053,.T.);
#12053=LINE('',#12047,#12054);
#12054=VECTOR('',#12055,1.);
#12055=DIRECTION('',(0.,-0.658504417325,0.752576861432));
#12056=PLANE('',#12057);
#12057=AXIS2_PLACEMENT_3D('',#12058,#14,#13);
#12058=CARTESIAN_POINT('',(-2.,6.997863567785,0.455295014077));
#12059=ADVANCED_FACE('',(#12060),#12073,.T.);
#12060=FACE_BOUND('',#12061,.T.);
#12061=EDGE_LOOP('',(#12062,#12063,#12068));
#12062=ORIENTED_EDGE('',*,*,#2323,.F.);
#12063=ORIENTED_EDGE('',*,*,#12064,.T.);
#12064=EDGE_CURVE('',#2317,#12065,#12067,.T.);
#12065=VERTEX_POINT('',#12066);
#12066=CARTESIAN_POINT('',(-5.,7.25,0.500000096858));
#12067=LINE('',#2318,#12049);
#12068=ORIENTED_EDGE('',*,*,#12069,.T.);
#12069=EDGE_CURVE('',#12065,#2015,#12070,.T.);
#12070=LINE('',#12066,#12071);
#12071=VECTOR('',#12072,1.);
#12072=DIRECTION('',(0.97992656619,-0.114324734904,-0.163321094365));
#12073=PLANE('',#12074);
#12074=AXIS2_PLACEMENT_3D('',#12075,#12076,#12050);
#12075=CARTESIAN_POINT('',(-3.637218458508,6.996310443168,0.137586345491));
#12076=DIRECTION('',(0.,0.819231993928,-0.573462239493));
#12077=ADVANCED_FACE('',(#12078),#12093,.T.);
#12078=FACE_BOUND('',#12079,.T.);
#12079=EDGE_LOOP('',(#12080,#12083,#12088));
#12080=ORIENTED_EDGE('',*,*,#12081,.T.);
#12081=EDGE_CURVE('',#12046,#12065,#12082,.T.);
#12082=LINE('',#12047,#228);
#12083=ORIENTED_EDGE('',*,*,#12084,.T.);
#12084=EDGE_CURVE('',#12065,#12085,#12087,.T.);
#12085=VERTEX_POINT('',#12086);
#12086=CARTESIAN_POINT('',(-5.,7.25,0.699999906123));
#12087=LINE('',#12066,#82);
#12088=ORIENTED_EDGE('',*,*,#12089,.T.);
#12089=EDGE_CURVE('',#12085,#12046,#12090,.T.);
#12090=LINE('',#12086,#12091);
#12091=VECTOR('',#12092,1.);
#12092=DIRECTION('',(0.997785162067,0.,-6.6518947367E-02));
#12093=PLANE('',#12094);
#12094=AXIS2_PLACEMENT_3D('',#12095,#190,#13);
#12095=CARTESIAN_POINT('',(-3.54833513657,7.25,0.551664864921));
#12096=ADVANCED_FACE('',(#12097),#12106,.T.);
#12097=FACE_BOUND('',#12098,.T.);
#12098=EDGE_LOOP('',(#12099,#12100,#12101));
#12099=ORIENTED_EDGE('',*,*,#12084,.F.);
#12100=ORIENTED_EDGE('',*,*,#12064,.F.);
#12101=ORIENTED_EDGE('',*,*,#12102,.T.);
#12102=EDGE_CURVE('',#2317,#12085,#12103,.T.);
#12103=LINE('',#2318,#12104);
#12104=VECTOR('',#12105,1.);
#12105=DIRECTION('',(0.,0.4472135955,0.894427191));
#12106=PLANE('',#12107);
#12107=AXIS2_PLACEMENT_3D('',#12108,#199,#55);
#12108=CARTESIAN_POINT('',(-5.,7.096971818676,0.343074012369));
#12109=ADVANCED_FACE('',(#12110),#12123,.T.);
#12110=FACE_BOUND('',#12111,.T.);
#12111=EDGE_LOOP('',(#12112,#12117,#12122));
#12112=ORIENTED_EDGE('',*,*,#12113,.T.);
#12113=EDGE_CURVE('',#12046,#12114,#12116,.T.);
#12114=VERTEX_POINT('',#12115);
#12115=CARTESIAN_POINT('',(-2.,7.25,0.699999906123));
#12116=LINE('',#12047,#82);
#12117=ORIENTED_EDGE('',*,*,#12118,.T.);
#12118=EDGE_CURVE('',#12114,#2409,#12119,.T.);
#12119=LINE('',#12115,#12120);
#12120=VECTOR('',#12121,1.);
#12121=DIRECTION('',(0.,-0.868242778159,0.496139575296));
#12122=ORIENTED_EDGE('',*,*,#12052,.F.);
#12123=PLANE('',#12124);
#12124=AXIS2_PLACEMENT_3D('',#12125,#14,#13);
#12125=CARTESIAN_POINT('',(-2.,7.1058473405,0.717901508596));
#12126=ADVANCED_FACE('',(#12127),#12134,.T.);
#12127=FACE_BOUND('',#12128,.T.);
#12128=EDGE_LOOP('',(#12129,#12132,#12133));
#12129=ORIENTED_EDGE('',*,*,#12130,.T.);
#12130=EDGE_CURVE('',#12085,#12114,#12131,.T.);
#12131=LINE('',#12086,#34);
#12132=ORIENTED_EDGE('',*,*,#12113,.F.);
#12133=ORIENTED_EDGE('',*,*,#12089,.F.);
#12134=PLANE('',#12135);
#12135=AXIS2_PLACEMENT_3D('',#12136,#190,#13);
#12136=CARTESIAN_POINT('',(-3.45166486343,7.25,0.64833513806));
#12137=ADVANCED_FACE('',(#12138),#12147,.T.);
#12138=FACE_BOUND('',#12139,.T.);
#12139=EDGE_LOOP('',(#12140,#12141,#12142));
#12140=ORIENTED_EDGE('',*,*,#12118,.F.);
#12141=ORIENTED_EDGE('',*,*,#12130,.F.);
#12142=ORIENTED_EDGE('',*,*,#12143,.T.);
#12143=EDGE_CURVE('',#12085,#2409,#12144,.T.);
#12144=LINE('',#12086,#12145);
#12145=VECTOR('',#12146,1.);
#12146=DIRECTION('',(0.991092659969,-0.11562744549,6.607293851598E-02));
#12147=PLANE('',#12148);
#12148=AXIS2_PLACEMENT_3D('',#12149,#12150,#12151);
#12149=CARTESIAN_POINT('',(-3.405962308713,7.156647594019,0.753344228957));
#12150=DIRECTION('',(0.,0.496139575296,0.868242778159));
#12151=DIRECTION('',(0.,0.868242778159,-0.496139575296));
#12152=ADVANCED_FACE('',(#12153),#12161,.T.);
#12153=FACE_BOUND('',#12154,.T.);
#12154=EDGE_LOOP('',(#12155,#12156,#12160));
#12155=ORIENTED_EDGE('',*,*,#2421,.F.);
#12156=ORIENTED_EDGE('',*,*,#12157,.T.);
#12157=EDGE_CURVE('',#2101,#12085,#12158,.T.);
#12158=LINE('',#2102,#12159);
#12159=VECTOR('',#12151,1.);
#12160=ORIENTED_EDGE('',*,*,#12102,.F.);
#12161=PLANE('',#12162);
#12162=AXIS2_PLACEMENT_3D('',#12163,#199,#55);
#12163=CARTESIAN_POINT('',(-5.,6.999487170265,0.480122367253));
#12164=ADVANCED_FACE('',(#12165),#12169,.T.);
#12165=FACE_BOUND('',#12166,.T.);
#12166=EDGE_LOOP('',(#12167,#2830,#12168));
#12167=ORIENTED_EDGE('',*,*,#12157,.F.);
#12168=ORIENTED_EDGE('',*,*,#12143,.F.);
#12169=PLANE('',#12170);
#12170=AXIS2_PLACEMENT_3D('',#12171,#12150,#12151);
#12171=CARTESIAN_POINT('',(-3.594037691287,6.993352501349,0.846655869391));
#12172=ADVANCED_FACE('',(#12173),#12178,.T.);
#12173=FACE_BOUND('',#12174,.T.);
#12174=EDGE_LOOP('',(#12175,#12176,#12177));
#12175=ORIENTED_EDGE('',*,*,#12081,.F.);
#12176=ORIENTED_EDGE('',*,*,#12045,.F.);
#12177=ORIENTED_EDGE('',*,*,#12069,.F.);
#12178=PLANE('',#12179);
#12179=AXIS2_PLACEMENT_3D('',#12180,#12076,#12050);
#12180=CARTESIAN_POINT('',(-3.362781541492,7.153689652199,0.362413848225));
#12181=ADVANCED_FACE('',(#12182),#12193,.T.);
#12182=FACE_BOUND('',#12183,.T.);
#12183=EDGE_LOOP('',(#12184,#12185,#12190));
#12184=ORIENTED_EDGE('',*,*,#2626,.F.);
#12185=ORIENTED_EDGE('',*,*,#12186,.T.);
#12186=EDGE_CURVE('',#2622,#12187,#12189,.T.);
#12187=VERTEX_POINT('',#12188);
#12188=CARTESIAN_POINT('',(5.,7.25,0.500000096858));
#12189=LINE('',#2623,#12049);
#12190=ORIENTED_EDGE('',*,*,#12191,.T.);
#12191=EDGE_CURVE('',#12187,#2082,#12192,.T.);
#12192=LINE('',#12188,#12054);
#12193=PLANE('',#12194);
#12194=AXIS2_PLACEMENT_3D('',#12195,#14,#13);
#12195=CARTESIAN_POINT('',(5.,6.997863567785,0.455295014077));
#12196=ADVANCED_FACE('',(#12197),#12208,.T.);
#12197=FACE_BOUND('',#12198,.T.);
#12198=EDGE_LOOP('',(#12199,#12200,#12205));
#12199=ORIENTED_EDGE('',*,*,#11027,.F.);
#12200=ORIENTED_EDGE('',*,*,#12201,.T.);
#12201=EDGE_CURVE('',#3070,#12202,#12204,.T.);
#12202=VERTEX_POINT('',#12203);
#12203=CARTESIAN_POINT('',(2.,7.25,0.500000096858));
#12204=LINE('',#3071,#12049);
#12205=ORIENTED_EDGE('',*,*,#12206,.T.);
#12206=EDGE_CURVE('',#12202,#2622,#12207,.T.);
#12207=LINE('',#12203,#12071);
#12208=PLANE('',#12209);
#12209=AXIS2_PLACEMENT_3D('',#12210,#12076,#12050);
#12210=CARTESIAN_POINT('',(3.362781541492,6.996310443168,0.137586345491));
#12211=ADVANCED_FACE('',(#12212),#12225,.T.);
#12212=FACE_BOUND('',#12213,.T.);
#12213=EDGE_LOOP('',(#12214,#12217,#12222));
#12214=ORIENTED_EDGE('',*,*,#12215,.T.);
#12215=EDGE_CURVE('',#12187,#12202,#12216,.T.);
#12216=LINE('',#12188,#228);
#12217=ORIENTED_EDGE('',*,*,#12218,.T.);
#12218=EDGE_CURVE('',#12202,#12219,#12221,.T.);
#12219=VERTEX_POINT('',#12220);
#12220=CARTESIAN_POINT('',(2.,7.25,0.699999906123));
#12221=LINE('',#12203,#82);
#12222=ORIENTED_EDGE('',*,*,#12223,.T.);
#12223=EDGE_CURVE('',#12219,#12187,#12224,.T.);
#12224=LINE('',#12220,#12091);
#12225=PLANE('',#12226);
#12226=AXIS2_PLACEMENT_3D('',#12227,#190,#13);
#12227=CARTESIAN_POINT('',(3.45166486343,7.25,0.551664864921));
#12228=ADVANCED_FACE('',(#12229),#12236,.T.);
#12229=FACE_BOUND('',#12230,.T.);
#12230=EDGE_LOOP('',(#12231,#12232,#12233));
#12231=ORIENTED_EDGE('',*,*,#12218,.F.);
#12232=ORIENTED_EDGE('',*,*,#12201,.F.);
#12233=ORIENTED_EDGE('',*,*,#12234,.T.);
#12234=EDGE_CURVE('',#3070,#12219,#12235,.T.);
#12235=LINE('',#3071,#12104);
#12236=PLANE('',#12237);
#12237=AXIS2_PLACEMENT_3D('',#12238,#199,#55);
#12238=CARTESIAN_POINT('',(2.,7.096971818676,0.343074012369));
#12239=ADVANCED_FACE('',(#12240),#12251,.T.);
#12240=FACE_BOUND('',#12241,.T.);
#12241=EDGE_LOOP('',(#12242,#12247,#12250));
#12242=ORIENTED_EDGE('',*,*,#12243,.T.);
#12243=EDGE_CURVE('',#12187,#12244,#12246,.T.);
#12244=VERTEX_POINT('',#12245);
#12245=CARTESIAN_POINT('',(5.,7.25,0.699999906123));
#12246=LINE('',#12188,#82);
#12247=ORIENTED_EDGE('',*,*,#12248,.T.);
#12248=EDGE_CURVE('',#12244,#2082,#12249,.T.);
#12249=LINE('',#12245,#12120);
#12250=ORIENTED_EDGE('',*,*,#12191,.F.);
#12251=PLANE('',#12252);
#12252=AXIS2_PLACEMENT_3D('',#12253,#14,#13);
#12253=CARTESIAN_POINT('',(5.,7.1058473405,0.717901508596));
#12254=ADVANCED_FACE('',(#12255),#12262,.T.);
#12255=FACE_BOUND('',#12256,.T.);
#12256=EDGE_LOOP('',(#12257,#12260,#12261));
#12257=ORIENTED_EDGE('',*,*,#12258,.T.);
#12258=EDGE_CURVE('',#12219,#12244,#12259,.T.);
#12259=LINE('',#12220,#34);
#12260=ORIENTED_EDGE('',*,*,#12243,.F.);
#12261=ORIENTED_EDGE('',*,*,#12223,.F.);
#12262=PLANE('',#12263);
#12263=AXIS2_PLACEMENT_3D('',#12264,#190,#13);
#12264=CARTESIAN_POINT('',(3.54833513657,7.25,0.64833513806));
#12265=ADVANCED_FACE('',(#12266),#12273,.T.);
#12266=FACE_BOUND('',#12267,.T.);
#12267=EDGE_LOOP('',(#12268,#12269,#12270));
#12268=ORIENTED_EDGE('',*,*,#12248,.F.);
#12269=ORIENTED_EDGE('',*,*,#12258,.F.);
#12270=ORIENTED_EDGE('',*,*,#12271,.T.);
#12271=EDGE_CURVE('',#12219,#2082,#12272,.T.);
#12272=LINE('',#12220,#12145);
#12273=PLANE('',#12274);
#12274=AXIS2_PLACEMENT_3D('',#12275,#12150,#12151);
#12275=CARTESIAN_POINT('',(3.594037691287,7.156647594019,0.753344228957));
#12276=ADVANCED_FACE('',(#12277),#12284,.T.);
#12277=FACE_BOUND('',#12278,.T.);
#12278=EDGE_LOOP('',(#12279,#12280,#12283));
#12279=ORIENTED_EDGE('',*,*,#3069,.F.);
#12280=ORIENTED_EDGE('',*,*,#12281,.T.);
#12281=EDGE_CURVE('',#2404,#12219,#12282,.T.);
#12282=LINE('',#2405,#12159);
#12283=ORIENTED_EDGE('',*,*,#12234,.F.);
#12284=PLANE('',#12285);
#12285=AXIS2_PLACEMENT_3D('',#12286,#199,#55);
#12286=CARTESIAN_POINT('',(2.,6.999487170265,0.480122367253));
#12287=ADVANCED_FACE('',(#12288),#12293,.T.);
#12288=FACE_BOUND('',#12289,.T.);
#12289=EDGE_LOOP('',(#12290,#12291,#12292));
#12290=ORIENTED_EDGE('',*,*,#12281,.F.);
#12291=ORIENTED_EDGE('',*,*,#2403,.F.);
#12292=ORIENTED_EDGE('',*,*,#12271,.F.);
#12293=PLANE('',#12294);
#12294=AXIS2_PLACEMENT_3D('',#12295,#12150,#12151);
#12295=CARTESIAN_POINT('',(3.405962308713,6.993352501349,0.846655869391));
#12296=ADVANCED_FACE('',(#12297),#12302,.T.);
#12297=FACE_BOUND('',#12298,.T.);
#12298=EDGE_LOOP('',(#12299,#12300,#12301));
#12299=ORIENTED_EDGE('',*,*,#12215,.F.);
#12300=ORIENTED_EDGE('',*,*,#12186,.F.);
#12301=ORIENTED_EDGE('',*,*,#12206,.F.);
#12302=PLANE('',#12303);
#12303=AXIS2_PLACEMENT_3D('',#12304,#12076,#12050);
#12304=CARTESIAN_POINT('',(3.637218458508,7.153689652199,0.362413848225));
#12305=ADVANCED_FACE('',(#12306),#12317,.T.);
#12306=FACE_BOUND('',#12307,.T.);
#12307=EDGE_LOOP('',(#12308,#12309,#12312));
#12308=ORIENTED_EDGE('',*,*,#2176,.F.);
#12309=ORIENTED_EDGE('',*,*,#12310,.T.);
#12310=EDGE_CURVE('',#1865,#31,#12311,.T.);
#12311=LINE('',#1866,#27);
#12312=ORIENTED_EDGE('',*,*,#12313,.T.);
#12313=EDGE_CURVE('',#31,#2177,#12314,.T.);
#12314=LINE('',#32,#12315);
#12315=VECTOR('',#12316,1.);
#12316=DIRECTION('',(0.,0.462994098376,-0.886361362464));
#12317=PLANE('',#12318);
#12318=AXIS2_PLACEMENT_3D('',#12319,#14,#13);
#12319=CARTESIAN_POINT('',(5.,-6.999086667571,0.475730772794));
#12320=ADVANCED_FACE('',(#12321),#12334,.T.);
#12321=FACE_BOUND('',#12322,.T.);
#12322=EDGE_LOOP('',(#12323,#12328,#12333));
#12323=ORIENTED_EDGE('',*,*,#12324,.T.);
#12324=EDGE_CURVE('',#31,#12325,#12327,.T.);
#12325=VERTEX_POINT('',#12326);
#12326=CARTESIAN_POINT('',(5.,-7.25,0.484344102442));
#12327=LINE('',#32,#54);
#12328=ORIENTED_EDGE('',*,*,#12329,.T.);
#12329=EDGE_CURVE('',#12325,#2177,#12330,.T.);
#12330=LINE('',#12326,#12331);
#12331=VECTOR('',#12332,1.);
#12332=DIRECTION('',(0.,0.585705982717,-0.810523597318));
#12333=ORIENTED_EDGE('',*,*,#12313,.F.);
#12334=PLANE('',#12335);
#12335=AXIS2_PLACEMENT_3D('',#12336,#14,#13);
#12336=CARTESIAN_POINT('',(5.,-7.096113026376,0.328192002261));
#12337=ADVANCED_FACE('',(#12338),#12345,.T.);
#12338=FACE_BOUND('',#12339,.T.);
#12339=EDGE_LOOP('',(#12340,#12343,#12344));
#12340=ORIENTED_EDGE('',*,*,#12341,.T.);
#12341=EDGE_CURVE('',#51,#12325,#12342,.T.);
#12342=LINE('',#52,#34);
#12343=ORIENTED_EDGE('',*,*,#12324,.F.);
#12344=ORIENTED_EDGE('',*,*,#57,.F.);
#12345=PLANE('',#12346);
#12346=AXIS2_PLACEMENT_3D('',#12347,#64,#55);
#12347=CARTESIAN_POINT('',(3.544989505848,-7.25,0.532204566458));
#12348=ADVANCED_FACE('',(#12349),#12358,.T.);
#12349=FACE_BOUND('',#12350,.T.);
#12350=EDGE_LOOP('',(#12351,#12352,#12353));
#12351=ORIENTED_EDGE('',*,*,#50,.F.);
#12352=ORIENTED_EDGE('',*,*,#21,.F.);
#12353=ORIENTED_EDGE('',*,*,#12354,.T.);
#12354=EDGE_CURVE('',#22,#51,#12355,.T.);
#12355=LINE('',#23,#12356);
#12356=VECTOR('',#12357,1.);
#12357=DIRECTION('',(0.,-0.644107452563,-0.764935023092));
#12358=PLANE('',#12359);
#12359=AXIS2_PLACEMENT_3D('',#12360,#199,#55);
#12360=CARTESIAN_POINT('',(2.,-7.103311137439,0.707446188441));
#12361=ADVANCED_FACE('',(#12362),#12371,.T.);
#12362=FACE_BOUND('',#12363,.T.);
#12363=EDGE_LOOP('',(#12364,#12365,#12370));
#12364=ORIENTED_EDGE('',*,*,#2849,.F.);
#12365=ORIENTED_EDGE('',*,*,#12366,.T.);
#12366=EDGE_CURVE('',#2846,#51,#12367,.T.);
#12367=LINE('',#2847,#12368);
#12368=VECTOR('',#12369,1.);
#12369=DIRECTION('',(0.,-0.585705982717,0.810523597318));
#12370=ORIENTED_EDGE('',*,*,#12354,.F.);
#12371=PLANE('',#12372);
#12372=AXIS2_PLACEMENT_3D('',#12373,#199,#55);
#12373=CARTESIAN_POINT('',(2.,-6.997830373291,0.453626664434));
#12374=ADVANCED_FACE('',(#12375),#12384,.T.);
#12375=FACE_BOUND('',#12376,.T.);
#12376=EDGE_LOOP('',(#12377,#12378,#12379));
#12377=ORIENTED_EDGE('',*,*,#11703,.F.);
#12378=ORIENTED_EDGE('',*,*,#12329,.F.);
#12379=ORIENTED_EDGE('',*,*,#12380,.T.);
#12380=EDGE_CURVE('',#12325,#2846,#12381,.T.);
#12381=LINE('',#12326,#12382);
#12382=VECTOR('',#12383,1.);
#12383=DIRECTION('',(-0.98073319109,0.114418841117,-0.158337414061));
#12384=PLANE('',#12385);
#12385=AXIS2_PLACEMENT_3D('',#12386,#12387,#12332);
#12386=CARTESIAN_POINT('',(3.634658337432,-6.996129853827,0.133028339585));
#12387=DIRECTION('',(0.,-0.810523597318,-0.585705982717));
#12388=ADVANCED_FACE('',(#12389),#12394,.T.);
#12389=FACE_BOUND('',#12390,.T.);
#12390=EDGE_LOOP('',(#12391,#12392,#12393));
#12391=ORIENTED_EDGE('',*,*,#12341,.F.);
#12392=ORIENTED_EDGE('',*,*,#12366,.F.);
#12393=ORIENTED_EDGE('',*,*,#12380,.F.);
#12394=PLANE('',#12395);
#12395=AXIS2_PLACEMENT_3D('',#12396,#12387,#12332);
#12396=CARTESIAN_POINT('',(3.365341662568,-7.153870241541,0.351315859715));
#12397=ADVANCED_FACE('',(#12398),#12402,.T.);
#12398=FACE_BOUND('',#12399,.T.);
#12399=EDGE_LOOP('',(#12400,#2458,#12401));
#12400=ORIENTED_EDGE('',*,*,#12310,.F.);
#12401=ORIENTED_EDGE('',*,*,#36,.F.);
#12402=PLANE('',#12403);
#12403=AXIS2_PLACEMENT_3D('',#12404,#43,#44);
#12404=CARTESIAN_POINT('',(3.59742368482,-6.993577865658,0.838517936082));
#12405=ADVANCED_FACE('',(#12406),#12421,.T.);
#12406=FACE_BOUND('',#12407,.T.);
#12407=EDGE_LOOP('',(#12408,#12409,#12416));
#12408=ORIENTED_EDGE('',*,*,#2146,.F.);
#12409=ORIENTED_EDGE('',*,*,#12410,.T.);
#12410=EDGE_CURVE('',#1996,#12411,#12413,.T.);
#12411=VERTEX_POINT('',#12412);
#12412=CARTESIAN_POINT('',(-5.,-7.25,0.500000096858));
#12413=LINE('',#1997,#12414);
#12414=VECTOR('',#12415,1.);
#12415=DIRECTION('',(0.,-0.573462239493,0.819231993928));
#12416=ORIENTED_EDGE('',*,*,#12417,.F.);
#12417=EDGE_CURVE('',#1584,#12411,#12418,.T.);
#12418=LINE('',#1585,#12419);
#12419=VECTOR('',#12420,1.);
#12420=DIRECTION('',(0.,-0.658504417325,-0.752576861432));
#12421=PLANE('',#12422);
#12422=AXIS2_PLACEMENT_3D('',#12423,#199,#55);
#12423=CARTESIAN_POINT('',(-5.,-6.997863567785,0.455295014077));
#12424=ADVANCED_FACE('',(#12425),#12442,.T.);
#12425=FACE_BOUND('',#12426,.T.);
#12426=EDGE_LOOP('',(#12427,#12432,#12437));
#12427=ORIENTED_EDGE('',*,*,#12428,.T.);
#12428=EDGE_CURVE('',#12411,#12429,#12431,.T.);
#12429=VERTEX_POINT('',#12430);
#12430=CARTESIAN_POINT('',(-2.,-7.25,0.500000096858));
#12431=LINE('',#12412,#34);
#12432=ORIENTED_EDGE('',*,*,#12433,.T.);
#12433=EDGE_CURVE('',#12429,#12434,#12436,.T.);
#12434=VERTEX_POINT('',#12435);
#12435=CARTESIAN_POINT('',(-2.,-7.25,0.685700036585));
#12436=LINE('',#12430,#82);
#12437=ORIENTED_EDGE('',*,*,#12438,.T.);
#12438=EDGE_CURVE('',#12434,#12411,#12439,.T.);
#12439=LINE('',#12435,#12440);
#12440=VECTOR('',#12441,1.);
#12441=DIRECTION('',(-0.998089684179,0.,-6.178173139841E-02));
#12442=PLANE('',#12443);
#12443=AXIS2_PLACEMENT_3D('',#12444,#64,#55);
#12444=CARTESIAN_POINT('',(-3.455010494152,-7.25,0.547860560873));
#12445=ADVANCED_FACE('',(#12446),#12459,.T.);
#12446=FACE_BOUND('',#12447,.T.);
#12447=EDGE_LOOP('',(#12448,#12449,#12454));
#12448=ORIENTED_EDGE('',*,*,#12433,.F.);
#12449=ORIENTED_EDGE('',*,*,#12450,.T.);
#12450=EDGE_CURVE('',#12429,#2291,#12451,.T.);
#12451=LINE('',#12430,#12452);
#12452=VECTOR('',#12453,1.);
#12453=DIRECTION('',(0.,0.573462239493,-0.819231993928));
#12454=ORIENTED_EDGE('',*,*,#12455,.T.);
#12455=EDGE_CURVE('',#2291,#12434,#12456,.T.);
#12456=LINE('',#2292,#12457);
#12457=VECTOR('',#12458,1.);
#12458=DIRECTION('',(0.,-0.454628020631,0.890681403678));
#12459=PLANE('',#12460);
#12460=AXIS2_PLACEMENT_3D('',#12461,#14,#13);
#12461=CARTESIAN_POINT('',(-2.,-7.09575344039,0.336308137436));
#12462=ADVANCED_FACE('',(#12463),#12472,.T.);
#12463=FACE_BOUND('',#12464,.T.);
#12464=EDGE_LOOP('',(#12465,#12466,#12467));
#12465=ORIENTED_EDGE('',*,*,#12428,.F.);
#12466=ORIENTED_EDGE('',*,*,#12410,.F.);
#12467=ORIENTED_EDGE('',*,*,#12468,.T.);
#12468=EDGE_CURVE('',#1996,#12429,#12469,.T.);
#12469=LINE('',#1997,#12470);
#12470=VECTOR('',#12471,1.);
#12471=DIRECTION('',(0.97992656619,-0.114324734904,0.163321094365));
#12472=PLANE('',#12473);
#12473=AXIS2_PLACEMENT_3D('',#12474,#12475,#12453);
#12474=CARTESIAN_POINT('',(-3.637218458508,-7.153689652199,0.362413848225));
#12475=DIRECTION('',(0.,-0.819231993928,-0.573462239493));
#12476=ADVANCED_FACE('',(#12477),#12490,.T.);
#12477=FACE_BOUND('',#12478,.T.);
#12478=EDGE_LOOP('',(#12479,#12484,#12489));
#12479=ORIENTED_EDGE('',*,*,#12480,.T.);
#12480=EDGE_CURVE('',#12411,#12481,#12483,.T.);
#12481=VERTEX_POINT('',#12482);
#12482=CARTESIAN_POINT('',(-5.,-7.25,0.685700036585));
#12483=LINE('',#12412,#82);
#12484=ORIENTED_EDGE('',*,*,#12485,.T.);
#12485=EDGE_CURVE('',#12481,#1584,#12486,.T.);
#12486=LINE('',#12482,#12487);
#12487=VECTOR('',#12488,1.);
#12488=DIRECTION('',(0.,0.85283557004,0.522179557696));
#12489=ORIENTED_EDGE('',*,*,#12417,.T.);
#12490=PLANE('',#12491);
#12491=AXIS2_PLACEMENT_3D('',#12492,#199,#55);
#12492=CARTESIAN_POINT('',(-5.,-7.103820020035,0.716147186738));
#12493=ADVANCED_FACE('',(#12494),#12505,.T.);
#12494=FACE_BOUND('',#12495,.T.);
#12495=EDGE_LOOP('',(#12496,#12497,#12500));
#12496=ORIENTED_EDGE('',*,*,#12485,.F.);
#12497=ORIENTED_EDGE('',*,*,#12498,.T.);
#12498=EDGE_CURVE('',#12481,#12434,#12499,.T.);
#12499=LINE('',#12482,#34);
#12500=ORIENTED_EDGE('',*,*,#12501,.T.);
#12501=EDGE_CURVE('',#12434,#1584,#12502,.T.);
#12502=LINE('',#12435,#12503);
#12503=VECTOR('',#12504,1.);
#12504=DIRECTION('',(-0.990772396652,0.115590081447,7.077422626863E-02));
#12505=PLANE('',#12506);
#12506=AXIS2_PLACEMENT_3D('',#12507,#12508,#12488);
#12507=CARTESIAN_POINT('',(-3.595613723381,-7.156542831967,0.742922582621));
#12508=DIRECTION('',(0.,-0.522179557696,0.85283557004));
#12509=ADVANCED_FACE('',(#12510),#12517,.T.);
#12510=FACE_BOUND('',#12511,.T.);
#12511=EDGE_LOOP('',(#12512,#12515,#12516));
#12512=ORIENTED_EDGE('',*,*,#12513,.T.);
#12513=EDGE_CURVE('',#12434,#1858,#12514,.T.);
#12514=LINE('',#12435,#12487);
#12515=ORIENTED_EDGE('',*,*,#1857,.F.);
#12516=ORIENTED_EDGE('',*,*,#12501,.F.);
#12517=PLANE('',#12518);
#12518=AXIS2_PLACEMENT_3D('',#12519,#12508,#12488);
#12519=CARTESIAN_POINT('',(-3.404386276619,-6.9934572634,0.84277764619));
#12520=ADVANCED_FACE('',(#12521),#12526,.T.);
#12521=FACE_BOUND('',#12522,.T.);
#12522=EDGE_LOOP('',(#12523,#12524,#12525));
#12523=ORIENTED_EDGE('',*,*,#2290,.F.);
#12524=ORIENTED_EDGE('',*,*,#12450,.F.);
#12525=ORIENTED_EDGE('',*,*,#12468,.F.);
#12526=PLANE('',#12527);
#12527=AXIS2_PLACEMENT_3D('',#12528,#12475,#12453);
#12528=CARTESIAN_POINT('',(-3.362781541492,-6.996310443168,0.137586345491));
#12529=ADVANCED_FACE('',(#12530),#12535,.T.);
#12530=FACE_BOUND('',#12531,.T.);
#12531=EDGE_LOOP('',(#12532,#12533,#12534));
#12532=ORIENTED_EDGE('',*,*,#2646,.F.);
#12533=ORIENTED_EDGE('',*,*,#12513,.F.);
#12534=ORIENTED_EDGE('',*,*,#12455,.F.);
#12535=PLANE('',#12536);
#12536=AXIS2_PLACEMENT_3D('',#12537,#14,#13);
#12537=CARTESIAN_POINT('',(-2.,-6.999288209273,0.47798398556));
#12538=ADVANCED_FACE('',(#12539),#12544,.T.);
#12539=FACE_BOUND('',#12540,.T.);
#12540=EDGE_LOOP('',(#12541,#12542,#12543));
#12541=ORIENTED_EDGE('',*,*,#12498,.F.);
#12542=ORIENTED_EDGE('',*,*,#12480,.F.);
#12543=ORIENTED_EDGE('',*,*,#12438,.F.);
#12544=PLANE('',#12545);
#12545=AXIS2_PLACEMENT_3D('',#12546,#64,#55);
#12546=CARTESIAN_POINT('',(-3.544989505848,-7.25,0.63783957257));
#12547=( GEOMETRIC_REPRESENTATION_CONTEXT(3)GLOBAL_UNCERTAINTY_ASSIGNED_CONTEXT((#12551))GLOBAL_UNIT_ASSIGNED_CONTEXT((#12548,#12549,#12550))REPRESENTATION_CONTEXT('Context #1','3D Context with UNIT and UNCERTAINTY') );
#12548=( LENGTH_UNIT() NAMED_UNIT(*) SI_UNIT(.MILLI.,.METRE.) );
#12549=( NAMED_UNIT(*) PLANE_ANGLE_UNIT() SI_UNIT($,.RADIAN.) );
#12550=( NAMED_UNIT(*) SI_UNIT($,.STERADIAN.) SOLID_ANGLE_UNIT() );
#12551=UNCERTAINTY_MEASURE_WITH_UNIT(LENGTH_MEASURE(1.E-07),#12548,'distance_accuracy_value','confusion accuracy');
#12552=PRODUCT_RELATED_PRODUCT_CATEGORY('part',$,(#7));
ENDSEC;
END-ISO-10303-21;
